{
  "items": {
    "2022_04_24_en_reddit_reddit__r--pics--comments--ub21vi--this_is_the_letter_my_neighbor_sent_me_after_i": {
      "id": "2022_04_24_en_reddit_reddit__r--pics--comments--ub21vi--this_is_the_letter_my_neighbor_sent_me_after_i",
      "url": "https://old.reddit.com/r/pics/comments/ub21vi/this_is_the_letter_my_neighbor_sent_me_after_i/",
      "date_published": "2022-04-25T01:00:45.000Z",
      "date_modified": "2022-04-25T01:00:45.000Z",
      "_original_published": "2022-04-24T19:18:09.000Z",
      "_original_language": "en",
      "_translations": {
        "en": {
          "title": "This is the letter my neighbor sent me after I let him babysit my pets while I was on vacation. [OC]"
        },
        "ja": {
          "title": "これは、私が休暇中にペットの子守をさせた後に、隣人が送ってきた手紙です。[OC]"
        },
        "zh-Hans": {
          "title": "这是我的邻居在我休假时让他照看我的宠物后给我写的信。[OC]"
        },
        "zh-Hant": {
          "title": "這是我的鄰居在我休假時讓他照看我的寵物後給我寫的信。[OC]"
        }
      },
      "tags": [
        "pics"
      ],
      "authors": [
        {
          "name": "SnooCupcakes8607",
          "url": "https://old.reddit.com/user/SnooCupcakes8607"
        }
      ],
      "_links": [
        {
          "url": "https://old.reddit.com/r/pics/comments/ub21vi/this_is_the_letter_my_neighbor_sent_me_after_i/",
          "name": "&uarr;87921 votes"
        }
      ],
      "image": "https://preview.redd.it/53b2q5wa1jv81.jpg?width=640&amp;crop=smart&amp;auto=webp&amp;s=9da3a6752899ec19dde09e3a5f34def51660a90e"
    },
    "2022_04_28_en_reddit_reddit__r--MurderedByWords--comments--udzsmp--taxation_is_theft": {
      "id": "2022_04_28_en_reddit_reddit__r--MurderedByWords--comments--udzsmp--taxation_is_theft",
      "url": "https://old.reddit.com/r/MurderedByWords/comments/udzsmp/taxation_is_theft/",
      "date_published": "2022-04-29T02:51:49.000Z",
      "date_modified": "2022-04-29T02:51:49.000Z",
      "_original_published": "2022-04-28T17:03:05.000Z",
      "_original_language": "en",
      "_translations": {
        "en": {
          "title": "Taxation is theft"
        },
        "ja": {
          "title": "課税は窃盗"
        },
        "zh-Hans": {
          "title": "税收是盗窃"
        },
        "zh-Hant": {
          "title": "稅收是盜竊"
        }
      },
      "tags": [
        "MurderedByWords"
      ],
      "authors": [
        {
          "name": "beerbellybegone",
          "url": "https://old.reddit.com/user/beerbellybegone"
        }
      ],
      "_links": [
        {
          "url": "https://old.reddit.com/r/MurderedByWords/comments/udzsmp/taxation_is_theft/",
          "name": "&uarr;82736 votes"
        }
      ],
      "image": "https://preview.redd.it/g7fntoxnvaw81.jpg?width=1080&amp;crop=smart&amp;auto=webp&amp;s=95ac265e92c15537e2427ebd7777b73ea51856d1"
    },
    "2022_04_23_en_reddit_reddit__r--gaming--comments--ua9mg4--finally_gta_6_lol": {
      "id": "2022_04_23_en_reddit_reddit__r--gaming--comments--ua9mg4--finally_gta_6_lol",
      "url": "https://old.reddit.com/r/gaming/comments/ua9mg4/finally_gta_6_lol/",
      "date_published": "2022-04-24T02:17:11.000Z",
      "date_modified": "2022-04-24T02:17:11.000Z",
      "_original_published": "2022-04-23T16:50:36.000Z",
      "_original_language": "en",
      "_translations": {
        "en": {
          "title": "Finally gta 6, lol"
        },
        "ja": {
          "title": "ついにgta6か(笑)"
        },
        "zh-Hans": {
          "title": "终于到了GTA6，笑了"
        },
        "zh-Hant": {
          "title": "終於到了GTA6，笑了"
        }
      },
      "tags": [
        "gaming"
      ],
      "authors": [
        {
          "name": "tamilvanan31",
          "url": "https://old.reddit.com/user/tamilvanan31"
        }
      ],
      "_links": [
        {
          "url": "https://old.reddit.com/r/gaming/comments/ua9mg4/finally_gta_6_lol/",
          "name": "&uarr;82199 votes"
        }
      ],
      "image": "https://preview.redd.it/g9h57g246bv81.gif?width=320&amp;crop=smart&amp;format=png8&amp;s=77846ddf53f4d646b171bba0e149da7edf7f7b24",
      "_video": {
        "sources": [
          {
            "url": "https://preview.redd.it/g9h57g246bv81.gif?format=mp4&amp;s=0e7bd565060def3b70d6fd858134980da46da186"
          }
        ],
        "width": 388,
        "height": 342,
        "poster": "https://preview.redd.it/g9h57g246bv81.gif?width=320&amp;crop=smart&amp;format=png8&amp;s=77846ddf53f4d646b171bba0e149da7edf7f7b24"
      }
    },
    "2022_04_24_en_reddit_reddit__r--interestingasfuck--comments--uazouw--69_compared_to_51": {
      "id": "2022_04_24_en_reddit_reddit__r--interestingasfuck--comments--uazouw--69_compared_to_51",
      "url": "https://old.reddit.com/r/interestingasfuck/comments/uazouw/69_compared_to_51/",
      "date_published": "2022-04-25T02:56:46.000Z",
      "date_modified": "2022-04-25T02:56:46.000Z",
      "_original_published": "2022-04-24T17:27:41.000Z",
      "_original_language": "en",
      "_translations": {
        "en": {
          "title": "6'9\" compared to 5'1\""
        },
        "ja": {
          "title": "5'1 \"に対して6'9\""
        },
        "zh-Hans": {
          "title": "6英尺9英寸与5英尺1英寸相比"
        },
        "zh-Hant": {
          "title": "6英尺9英寸與5英尺1英寸相比"
        }
      },
      "tags": [
        "interestingasfuck"
      ],
      "authors": [
        {
          "name": "Crazedchin87",
          "url": "https://old.reddit.com/user/Crazedchin87"
        }
      ],
      "_links": [
        {
          "url": "https://old.reddit.com/r/interestingasfuck/comments/uazouw/69_compared_to_51/",
          "name": "&uarr;81292 votes"
        }
      ],
      "image": "https://preview.redd.it/zgqp8mbnhiv81.jpg?width=1080&amp;crop=smart&amp;auto=webp&amp;s=2f12985f66b472f7ece188e3f48d1875c99f0eba"
    },
    "2022_04_26_en_reddit_reddit__r--MadeMeSmile--comments--ucigsi--brothers_reunited_mademesmile": {
      "id": "2022_04_26_en_reddit_reddit__r--MadeMeSmile--comments--ucigsi--brothers_reunited_mademesmile",
      "url": "https://old.reddit.com/r/MadeMeSmile/comments/ucigsi/brothers_reunited_mademesmile/",
      "date_published": "2022-04-26T22:54:50.000Z",
      "date_modified": "2022-04-26T22:54:50.000Z",
      "_original_published": "2022-04-26T17:54:30.000Z",
      "_original_language": "en",
      "_translations": {
        "en": {
          "title": "Brothers reunited MadeMeSmile:))"
        },
        "ja": {
          "title": "兄弟の再会MadeMeSmile:))"
        },
        "zh-Hans": {
          "title": "兄弟团聚 MadeMeSmile:))"
        },
        "zh-Hant": {
          "title": "兄弟團聚 MadeMeSmile:))"
        }
      },
      "tags": [
        "MadeMeSmile"
      ],
      "authors": [
        {
          "name": "BOSSBABY33",
          "url": "https://old.reddit.com/user/BOSSBABY33"
        }
      ],
      "_links": [
        {
          "url": "https://old.reddit.com/r/MadeMeSmile/comments/ucigsi/brothers_reunited_mademesmile/",
          "name": "&uarr;80440 votes"
        }
      ],
      "image": "https://preview.redd.it/s2fno0b8wwv81.jpg?width=1080&amp;crop=smart&amp;auto=webp&amp;s=fb7bbfdcafaeb10909e8502c22735d01d6ad9b22"
    },
    "2022_04_24_en_reddit_reddit__r--MadeMeSmile--comments--ub0ln2--fans_didnt_forget_them": {
      "id": "2022_04_24_en_reddit_reddit__r--MadeMeSmile--comments--ub0ln2--fans_didnt_forget_them",
      "url": "https://old.reddit.com/r/MadeMeSmile/comments/ub0ln2/fans_didnt_forget_them/",
      "date_published": "2022-04-24T21:57:46.000Z",
      "date_modified": "2022-04-24T21:57:46.000Z",
      "_original_published": "2022-04-24T18:10:03.000Z",
      "_original_language": "en",
      "_translations": {
        "en": {
          "title": "Fans didn't forget them.."
        },
        "ja": {
          "title": "ファンは彼らを忘れてはいなかった..."
        },
        "zh-Hans": {
          "title": "粉丝们并没有忘记他们。"
        },
        "zh-Hant": {
          "title": "粉絲們並沒有忘記他們。"
        }
      },
      "tags": [
        "MadeMeSmile"
      ],
      "authors": [
        {
          "name": "KurtajGazisi",
          "url": "https://old.reddit.com/user/KurtajGazisi"
        }
      ],
      "_links": [
        {
          "url": "https://old.reddit.com/r/MadeMeSmile/comments/ub0ln2/fans_didnt_forget_them/",
          "name": "&uarr;80281 votes"
        }
      ],
      "image": "https://preview.redd.it/eicshce7piv81.jpg?width=960&amp;crop=smart&amp;auto=webp&amp;s=2cc266b81ac09062eea01702691b68e6e28f63db"
    },
    "2022_04_25_en_reddit_reddit__r--facepalm--comments--ubwjys--amber_heards_lawyer_objecting_to_his_own_question": {
      "id": "2022_04_25_en_reddit_reddit__r--facepalm--comments--ubwjys--amber_heards_lawyer_objecting_to_his_own_question",
      "url": "https://old.reddit.com/r/facepalm/comments/ubwjys/amber_heards_lawyer_objecting_to_his_own_question/",
      "date_published": "2022-04-26T03:41:05.000Z",
      "date_modified": "2022-04-26T03:41:05.000Z",
      "_original_published": "2022-04-25T21:53:12.000Z",
      "_original_language": "en",
      "_translations": {
        "en": {
          "title": "Amber Heard's lawyer objecting to his own question"
        },
        "ja": {
          "title": "アンバー・ハードの弁護士、自身の質問に異議を唱える"
        },
        "zh-Hans": {
          "title": "安柏-赫德的律师对自己的问题提出异议"
        },
        "zh-Hant": {
          "title": "安柏-赫德的律師對自己的問題提出異議"
        }
      },
      "tags": [
        "facepalm"
      ],
      "authors": [
        {
          "name": "Chinchillin09",
          "url": "https://old.reddit.com/user/Chinchillin09"
        }
      ],
      "_links": [
        {
          "url": "https://old.reddit.com/r/facepalm/comments/ubwjys/amber_heards_lawyer_objecting_to_his_own_question/",
          "name": "&uarr;79754 votes"
        }
      ],
      "image": "https://external-preview.redd.it/LThgU6JZcUqQjitRsBDhueKAAWCK1NVKIxYY9UQIgkU.png?width=1080&amp;crop=smart&amp;format=pjpg&amp;auto=webp&amp;s=14d73b3cf029e1e4be3348507bce81465dc6a0c3",
      "_video": {
        "sources": [
          {
            "url": "https://v.redd.it/l60f8aftxqv81/DASH_720.mp4?source=fallback"
          }
        ],
        "width": 1280,
        "height": 720,
        "poster": "https://external-preview.redd.it/LThgU6JZcUqQjitRsBDhueKAAWCK1NVKIxYY9UQIgkU.png?width=1080&amp;crop=smart&amp;format=pjpg&amp;auto=webp&amp;s=14d73b3cf029e1e4be3348507bce81465dc6a0c3"
      }
    },
    "2022_04_22_en_reddit_reddit__r--HolUp--comments--u9frk3--johnny_depp_explaining_his_finger_injury_to": {
      "id": "2022_04_22_en_reddit_reddit__r--HolUp--comments--u9frk3--johnny_depp_explaining_his_finger_injury_to",
      "url": "https://old.reddit.com/r/HolUp/comments/u9frk3/johnny_depp_explaining_his_finger_injury_to/",
      "date_published": "2022-04-23T02:43:05.000Z",
      "date_modified": "2022-04-23T02:43:05.000Z",
      "_original_published": "2022-04-22T14:18:30.000Z",
      "_original_language": "en",
      "_translations": {
        "en": {
          "title": "Johnny Depp explaining his finger injury to children in 2015"
        },
        "ja": {
          "title": "2015年、子どもたちに指のケガを説明するジョニー・デップさん"
        },
        "zh-Hans": {
          "title": "约翰尼-德普在2015年向儿童解释他的手指伤势"
        },
        "zh-Hant": {
          "title": "約翰尼-德普在2015年向兒童解釋他的手指傷勢"
        }
      },
      "tags": [
        "HolUp"
      ],
      "authors": [
        {
          "name": "ohnoh18",
          "url": "https://old.reddit.com/user/ohnoh18"
        }
      ],
      "_links": [
        {
          "url": "https://old.reddit.com/r/HolUp/comments/u9frk3/johnny_depp_explaining_his_finger_injury_to/",
          "name": "&uarr;79335 votes"
        }
      ],
      "image": "https://external-preview.redd.it/UWhPQFSHkD2b67x1qPvR_f2Q6XOBWtHvjeImbRzEBD0.png?width=960&amp;crop=smart&amp;format=pjpg&amp;auto=webp&amp;s=e83127dfac02d33907264581cc8ad6fea8dd9415",
      "_video": {
        "sources": [
          {
            "url": "https://v.redd.it/3t7x0c01a3v81/DASH_480.mp4?source=fallback"
          }
        ],
        "width": 853,
        "height": 480,
        "poster": "https://external-preview.redd.it/UWhPQFSHkD2b67x1qPvR_f2Q6XOBWtHvjeImbRzEBD0.png?width=960&amp;crop=smart&amp;format=pjpg&amp;auto=webp&amp;s=e83127dfac02d33907264581cc8ad6fea8dd9415"
      }
    },
    "2022_04_27_en_reddit_reddit__r--aww--comments--ud3rtw--taking_morning_sunshine": {
      "id": "2022_04_27_en_reddit_reddit__r--aww--comments--ud3rtw--taking_morning_sunshine",
      "url": "https://old.reddit.com/r/aww/comments/ud3rtw/taking_morning_sunshine/",
      "date_published": "2022-04-28T03:48:46.000Z",
      "date_modified": "2022-04-28T03:48:46.000Z",
      "_original_published": "2022-04-27T13:37:13.000Z",
      "_original_language": "en",
      "_translations": {
        "en": {
          "title": "taking morning sunshine"
        },
        "ja": {
          "title": "朝日を浴びる"
        },
        "zh-Hans": {
          "title": "沐浴晨曦"
        },
        "zh-Hant": {
          "title": "沐浴晨曦"
        }
      },
      "tags": [
        "aww"
      ],
      "authors": [
        {
          "name": "prixb",
          "url": "https://old.reddit.com/user/prixb"
        }
      ],
      "_links": [
        {
          "url": "https://old.reddit.com/r/aww/comments/ud3rtw/taking_morning_sunshine/",
          "name": "&uarr;79134 votes"
        }
      ],
      "image": "https://external-preview.redd.it/lQfpA7hNPS3tDQMWM2p7jLcgbBvFb_mQiA5cCZbd6Mc.png?width=640&amp;crop=smart&amp;format=pjpg&amp;auto=webp&amp;s=2a885366d0c96ecec68a45e01351cf074a2b518c",
      "_video": {
        "sources": [
          {
            "url": "https://v.redd.it/vp01yto5r2w81/DASH_1080.mp4?source=fallback"
          }
        ],
        "width": 607,
        "height": 1080,
        "poster": "https://external-preview.redd.it/lQfpA7hNPS3tDQMWM2p7jLcgbBvFb_mQiA5cCZbd6Mc.png?width=640&amp;crop=smart&amp;format=pjpg&amp;auto=webp&amp;s=2a885366d0c96ecec68a45e01351cf074a2b518c"
      }
    },
    "2022_04_25_en_reddit_reddit__r--nextfuckinglevel--comments--ubvdxv--the_great_concept_of_guerilla_gardening": {
      "id": "2022_04_25_en_reddit_reddit__r--nextfuckinglevel--comments--ubvdxv--the_great_concept_of_guerilla_gardening",
      "url": "https://old.reddit.com/r/nextfuckinglevel/comments/ubvdxv/the_great_concept_of_guerilla_gardening/",
      "date_published": "2022-04-26T04:10:41.000Z",
      "date_modified": "2022-04-26T04:10:41.000Z",
      "_original_published": "2022-04-25T21:00:28.000Z",
      "_original_language": "en",
      "_translations": {
        "en": {
          "title": "The great concept of \"guerilla gardening\""
        },
        "ja": {
          "title": "\"ゲリラガーデニング \"という偉大な概念"
        },
        "zh-Hans": {
          "title": "\"游击队园艺 \"的伟大概念"
        },
        "zh-Hant": {
          "title": "\"游擊隊園藝 \"的偉大概念"
        }
      },
      "tags": [
        "nextfuckinglevel"
      ],
      "authors": [
        {
          "name": "qasqaldag",
          "url": "https://old.reddit.com/user/qasqaldag"
        }
      ],
      "_links": [
        {
          "url": "https://old.reddit.com/r/nextfuckinglevel/comments/ubvdxv/the_great_concept_of_guerilla_gardening/",
          "name": "&uarr;78958 votes"
        }
      ],
      "image": "https://external-preview.redd.it/ng9SArlmbM5WdiD70jB4xiirtKNoSHeA8tVDcZgB7KM.png?width=640&amp;crop=smart&amp;format=pjpg&amp;auto=webp&amp;s=70736456c60d4bb735bdc236bfb2fa345a89ec53",
      "_video": {
        "sources": [
          {
            "url": "https://v.redd.it/t84ccgfioqv81/DASH_1080.mp4?source=fallback"
          }
        ],
        "width": 607,
        "height": 1080,
        "poster": "https://external-preview.redd.it/ng9SArlmbM5WdiD70jB4xiirtKNoSHeA8tVDcZgB7KM.png?width=640&amp;crop=smart&amp;format=pjpg&amp;auto=webp&amp;s=70736456c60d4bb735bdc236bfb2fa345a89ec53"
      }
    },
    "2022_04_24_en_reddit_reddit__r--Damnthatsinteresting--comments--uapuhv--amber_heard_caught_in_a_lie_after_makeup_brand": {
      "id": "2022_04_24_en_reddit_reddit__r--Damnthatsinteresting--comments--uapuhv--amber_heard_caught_in_a_lie_after_makeup_brand",
      "url": "https://old.reddit.com/r/Damnthatsinteresting/comments/uapuhv/amber_heard_caught_in_a_lie_after_makeup_brand/",
      "date_published": "2022-04-24T14:24:07.000Z",
      "date_modified": "2022-04-24T14:24:07.000Z",
      "_original_published": "2022-04-24T08:03:30.000Z",
      "_original_language": "en",
      "_translations": {
        "en": {
          "title": "Amber Heard caught in a lie after makeup brand exposes her in Johnny Depp trial."
        },
        "ja": {
          "title": "アンバー・ハード、ジョニー・デップ裁判でメイクアップブランドに暴露され、嘘がバレる。"
        },
        "zh-Hans": {
          "title": "安柏-赫德在约翰尼-德普的审判中被化妆品牌曝光后陷入谎言。"
        },
        "zh-Hant": {
          "title": "安柏-赫德在約翰尼-德普的審判中被化妝品牌曝光後陷入謊言。"
        }
      },
      "tags": [
        "Damnthatsinteresting"
      ],
      "authors": [
        {
          "name": "lonely_fucker69",
          "url": "https://old.reddit.com/user/lonely_fucker69"
        }
      ],
      "_links": [
        {
          "url": "https://old.reddit.com/r/Damnthatsinteresting/comments/uapuhv/amber_heard_caught_in_a_lie_after_makeup_brand/",
          "name": "&uarr;78621 votes"
        }
      ],
      "image": "https://external-preview.redd.it/8nwg8QR5Ldc2ONXahsp8A5IHIANdXiF2gifP1qqtaCc.png?width=1080&amp;crop=smart&amp;format=pjpg&amp;auto=webp&amp;s=c92c11efbc9b0cd0e971f7a151913be873abf561",
      "_video": {
        "sources": [
          {
            "url": "https://v.redd.it/5im19g4zofv81/DASH_720.mp4?source=fallback"
          }
        ],
        "width": 1280,
        "height": 720,
        "poster": "https://external-preview.redd.it/8nwg8QR5Ldc2ONXahsp8A5IHIANdXiF2gifP1qqtaCc.png?width=1080&amp;crop=smart&amp;format=pjpg&amp;auto=webp&amp;s=c92c11efbc9b0cd0e971f7a151913be873abf561"
      }
    },
    "2022_04_27_en_reddit_reddit__r--MadeMeSmile--comments--ud692j--brotherly_love": {
      "id": "2022_04_27_en_reddit_reddit__r--MadeMeSmile--comments--ud692j--brotherly_love",
      "url": "https://old.reddit.com/r/MadeMeSmile/comments/ud692j/brotherly_love/",
      "date_published": "2022-04-27T22:29:17.000Z",
      "date_modified": "2022-04-27T22:29:17.000Z",
      "_original_published": "2022-04-27T15:29:56.000Z",
      "_original_language": "en",
      "_translations": {
        "en": {
          "title": "Brotherly love"
        },
        "ja": {
          "title": "兄弟愛"
        },
        "zh-Hans": {
          "title": "兄弟之爱"
        },
        "zh-Hant": {
          "title": "兄弟之愛"
        }
      },
      "tags": [
        "MadeMeSmile"
      ],
      "authors": [
        {
          "name": "AristonD",
          "url": "https://old.reddit.com/user/AristonD"
        }
      ],
      "_links": [
        {
          "url": "https://old.reddit.com/r/MadeMeSmile/comments/ud692j/brotherly_love/",
          "name": "&uarr;78484 votes"
        }
      ],
      "image": "https://external-preview.redd.it/mV6_OHs5wgbQL7PlJu7zUuOKHxo1SNqyIJwmieIdH2w.png?width=640&amp;crop=smart&amp;format=pjpg&amp;auto=webp&amp;s=f184fb25b218a4d8bbf97a094bbdb2dc81af6e45",
      "_video": {
        "sources": [
          {
            "url": "https://v.redd.it/mtggx2fdb3w81/DASH_1080.mp4?source=fallback"
          }
        ],
        "width": 607,
        "height": 1080,
        "poster": "https://external-preview.redd.it/mV6_OHs5wgbQL7PlJu7zUuOKHxo1SNqyIJwmieIdH2w.png?width=640&amp;crop=smart&amp;format=pjpg&amp;auto=webp&amp;s=f184fb25b218a4d8bbf97a094bbdb2dc81af6e45"
      }
    },
    "2022_04_27_en_reddit_reddit__r--MadeMeSmile--comments--uczt49--kindness_is_priceless": {
      "id": "2022_04_27_en_reddit_reddit__r--MadeMeSmile--comments--uczt49--kindness_is_priceless",
      "url": "https://old.reddit.com/r/MadeMeSmile/comments/uczt49/kindness_is_priceless/",
      "date_published": "2022-04-27T17:00:00.000Z",
      "date_modified": "2022-04-27T17:00:00.000Z",
      "_original_published": "2022-04-27T09:48:03.000Z",
      "_original_language": "en",
      "_translations": {
        "en": {
          "title": "Kindness is priceless"
        },
        "ja": {
          "title": "優しさはプライスレス"
        },
        "zh-Hans": {
          "title": "善良是无价的"
        },
        "zh-Hant": {
          "title": "善良是無價的"
        }
      },
      "tags": [
        "MadeMeSmile"
      ],
      "authors": [
        {
          "name": "pietradolce",
          "url": "https://old.reddit.com/user/pietradolce"
        }
      ],
      "_links": [
        {
          "url": "https://old.reddit.com/r/MadeMeSmile/comments/uczt49/kindness_is_priceless/",
          "name": "&uarr;78355 votes"
        }
      ],
      "image": "https://preview.redd.it/jf7cvyjdm1w81.jpg?width=1080&amp;crop=smart&amp;auto=webp&amp;s=56a255593e7e5f2d74ba2b6d1789a056f1290dd0"
    },
    "2022_04_25_en_reddit_reddit__r--aww--comments--ubogm3--have_you_ever_seen_a_wild_hamster": {
      "id": "2022_04_25_en_reddit_reddit__r--aww--comments--ubogm3--have_you_ever_seen_a_wild_hamster",
      "url": "https://old.reddit.com/r/aww/comments/ubogm3/have_you_ever_seen_a_wild_hamster/",
      "date_published": "2022-04-25T21:32:00.000Z",
      "date_modified": "2022-04-25T21:32:00.000Z",
      "_original_published": "2022-04-25T15:59:40.000Z",
      "_original_language": "en",
      "_translations": {
        "en": {
          "title": "Have you ever seen a wild hamster?"
        },
        "ja": {
          "title": "野生のハムスターを見たことがありますか？"
        },
        "zh-Hans": {
          "title": "你见过野生仓鼠吗？"
        },
        "zh-Hant": {
          "title": "你見過野生倉鼠嗎？"
        }
      },
      "tags": [
        "aww"
      ],
      "authors": [
        {
          "name": "kimboe313",
          "url": "https://old.reddit.com/user/kimboe313"
        }
      ],
      "_links": [
        {
          "url": "https://old.reddit.com/r/aww/comments/ubogm3/have_you_ever_seen_a_wild_hamster/",
          "name": "&uarr;78214 votes"
        }
      ],
      "image": "https://external-preview.redd.it/brwdyFH0DIu3qljDMvZaLSjTntEe3hK9ZG50BTaT00w.png?width=640&amp;crop=smart&amp;format=pjpg&amp;auto=webp&amp;s=aa2a90cf82dba3f42145f0831879cee31d6e498d",
      "_video": {
        "sources": [
          {
            "url": "https://v.redd.it/q7jupycs6pv81/DASH_1080.mp4?source=fallback"
          }
        ],
        "width": 607,
        "height": 1080,
        "poster": "https://external-preview.redd.it/brwdyFH0DIu3qljDMvZaLSjTntEe3hK9ZG50BTaT00w.png?width=640&amp;crop=smart&amp;format=pjpg&amp;auto=webp&amp;s=aa2a90cf82dba3f42145f0831879cee31d6e498d"
      }
    },
    "2022_04_25_en_reddit_reddit__r--politics--comments--ubo2ao--complaint_filed_in_florida_to_ban_bible_as_too": {
      "id": "2022_04_25_en_reddit_reddit__r--politics--comments--ubo2ao--complaint_filed_in_florida_to_ban_bible_as_too",
      "url": "https://old.reddit.com/r/politics/comments/ubo2ao/complaint_filed_in_florida_to_ban_bible_as_too/",
      "date_published": "2022-04-26T00:35:34.000Z",
      "date_modified": "2022-04-26T00:35:34.000Z",
      "_original_published": "2022-04-25T15:42:15.000Z",
      "_original_language": "en",
      "_translations": {
        "en": {
          "title": "Complaint filed in Florida to ban Bible as “too woke” | The book contains several \"prohibited topics\" - including incest, bestiality, progressive social programs, and the repercussions of slavery."
        },
        "ja": {
          "title": "フロリダ州で聖書を「目覚めすぎ」として禁止するよう提訴｜近親相姦、獣姦、進歩的社会プログラム、奴隷制の影響など、いくつかの「禁止トピック」が含まれています。"
        },
        "zh-Hans": {
          "title": "佛罗里达州提出申诉，要求禁止《圣经》，因为它 \"太醒目了\" - 这本书包含几个 \"禁止的话题\" - 包括乱伦、兽交、进步的社会计划和奴隶制的影响。"
        },
        "zh-Hant": {
          "title": "佛羅里達州提出申訴，要求禁止《聖經》，因爲它 \"太醒目了\" - 這本書包含幾個 \"禁止的話題\" - 包括亂倫、獸交、進步的社會計劃和奴隸制的影響。"
        }
      },
      "tags": [
        "politics"
      ],
      "authors": [
        {
          "name": "BilBrowning",
          "url": "https://old.reddit.com/user/BilBrowning"
        }
      ],
      "_links": [
        {
          "url": "https://old.reddit.com/r/politics/comments/ubo2ao/complaint_filed_in_florida_to_ban_bible_as_too/",
          "name": "&uarr;77860 votes"
        }
      ],
      "image": "https://external-preview.redd.it/lOLC3VGj8W7docNESSs7R65xYPMYPJZEpRUzhVJnEZw.jpg?width=1080&amp;crop=smart&amp;auto=webp&amp;s=75b95cc240766b170b5074612bbc73c48b875ecd"
    },
    "2022_04_28_en_reddit_reddit__r--nextfuckinglevel--comments--udw042--arnold_schwarzneggers_take_on_the_concept_of_the": {
      "id": "2022_04_28_en_reddit_reddit__r--nextfuckinglevel--comments--udw042--arnold_schwarzneggers_take_on_the_concept_of_the",
      "url": "https://old.reddit.com/r/nextfuckinglevel/comments/udw042/arnold_schwarzneggers_take_on_the_concept_of_the/",
      "date_published": "2022-04-28T19:42:56.000Z",
      "date_modified": "2022-04-28T19:42:56.000Z",
      "_original_published": "2022-04-28T14:15:01.000Z",
      "_original_language": "en",
      "_translations": {
        "en": {
          "title": "Arnold Schwarznegger’s take on the concept of the self made man"
        },
        "ja": {
          "title": "アーノルド・シュワルツネガーが語る「セルフメイドマン」のコンセプト"
        },
        "zh-Hans": {
          "title": "阿诺德-施瓦兹内格对 \"自我造血 \"概念的看法"
        },
        "zh-Hant": {
          "title": "阿諾德-施瓦茲內格對 \"自我造血 \"概念的看法"
        }
      },
      "tags": [
        "nextfuckinglevel"
      ],
      "authors": [
        {
          "name": "Swerwin",
          "url": "https://old.reddit.com/user/Swerwin"
        }
      ],
      "_links": [
        {
          "url": "https://old.reddit.com/r/nextfuckinglevel/comments/udw042/arnold_schwarzneggers_take_on_the_concept_of_the/",
          "name": "&uarr;77759 votes"
        }
      ],
      "image": "https://external-preview.redd.it/KMz9cxEUbuBpEIW-DorPtAhw1co5KxziNAek-WZaL2Y.png?width=640&amp;crop=smart&amp;format=pjpg&amp;auto=webp&amp;s=4982bbac1127a65d18f37096b7b5943cbf26aa4a",
      "_video": {
        "sources": [
          {
            "url": "https://v.redd.it/mqxuqm3x2aw81/DASH_480.mp4?source=fallback"
          }
        ],
        "width": 480,
        "height": 480,
        "poster": "https://external-preview.redd.it/KMz9cxEUbuBpEIW-DorPtAhw1co5KxziNAek-WZaL2Y.png?width=640&amp;crop=smart&amp;format=pjpg&amp;auto=webp&amp;s=4982bbac1127a65d18f37096b7b5943cbf26aa4a"
      }
    },
    "2022_04_22_en_reddit_reddit__r--nextfuckinglevel--comments--u9ggpb--ricky_gervais_exposing_hollywood_in_golden_globes": {
      "id": "2022_04_22_en_reddit_reddit__r--nextfuckinglevel--comments--u9ggpb--ricky_gervais_exposing_hollywood_in_golden_globes",
      "url": "https://old.reddit.com/r/nextfuckinglevel/comments/u9ggpb/ricky_gervais_exposing_hollywood_in_golden_globes/",
      "date_published": "2022-04-22T21:39:23.000Z",
      "date_modified": "2022-04-22T21:39:23.000Z",
      "_original_published": "2022-04-22T14:50:59.000Z",
      "_original_language": "en",
      "_translations": {
        "en": {
          "title": "Ricky Gervais exposing Hollywood in Golden Globes."
        },
        "ja": {
          "title": "リッキー・ジャーヴェイスがゴールデン・グローブ賞でハリウッドを暴露。"
        },
        "zh-Hans": {
          "title": "瑞奇-格维斯在金球奖上揭露好莱坞。"
        },
        "zh-Hant": {
          "title": "瑞奇-格維斯在金球獎上揭露好萊塢。"
        }
      },
      "tags": [
        "nextfuckinglevel"
      ],
      "authors": [
        {
          "name": "A_mirage_",
          "url": "https://old.reddit.com/user/A_mirage_"
        }
      ],
      "_links": [
        {
          "url": "https://old.reddit.com/r/nextfuckinglevel/comments/u9ggpb/ricky_gervais_exposing_hollywood_in_golden_globes/",
          "name": "&uarr;77699 votes"
        }
      ],
      "image": "https://external-preview.redd.it/WUYE68BMht7moezfgznaobbm-w0p3mtu5W3SdMIyF_M.png?width=1080&amp;crop=smart&amp;format=pjpg&amp;auto=webp&amp;s=937a50ac2d4547d0bd6939d7542c0a5750df6fbb",
      "_video": {
        "sources": [
          {
            "url": "https://v.redd.it/o3efvo5tf3v81/DASH_720.mp4?source=fallback"
          }
        ],
        "width": 1280,
        "height": 720,
        "poster": "https://external-preview.redd.it/WUYE68BMht7moezfgznaobbm-w0p3mtu5W3SdMIyF_M.png?width=1080&amp;crop=smart&amp;format=pjpg&amp;auto=webp&amp;s=937a50ac2d4547d0bd6939d7542c0a5750df6fbb"
      }
    },
    "2022_04_28_en_reddit_reddit__r--meirl--comments--udl21p--meirl": {
      "id": "2022_04_28_en_reddit_reddit__r--meirl--comments--udl21p--meirl",
      "url": "https://old.reddit.com/r/meirl/comments/udl21p/meirl/",
      "date_published": "2022-04-28T16:40:23.000Z",
      "date_modified": "2022-04-28T16:40:23.000Z",
      "_original_published": "2022-04-28T02:56:57.000Z",
      "_original_language": "en",
      "_translations": {
        "en": {
          "title": "meirl"
        },
        "ja": {
          "title": "ミール"
        },
        "zh-Hans": {
          "title": "我的女孩"
        },
        "zh-Hant": {
          "title": "我的女孩"
        }
      },
      "tags": [
        "meirl"
      ],
      "authors": [
        {
          "name": "orchid_breeder",
          "url": "https://old.reddit.com/user/orchid_breeder"
        }
      ],
      "_links": [
        {
          "url": "https://old.reddit.com/r/meirl/comments/udl21p/meirl/",
          "name": "&uarr;77152 votes"
        }
      ],
      "image": "https://preview.redd.it/lf5gsu0yp6w81.jpg?width=1080&amp;crop=smart&amp;auto=webp&amp;s=d9ff41062099330a1cdcb67f512f8e6408b30577"
    },
    "2022_04_22_en_reddit_reddit__r--wholesomememes--comments--u9ijf4--its_the_simple_things_that_brings_the_most_joy": {
      "id": "2022_04_22_en_reddit_reddit__r--wholesomememes--comments--u9ijf4--its_the_simple_things_that_brings_the_most_joy",
      "url": "https://old.reddit.com/r/wholesomememes/comments/u9ijf4/its_the_simple_things_that_brings_the_most_joy/",
      "date_published": "2022-04-23T02:43:05.000Z",
      "date_modified": "2022-04-23T02:43:05.000Z",
      "_original_published": "2022-04-22T16:23:28.000Z",
      "_original_language": "en",
      "_translations": {
        "en": {
          "title": "It's the simple things that brings the most joy"
        },
        "ja": {
          "title": "シンプルなことほど、喜びは大きい。"
        },
        "zh-Hans": {
          "title": "简单的事情才会带来最大的快乐"
        },
        "zh-Hant": {
          "title": "簡單的事情纔會帶來最大的快樂"
        }
      },
      "tags": [
        "wholesomememes"
      ],
      "authors": [
        {
          "name": "nechdoesntno",
          "url": "https://old.reddit.com/user/nechdoesntno"
        }
      ],
      "_links": [
        {
          "url": "https://old.reddit.com/r/wholesomememes/comments/u9ijf4/its_the_simple_things_that_brings_the_most_joy/",
          "name": "&uarr;77131 votes"
        }
      ],
      "image": "https://preview.redd.it/floukae8w3v81.gif?width=960&amp;crop=smart&amp;format=png8&amp;s=43185aea12d1dfdabfb2baae11ecc0333c2a5b9b",
      "_video": {
        "sources": [
          {
            "url": "https://preview.redd.it/floukae8w3v81.gif?format=mp4&amp;s=3df4269c5cb1d31485db007d7a92b63e960e1f09"
          }
        ],
        "width": 1000,
        "height": 800,
        "poster": "https://preview.redd.it/floukae8w3v81.gif?width=960&amp;crop=smart&amp;format=png8&amp;s=43185aea12d1dfdabfb2baae11ecc0333c2a5b9b"
      }
    },
    "2022_04_26_en_reddit_reddit__r--meirl--comments--ucfw39--meirl": {
      "id": "2022_04_26_en_reddit_reddit__r--meirl--comments--ucfw39--meirl",
      "url": "https://old.reddit.com/r/meirl/comments/ucfw39/meirl/",
      "date_published": "2022-04-26T22:54:50.000Z",
      "date_modified": "2022-04-26T22:54:50.000Z",
      "_original_published": "2022-04-26T16:00:07.000Z",
      "_original_language": "en",
      "_translations": {
        "en": {
          "title": "Meirl"
        },
        "ja": {
          "title": "ミール"
        },
        "zh-Hans": {
          "title": "米勒"
        },
        "zh-Hant": {
          "title": "米勒"
        }
      },
      "tags": [
        "meirl"
      ],
      "authors": [
        {
          "name": "Low-Heart-3566",
          "url": "https://old.reddit.com/user/Low-Heart-3566"
        }
      ],
      "_links": [
        {
          "url": "https://old.reddit.com/r/meirl/comments/ucfw39/meirl/",
          "name": "&uarr;77040 votes"
        }
      ],
      "image": "https://preview.redd.it/uo5eh3bubwv81.jpg?width=640&amp;crop=smart&amp;auto=webp&amp;s=669caf4d74d02353d4f7fb81b999abfd067a440f"
    }
  }
}
