{
  "id": "2022_05_19_en_reddit_reddit__r--Damnthatsinteresting--comments--utbbzm--find_the_center_of_a_board",
  "url": "https://old.reddit.com/r/Damnthatsinteresting/comments/utbbzm/find_the_center_of_a_board/",
  "date_published": "2022-05-20T07:41:29.000Z",
  "date_modified": "2022-05-20T07:41:29.000Z",
  "_original_published": "2022-05-19T19:37:53.000Z",
  "_original_language": "en",
  "_translations": {
    "en": {
      "title": "Find the center of a board"
    },
    "ja": {
      "title": "ボードの中心を求める"
    },
    "zh-Hans": {
      "title": "寻找棋盘的中心"
    },
    "zh-Hant": {
      "title": "尋找棋盤的中心"
    }
  },
  "tags": [
    "Damnthatsinteresting"
  ],
  "authors": [
    {
      "name": "danruse",
      "url": "https://old.reddit.com/user/danruse"
    }
  ],
  "_links": [
    {
      "url": "https://old.reddit.com/r/Damnthatsinteresting/comments/utbbzm/find_the_center_of_a_board/",
      "name": "&uarr;75094 votes"
    }
  ],
  "image": "https://external-preview.redd.it/lVf_4Hi8HoDdZdhBhvJxQ1EMjZ_RPTYAlCUasE7G5Vw.png?width=320&amp;crop=smart&amp;format=pjpg&amp;auto=webp&amp;s=a59a1c8cec844bf6ae087a0289c6193d5e52f187",
  "_video": {
    "sources": [
      {
        "url": "https://v.redd.it/ig672bwnjh091/DASH_720.mp4?source=fallback"
      }
    ],
    "width": 405,
    "height": 720,
    "poster": "https://external-preview.redd.it/lVf_4Hi8HoDdZdhBhvJxQ1EMjZ_RPTYAlCUasE7G5Vw.png?width=320&amp;crop=smart&amp;format=pjpg&amp;auto=webp&amp;s=a59a1c8cec844bf6ae087a0289c6193d5e52f187"
  }
}
