{
  "id": "2022_05_19_en_reddit_reddit__r--WhitePeopleTwitter--comments--utf787--they_all_voted_no",
  "url": "https://old.reddit.com/r/WhitePeopleTwitter/comments/utf787/they_all_voted_no/",
  "date_published": "2022-05-20T08:33:05.000Z",
  "date_modified": "2022-05-20T08:33:05.000Z",
  "_original_published": "2022-05-19T22:47:34.000Z",
  "_original_language": "en",
  "_translations": {
    "en": {
      "title": "they ALL voted no"
    },
    "ja": {
      "title": "全員が反対票を投じた"
    },
    "zh-Hans": {
      "title": "他们都投了反对票"
    },
    "zh-Hant": {
      "title": "他們都投了反對票"
    }
  },
  "tags": [
    "WhitePeopleTwitter"
  ],
  "authors": [
    {
      "name": "DaFunkJunkie",
      "url": "https://old.reddit.com/user/DaFunkJunkie"
    }
  ],
  "_links": [
    {
      "url": "https://old.reddit.com/r/WhitePeopleTwitter/comments/utf787/they_all_voted_no/",
      "name": "&uarr;75601 votes"
    }
  ],
  "image": "https://preview.redd.it/0dl3vt9ihi091.jpg?width=1080&amp;crop=smart&amp;auto=webp&amp;s=93d1c946eec196202c74a5e0833c2990aaa286ff"
}
