{
  "id": "2022_05_19_en_reddit_reddit__r--MadeMeSmile--comments--uswqol--this_genuinely_made_my_day",
  "url": "https://old.reddit.com/r/MadeMeSmile/comments/uswqol/this_genuinely_made_my_day/",
  "date_published": "2022-05-19T19:45:58.000Z",
  "date_modified": "2022-05-19T19:45:58.000Z",
  "_original_published": "2022-05-19T06:02:03.000Z",
  "_original_language": "en",
  "_translations": {
    "en": {
      "title": "this genuinely made my day"
    },
    "ja": {
      "title": "本当にありがとうございました。"
    },
    "zh-Hans": {
      "title": "这真是让我大开眼界"
    },
    "zh-Hant": {
      "title": "這真是讓我大開眼界"
    }
  },
  "tags": [
    "MadeMeSmile"
  ],
  "authors": [
    {
      "name": "sinpew",
      "url": "https://old.reddit.com/user/sinpew"
    }
  ],
  "_links": [
    {
      "url": "https://old.reddit.com/r/MadeMeSmile/comments/uswqol/this_genuinely_made_my_day/",
      "name": "&uarr;75609 votes"
    }
  ],
  "image": "https://preview.redd.it/48wkt9d3id091.jpg?width=1080&amp;crop=smart&amp;auto=webp&amp;s=224372292306b34f5e9a238d4ed1409f8f256507"
}
