{
  "id": "2022_05_19_en_reddit_reddit__r--memes--comments--ussjrh--wholesome_meme",
  "url": "https://old.reddit.com/r/memes/comments/ussjrh/wholesome_meme/",
  "date_published": "2022-05-19T16:24:03.000Z",
  "date_modified": "2022-05-19T16:24:03.000Z",
  "_original_published": "2022-05-19T01:55:54.000Z",
  "_original_language": "en",
  "_translations": {
    "en": {
      "title": "Wholesome meme"
    },
    "ja": {
      "title": "Wholesome meme"
    },
    "zh-Hans": {
      "title": "健全的备忘录"
    },
    "zh-Hant": {
      "title": "健全的備忘錄"
    }
  },
  "tags": [
    "memes"
  ],
  "authors": [
    {
      "name": "Child_of_the_Abyss",
      "url": "https://old.reddit.com/user/Child_of_the_Abyss"
    }
  ],
  "_links": [
    {
      "url": "https://old.reddit.com/r/memes/comments/ussjrh/wholesome_meme/",
      "name": "&uarr;75448 votes"
    }
  ],
  "image": "https://preview.redd.it/o671fiq6ac091.gif?width=320&amp;crop=smart&amp;format=png8&amp;s=57fa517d263c04075a63914e979a31f57b3c3c42",
  "_video": {
    "sources": [
      {
        "url": "https://preview.redd.it/o671fiq6ac091.gif?format=mp4&amp;s=97e18166af7a17d56fe2704c10a5599f3d06e7a2"
      }
    ],
    "width": 510,
    "height": 510,
    "poster": "https://preview.redd.it/o671fiq6ac091.gif?width=320&amp;crop=smart&amp;format=png8&amp;s=57fa517d263c04075a63914e979a31f57b3c3c42"
  }
}
