{
  "id": "2022_05_19_en_reddit_reddit__r--maybemaybemaybe--comments--ut84rs--maybe_maybe_maybe",
  "url": "https://old.reddit.com/r/maybemaybemaybe/comments/ut84rs/maybe_maybe_maybe/",
  "date_published": "2022-05-20T12:10:29.000Z",
  "date_modified": "2022-05-20T12:10:29.000Z",
  "_original_published": "2022-05-19T17:10:02.000Z",
  "_original_language": "en",
  "_translations": {
    "en": {
      "title": "Maybe maybe maybe"
    },
    "ja": {
      "title": "多分、多分、多分"
    },
    "zh-Hans": {
      "title": "也许是也许是"
    },
    "zh-Hant": {
      "title": "也許是也許是"
    }
  },
  "tags": [
    "maybemaybemaybe"
  ],
  "authors": [
    {
      "name": "Boojibs",
      "url": "https://old.reddit.com/user/Boojibs"
    }
  ],
  "_links": [
    {
      "url": "https://old.reddit.com/r/maybemaybemaybe/comments/ut84rs/maybe_maybe_maybe/",
      "name": "&uarr;75389 votes"
    }
  ],
  "image": "https://external-preview.redd.it/9U5mFknMConD13Y-mhmXxhQuKkmQfU3qB5ZdKgJ98oM.jpg?width=216&amp;crop=smart&amp;auto=webp&amp;s=717452adafc7534bc576d3ff46fc97a9211be10b",
  "_video": {
    "sources": [
      {
        "url": "https://v.redd.it/gvzztyzatg091/DASH_720.mp4"
      }
    ],
    "width": 363,
    "height": 720,
    "poster": "https://external-preview.redd.it/9U5mFknMConD13Y-mhmXxhQuKkmQfU3qB5ZdKgJ98oM.jpg?width=216&amp;crop=smart&amp;auto=webp&amp;s=717452adafc7534bc576d3ff46fc97a9211be10b"
  }
}
