{
  "id": "2022_05_19_en_reddit_reddit__r--politics--comments--ut7h3d--republicans_just_voted_against_feeding_the_baby",
  "url": "https://old.reddit.com/r/politics/comments/ut7h3d/republicans_just_voted_against_feeding_the_baby/",
  "date_published": "2022-05-20T03:38:44.000Z",
  "date_modified": "2022-05-20T03:38:44.000Z",
  "_original_published": "2022-05-19T16:39:58.000Z",
  "_original_language": "en",
  "_translations": {
    "en": {
      "title": "Republicans Just Voted Against Feeding the Baby They’re Forcing You to Have"
    },
    "ja": {
      "title": "共和党が強制的に産ませる赤ちゃんへの授乳に反対票を投じる"
    },
    "zh-Hans": {
      "title": "共和党人刚刚投票反对喂养他们强迫你生的孩子"
    },
    "zh-Hant": {
      "title": "共和黨人剛剛投票反對餵養他們強迫你生的孩子"
    }
  },
  "tags": [
    "politics"
  ],
  "authors": [
    {
      "name": "bythesea_man",
      "url": "https://old.reddit.com/user/bythesea_man"
    }
  ],
  "_links": [
    {
      "url": "https://old.reddit.com/r/politics/comments/ut7h3d/republicans_just_voted_against_feeding_the_baby/",
      "name": "&uarr;77428 votes"
    }
  ],
  "image": "https://external-preview.redd.it/45MYb2ycp2p2kD-IBKj4pRqGd7WiMvCXXFD7fPyc7hU.jpg?width=1080&amp;crop=smart&amp;auto=webp&amp;s=06e4904a880f3915bbdca12d1bdb963a9558fcb5"
}
