{
  "id": "2022_05_19_en_reddit_reddit__r--meirl--comments--ut0xmi--meirl",
  "url": "https://old.reddit.com/r/meirl/comments/ut0xmi/meirl/",
  "date_published": "2022-05-19T19:45:58.000Z",
  "date_modified": "2022-05-19T19:45:58.000Z",
  "_original_published": "2022-05-19T11:06:22.000Z",
  "_original_language": "en",
  "_translations": {
    "en": {
      "title": "meirl"
    },
    "ja": {
      "title": "ミール"
    },
    "zh-Hans": {
      "title": "我的女孩"
    },
    "zh-Hant": {
      "title": "我的女孩"
    }
  },
  "tags": [
    "meirl"
  ],
  "authors": [
    {
      "name": "SnooCupcakes8607",
      "url": "https://old.reddit.com/user/SnooCupcakes8607"
    }
  ],
  "_links": [
    {
      "url": "https://old.reddit.com/r/meirl/comments/ut0xmi/meirl/",
      "name": "&uarr;77010 votes"
    }
  ],
  "image": "https://preview.redd.it/xwfqalfe0f091.gif?width=640&amp;crop=smart&amp;format=png8&amp;s=7280bb8a9864ad59fe2b598689ee2777158b77ed",
  "_video": {
    "sources": [
      {
        "url": "https://preview.redd.it/xwfqalfe0f091.gif?format=mp4&amp;s=e8df815e5140ae97d404b90ada711ab7e1f07d85"
      }
    ],
    "width": 800,
    "height": 384,
    "poster": "https://preview.redd.it/xwfqalfe0f091.gif?width=640&amp;crop=smart&amp;format=png8&amp;s=7280bb8a9864ad59fe2b598689ee2777158b77ed"
  }
}
