{
  "id": "2022_05_19_en_reddit_reddit__r--mildlyinfuriating--comments--ut5eep--just_had_mosaic_tile_floor_installed",
  "url": "https://old.reddit.com/r/mildlyinfuriating/comments/ut5eep/just_had_mosaic_tile_floor_installed/",
  "date_published": "2022-05-20T05:04:22.000Z",
  "date_modified": "2022-05-20T05:04:22.000Z",
  "_original_published": "2022-05-19T15:03:01.000Z",
  "_original_language": "en",
  "_translations": {
    "en": {
      "title": "Just had mosaic tile floor installed"
    },
    "ja": {
      "title": "モザイクタイルの床を施工したところ"
    },
    "zh-Hans": {
      "title": "刚刚安装了马赛克瓷砖地板"
    },
    "zh-Hant": {
      "title": "剛剛安裝了馬賽克瓷磚地板"
    }
  },
  "tags": [
    "mildlyinfuriating"
  ],
  "authors": [
    {
      "name": "Tokiface",
      "url": "https://old.reddit.com/user/Tokiface"
    }
  ],
  "_links": [
    {
      "url": "https://old.reddit.com/r/mildlyinfuriating/comments/ut5eep/just_had_mosaic_tile_floor_installed/",
      "name": "&uarr;75549 votes"
    }
  ],
  "image": "https://external-preview.redd.it/FWiRYUTFDe1tpAVmuI0BK7Dhve5VSUF4iORp3GYMidg.jpg?width=1080&amp;crop=smart&amp;auto=webp&amp;s=41e1700581dae86fd4d6220afad093342846ae8d"
}
