{
  "id": "2022_05_19_en_reddit_reddit__r--nextfuckinglevel--comments--ut57xo--trainers_helped_boy_to_conquer_his_box_jump_fear",
  "url": "https://old.reddit.com/r/nextfuckinglevel/comments/ut57xo/trainers_helped_boy_to_conquer_his_box_jump_fear/",
  "date_published": "2022-05-20T03:38:44.000Z",
  "date_modified": "2022-05-20T03:38:44.000Z",
  "_original_published": "2022-05-19T14:54:48.000Z",
  "_original_language": "en",
  "_translations": {
    "en": {
      "title": "Trainers helped boy to conquer his box jump fear"
    },
    "ja": {
      "title": "少年はトレーナーによって箱跳びの恐怖を克服した"
    },
    "zh-Hans": {
      "title": "培训师帮助男孩克服跳箱恐惧"
    },
    "zh-Hant": {
      "title": "培訓師幫助男孩克服跳箱恐懼"
    }
  },
  "tags": [
    "nextfuckinglevel"
  ],
  "authors": [
    {
      "name": "Phorenix",
      "url": "https://old.reddit.com/user/Phorenix"
    }
  ],
  "_links": [
    {
      "url": "https://old.reddit.com/r/nextfuckinglevel/comments/ut57xo/trainers_helped_boy_to_conquer_his_box_jump_fear/",
      "name": "&uarr;77952 votes"
    }
  ],
  "image": "https://external-preview.redd.it/HJNepPXTZbIIld3pGEcUFGJJJelZRMva2AEb917wcac.png?width=640&amp;crop=smart&amp;format=pjpg&amp;auto=webp&amp;s=f94b1770ccdb8d55e5a0529f7331b5ef0452a660",
  "_video": {
    "sources": [
      {
        "url": "https://v.redd.it/v8mtzqo25g091/DASH_720.mp4?source=fallback"
      }
    ],
    "width": 720,
    "height": 720,
    "poster": "https://external-preview.redd.it/HJNepPXTZbIIld3pGEcUFGJJJelZRMva2AEb917wcac.png?width=640&amp;crop=smart&amp;format=pjpg&amp;auto=webp&amp;s=f94b1770ccdb8d55e5a0529f7331b5ef0452a660"
  }
}
