{
  "meta": {
    "name": "nextfuckinglevel"
  },
  "items": {
    "2022_08_12_en_reddit_reddit__r--nextfuckinglevel--comments--wmr0fx--good_things_take_time_stop_motion": {
      "id": "2022_08_12_en_reddit_reddit__r--nextfuckinglevel--comments--wmr0fx--good_things_take_time_stop_motion",
      "url": "https://old.reddit.com/r/nextfuckinglevel/comments/wmr0fx/good_things_take_time_stop_motion/",
      "date_published": "2022-08-13T07:25:46.000Z",
      "date_modified": "2022-08-13T07:25:46.000Z",
      "_original_published": "2022-08-12T17:30:19.000Z",
      "_original_language": "en",
      "_translations": {
        "en": {
          "title": "Good things take time | Stop Motion"
        },
        "ja": {
          "title": "良いものには時間がかかる｜ストップモーション"
        },
        "zh-Hans": {
          "title": "美好的事物需要时间 - 定格动画"
        },
        "zh-Hant": {
          "title": "美好的事物需要時間 - 定格動畫"
        }
      },
      "tags": [
        "nextfuckinglevel"
      ],
      "authors": [
        {
          "name": "joserick92",
          "url": "https://old.reddit.com/user/joserick92"
        }
      ],
      "_links": [
        {
          "url": "https://old.reddit.com/r/nextfuckinglevel/comments/wmr0fx/good_things_take_time_stop_motion/",
          "name": "&uarr;76046 votes"
        }
      ],
      "image": "https://external-preview.redd.it/aX603Cm1StwtNCQIVU4GkLtjphCiYJwVKQgCabhoTcw.png?width=640&amp;crop=smart&amp;format=pjpg&amp;auto=webp&amp;s=172a10640f8d8262330c7ad5b5514d80798144b2",
      "_video": {
        "sources": [
          {
            "url": "https://v.redd.it/vlzgzokehbh91/DASH_720.mp4?source=fallback"
          }
        ],
        "width": 720,
        "height": 720,
        "poster": "https://external-preview.redd.it/aX603Cm1StwtNCQIVU4GkLtjphCiYJwVKQgCabhoTcw.png?width=640&amp;crop=smart&amp;format=pjpg&amp;auto=webp&amp;s=172a10640f8d8262330c7ad5b5514d80798144b2"
      }
    },
    "2022_08_09_en_reddit_reddit__r--nextfuckinglevel--comments--wjphp7--his_happy_face_for_running_alongside_the_bolt": {
      "id": "2022_08_09_en_reddit_reddit__r--nextfuckinglevel--comments--wjphp7--his_happy_face_for_running_alongside_the_bolt",
      "url": "https://old.reddit.com/r/nextfuckinglevel/comments/wjphp7/his_happy_face_for_running_alongside_the_bolt/",
      "date_published": "2022-08-09T13:11:43.000Z",
      "date_modified": "2022-08-09T13:11:43.000Z",
      "_original_published": "2022-08-09T00:53:45.000Z",
      "_original_language": "en",
      "_translations": {
        "en": {
          "title": "His happy face for running alongside the Bolt without caring if he will win or not"
        },
        "ja": {
          "title": "勝敗を気にせずボルトと並走したときの嬉しそうな顔"
        },
        "zh-Hans": {
          "title": "他与博尔特并肩奔跑的快乐表情，而不在乎他是否会获胜"
        },
        "zh-Hant": {
          "title": "他與博爾特並肩奔跑的快樂表情，而不在乎他是否會獲勝"
        }
      },
      "tags": [
        "nextfuckinglevel"
      ],
      "authors": [
        {
          "name": "smoothlycheap",
          "url": "https://old.reddit.com/user/smoothlycheap"
        }
      ],
      "_links": [
        {
          "url": "https://old.reddit.com/r/nextfuckinglevel/comments/wjphp7/his_happy_face_for_running_alongside_the_bolt/",
          "name": "&uarr;79340 votes"
        }
      ],
      "image": "https://external-preview.redd.it/nRqoXZC1MyQxn79fXEA7FHTcAa1XaHUChXT8n8KIw2k.png?width=320&amp;crop=smart&amp;format=pjpg&amp;auto=webp&amp;s=ade5b963d8433552dd03dd028f1ff4e3bb9896bc",
      "_video": {
        "sources": [
          {
            "url": "https://v.redd.it/zoww21rt5lg91/DASH_720.mp4?source=fallback"
          }
        ],
        "width": 405,
        "height": 720,
        "poster": "https://external-preview.redd.it/nRqoXZC1MyQxn79fXEA7FHTcAa1XaHUChXT8n8KIw2k.png?width=320&amp;crop=smart&amp;format=pjpg&amp;auto=webp&amp;s=ade5b963d8433552dd03dd028f1ff4e3bb9896bc"
      }
    },
    "2022_05_08_en_reddit_reddit__r--nextfuckinglevel--comments--ukxv0d--this_amazing_camouflage_art": {
      "id": "2022_05_08_en_reddit_reddit__r--nextfuckinglevel--comments--ukxv0d--this_amazing_camouflage_art",
      "url": "https://old.reddit.com/r/nextfuckinglevel/comments/ukxv0d/this_amazing_camouflage_art/",
      "date_published": "2022-05-08T22:49:35.000Z",
      "date_modified": "2022-05-08T22:49:35.000Z",
      "_original_published": "2022-05-08T09:09:49.000Z",
      "_original_language": "en",
      "_translations": {
        "en": {
          "title": "This amazing camouflage art"
        },
        "ja": {
          "title": "この素晴らしいカモフラージュ・アート"
        },
        "zh-Hans": {
          "title": "这种惊人的迷彩艺术"
        },
        "zh-Hant": {
          "title": "這種驚人的迷彩藝術"
        }
      },
      "tags": [
        "nextfuckinglevel"
      ],
      "authors": [
        {
          "name": "Swerwin",
          "url": "https://old.reddit.com/user/Swerwin"
        }
      ],
      "_links": [
        {
          "url": "https://old.reddit.com/r/nextfuckinglevel/comments/ukxv0d/this_amazing_camouflage_art/",
          "name": "&uarr;75087 votes"
        }
      ],
      "image": "https://external-preview.redd.it/4E0eXDXsrcgNBvONkzu6vgpWSauHMhsEcJtYIe7_8Vo.png?width=320&amp;crop=smart&amp;format=pjpg&amp;auto=webp&amp;s=fff5ec784dab1cc3ed71081226f84a4e7db68596",
      "_video": {
        "sources": [
          {
            "url": "https://v.redd.it/jt4svovkx7y81/DASH_720.mp4?source=fallback"
          }
        ],
        "width": 405,
        "height": 720,
        "poster": "https://external-preview.redd.it/4E0eXDXsrcgNBvONkzu6vgpWSauHMhsEcJtYIe7_8Vo.png?width=320&amp;crop=smart&amp;format=pjpg&amp;auto=webp&amp;s=fff5ec784dab1cc3ed71081226f84a4e7db68596"
      }
    },
    "2022_04_04_en_reddit_reddit__r--nextfuckinglevel--comments--twcyl8--meteorologist_interrupts_live_broadcast_to_warn": {
      "id": "2022_04_04_en_reddit_reddit__r--nextfuckinglevel--comments--twcyl8--meteorologist_interrupts_live_broadcast_to_warn",
      "url": "https://old.reddit.com/r/nextfuckinglevel/comments/twcyl8/meteorologist_interrupts_live_broadcast_to_warn/",
      "date_published": "2022-04-05T04:22:39.000Z",
      "date_modified": "2022-04-05T04:22:39.000Z",
      "_original_published": "2022-04-04T21:01:25.000Z",
      "_original_language": "en",
      "_translations": {
        "en": {
          "title": "Meteorologist interrupts live broadcast to warn his kids about a tornado."
        },
        "ja": {
          "title": "気象予報士が生放送を中断し、子供に竜巻を警告。"
        },
        "zh-Hans": {
          "title": "气象学家中断直播，警告他的孩子们有龙卷风。"
        },
        "zh-Hant": {
          "title": "氣象學家中斷直播，警告他的孩子們有龍捲風。"
        }
      },
      "tags": [
        "nextfuckinglevel"
      ],
      "authors": [
        {
          "name": "TendouPain",
          "url": "https://old.reddit.com/user/TendouPain"
        }
      ],
      "_links": [
        {
          "url": "https://old.reddit.com/r/nextfuckinglevel/comments/twcyl8/meteorologist_interrupts_live_broadcast_to_warn/",
          "name": "&uarr;82032 votes"
        }
      ],
      "image": "https://external-preview.redd.it/IH_UENuqtgq_8TcNJUvm4MN_NHuf7Qidsc-Qd9SmQyY.png?width=640&amp;crop=smart&amp;format=pjpg&amp;auto=webp&amp;s=b5e7aa41f6066527cb335eeed8c78f4a0e306aec",
      "_video": {
        "sources": [
          {
            "url": "https://v.redd.it/lexjnnxitkr81/DASH_1080.mp4?source=fallback"
          }
        ],
        "width": 607,
        "height": 1080,
        "poster": "https://external-preview.redd.it/IH_UENuqtgq_8TcNJUvm4MN_NHuf7Qidsc-Qd9SmQyY.png?width=640&amp;crop=smart&amp;format=pjpg&amp;auto=webp&amp;s=b5e7aa41f6066527cb335eeed8c78f4a0e306aec"
      }
    },
    "2022_02_24_en_reddit_reddit__r--nextfuckinglevel--comments--t0mdqy--turkish_fans_chanting_against_putin": {
      "id": "2022_02_24_en_reddit_reddit__r--nextfuckinglevel--comments--t0mdqy--turkish_fans_chanting_against_putin",
      "url": "https://old.reddit.com/r/nextfuckinglevel/comments/t0mdqy/turkish_fans_chanting_against_putin/",
      "date_published": "2022-02-25T12:12:42.000Z",
      "date_modified": "2022-02-25T12:12:42.000Z",
      "_original_published": "2022-02-24T21:48:53.000Z",
      "_original_language": "en",
      "_translations": {
        "en": {
          "title": "Turkish fans chanting against Putin"
        },
        "ja": {
          "title": "プーチン大統領に反対するトルコのファン"
        },
        "zh-Hans": {
          "title": "土耳其球迷高呼反对普京"
        },
        "zh-Hant": {
          "title": "土耳其球迷高呼反對普京"
        }
      },
      "tags": [
        "nextfuckinglevel"
      ],
      "authors": [
        {
          "name": "theironman46",
          "url": "https://old.reddit.com/user/theironman46"
        }
      ],
      "_links": [
        {
          "url": "https://old.reddit.com/r/nextfuckinglevel/comments/t0mdqy/turkish_fans_chanting_against_putin/",
          "name": "&uarr;90898 votes"
        }
      ],
      "image": "https://external-preview.redd.it/h5PfKlsBrDxsyxkyKvDxn3eXXT3aCXX1xino_A3qiHg.png?width=640&amp;crop=smart&amp;format=pjpg&amp;auto=webp&amp;s=121dc284a2eb7118fce1d9dd890cf43e8485f264",
      "_video": {
        "sources": [
          {
            "url": "https://v.redd.it/hbu42bjdquj81/DASH_480.mp4?source=fallback"
          }
        ],
        "width": 854,
        "height": 480,
        "poster": "https://external-preview.redd.it/h5PfKlsBrDxsyxkyKvDxn3eXXT3aCXX1xino_A3qiHg.png?width=640&amp;crop=smart&amp;format=pjpg&amp;auto=webp&amp;s=121dc284a2eb7118fce1d9dd890cf43e8485f264"
      }
    },
    "2022_02_07_en_reddit_reddit__r--nextfuckinglevel--comments--smh9zl--filmed_with_a_droneall_in_one_take": {
      "id": "2022_02_07_en_reddit_reddit__r--nextfuckinglevel--comments--smh9zl--filmed_with_a_droneall_in_one_take",
      "url": "https://old.reddit.com/r/nextfuckinglevel/comments/smh9zl/filmed_with_a_droneall_in_one_take/",
      "date_published": "2022-02-08T02:48:08.000Z",
      "date_modified": "2022-02-08T02:48:08.000Z",
      "_original_published": "2022-02-07T04:34:26.000Z",
      "_original_language": "en",
      "_translations": {
        "en": {
          "title": "Filmed with a drone.....all in one take"
        },
        "ja": {
          "title": "ドローンで撮影......オールインワンテイク"
        },
        "zh-Hans": {
          "title": "用无人机拍摄的.....，全部为一次拍摄。"
        },
        "zh-Hant": {
          "title": "用無人機拍攝的.....，全部爲一次拍攝。"
        }
      },
      "tags": [
        "nextfuckinglevel"
      ],
      "authors": [
        {
          "name": "CastelPlage",
          "url": "https://old.reddit.com/user/CastelPlage"
        }
      ],
      "_links": [
        {
          "url": "https://old.reddit.com/r/nextfuckinglevel/comments/smh9zl/filmed_with_a_droneall_in_one_take/",
          "name": "&uarr;75011 votes"
        }
      ],
      "image": "https://external-preview.redd.it/sDwv4lri_6mhTGhfeGsH1eADZ7CCO_twBiUcJNtD374.png?width=1080&amp;crop=smart&amp;format=pjpg&amp;auto=webp&amp;s=d78e85e5343ca959ffd33f08d21d8a23ab0c9120",
      "_video": {
        "sources": [
          {
            "url": "https://v.redd.it/fc87fslz4cg81/DASH_720.mp4?source=fallback"
          }
        ],
        "width": 1280,
        "height": 720,
        "poster": "https://external-preview.redd.it/sDwv4lri_6mhTGhfeGsH1eADZ7CCO_twBiUcJNtD374.png?width=1080&amp;crop=smart&amp;format=pjpg&amp;auto=webp&amp;s=d78e85e5343ca959ffd33f08d21d8a23ab0c9120"
      }
    },
    "2022_02_01_en_reddit_reddit__r--nextfuckinglevel--comments--shxplc--a_guy_from_sweden_dolph_lundgren_earned_a_masters": {
      "id": "2022_02_01_en_reddit_reddit__r--nextfuckinglevel--comments--shxplc--a_guy_from_sweden_dolph_lundgren_earned_a_masters",
      "url": "https://old.reddit.com/r/nextfuckinglevel/comments/shxplc/a_guy_from_sweden_dolph_lundgren_earned_a_masters/",
      "date_published": "2022-02-01T23:07:48.000Z",
      "date_modified": "2022-02-01T23:07:48.000Z",
      "_original_published": "2022-02-01T15:32:40.000Z",
      "_original_language": "en",
      "_translations": {
        "en": {
          "title": "A guy from Sweden, Dolph Lundgren earned a masters degree in chemical engineering, won a Fulbright Scholarship to MIT and holds the 4th rank black belt in Kyokushin karate, all before putting Stallone in the ICU trying to make Rocky look more realistic"
        },
        "ja": {
          "title": "スウェーデン出身のドルフ・ラングレンは、化学工学の修士号を取得し、フルブライト奨学金を得てMITに留学、極真空手の黒帯4段の腕前を持っています。"
        },
        "zh-Hans": {
          "title": "来自瑞典的多尔夫-朗格伦获得了化学工程硕士学位，赢得了麻省理工学院的富布赖特奖学金，并拥有京津空手道黑带第四级，所有这些都是在把史泰龙送进ICU试图使洛奇看起来更逼真之前。"
        },
        "zh-Hant": {
          "title": "來自瑞典的多爾夫-朗格倫獲得了化學工程碩士學位，贏得了麻省理工學院的富布賴特獎學金，並擁有京津空手道黑帶第四級，所有這些都是在把史泰龍送進ICU試圖使洛奇看起來更逼真之前。"
        }
      },
      "tags": [
        "nextfuckinglevel"
      ],
      "authors": [
        {
          "name": "ricboman",
          "url": "https://old.reddit.com/user/ricboman"
        }
      ],
      "_links": [
        {
          "url": "https://old.reddit.com/r/nextfuckinglevel/comments/shxplc/a_guy_from_sweden_dolph_lundgren_earned_a_masters/",
          "name": "&uarr;76378 votes"
        }
      ],
      "image": "https://external-preview.redd.it/zy1d6KzOv808uTkb2lqJCnQAxlUd0-pGY8ML8oaLM6k.png?width=640&amp;crop=smart&amp;format=pjpg&amp;auto=webp&amp;s=38610620163193ba30b2287dc9bcf254902f4fd7",
      "_video": {
        "sources": [
          {
            "url": "https://v.redd.it/sb0twtcgp8f81/DASH_480.mp4?source=fallback"
          }
        ],
        "width": 640,
        "height": 480,
        "poster": "https://external-preview.redd.it/zy1d6KzOv808uTkb2lqJCnQAxlUd0-pGY8ML8oaLM6k.png?width=640&amp;crop=smart&amp;format=pjpg&amp;auto=webp&amp;s=38610620163193ba30b2287dc9bcf254902f4fd7"
      }
    },
    "2021_11_24_en_reddit_reddit__r--nextfuckinglevel--comments--r0trhj--aye_captain_salute": {
      "id": "2021_11_24_en_reddit_reddit__r--nextfuckinglevel--comments--r0trhj--aye_captain_salute",
      "url": "https://old.reddit.com/r/nextfuckinglevel/comments/r0trhj/aye_captain_salute/",
      "date_published": "2021-11-24T19:20:50.000Z",
      "date_modified": "2021-11-24T19:20:50.000Z",
      "_original_published": "2021-11-24T02:15:38.000Z",
      "_original_language": "en",
      "_translations": {
        "en": {
          "title": "Aye, Captain, \" salute \""
        },
        "ja": {
          "title": "Aye, Captain, \" salute \""
        },
        "zh-Hans": {
          "title": "是的，船长，\"敬礼\""
        },
        "zh-Hant": {
          "title": "是的，船長，\"敬禮\""
        }
      },
      "tags": [
        "nextfuckinglevel"
      ],
      "authors": [
        {
          "name": "Hanyul95",
          "url": "https://old.reddit.com/user/Hanyul95"
        }
      ],
      "_links": [
        {
          "url": "https://old.reddit.com/r/nextfuckinglevel/comments/r0trhj/aye_captain_salute/",
          "name": "&uarr;75223 votes"
        }
      ],
      "image": "https://external-preview.redd.it/gAgvsCVmjUP9niiA8eCIUCl8bV9Qnbq09QPWfnVr5Qk.png?width=320&crop=smart&format=pjpg&auto=webp&s=28e297b31eecfdc917b1afe2c891cd16fba33e95",
      "_video": {
        "sources": [
          {
            "url": "https://v.redd.it/kevx61w7dg181/DASH_720.mp4?source=fallback"
          }
        ],
        "width": 404,
        "height": 720,
        "poster": "https://external-preview.redd.it/gAgvsCVmjUP9niiA8eCIUCl8bV9Qnbq09QPWfnVr5Qk.png?width=320&crop=smart&format=pjpg&auto=webp&s=28e297b31eecfdc917b1afe2c891cd16fba33e95"
      }
    },
    "2021_11_22_en_reddit_reddit__r--nextfuckinglevel--comments--qzog5t--how_to_cheer_up_someone_whos_had_a_rough_day": {
      "id": "2021_11_22_en_reddit_reddit__r--nextfuckinglevel--comments--qzog5t--how_to_cheer_up_someone_whos_had_a_rough_day",
      "url": "https://old.reddit.com/r/nextfuckinglevel/comments/qzog5t/how_to_cheer_up_someone_whos_had_a_rough_day/",
      "date_published": "2021-11-23T11:32:28.000Z",
      "date_modified": "2021-11-23T11:32:28.000Z",
      "_original_published": "2021-11-22T15:50:35.000Z",
      "_original_language": "en",
      "_translations": {
        "en": {
          "title": "How to cheer up someone who’s had a rough day"
        },
        "ja": {
          "title": "辛いことがあった人を元気づけるには"
        },
        "zh-Hans": {
          "title": "如何让过得不开心的人高兴起来"
        },
        "zh-Hant": {
          "title": "如何讓過得不開心的人高興起來"
        }
      },
      "tags": [
        "nextfuckinglevel"
      ],
      "authors": [
        {
          "name": "No_Judgment_59",
          "url": "https://old.reddit.com/user/No_Judgment_59"
        }
      ],
      "_links": [
        {
          "url": "https://old.reddit.com/r/nextfuckinglevel/comments/qzog5t/how_to_cheer_up_someone_whos_had_a_rough_day/",
          "name": "&uarr;75145 votes"
        }
      ],
      "image": "https://external-preview.redd.it/8T7a_NW9tg9-vCHjO4DuNeET9KUDY-yje9Qg7ODD3V4.png?width=320&crop=smart&format=pjpg&auto=webp&s=fc2cacd9bbf0c5ebdf5cc72dd6ef7c596b0b7e47",
      "_video": {
        "sources": [
          {
            "url": "https://v.redd.it/27wmqypn26181/DASH_720.mp4?source=fallback"
          }
        ],
        "width": 518,
        "height": 720,
        "poster": "https://external-preview.redd.it/8T7a_NW9tg9-vCHjO4DuNeET9KUDY-yje9Qg7ODD3V4.png?width=320&crop=smart&format=pjpg&auto=webp&s=fc2cacd9bbf0c5ebdf5cc72dd6ef7c596b0b7e47"
      }
    },
    "2021_11_20_en_reddit_reddit__r--nextfuckinglevel--comments--qyar33--professional_chess_streamer_andrea_botez_defeated": {
      "id": "2021_11_20_en_reddit_reddit__r--nextfuckinglevel--comments--qyar33--professional_chess_streamer_andrea_botez_defeated",
      "url": "https://old.reddit.com/r/nextfuckinglevel/comments/qyar33/professional_chess_streamer_andrea_botez_defeated/",
      "date_published": "2021-11-21T10:34:18.000Z",
      "date_modified": "2021-11-21T10:34:18.000Z",
      "_original_published": "2021-11-20T17:48:25.000Z",
      "_original_language": "en",
      "_translations": {
        "en": {
          "title": "Professional Chess streamer Andrea Botez defeated by a nine-year old boy."
        },
        "ja": {
          "title": "プロのチェス配信者Andrea Botez氏が9歳の少年に敗北。"
        },
        "zh-Hans": {
          "title": "职业国际象棋流传者安德里亚-博茨被一个九岁的男孩打败。"
        },
        "zh-Hant": {
          "title": "職業國際象棋流傳者安德里亞-博茨被一個九歲的男孩打敗。"
        }
      },
      "tags": [
        "nextfuckinglevel"
      ],
      "authors": [
        {
          "name": "vincethewillnill",
          "url": "https://old.reddit.com/user/vincethewillnill"
        }
      ],
      "_links": [
        {
          "url": "https://old.reddit.com/r/nextfuckinglevel/comments/qyar33/professional_chess_streamer_andrea_botez_defeated/",
          "name": "&uarr;75207 votes"
        }
      ],
      "image": "https://external-preview.redd.it/Z51bzxAdXE9X8P9Ah4GLY3COL5CRiCDYBhdz1c3lCj8.png?width=1080&crop=smart&format=pjpg&auto=webp&s=da326f06000910bde704d6d6939799f0f8fa8aab",
      "_video": {
        "sources": [
          {
            "url": "https://v.redd.it/qon3tpuxfs081/DASH_720.mp4?source=fallback"
          }
        ],
        "width": 1280,
        "height": 720,
        "poster": "https://external-preview.redd.it/Z51bzxAdXE9X8P9Ah4GLY3COL5CRiCDYBhdz1c3lCj8.png?width=1080&crop=smart&format=pjpg&auto=webp&s=da326f06000910bde704d6d6939799f0f8fa8aab"
      }
    },
    "2021_11_10_en_reddit_reddit__r--nextfuckinglevel--comments--qr33g5--an_encounter_of_two_man_of_the_same_culture": {
      "id": "2021_11_10_en_reddit_reddit__r--nextfuckinglevel--comments--qr33g5--an_encounter_of_two_man_of_the_same_culture",
      "url": "https://old.reddit.com/r/nextfuckinglevel/comments/qr33g5/an_encounter_of_two_man_of_the_same_culture/",
      "date_published": "2021-11-11T02:46:26.000Z",
      "date_modified": "2021-11-11T02:46:26.000Z",
      "_original_published": "2021-11-10T20:14:40.000Z",
      "_original_language": "en",
      "_translations": {
        "en": {
          "title": "An encounter of two man of the same culture"
        },
        "ja": {
          "title": "同じ文化を持つ二人の男の出会い"
        },
        "zh-Hans": {
          "title": "两个相同文化的人的相遇"
        },
        "zh-Hant": {
          "title": "兩個相同文化的人的相遇"
        }
      },
      "tags": [
        "nextfuckinglevel"
      ],
      "authors": [
        {
          "name": "JessiaCarnes",
          "url": "https://old.reddit.com/user/JessiaCarnes"
        }
      ],
      "_links": [
        {
          "url": "https://old.reddit.com/r/nextfuckinglevel/comments/qr33g5/an_encounter_of_two_man_of_the_same_culture/",
          "name": "&uarr;79950 votes"
        }
      ],
      "image": "https://external-preview.redd.it/eQpxL2wJNPB86VSYAQpHzdzOlsNVNpKB8_I89rr0wAM.png?width=320&crop=smart&format=pjpg&auto=webp&s=6c7c129cf924f1e749c7c6d1f4c64a386a1581ab",
      "_video": {
        "sources": [
          {
            "url": "https://v.redd.it/wpusna3zsty71/DASH_720.mp4?source=fallback"
          }
        ],
        "width": 576,
        "height": 720,
        "poster": "https://external-preview.redd.it/eQpxL2wJNPB86VSYAQpHzdzOlsNVNpKB8_I89rr0wAM.png?width=320&crop=smart&format=pjpg&auto=webp&s=6c7c129cf924f1e749c7c6d1f4c64a386a1581ab"
      }
    },
    "2021_10_13_en_reddit_reddit__r--nextfuckinglevel--comments--q73uax--high_schooler_rickrolled_entire_school_by_hacking": {
      "id": "2021_10_13_en_reddit_reddit__r--nextfuckinglevel--comments--q73uax--high_schooler_rickrolled_entire_school_by_hacking",
      "url": "https://old.reddit.com/r/nextfuckinglevel/comments/q73uax/high_schooler_rickrolled_entire_school_by_hacking/",
      "date_published": "2021-10-13T14:21:09.000Z",
      "date_modified": "2021-10-13T14:21:09.000Z",
      "_original_published": "2021-10-13T04:50:30.000Z",
      "_original_language": "en",
      "_translations": {
        "en": {
          "title": "High schooler rickrolled entire school by hacking into IoT system"
        },
        "ja": {
          "title": "高校生がIoTシステムをハッキングして学校全体を荒らした"
        },
        "zh-Hans": {
          "title": "高中生通过黑进物联网系统，使整个学校陷入困境"
        },
        "zh-Hant": {
          "title": "高中生通過黑進物聯網系統，使整個學校陷入困境"
        }
      },
      "tags": [
        "nextfuckinglevel"
      ],
      "authors": [
        {
          "name": "Merz_Nation",
          "url": "https://old.reddit.com/user/Merz_Nation"
        }
      ],
      "_links": [
        {
          "url": "https://old.reddit.com/r/nextfuckinglevel/comments/q73uax/high_schooler_rickrolled_entire_school_by_hacking/",
          "name": "&uarr;76332 votes"
        }
      ],
      "image": "https://external-preview.redd.it/kH6V2gDZuxdxrEGtBl1Wv400kY8nbGinBfBG1EJQVVA.png?width=320&crop=smart&format=pjpg&auto=webp&s=b9b9869921762691d5fed703572fceae21866c76",
      "_video": {
        "sources": [
          {
            "url": "https://v.redd.it/akp3duvce5t71/DASH_1080.mp4?source=fallback"
          }
        ],
        "width": 608,
        "height": 1080,
        "poster": "https://external-preview.redd.it/kH6V2gDZuxdxrEGtBl1Wv400kY8nbGinBfBG1EJQVVA.png?width=320&crop=smart&format=pjpg&auto=webp&s=b9b9869921762691d5fed703572fceae21866c76"
      }
    },
    "2021_10_03_en_reddit_reddit__r--nextfuckinglevel--comments--q0fhe4--epic_crowd_before_green_day_took_to_stage_hyde": {
      "id": "2021_10_03_en_reddit_reddit__r--nextfuckinglevel--comments--q0fhe4--epic_crowd_before_green_day_took_to_stage_hyde",
      "url": "https://old.reddit.com/r/nextfuckinglevel/comments/q0fhe4/epic_crowd_before_green_day_took_to_stage_hyde/",
      "date_published": "2021-10-03T17:42:32.000Z",
      "date_modified": "2021-10-03T17:42:32.000Z",
      "_original_published": "2021-10-03T10:50:17.000Z",
      "_original_language": "en",
      "_translations": {
        "en": {
          "title": "Epic crowd before Green Day took to stage, Hyde Park 2017."
        },
        "ja": {
          "title": "グリーン・デイがステージに上がる前の壮大な群衆（2017年ハイド・パーク"
        },
        "zh-Hans": {
          "title": "绿日乐队上台前的史诗般的人群，海德公园2017。"
        },
        "zh-Hant": {
          "title": "綠日樂隊上臺前的史詩般的人羣，海德公園2017。"
        }
      },
      "tags": [
        "nextfuckinglevel"
      ],
      "authors": [
        {
          "name": "Square-Enit",
          "url": "https://old.reddit.com/user/Square-Enit"
        }
      ],
      "_links": [
        {
          "url": "https://old.reddit.com/r/nextfuckinglevel/comments/q0fhe4/epic_crowd_before_green_day_took_to_stage_hyde/",
          "name": "&uarr;76802 votes"
        }
      ],
      "image": "https://external-preview.redd.it/n5gotJMdUQ1x07E-ury5MXaOb1iHpUso5j6bGNXVFvY.png?width=640&crop=smart&format=pjpg&auto=webp&s=fb38d2cba2067512b04e7f367a6178425fdb7caa",
      "_video": {
        "sources": [
          {
            "url": "https://v.redd.it/wc73wejat7r71/DASH_480.mp4?source=fallback"
          }
        ],
        "width": 480,
        "height": 480,
        "poster": "https://external-preview.redd.it/n5gotJMdUQ1x07E-ury5MXaOb1iHpUso5j6bGNXVFvY.png?width=640&crop=smart&format=pjpg&auto=webp&s=fb38d2cba2067512b04e7f367a6178425fdb7caa"
      }
    },
    "2021_10_02_en_reddit_reddit__r--nextfuckinglevel--comments--pzye3r--guy_jumps_through_window_of_moving_car_and_saves": {
      "id": "2021_10_02_en_reddit_reddit__r--nextfuckinglevel--comments--pzye3r--guy_jumps_through_window_of_moving_car_and_saves",
      "url": "https://old.reddit.com/r/nextfuckinglevel/comments/pzye3r/guy_jumps_through_window_of_moving_car_and_saves/",
      "date_published": "2021-10-03T11:19:01.000Z",
      "date_modified": "2021-10-03T11:19:01.000Z",
      "_original_published": "2021-10-02T16:27:26.000Z",
      "_original_language": "en",
      "_translations": {
        "en": {
          "title": "Guy jumps through window of moving car and saves it from crashing"
        },
        "ja": {
          "title": "走行中の車の窓から飛び降りて、事故から救った男"
        },
        "zh-Hans": {
          "title": "驾车的人跳过行驶中的车窗，使车免于坠毁"
        },
        "zh-Hant": {
          "title": "駕車的人跳過行駛中的車窗，使車免於墜毀"
        }
      },
      "tags": [
        "nextfuckinglevel"
      ],
      "authors": [
        {
          "name": "solateor",
          "url": "https://old.reddit.com/user/solateor"
        }
      ],
      "_links": [
        {
          "url": "https://old.reddit.com/r/nextfuckinglevel/comments/pzye3r/guy_jumps_through_window_of_moving_car_and_saves/",
          "name": "&uarr;75162 votes"
        }
      ],
      "image": "https://external-preview.redd.it/hnPr3lmNt1Q_6nRKnT3jbxX2WYozDt0gZEw4lWKexpE.jpg?width=320&crop=smart&auto=webp&s=e5f4a98776f207b9e4d44099e1a27d4dee16d125",
      "_video": {
        "sources": [
          {
            "url": "https://v.redd.it/s8qvd6oyc2r71/DASH_360.mp4"
          }
        ],
        "width": 640,
        "height": 360,
        "poster": "https://external-preview.redd.it/hnPr3lmNt1Q_6nRKnT3jbxX2WYozDt0gZEw4lWKexpE.jpg?width=320&crop=smart&auto=webp&s=e5f4a98776f207b9e4d44099e1a27d4dee16d125"
      }
    },
    "2021_09_26_en_reddit_reddit__r--nextfuckinglevel--comments--pvoiyv--yupthis_is_a_game_called_ride_4_on_ps5_not_real": {
      "id": "2021_09_26_en_reddit_reddit__r--nextfuckinglevel--comments--pvoiyv--yupthis_is_a_game_called_ride_4_on_ps5_not_real",
      "url": "https://old.reddit.com/r/nextfuckinglevel/comments/pvoiyv/yupthis_is_a_game_called_ride_4_on_ps5_not_real/",
      "date_published": "2021-09-26T17:22:18.000Z",
      "date_modified": "2021-09-26T17:22:18.000Z",
      "_original_published": "2021-09-26T06:41:39.000Z",
      "_original_language": "en",
      "_translations": {
        "en": {
          "title": "Yup...this is a game called Ride 4 on PS5 not real life."
        },
        "ja": {
          "title": "うん...これは現実ではなくPS5のライド4というゲームです。"
        },
        "zh-Hans": {
          "title": "是的......这是在PS5上的一个叫Ride 4的游戏，而不是现实生活。"
        },
        "zh-Hant": {
          "title": "是的......這是在PS5上的一個叫Ride 4的遊戲，而不是現實生活。"
        }
      },
      "tags": [
        "nextfuckinglevel"
      ],
      "authors": [
        {
          "name": "Maglam91",
          "url": "https://old.reddit.com/user/Maglam91"
        }
      ],
      "_links": [
        {
          "url": "https://old.reddit.com/r/nextfuckinglevel/comments/pvoiyv/yupthis_is_a_game_called_ride_4_on_ps5_not_real/",
          "name": "&uarr;76374 votes"
        }
      ],
      "image": "https://external-preview.redd.it/Asn2-ztWgle2Dg7nem3VLpyiB3hvKhVcrter0uzjJz8.png?width=640&crop=smart&format=pjpg&auto=webp&s=a3d5178283ea51596a07b487e555da58664beae5",
      "_video": {
        "sources": [
          {
            "url": "https://v.redd.it/6vbk85clmsp71/DASH_240.mp4?source=fallback"
          }
        ],
        "width": 426,
        "height": 234,
        "poster": "https://external-preview.redd.it/Asn2-ztWgle2Dg7nem3VLpyiB3hvKhVcrter0uzjJz8.png?width=640&crop=smart&format=pjpg&auto=webp&s=a3d5178283ea51596a07b487e555da58664beae5"
      }
    },
    "2021_09_21_en_reddit_reddit__r--nextfuckinglevel--comments--psfnff--guy_running_away_from_police": {
      "id": "2021_09_21_en_reddit_reddit__r--nextfuckinglevel--comments--psfnff--guy_running_away_from_police",
      "url": "https://old.reddit.com/r/nextfuckinglevel/comments/psfnff/guy_running_away_from_police/",
      "date_published": "2021-09-22T01:14:45.000Z",
      "date_modified": "2021-09-22T01:14:45.000Z",
      "_original_published": "2021-09-21T10:00:10.000Z",
      "_original_language": "en",
      "_translations": {
        "en": {
          "title": "Guy running away from police"
        },
        "ja": {
          "title": "警察から逃げる男"
        },
        "zh-Hans": {
          "title": "逃离警察的人"
        },
        "zh-Hant": {
          "title": "逃離警察的人"
        }
      },
      "tags": [
        "nextfuckinglevel"
      ],
      "authors": [
        {
          "name": "No_December4277",
          "url": "https://old.reddit.com/user/No_December4277"
        }
      ],
      "_links": [
        {
          "url": "https://old.reddit.com/r/nextfuckinglevel/comments/psfnff/guy_running_away_from_police/",
          "name": "&uarr;76621 votes"
        }
      ],
      "image": "https://external-preview.redd.it/mFASxNJ6Q6_DABP31Y7iEekzFgEI7D_xBBh7kM7RuJY.png?width=320&crop=smart&format=pjpg&auto=webp&s=2ba11453c3880af5981693903a91de6b2350cba1",
      "_video": {
        "sources": [
          {
            "url": "https://v.redd.it/qnac3hiqxto71/DASH_480.mp4?source=fallback"
          }
        ],
        "width": 480,
        "height": 480,
        "poster": "https://external-preview.redd.it/mFASxNJ6Q6_DABP31Y7iEekzFgEI7D_xBBh7kM7RuJY.png?width=320&crop=smart&format=pjpg&auto=webp&s=2ba11453c3880af5981693903a91de6b2350cba1"
      }
    },
    "2021_09_21_en_reddit_reddit__r--nextfuckinglevel--comments--pshkzh--in_the_2016_olympics_flavia_oliveria_ended_the": {
      "id": "2021_09_21_en_reddit_reddit__r--nextfuckinglevel--comments--pshkzh--in_the_2016_olympics_flavia_oliveria_ended_the",
      "url": "https://old.reddit.com/r/nextfuckinglevel/comments/pshkzh/in_the_2016_olympics_flavia_oliveria_ended_the/",
      "date_published": "2021-09-21T22:42:20.000Z",
      "date_modified": "2021-09-21T22:42:20.000Z",
      "_original_published": "2021-09-21T12:20:24.000Z",
      "_original_language": "en",
      "_translations": {
        "en": {
          "title": "In the 2016 olympics, Flavia Oliveria ended the cycling race in 7th place. Even though that's the best placing that Brazil ever got, almost no one, not even from the Brazilian Cycling Confederation, appeared to celebrate the result with her... and then her cousin showed up."
        },
        "ja": {
          "title": "2016年のオリンピックで、フラビア・オリヴェリアは自転車レースを7位で終えました。それはブラジルが獲得した最高の順位であるにもかかわらず、ブラジル自転車競技連盟からさえも、ほとんど誰も彼女と一緒に結果を祝うために現れませんでした...そして、彼女のいとこが現れました。"
        },
        "zh-Hans": {
          "title": "在2016年奥运会上，弗拉维亚-奥利维拉以第7名的成绩结束了自行车比赛。尽管这是巴西有史以来得到的最好名次，但几乎没有人，甚至没有来自巴西自行车联合会的人出现，与她一起庆祝这一结果......然后她的表妹出现了。"
        },
        "zh-Hant": {
          "title": "在2016年奧運會上，弗拉維亞-奧利維拉以第7名的成績結束了自行車比賽。儘管這是巴西有史以來得到的最好名次，但幾乎沒有人，甚至沒有來自巴西自行車聯合會的人出現，與她一起慶祝這一結果......然後她的表妹出現了。"
        }
      },
      "tags": [
        "nextfuckinglevel"
      ],
      "authors": [
        {
          "name": "YodaCopperfield",
          "url": "https://old.reddit.com/user/YodaCopperfield"
        }
      ],
      "_links": [
        {
          "url": "https://old.reddit.com/r/nextfuckinglevel/comments/pshkzh/in_the_2016_olympics_flavia_oliveria_ended_the/",
          "name": "&uarr;75310 votes"
        }
      ],
      "image": "https://external-preview.redd.it/pDFwZ7CWnI6TifBzYmTIx32oKndiStaepTUtCMBA6QM.png?width=320&crop=smart&format=pjpg&auto=webp&s=9bf431d7484596a9b5bf77526463c788e74a32f4",
      "_video": {
        "sources": [
          {
            "url": "https://v.redd.it/7eo1rfxsmuo71/DASH_240.mp4?source=fallback"
          }
        ],
        "width": 400,
        "height": 222,
        "poster": "https://external-preview.redd.it/pDFwZ7CWnI6TifBzYmTIx32oKndiStaepTUtCMBA6QM.png?width=320&crop=smart&format=pjpg&auto=webp&s=9bf431d7484596a9b5bf77526463c788e74a32f4"
      }
    },
    "2021_09_19_en_reddit_reddit__r--nextfuckinglevel--comments--pr50i6--bulb_changing_on_2000ft_tower": {
      "id": "2021_09_19_en_reddit_reddit__r--nextfuckinglevel--comments--pr50i6--bulb_changing_on_2000ft_tower",
      "url": "https://old.reddit.com/r/nextfuckinglevel/comments/pr50i6/bulb_changing_on_2000ft_tower/",
      "date_published": "2021-09-19T22:12:22.000Z",
      "date_modified": "2021-09-19T22:12:22.000Z",
      "_original_published": "2021-09-19T09:49:02.000Z",
      "_original_language": "en",
      "_translations": {
        "en": {
          "title": "Bulb changing on 2000ft tower"
        },
        "ja": {
          "title": "2000フィートのタワーでの電球交換"
        },
        "zh-Hans": {
          "title": "2000英尺高塔上的灯泡更换"
        },
        "zh-Hant": {
          "title": "2000英尺高塔上的燈泡更換"
        }
      },
      "tags": [
        "nextfuckinglevel"
      ],
      "authors": [
        {
          "name": "justlikesomebody",
          "url": "https://old.reddit.com/user/justlikesomebody"
        }
      ],
      "_links": [
        {
          "url": "https://old.reddit.com/r/nextfuckinglevel/comments/pr50i6/bulb_changing_on_2000ft_tower/",
          "name": "&uarr;75633 votes"
        }
      ],
      "image": "https://external-preview.redd.it/dSDYb1xb4La1ECua4XZEv49TAwmhv5YoHTxj0_lCB8o.png?width=1080&crop=smart&format=pjpg&auto=webp&s=458ba417a66a921fb5489e96fa9a334aeb3d2508",
      "_video": {
        "sources": [
          {
            "url": "https://v.redd.it/vcymfmmqlfo71/DASH_720.mp4?source=fallback"
          }
        ],
        "width": 1280,
        "height": 720,
        "poster": "https://external-preview.redd.it/dSDYb1xb4La1ECua4XZEv49TAwmhv5YoHTxj0_lCB8o.png?width=1080&crop=smart&format=pjpg&auto=webp&s=458ba417a66a921fb5489e96fa9a334aeb3d2508"
      }
    },
    "2021_09_05_en_reddit_reddit__r--nextfuckinglevel--comments--pib1o7--quick_think_stranger_save_a_girl_bikers_with_a": {
      "id": "2021_09_05_en_reddit_reddit__r--nextfuckinglevel--comments--pib1o7--quick_think_stranger_save_a_girl_bikers_with_a",
      "url": "https://old.reddit.com/r/nextfuckinglevel/comments/pib1o7/quick_think_stranger_save_a_girl_bikers_with_a/",
      "date_published": "2021-09-05T18:44:05.000Z",
      "date_modified": "2021-09-05T18:44:05.000Z",
      "_original_published": "2021-09-05T10:57:36.000Z",
      "_original_language": "en",
      "_translations": {
        "en": {
          "title": "Quick think Stranger save a girl bikers with a great reflexes incoming car"
        },
        "ja": {
          "title": "クイックシンクストレンジャーは素晴らしい反射神経で女の子のバイカーを保存し、車が入ってくる"
        },
        "zh-Hans": {
          "title": "快速思考 陌生人保存一个女孩骑自行车的伟大反射来的汽车"
        },
        "zh-Hant": {
          "title": "快速思考 陌生人保存一個女孩騎自行車的偉大反射來的汽車"
        }
      },
      "tags": [
        "nextfuckinglevel"
      ],
      "authors": [
        {
          "name": "Gullible_Biscotti128",
          "url": "https://old.reddit.com/user/Gullible_Biscotti128"
        }
      ],
      "_links": [
        {
          "url": "https://old.reddit.com/r/nextfuckinglevel/comments/pib1o7/quick_think_stranger_save_a_girl_bikers_with_a/",
          "name": "&uarr;75183 votes"
        }
      ],
      "image": "https://preview.redd.it/c4hc25l41ol71.gif?width=320&crop=smart&format=png8&s=3ad2a8e86bce311b81e02dcfca81402fe579010c",
      "_video": {
        "sources": [
          {
            "url": "https://preview.redd.it/c4hc25l41ol71.gif?format=mp4&s=8777aa977043c6e86381100dc3ab91e5bf538e5c"
          }
        ],
        "width": 441,
        "height": 250,
        "poster": "https://preview.redd.it/c4hc25l41ol71.gif?width=320&crop=smart&format=png8&s=3ad2a8e86bce311b81e02dcfca81402fe579010c"
      }
    },
    "2021_08_27_en_reddit_reddit__r--nextfuckinglevel--comments--pcer09--dad_reflexes_to_save_his_dog_from_falling_in_the": {
      "id": "2021_08_27_en_reddit_reddit__r--nextfuckinglevel--comments--pcer09--dad_reflexes_to_save_his_dog_from_falling_in_the",
      "url": "https://old.reddit.com/r/nextfuckinglevel/comments/pcer09/dad_reflexes_to_save_his_dog_from_falling_in_the/",
      "date_published": "2021-08-27T16:56:11.000Z",
      "date_modified": "2021-08-27T16:56:11.000Z",
      "_original_published": "2021-08-27T03:00:40.000Z",
      "_original_language": "en",
      "_translations": {
        "en": {
          "title": "Dad reflexes to save his Dog from falling in the cliff"
        },
        "ja": {
          "title": "崖に落ちた愛犬を反射的に助けたお父さん"
        },
        "zh-Hans": {
          "title": "爸爸反射性地将他的狗从悬崖上救了下来"
        },
        "zh-Hant": {
          "title": "爸爸反射性地將他的狗從懸崖上救了下來"
        }
      },
      "tags": [
        "nextfuckinglevel"
      ],
      "authors": [
        {
          "name": "ElfriedeLantermany",
          "url": "https://old.reddit.com/user/ElfriedeLantermany"
        }
      ],
      "_links": [
        {
          "url": "https://old.reddit.com/r/nextfuckinglevel/comments/pcer09/dad_reflexes_to_save_his_dog_from_falling_in_the/",
          "name": "&uarr;76119 votes"
        }
      ],
      "image": "https://preview.redd.it/juklq8f0gtj71.gif?width=640&crop=smart&format=png8&s=1c041171be6b05c7b091b90708ed22bb869f1d5a",
      "_video": {
        "sources": [
          {
            "url": "https://preview.redd.it/juklq8f0gtj71.gif?format=mp4&s=bad9bfd85b249da571cbb018adfcc83037a097c8"
          }
        ],
        "width": 728,
        "height": 906,
        "poster": "https://preview.redd.it/juklq8f0gtj71.gif?width=640&crop=smart&format=png8&s=1c041171be6b05c7b091b90708ed22bb869f1d5a"
      }
    },
    "2021_08_14_en_reddit_reddit__r--nextfuckinglevel--comments--p456zd--the_legacy_of_a_man": {
      "id": "2021_08_14_en_reddit_reddit__r--nextfuckinglevel--comments--p456zd--the_legacy_of_a_man",
      "url": "https://old.reddit.com/r/nextfuckinglevel/comments/p456zd/the_legacy_of_a_man/",
      "date_published": "2021-08-14T23:54:36.000Z",
      "date_modified": "2021-08-14T23:54:36.000Z",
      "_original_published": "2021-08-14T09:50:29.000Z",
      "_original_language": "en",
      "_translations": {
        "en": {
          "title": "The legacy of a man!"
        },
        "ja": {
          "title": "ある男の遺産！？"
        },
        "zh-Hans": {
          "title": "一个人的遗产!"
        },
        "zh-Hant": {
          "title": "一個人的遺產!"
        }
      },
      "tags": [
        "nextfuckinglevel"
      ],
      "authors": [
        {
          "name": "esberat",
          "url": "https://old.reddit.com/user/esberat"
        }
      ],
      "_links": [
        {
          "url": "https://old.reddit.com/r/nextfuckinglevel/comments/p456zd/the_legacy_of_a_man/",
          "name": "&uarr;75121 votes"
        }
      ],
      "image": "https://external-preview.redd.it/Hm7eoi6WWsD4EIuyrTo0IUMErBoEcTQSskyCH_1jVbA.png?width=320&crop=smart&format=pjpg&auto=webp&s=941cfb650c09a5a3741a24976ddaeb8b368d45e7",
      "_video": {
        "sources": [
          {
            "url": "https://v.redd.it/wj4vianfpah71/DASH_240.mp4?source=fallback"
          }
        ],
        "width": 426,
        "height": 240,
        "poster": "https://external-preview.redd.it/Hm7eoi6WWsD4EIuyrTo0IUMErBoEcTQSskyCH_1jVbA.png?width=320&crop=smart&format=pjpg&auto=webp&s=941cfb650c09a5a3741a24976ddaeb8b368d45e7"
      }
    },
    "2021_08_11_en_reddit_reddit__r--nextfuckinglevel--comments--p2bgb1--this_kid_saved_his_money_all_year_to_buy_a_ps4": {
      "id": "2021_08_11_en_reddit_reddit__r--nextfuckinglevel--comments--p2bgb1--this_kid_saved_his_money_all_year_to_buy_a_ps4",
      "url": "https://old.reddit.com/r/nextfuckinglevel/comments/p2bgb1/this_kid_saved_his_money_all_year_to_buy_a_ps4/",
      "date_published": "2021-08-11T22:56:32.000Z",
      "date_modified": "2021-08-11T22:56:32.000Z",
      "_original_published": "2021-08-11T11:46:58.000Z",
      "_original_language": "en",
      "_translations": {
        "en": {
          "title": "This kid saved his money all year to buy a PS4 for his Dad"
        },
        "ja": {
          "title": "この子はお父さんのためにPS4を買うために1年間お金を貯めていたんだ。"
        },
        "zh-Hans": {
          "title": "这个孩子攒了一年的钱，为他的父亲买了一台PS4"
        },
        "zh-Hant": {
          "title": "這個孩子攢了一年的錢，爲他的父親買了一臺PS4"
        }
      },
      "tags": [
        "nextfuckinglevel"
      ],
      "authors": [
        {
          "name": "regian24",
          "url": "https://old.reddit.com/user/regian24"
        }
      ],
      "_links": [
        {
          "url": "https://old.reddit.com/r/nextfuckinglevel/comments/p2bgb1/this_kid_saved_his_money_all_year_to_buy_a_ps4/",
          "name": "&uarr;75401 votes"
        }
      ],
      "image": "https://external-preview.redd.it/BAzXut-C2VdU2DTX7FlPWcPTpfZUPZAK9abjb_atkEQ.png?width=320&crop=smart&format=pjpg&auto=webp&s=0abff1595307fecad7556faf649dc59ac093ef6d",
      "_video": {
        "sources": [
          {
            "url": "https://v.redd.it/udpbxgofvpg71/DASH_480.mp4?source=fallback"
          }
        ],
        "width": 320,
        "height": 480,
        "poster": "https://external-preview.redd.it/BAzXut-C2VdU2DTX7FlPWcPTpfZUPZAK9abjb_atkEQ.png?width=320&crop=smart&format=pjpg&auto=webp&s=0abff1595307fecad7556faf649dc59ac093ef6d"
      }
    },
    "2021_06_27_en_reddit_reddit__r--nextfuckinglevel--comments--o98fhq--teenage_babysitter_has_the_voice_of_a_disney": {
      "id": "2021_06_27_en_reddit_reddit__r--nextfuckinglevel--comments--o98fhq--teenage_babysitter_has_the_voice_of_a_disney",
      "url": "https://old.reddit.com/r/nextfuckinglevel/comments/o98fhq/teenage_babysitter_has_the_voice_of_a_disney/",
      "date_published": "2021-06-28T05:30:00.000Z",
      "date_modified": "2021-06-28T05:30:00.000Z",
      "_original_published": "2021-06-27T23:42:25.000Z",
      "_original_language": "en",
      "_translations": {
        "en": {
          "title": "Teenage babysitter has the voice of a Disney princess"
        },
        "ja": {
          "title": "10代のベビーシッターはディズニープリンセスの声を持っている"
        },
        "zh-Hans": {
          "title": "十几岁的保姆拥有迪士尼公主的声音"
        },
        "zh-Hant": {
          "title": "十幾歲的保姆擁有迪士尼公主的聲音"
        }
      },
      "tags": [
        "nextfuckinglevel"
      ],
      "authors": [
        {
          "name": "JediWithAnM4",
          "url": "https://old.reddit.com/user/JediWithAnM4"
        }
      ],
      "_links": [
        {
          "url": "https://old.reddit.com/r/nextfuckinglevel/comments/o98fhq/teenage_babysitter_has_the_voice_of_a_disney/",
          "name": "&uarr;77858 votes"
        }
      ],
      "image": "https://external-preview.redd.it/7Uor50fZlNSMjuCkNonGc1y1YwpigdCVjphNDGQuIn4.png?width=320&crop=smart&format=pjpg&auto=webp&s=5fd7f9bba7fd62729d3a5b53e7fda6f5e0d083a1",
      "_video": {
        "sources": [
          {
            "url": "https://v.redd.it/f6g9vus3aw771/DASH_480.mp4?source=fallback"
          }
        ],
        "width": 384,
        "height": 480,
        "poster": "https://external-preview.redd.it/7Uor50fZlNSMjuCkNonGc1y1YwpigdCVjphNDGQuIn4.png?width=320&crop=smart&format=pjpg&auto=webp&s=5fd7f9bba7fd62729d3a5b53e7fda6f5e0d083a1"
      }
    },
    "2021_06_27_en_reddit_reddit__r--nextfuckinglevel--comments--o8xxc6--college_senior_hits_her_firstever_home_run_but": {
      "id": "2021_06_27_en_reddit_reddit__r--nextfuckinglevel--comments--o8xxc6--college_senior_hits_her_firstever_home_run_but",
      "url": "https://old.reddit.com/r/nextfuckinglevel/comments/o8xxc6/college_senior_hits_her_firstever_home_run_but/",
      "date_published": "2021-06-27T21:45:06.000Z",
      "date_modified": "2021-06-27T21:45:06.000Z",
      "_original_published": "2021-06-27T14:17:09.000Z",
      "_original_language": "en",
      "_translations": {
        "en": {
          "title": "College senior hits her first-ever home run but tears her ACL rounding 1st base. Rules don't allow her teammates to help her without being called out, so the opposing team helps her around the bases."
        },
        "ja": {
          "title": "大学4年生が史上初のホームランを打つも、1塁を回ったところでACLを断裂。ルール上、チームメイトが助けるとアウトになってしまうため、相手チームがベースを回って助けてくれました。"
        },
        "zh-Hans": {
          "title": "大四学生打出了她有史以来的第一支本垒打，但在上一垒时撕裂了她的十字韧带。规则不允许她的队友在不被叫停的情况下帮助她，所以对方的队员帮助她上垒。"
        },
        "zh-Hant": {
          "title": "大四學生打出了她有史以來的第一支本壘打，但在上一壘時撕裂了她的十字韌帶。規則不允許她的隊友在不被叫停的情況下幫助她，所以對方的隊員幫助她上壘。"
        }
      },
      "tags": [
        "nextfuckinglevel"
      ],
      "authors": [
        {
          "name": "ongleverme",
          "url": "https://old.reddit.com/user/ongleverme"
        }
      ],
      "_links": [
        {
          "url": "https://old.reddit.com/r/nextfuckinglevel/comments/o8xxc6/college_senior_hits_her_firstever_home_run_but/",
          "name": "&uarr;75372 votes"
        }
      ],
      "image": "https://external-preview.redd.it/aEZP3tpD03myrw6h8_6kt6fkVRJAZXzQEkLQfibXAdA.png?width=320&crop=smart&format=pjpg&auto=webp&s=11b50e2abd84c7fbae8cd14bae861321278dac06",
      "_video": {
        "sources": [
          {
            "url": "https://v.redd.it/487fuvf6ht771/DASH_240.mp4?source=fallback"
          }
        ],
        "width": 320,
        "height": 240,
        "poster": "https://external-preview.redd.it/aEZP3tpD03myrw6h8_6kt6fkVRJAZXzQEkLQfibXAdA.png?width=320&crop=smart&format=pjpg&auto=webp&s=11b50e2abd84c7fbae8cd14bae861321278dac06"
      }
    },
    "2021_06_17_en_reddit_reddit__r--nextfuckinglevel--comments--o22bdx--automated_rube_goldberg_pizza_machine": {
      "id": "2021_06_17_en_reddit_reddit__r--nextfuckinglevel--comments--o22bdx--automated_rube_goldberg_pizza_machine",
      "url": "https://old.reddit.com/r/nextfuckinglevel/comments/o22bdx/automated_rube_goldberg_pizza_machine/",
      "date_published": "2021-06-18T02:54:35.000Z",
      "date_modified": "2021-06-18T02:54:35.000Z",
      "_original_published": "2021-06-17T17:12:55.000Z",
      "_original_language": "en",
      "_translations": {
        "en": {
          "title": "Automated Rube Goldberg Pizza Machine"
        },
        "ja": {
          "title": "ルーブ・ゴールドバーグ式自動ピザマシン"
        },
        "zh-Hans": {
          "title": "自动Rube Goldberg比萨机"
        },
        "zh-Hant": {
          "title": "自動Rube Goldberg比薩機"
        }
      },
      "tags": [
        "nextfuckinglevel"
      ],
      "authors": [
        {
          "name": "Thund3rbolt",
          "url": "https://old.reddit.com/user/Thund3rbolt"
        }
      ],
      "_links": [
        {
          "url": "https://old.reddit.com/r/nextfuckinglevel/comments/o22bdx/automated_rube_goldberg_pizza_machine/",
          "name": "&uarr;85850 votes"
        }
      ],
      "image": "https://external-preview.redd.it/0Jv1XVHEKIRnBvJKhXr5nFShBJu2Y26L2CzZrHGet9Y.png?width=1080&crop=smart&format=pjpg&auto=webp&s=10b7edf61c27779651bb44e0a07fb5eff4fa40ef",
      "_video": {
        "sources": [
          {
            "url": "https://v.redd.it/999m6qz8zu571/DASH_1080.mp4?source=fallback"
          }
        ],
        "width": 1920,
        "height": 1080,
        "poster": "https://external-preview.redd.it/0Jv1XVHEKIRnBvJKhXr5nFShBJu2Y26L2CzZrHGet9Y.png?width=1080&crop=smart&format=pjpg&auto=webp&s=10b7edf61c27779651bb44e0a07fb5eff4fa40ef"
      }
    },
    "2021_05_22_en_reddit_reddit__r--nextfuckinglevel--comments--nij9x3--this_tesseract_sculpture_is_a_4th_dimension": {
      "id": "2021_05_22_en_reddit_reddit__r--nextfuckinglevel--comments--nij9x3--this_tesseract_sculpture_is_a_4th_dimension",
      "url": "https://old.reddit.com/r/nextfuckinglevel/comments/nij9x3/this_tesseract_sculpture_is_a_4th_dimension/",
      "date_published": "2021-05-22T21:25:50.000Z",
      "date_modified": "2021-05-22T21:25:50.000Z",
      "_original_published": "2021-05-22T14:01:52.000Z",
      "_original_language": "en",
      "_translations": {
        "en": {
          "title": "This “Tesseract” sculpture is a 4th dimension infinity mirror"
        },
        "ja": {
          "title": "この「テッセラクト」という彫刻は、4次元のインフィニティ・ミラーです。"
        },
        "zh-Hans": {
          "title": "这个 \"魔方 \"雕塑是一个四维的无限镜。"
        },
        "zh-Hant": {
          "title": "這個 \"魔方 \"雕塑是一個四維的無限鏡。"
        }
      },
      "tags": [
        "nextfuckinglevel"
      ],
      "authors": [
        {
          "name": "misbeginsyippedv2",
          "url": "https://old.reddit.com/user/misbeginsyippedv2"
        }
      ],
      "_links": [
        {
          "url": "https://old.reddit.com/r/nextfuckinglevel/comments/nij9x3/this_tesseract_sculpture_is_a_4th_dimension/",
          "name": "&uarr;96420 votes"
        }
      ],
      "image": "https://external-preview.redd.it/DZdML20Vud-dsLh_sPxNzHXEwONdtyKpjSgpPeIr67w.png?width=320&crop=smart&format=pjpg&auto=webp&s=105aec4aa0d7536d6151524da75018813a0e7f01",
      "_video": {
        "sources": [
          {
            "url": "https://v.redd.it/qupvt13iho071/DASH_480.mp4?source=fallback"
          }
        ],
        "width": 480,
        "height": 480,
        "poster": "https://external-preview.redd.it/DZdML20Vud-dsLh_sPxNzHXEwONdtyKpjSgpPeIr67w.png?width=320&crop=smart&format=pjpg&auto=webp&s=105aec4aa0d7536d6151524da75018813a0e7f01"
      }
    },
    "2021_05_20_en_reddit_reddit__r--nextfuckinglevel--comments--nhbhcd--michelle_pfeiffer_whips_the_heads_of_those_four": {
      "id": "2021_05_20_en_reddit_reddit__r--nextfuckinglevel--comments--nhbhcd--michelle_pfeiffer_whips_the_heads_of_those_four",
      "url": "https://old.reddit.com/r/nextfuckinglevel/comments/nhbhcd/michelle_pfeiffer_whips_the_heads_of_those_four/",
      "date_published": "2021-05-21T04:53:01.000Z",
      "date_modified": "2021-05-21T04:53:01.000Z",
      "_original_published": "2021-05-20T21:05:03.000Z",
      "_original_language": "en",
      "_translations": {
        "en": {
          "title": "Michelle Pfeiffer whips the heads of those four mannequins in one take and receives applause from the Batman Returns crew"
        },
        "ja": {
          "title": "ミシェル・ファイファーが1テイクであの4体のマネキンの頭を叩き、『バットマン・リターンズ』のスタッフから拍手を受ける"
        },
        "zh-Hans": {
          "title": "米歇尔-菲佛在一次拍摄中鞭打那四个人体模型的头部，获得了《蝙蝠侠归来》剧组的掌声。"
        },
        "zh-Hant": {
          "title": "米歇爾-菲佛在一次拍攝中鞭打那四個人體模型的頭部，獲得了《蝙蝠俠歸來》劇組的掌聲。"
        }
      },
      "tags": [
        "nextfuckinglevel"
      ],
      "authors": [
        {
          "name": "Dull_Tonight",
          "url": "https://old.reddit.com/user/Dull_Tonight"
        }
      ],
      "_links": [
        {
          "url": "https://old.reddit.com/r/nextfuckinglevel/comments/nhbhcd/michelle_pfeiffer_whips_the_heads_of_those_four/",
          "name": "&uarr;95299 votes"
        }
      ],
      "image": "https://external-preview.redd.it/DYpQNbz3RJ8_f4svdMScUZ5whlEHrZbk4zuAflu4zWk.png?width=320&crop=smart&format=pjpg&auto=webp&s=b51e03ea997e6add09f8922d639ad2c6ede0a738",
      "_video": {
        "sources": [
          {
            "url": "https://v.redd.it/kqygcfxabc071/DASH_360.mp4?source=fallback"
          }
        ],
        "width": 552,
        "height": 360,
        "poster": "https://external-preview.redd.it/DYpQNbz3RJ8_f4svdMScUZ5whlEHrZbk4zuAflu4zWk.png?width=320&crop=smart&format=pjpg&auto=webp&s=b51e03ea997e6add09f8922d639ad2c6ede0a738"
      }
    },
    "2021_04_01_en_reddit_reddit__r--nextfuckinglevel--comments--mi83ly--good_vibes_after_getting_off_work": {
      "id": "2021_04_01_en_reddit_reddit__r--nextfuckinglevel--comments--mi83ly--good_vibes_after_getting_off_work",
      "url": "https://old.reddit.com/r/nextfuckinglevel/comments/mi83ly/good_vibes_after_getting_off_work/",
      "date_published": "2021-04-02T10:53:14.000Z",
      "date_modified": "2021-04-02T10:53:14.000Z",
      "_original_published": "2021-04-01T23:42:43.000Z",
      "_original_language": "en",
      "_translations": {
        "en": {
          "title": "Good vibes after getting off work"
        },
        "zh-Hans": {
          "title": "下班后的好心情"
        },
        "zh-Hant": {
          "title": "下班後的好心情"
        },
        "ja-JA": {
          "title": "仕事を終えた後の良い気分"
        },
        "ja": {
          "title": "仕事を終えた後の良い気分"
        }
      },
      "tags": [
        "nextfuckinglevel"
      ],
      "authors": [
        {
          "name": "memezzer",
          "url": "https://old.reddit.com/user/memezzer"
        }
      ],
      "_links": [
        {
          "url": "https://old.reddit.com/r/nextfuckinglevel/comments/mi83ly/good_vibes_after_getting_off_work/",
          "name": "&uarr;81749 votes"
        }
      ],
      "image": "https://external-preview.redd.it/Q0GEMH7y5PKqznO-wiKtAWntvGCHP74h_g5YIkwjPpE.png?width=320&crop=smart&format=pjpg&auto=webp&s=4722a269be71c0cbd3bd9db9b545b7f4b6f68f74",
      "_video": {
        "sources": [
          {
            "url": "https://v.redd.it/aiw0xvypenq61/DASH_720.mp4?source=fallback"
          }
        ],
        "width": 450,
        "height": 720,
        "poster": "https://external-preview.redd.it/Q0GEMH7y5PKqznO-wiKtAWntvGCHP74h_g5YIkwjPpE.png?width=320&crop=smart&format=pjpg&auto=webp&s=4722a269be71c0cbd3bd9db9b545b7f4b6f68f74"
      }
    },
    "2021_03_14_en_reddit_reddit__r--nextfuckinglevel--comments--m4v2gm--muhammad_ali_dodges_21_punches_in_10_seconds": {
      "id": "2021_03_14_en_reddit_reddit__r--nextfuckinglevel--comments--m4v2gm--muhammad_ali_dodges_21_punches_in_10_seconds",
      "url": "https://old.reddit.com/r/nextfuckinglevel/comments/m4v2gm/muhammad_ali_dodges_21_punches_in_10_seconds/",
      "date_published": "2021-03-14T20:48:07.000Z",
      "date_modified": "2021-03-14T20:48:07.000Z",
      "_original_published": "2021-03-14T13:31:55.000Z",
      "_original_language": "en",
      "_translations": {
        "en": {
          "title": "Muhammad Ali Dodges 21 Punches in 10 seconds"
        },
        "zh-Hans": {
          "title": "穆罕默德-阿里在10秒内躲过了21拳。"
        },
        "zh-Hant": {
          "title": "穆罕默德-阿里在10秒內躲過了21拳。"
        }
      },
      "tags": [
        "nextfuckinglevel"
      ],
      "authors": [
        {
          "name": "Parzival_2076",
          "url": "https://old.reddit.com/user/Parzival_2076"
        }
      ],
      "_links": [
        {
          "url": "https://old.reddit.com/r/nextfuckinglevel/comments/m4v2gm/muhammad_ali_dodges_21_punches_in_10_seconds/",
          "name": "&uarr;93483 votes"
        }
      ],
      "image": "https://external-preview.redd.it/5cKkhPZwlS-0P7SS6XdWFYPRPueAlIMJuWjIBgY0PwE.png?width=1080&crop=smart&format=pjpg&auto=webp&s=b19d929467ddb281a0860bf58f702b096c6a56e4",
      "_video": {
        "sources": [
          {
            "url": "https://v.redd.it/75rkvlk6xzm61/DASH_1080.mp4?source=fallback"
          }
        ],
        "width": 1280,
        "height": 960,
        "poster": "https://external-preview.redd.it/5cKkhPZwlS-0P7SS6XdWFYPRPueAlIMJuWjIBgY0PwE.png?width=1080&crop=smart&format=pjpg&auto=webp&s=b19d929467ddb281a0860bf58f702b096c6a56e4"
      }
    },
    "2021_03_01_en_reddit_reddit__r--nextfuckinglevel--comments--luvea3--youtube_tech_guru_is_recognized_by_a_young_fan": {
      "id": "2021_03_01_en_reddit_reddit__r--nextfuckinglevel--comments--luvea3--youtube_tech_guru_is_recognized_by_a_young_fan",
      "url": "https://old.reddit.com/r/nextfuckinglevel/comments/luvea3/youtube_tech_guru_is_recognized_by_a_young_fan/",
      "date_published": "2021-03-01T06:32:46.000Z",
      "date_modified": "2021-03-01T06:32:46.000Z",
      "_original_published": "2021-03-01T00:44:41.000Z",
      "_original_language": "en",
      "_translations": {
        "en": {
          "title": "Youtube tech guru is recognized by a young fan while shopping at Bestbuy. The kid has no idea that this encounter is about to change the trajectory of his day."
        },
        "zh-Hans": {
          "title": "Youtube技术大师在Bestbuy购物时，被一位年轻粉丝认出。这个孩子不知道，这次相遇将改变他一天的生活轨迹。"
        },
        "zh-Hant": {
          "title": "Youtube技術大師在Bestbuy購物時，被一位年輕粉絲認出。這個孩子不知道，這次相遇將改變他一天的生活軌跡。"
        }
      },
      "tags": [
        "nextfuckinglevel"
      ],
      "authors": [
        {
          "name": "t0xaleb",
          "url": "https://old.reddit.com/user/t0xaleb"
        }
      ],
      "_links": [
        {
          "url": "https://old.reddit.com/r/nextfuckinglevel/comments/luvea3/youtube_tech_guru_is_recognized_by_a_young_fan/",
          "name": "&uarr;144292 votes"
        }
      ],
      "image": "https://external-preview.redd.it/PSIAAfPTngIQk3PpUcZ4zCWigEf2913sYZGRA7nNdXI.png?width=320&crop=smart&format=pjpg&auto=webp&s=62554cc5dfae398f04b75426ccafa4a6cb2a2fda",
      "_video": {
        "sources": [
          {
            "url": "https://v.redd.it/nq9uvkjqcbk61/DASH_240.mp4?source=fallback"
          }
        ],
        "width": 426,
        "height": 238,
        "poster": "https://external-preview.redd.it/PSIAAfPTngIQk3PpUcZ4zCWigEf2913sYZGRA7nNdXI.png?width=320&crop=smart&format=pjpg&auto=webp&s=62554cc5dfae398f04b75426ccafa4a6cb2a2fda"
      }
    },
    "2021_02_25_en_reddit_reddit__r--nextfuckinglevel--comments--lsg4hc--this_work_of_art_in_dublin": {
      "id": "2021_02_25_en_reddit_reddit__r--nextfuckinglevel--comments--lsg4hc--this_work_of_art_in_dublin",
      "url": "https://old.reddit.com/r/nextfuckinglevel/comments/lsg4hc/this_work_of_art_in_dublin/",
      "date_published": "2021-02-26T05:26:07.000Z",
      "date_modified": "2021-02-26T05:26:07.000Z",
      "_original_published": "2021-02-25T20:31:39.000Z",
      "_original_language": "en",
      "_translations": {
        "en": {
          "title": "This work of art in Dublin"
        },
        "zh-Hans": {
          "title": "都柏林的这件艺术作品"
        },
        "zh-Hant": {
          "title": "都柏林的這件藝術作品"
        }
      },
      "tags": [
        "nextfuckinglevel"
      ],
      "authors": [
        {
          "name": "grimtorn",
          "url": "https://old.reddit.com/user/grimtorn"
        }
      ],
      "_links": [
        {
          "url": "https://old.reddit.com/r/nextfuckinglevel/comments/lsg4hc/this_work_of_art_in_dublin/",
          "name": "&uarr;92921 votes"
        }
      ],
      "image": "https://external-preview.redd.it/TLdr5_HfBcYkJ_2l1ZhK7NcehsbqkFcsw5QKT5uQtyc.png?width=216&crop=smart&format=pjpg&auto=webp&s=02b64b2f7ca5a29f10c9514c7e4e88a75baf45c9",
      "_video": {
        "sources": [
          {
            "url": "https://v.redd.it/boajpgxtooj61/DASH_480.mp4?source=fallback"
          }
        ],
        "width": 270,
        "height": 480,
        "poster": "https://external-preview.redd.it/TLdr5_HfBcYkJ_2l1ZhK7NcehsbqkFcsw5QKT5uQtyc.png?width=216&crop=smart&format=pjpg&auto=webp&s=02b64b2f7ca5a29f10c9514c7e4e88a75baf45c9"
      }
    },
    "2021_02_14_en_reddit_reddit__r--nextfuckinglevel--comments--ljspl2--these_drug_prevention_posters_from_a_campaign_in": {
      "id": "2021_02_14_en_reddit_reddit__r--nextfuckinglevel--comments--ljspl2--these_drug_prevention_posters_from_a_campaign_in",
      "url": "https://old.reddit.com/r/nextfuckinglevel/comments/ljspl2/these_drug_prevention_posters_from_a_campaign_in/",
      "date_published": "2021-02-14T23:50:51.000Z",
      "date_modified": "2021-02-14T23:50:51.000Z",
      "_original_published": "2021-02-14T17:22:41.000Z",
      "_original_language": "en",
      "_translations": {
        "en": {
          "title": "These drug prevention posters from a campaign in Norway are spot on"
        },
        "zh-Hans": {
          "title": "这些预防毒品的海报来自于挪威的一个运动，非常到位。"
        },
        "zh-Hant": {
          "title": "這些預防毒品的海報來自於挪威的一個運動，非常到位。"
        }
      },
      "tags": [
        "nextfuckinglevel"
      ],
      "authors": [
        {
          "name": "dormantreader93",
          "url": "https://old.reddit.com/user/dormantreader93"
        }
      ],
      "_links": [
        {
          "url": "https://old.reddit.com/r/nextfuckinglevel/comments/ljspl2/these_drug_prevention_posters_from_a_campaign_in/",
          "name": "&uarr;101064 votes"
        }
      ],
      "image": "https://preview.redd.it/5to70oq39hh61.jpg?width=1080&crop=smart&auto=webp&s=1d8c8295a207542126378dcfdf9b2be2556626af"
    },
    "2021_02_06_en_reddit_reddit__r--nextfuckinglevel--comments--le38ts--jimmys_cleaners": {
      "id": "2021_02_06_en_reddit_reddit__r--nextfuckinglevel--comments--le38ts--jimmys_cleaners",
      "url": "https://old.reddit.com/r/nextfuckinglevel/comments/le38ts/jimmys_cleaners/",
      "date_published": "2021-02-07T02:31:00.000Z",
      "date_modified": "2021-02-07T02:31:00.000Z",
      "_original_published": "2021-02-06T18:16:46.000Z",
      "_original_language": "en",
      "_translations": {
        "en": {
          "title": "Jimmy's Cleaners ❤️"
        },
        "zh-Hans": {
          "title": "Jimmy's Cleaners ❤️"
        },
        "zh-Hant": {
          "title": "Jimmy's Cleaners ❤️"
        }
      },
      "tags": [
        "nextfuckinglevel"
      ],
      "authors": [
        {
          "name": "grapeflavoredsoup",
          "url": "https://old.reddit.com/user/grapeflavoredsoup"
        }
      ],
      "_links": [
        {
          "url": "https://old.reddit.com/r/nextfuckinglevel/comments/le38ts/jimmys_cleaners/",
          "name": "&uarr;97269 votes"
        }
      ],
      "image": "https://preview.redd.it/0m9lb8xhfwf61.jpg?width=640&crop=smart&auto=webp&s=12e0b122ca572977d48db0f96f605600c92e99e8"
    },
    "2021_02_02_en_reddit_reddit__r--nextfuckinglevel--comments--laidm3--the_way_to_look_at_the_world": {
      "id": "2021_02_02_en_reddit_reddit__r--nextfuckinglevel--comments--laidm3--the_way_to_look_at_the_world",
      "url": "https://old.reddit.com/r/nextfuckinglevel/comments/laidm3/the_way_to_look_at_the_world/",
      "date_published": "2021-02-02T10:33:48.000Z",
      "date_modified": "2021-02-02T10:33:48.000Z",
      "_original_published": "2021-02-02T00:08:48.000Z",
      "_original_language": "en",
      "_translations": {
        "en": {
          "title": "The way to look at the world"
        },
        "zh-Hans": {
          "title": "看待世界的方式"
        },
        "zh-Hant": {
          "title": "看待世界的方式"
        }
      },
      "tags": [
        "nextfuckinglevel"
      ],
      "authors": [
        {
          "name": "Le7enda",
          "url": "https://old.reddit.com/user/Le7enda"
        }
      ],
      "_links": [
        {
          "url": "https://old.reddit.com/r/nextfuckinglevel/comments/laidm3/the_way_to_look_at_the_world/",
          "name": "&uarr;107123 votes"
        }
      ],
      "image": "https://external-preview.redd.it/gFdu4Kc1lK_lfPb55M3NDbJBVIEZM9GQmJW84odQgq0.png?width=320&crop=smart&format=pjpg&auto=webp&s=dcff93c85301f8bcaf357c020c9054e3d39ff668",
      "_video": {
        "sources": [
          {
            "url": "https://v.redd.it/3dvtzf2chye61/DASH_720.mp4?source=fallback"
          }
        ],
        "width": 576,
        "height": 720,
        "poster": "https://external-preview.redd.it/gFdu4Kc1lK_lfPb55M3NDbJBVIEZM9GQmJW84odQgq0.png?width=320&crop=smart&format=pjpg&auto=webp&s=dcff93c85301f8bcaf357c020c9054e3d39ff668"
      }
    },
    "2021_01_30_en_reddit_reddit__r--nextfuckinglevel--comments--l8xb41--rwallstreetbets_member_bought_a_billboard_ad": {
      "id": "2021_01_30_en_reddit_reddit__r--nextfuckinglevel--comments--l8xb41--rwallstreetbets_member_bought_a_billboard_ad",
      "url": "https://old.reddit.com/r/nextfuckinglevel/comments/l8xb41/rwallstreetbets_member_bought_a_billboard_ad/",
      "date_published": "2021-01-31T04:35:52.000Z",
      "date_modified": "2021-01-31T04:35:52.000Z",
      "_original_published": "2021-01-30T22:20:52.000Z",
      "_original_language": "en",
      "_translations": {
        "en": {
          "title": "r/wallstreetbets member bought a billboard ad celebrating Gamestock price rally in Time Square"
        },
        "zh-Hans": {
          "title": "r/wallstreetbets会员在时代广场购买了一个庆祝Gamestock价格上涨的广告牌广告。"
        },
        "zh-Hant": {
          "title": "r/wallstreetbets會員在時代廣場購買了一個慶祝Gamestock價格上漲的廣告牌廣告。"
        }
      },
      "tags": [
        "nextfuckinglevel"
      ],
      "authors": [
        {
          "name": "hamiltonisoverrat3d",
          "url": "https://old.reddit.com/user/hamiltonisoverrat3d"
        }
      ],
      "_links": [
        {
          "url": "https://old.reddit.com/r/nextfuckinglevel/comments/l8xb41/rwallstreetbets_member_bought_a_billboard_ad/",
          "name": "&uarr;146743 votes"
        }
      ],
      "image": "https://external-preview.redd.it/c01_caiumMLg-HtZEQ7S0bKLPS6WeMAzLSffBEgspeE.png?width=320&crop=smart&format=pjpg&auto=webp&s=a8bcdf565f30aa4a3abb15523f9f7f3318d4625c",
      "_video": {
        "sources": [
          {
            "url": "https://v.redd.it/bu71gpmloje61/DASH_480.mp4?source=fallback"
          }
        ],
        "width": 387,
        "height": 480,
        "poster": "https://external-preview.redd.it/c01_caiumMLg-HtZEQ7S0bKLPS6WeMAzLSffBEgspeE.png?width=320&crop=smart&format=pjpg&auto=webp&s=a8bcdf565f30aa4a3abb15523f9f7f3318d4625c"
      }
    },
    "2021_01_26_en_reddit_reddit__r--nextfuckinglevel--comments--l5fbc3--man_surprises_his_friend_by_rapping_hes_got_some": {
      "id": "2021_01_26_en_reddit_reddit__r--nextfuckinglevel--comments--l5fbc3--man_surprises_his_friend_by_rapping_hes_got_some",
      "url": "https://old.reddit.com/r/nextfuckinglevel/comments/l5fbc3/man_surprises_his_friend_by_rapping_hes_got_some/",
      "date_published": "2021-01-26T22:32:23.000Z",
      "date_modified": "2021-01-26T22:32:23.000Z",
      "_original_published": "2021-01-26T14:41:37.000Z",
      "_original_language": "en",
      "_translations": {
        "en": {
          "title": "Man surprises his friend by rapping. He's got some amazing talent."
        },
        "zh-Hans": {
          "title": "男子用说唱给朋友带来惊喜。他有一些惊人的天赋。"
        },
        "zh-Hant": {
          "title": "男子用說唱給朋友帶來驚喜。他有一些驚人的天賦。"
        }
      },
      "tags": [
        "nextfuckinglevel"
      ],
      "authors": [
        {
          "name": "UnironicThatcherite",
          "url": "https://old.reddit.com/user/UnironicThatcherite"
        }
      ],
      "_links": [
        {
          "url": "https://old.reddit.com/r/nextfuckinglevel/comments/l5fbc3/man_surprises_his_friend_by_rapping_hes_got_some/",
          "name": "&uarr;87499 votes"
        }
      ],
      "image": "https://external-preview.redd.it/nawqZECMiNOWD6xhmkPKS4wKqxjogb4TMMTDqinNELw.png?width=320&crop=smart&format=pjpg&auto=webp&s=535b53c10158ae74a9127ad6b56b669f5619cef6",
      "_video": {
        "sources": [
          {
            "url": "https://v.redd.it/i1rcmcnyuod61/DASH_720.mp4?source=fallback"
          }
        ],
        "width": 406,
        "height": 720,
        "poster": "https://external-preview.redd.it/nawqZECMiNOWD6xhmkPKS4wKqxjogb4TMMTDqinNELw.png?width=320&crop=smart&format=pjpg&auto=webp&s=535b53c10158ae74a9127ad6b56b669f5619cef6"
      }
    },
    "2021_01_12_en_reddit_reddit__r--nextfuckinglevel--comments--kvu20n--after_a_divorce_i_went_from_450lbs_to_205lbs_in": {
      "id": "2021_01_12_en_reddit_reddit__r--nextfuckinglevel--comments--kvu20n--after_a_divorce_i_went_from_450lbs_to_205lbs_in",
      "url": "https://old.reddit.com/r/nextfuckinglevel/comments/kvu20n/after_a_divorce_i_went_from_450lbs_to_205lbs_in/",
      "date_published": "2021-01-13T01:55:12.000Z",
      "date_modified": "2021-01-13T01:55:12.000Z",
      "_original_published": "2021-01-12T15:44:24.000Z",
      "_original_language": "en",
      "_translations": {
        "en": {
          "title": "After a divorce, I went from 450lbs to 205lbs in about 18 months"
        },
        "zh-Hans": {
          "title": "离婚后，我在18个月内从450磅瘦到205磅。"
        },
        "zh-Hant": {
          "title": "離婚後，我在18個月內從450磅瘦到205磅。"
        }
      },
      "tags": [
        "nextfuckinglevel"
      ],
      "authors": [
        {
          "name": "Late-Community-5856",
          "url": "https://old.reddit.com/user/Late-Community-5856"
        }
      ],
      "_links": [
        {
          "url": "https://old.reddit.com/r/nextfuckinglevel/comments/kvu20n/after_a_divorce_i_went_from_450lbs_to_205lbs_in/",
          "name": "&uarr;142126 votes"
        }
      ],
      "image": "https://preview.redd.it/81sit0si9xa61.jpg?width=1080&crop=smart&auto=webp&s=29b838b962e2e1842c84db66382d84c85a96fb2a"
    },
    "2020_12_22_en_reddit_reddit__r--nextfuckinglevel--comments--ki7ds0--canadians_help_save_us_national_anthem_after_mic": {
      "id": "2020_12_22_en_reddit_reddit__r--nextfuckinglevel--comments--ki7ds0--canadians_help_save_us_national_anthem_after_mic",
      "url": "https://old.reddit.com/r/nextfuckinglevel/comments/ki7ds0/canadians_help_save_us_national_anthem_after_mic/",
      "date_published": "2020-12-23T12:42:00.000Z",
      "date_modified": "2020-12-23T12:42:00.000Z",
      "_original_published": "2020-12-22T15:25:17.000Z",
      "_original_language": "en",
      "_translations": {
        "en": {
          "title": "Canadians help save U.S. national anthem after mic cuts out"
        },
        "zh-Hans": {
          "title": "加拿大人在麦克风中断后帮助拯救了美国国歌"
        },
        "zh-Hant": {
          "title": "加拿大人在麥克風中斷後幫助拯救了美國國歌"
        }
      },
      "tags": [
        "nextfuckinglevel"
      ],
      "authors": [
        {
          "name": "Bigman_Varun",
          "url": "https://old.reddit.com/user/Bigman_Varun"
        }
      ],
      "_links": [
        {
          "url": "https://old.reddit.com/r/nextfuckinglevel/comments/ki7ds0/canadians_help_save_us_national_anthem_after_mic/",
          "name": "&uarr;75898 votes"
        }
      ],
      "image": "https://external-preview.redd.it/EQc4-Y5oLWr5oZsJ0EWsxkQAxqyaf1T5jj0LVDTaoJk.png?width=1080&crop=smart&format=pjpg&auto=webp&s=fde6ccdd231c0e850c9405f42caa1366206fb9ee",
      "_video": {
        "sources": [
          {
            "url": "https://v.redd.it/jnmgx0snar661/DASH_480.mp4?source=fallback"
          }
        ],
        "width": 853,
        "height": 480,
        "poster": "https://external-preview.redd.it/EQc4-Y5oLWr5oZsJ0EWsxkQAxqyaf1T5jj0LVDTaoJk.png?width=1080&crop=smart&format=pjpg&auto=webp&s=fde6ccdd231c0e850c9405f42caa1366206fb9ee"
      }
    },
    "2020_12_07_en_reddit_reddit__r--nextfuckinglevel--comments--k8diy5--such_a_beautiful_community": {
      "id": "2020_12_07_en_reddit_reddit__r--nextfuckinglevel--comments--k8diy5--such_a_beautiful_community",
      "url": "https://old.reddit.com/r/nextfuckinglevel/comments/k8diy5/such_a_beautiful_community/",
      "date_published": "2020-12-07T17:02:58.000Z",
      "date_modified": "2020-12-07T17:02:58.000Z",
      "_original_published": "2020-12-07T09:30:52.000Z",
      "_original_language": "en",
      "_translations": {
        "en": {
          "title": "Such a beautiful community"
        },
        "zh-Hans": {
          "title": "如此美丽的社区"
        },
        "zh-Hant": {
          "title": "如此美麗的社區"
        }
      },
      "tags": [
        "nextfuckinglevel"
      ],
      "authors": [
        {
          "name": "Marnickur",
          "url": "https://old.reddit.com/user/Marnickur"
        }
      ],
      "_links": [
        {
          "url": "https://old.reddit.com/r/nextfuckinglevel/comments/k8diy5/such_a_beautiful_community/",
          "name": "&uarr;92516 votes"
        }
      ],
      "image": "https://preview.redd.it/sx5ug8d2iq361.png?width=640&crop=smart&auto=webp&s=4e835671e60564f2cf977ff3aeab658804dd8c76"
    },
    "2020_11_30_en_reddit_reddit__r--nextfuckinglevel--comments--k40yac--when_you_have_100_control_over_bike_and_no": {
      "id": "2020_11_30_en_reddit_reddit__r--nextfuckinglevel--comments--k40yac--when_you_have_100_control_over_bike_and_no",
      "url": "https://old.reddit.com/r/nextfuckinglevel/comments/k40yac/when_you_have_100_control_over_bike_and_no/",
      "date_published": "2020-11-30T23:46:21.000Z",
      "date_modified": "2020-11-30T23:46:21.000Z",
      "_original_published": "2020-11-30T17:51:01.000Z",
      "_original_language": "en",
      "_translations": {
        "en": {
          "title": "When you have 100% control over bike and no obstacle can stop you."
        },
        "zh-Hans": {
          "title": "当你100%控制了自行车，没有任何障碍可以阻止你的时候。"
        },
        "zh-Hant": {
          "title": "當妳100%控制了自行車，沒有任何障礙可以阻止妳的時候。"
        }
      },
      "tags": [
        "nextfuckinglevel"
      ],
      "authors": [
        {
          "name": "mohiemen",
          "url": "https://old.reddit.com/user/mohiemen"
        }
      ],
      "_links": [
        {
          "url": "https://old.reddit.com/r/nextfuckinglevel/comments/k40yac/when_you_have_100_control_over_bike_and_no/",
          "name": "&uarr;139644 votes"
        }
      ],
      "image": "https://external-preview.redd.it/0-jz1ftqX4It-FnDo-INlBbhqR9tjjeG8Ee6sxnYi54.png?width=640&crop=smart&format=pjpg&auto=webp&s=fee2f108051393b448c797217b61c65e617ff496",
      "_video": {
        "sources": [
          {
            "url": "https://v.redd.it/sxwvp9lp0f261/DASH_240.mp4?source=fallback"
          }
        ],
        "width": 426,
        "height": 236,
        "poster": "https://external-preview.redd.it/0-jz1ftqX4It-FnDo-INlBbhqR9tjjeG8Ee6sxnYi54.png?width=640&crop=smart&format=pjpg&auto=webp&s=fee2f108051393b448c797217b61c65e617ff496"
      }
    },
    "2020_11_28_en_reddit_reddit__r--nextfuckinglevel--comments--k2oln5--west_point_graduate_alex_idrache_grew_up_in_a": {
      "id": "2020_11_28_en_reddit_reddit__r--nextfuckinglevel--comments--k2oln5--west_point_graduate_alex_idrache_grew_up_in_a",
      "url": "https://old.reddit.com/r/nextfuckinglevel/comments/k2oln5/west_point_graduate_alex_idrache_grew_up_in_a/",
      "date_published": "2020-11-28T22:29:38.000Z",
      "date_modified": "2020-11-28T22:29:38.000Z",
      "_original_published": "2020-11-28T14:33:08.000Z",
      "_original_language": "en",
      "_translations": {
        "en": {
          "title": "West Point graduate Alex Idrache grew up in a slum in Haiti, despite lacking a formal education he graduated top 5% of his class. He went on to become a US Army Blackhawk pilot and was recently chosen to attend Marine Expeditionary Warfare School."
        },
        "zh-Hans": {
          "title": "西点军校毕业生亚历克斯·伊德拉奇在海地的一个贫民窟长大，尽管他没有接受过正规教育，但他毕业时的成绩是班级前5%。他后来成为一名美国陆军黑鹰飞行员，最近被选入海军陆战队远征作战学校。"
        },
        "zh-Hant": {
          "title": "西點軍校畢業生亞歷克斯·伊德拉奇在海地的壹個貧民窟長大，盡管他沒有接受過正規教育，但他畢業時的成績是班級前5%。他後來成為壹名美國陸軍黑鷹飛行員，最近被選入海軍陸戰隊遠征作戰學校。"
        }
      },
      "tags": [
        "nextfuckinglevel"
      ],
      "authors": [
        {
          "name": "NineteenEighty9",
          "url": "https://old.reddit.com/user/NineteenEighty9"
        }
      ],
      "_links": [
        {
          "url": "https://old.reddit.com/r/nextfuckinglevel/comments/k2oln5/west_point_graduate_alex_idrache_grew_up_in_a/",
          "name": "&uarr;101225 votes"
        }
      ],
      "image": "https://preview.redd.it/nzg425lsrz161.jpg?width=640&crop=smart&auto=webp&s=21db20acd46ed9097bad94757553d86026fa182c"
    },
    "2020_11_27_en_reddit_reddit__r--nextfuckinglevel--comments--k1u5j4--nurses_in_south_korea_protecting_newborn_babies": {
      "id": "2020_11_27_en_reddit_reddit__r--nextfuckinglevel--comments--k1u5j4--nurses_in_south_korea_protecting_newborn_babies",
      "url": "https://old.reddit.com/r/nextfuckinglevel/comments/k1u5j4/nurses_in_south_korea_protecting_newborn_babies/",
      "date_published": "2020-11-27T18:32:42.000Z",
      "date_modified": "2020-11-27T18:32:42.000Z",
      "_original_published": "2020-11-27T04:17:10.000Z",
      "_original_language": "en",
      "_translations": {
        "en": {
          "title": "Nurses in South Korea protecting newborn babies during earthquake without hesitation"
        },
        "zh-Hans": {
          "title": "韩国护士在地震期间毫不犹豫地保护新生儿"
        },
        "zh-Hant": {
          "title": "韓國護士在地震期間毫不猶豫地保護新生兒"
        }
      },
      "tags": [
        "nextfuckinglevel"
      ],
      "authors": [
        {
          "name": "Palifaith",
          "url": "https://old.reddit.com/user/Palifaith"
        }
      ],
      "_links": [
        {
          "url": "https://old.reddit.com/r/nextfuckinglevel/comments/k1u5j4/nurses_in_south_korea_protecting_newborn_babies/",
          "name": "&uarr;70264 votes"
        }
      ],
      "image": "https://external-preview.redd.it/Czkg04knvH1t97f7JMHDUf5OAFvKYUeQGHv6UEVxS4U.png?width=320&crop=smart&format=pjpg&auto=webp&s=6ed4417c08b1a70ce84a7272a10aff3886ac8de6",
      "_video": {
        "sources": [
          {
            "url": "https://v.redd.it/3gpmhakqkp161/DASH_240.mp4?source=fallback"
          }
        ],
        "width": 426,
        "height": 238,
        "poster": "https://external-preview.redd.it/Czkg04knvH1t97f7JMHDUf5OAFvKYUeQGHv6UEVxS4U.png?width=320&crop=smart&format=pjpg&auto=webp&s=6ed4417c08b1a70ce84a7272a10aff3886ac8de6"
      }
    },
    "2020_11_20_en_reddit_reddit__r--nextfuckinglevel--comments--jx6t17--if_we_can_normalize_this_then_im_all_for_these": {
      "id": "2020_11_20_en_reddit_reddit__r--nextfuckinglevel--comments--jx6t17--if_we_can_normalize_this_then_im_all_for_these",
      "url": "https://old.reddit.com/r/nextfuckinglevel/comments/jx6t17/if_we_can_normalize_this_then_im_all_for_these/",
      "date_published": "2020-11-20T01:10:50.000Z",
      "date_modified": "2020-11-20T01:10:50.000Z",
      "_original_published": "2020-11-20T01:10:50.000Z",
      "_original_language": "en",
      "_translations": {
        "en": {
          "title": "If we can normalize this then I'm all for these videos, there isn't enough of this out in Media"
        },
        "zh-Hans": {
          "title": "如果我们能正常化这一点，那么我完全支持这些视频，媒体上的这种情况还不够多"
        },
        "zh-Hant": {
          "title": "如果我們能正常化這壹點，那麽我完全支持這些視頻，媒體上的這種情況還不夠多"
        }
      },
      "tags": [
        "nextfuckinglevel"
      ],
      "authors": [
        {
          "name": "MartJonathan",
          "url": "https://old.reddit.com/user/MartJonathan"
        }
      ],
      "_links": [
        {
          "url": "https://old.reddit.com/r/nextfuckinglevel/comments/jx6t17/if_we_can_normalize_this_then_im_all_for_these/",
          "name": "&uarr;115174 votes"
        }
      ],
      "image": "https://external-preview.redd.it/b6k92o-73iy0YIWHQ19-TtVlTdixaY9u27ZYX-bJyBk.png?width=320&crop=smart&format=pjpg&auto=webp&s=63d8e70b94947942ec6fd09800ee2717cf1a8d67",
      "_video": {
        "sources": [
          {
            "url": "https://v.redd.it/6ant6cj0d8061/DASH_720.mp4?source=fallback"
          }
        ],
        "width": 506,
        "height": 720,
        "poster": "https://external-preview.redd.it/b6k92o-73iy0YIWHQ19-TtVlTdixaY9u27ZYX-bJyBk.png?width=320&crop=smart&format=pjpg&auto=webp&s=63d8e70b94947942ec6fd09800ee2717cf1a8d67"
      }
    },
    "2020_11_19_en_reddit_reddit__r--nextfuckinglevel--comments--jx0sfk--restaurant_worker_volunteers_to_help_a": {
      "id": "2020_11_19_en_reddit_reddit__r--nextfuckinglevel--comments--jx0sfk--restaurant_worker_volunteers_to_help_a",
      "url": "https://old.reddit.com/r/nextfuckinglevel/comments/jx0sfk/restaurant_worker_volunteers_to_help_a/",
      "date_published": "2020-11-19T21:17:50.000Z",
      "date_modified": "2020-11-19T21:17:50.000Z",
      "_original_published": "2020-11-19T21:17:50.000Z",
      "_original_language": "en",
      "_translations": {
        "en": {
          "title": "Restaurant worker volunteers to help a handicapped person while he eats. Going above and beyond duty."
        },
        "zh-Hans": {
          "title": "餐厅工作人员自愿在残疾人用餐时帮助他。超越职责，超越职责。"
        },
        "zh-Hant": {
          "title": "餐廳工作人員自願在殘疾人用餐時幫助他。超越職責，超越職責。"
        }
      },
      "tags": [
        "nextfuckinglevel"
      ],
      "authors": [
        {
          "name": "NewCarthagea",
          "url": "https://old.reddit.com/user/NewCarthagea"
        }
      ],
      "_links": [
        {
          "url": "https://old.reddit.com/r/nextfuckinglevel/comments/jx0sfk/restaurant_worker_volunteers_to_help_a/",
          "name": "&uarr;75517 votes"
        }
      ],
      "image": "https://external-preview.redd.it/btYZ3mBpU1E-SZB6cymIaeuFyn2ArxFK35oFbWvaxPg.png?width=960&crop=smart&format=pjpg&auto=webp&s=aaf9206b19f105da863f52740dd80508c59164e9",
      "_video": {
        "sources": [
          {
            "url": "https://v.redd.it/816wuc85i6061/DASH_720.mp4?source=fallback"
          }
        ],
        "width": 720,
        "height": 720,
        "poster": "https://external-preview.redd.it/btYZ3mBpU1E-SZB6cymIaeuFyn2ArxFK35oFbWvaxPg.png?width=960&crop=smart&format=pjpg&auto=webp&s=aaf9206b19f105da863f52740dd80508c59164e9"
      }
    }
  }
}
