{
  "id": "2022_05_18_en_reddit_reddit__r--Unexpected--comments--us49af--the_jimmy_neutron_arc_i_wanna_see",
  "url": "https://old.reddit.com/r/Unexpected/comments/us49af/the_jimmy_neutron_arc_i_wanna_see/",
  "date_published": "2022-05-19T02:01:50.000Z",
  "date_modified": "2022-05-19T02:01:50.000Z",
  "_original_published": "2022-05-18T03:59:23.000Z",
  "_original_language": "en",
  "_translations": {
    "en": {
      "title": "the jimmy neutron arc i wanna see"
    },
    "zh-Hans": {
      "title": "我想看的吉米-中子的弧线"
    },
    "zh-Hant": {
      "title": "我想看的吉米-中子的弧線"
    },
    "ja": {
      "title": "ジミー・ニュートロン・アークが見たい。"
    }
  },
  "tags": [
    "Unexpected"
  ],
  "authors": [
    {
      "name": "HungryKidInAfrica",
      "url": "https://old.reddit.com/user/HungryKidInAfrica"
    }
  ],
  "_links": [
    {
      "url": "https://old.reddit.com/r/Unexpected/comments/us49af/the_jimmy_neutron_arc_i_wanna_see/",
      "name": "&uarr;76356 votes"
    }
  ],
  "image": "https://external-preview.redd.it/YPbrwf2WikpHCXoH3qPKoO6ZshaYk9oaxsXdPo6NFWQ.png?width=320&amp;crop=smart&amp;format=pjpg&amp;auto=webp&amp;s=055bdb9520acd06c39576d543d8cd6c794eb4b55",
  "_video": {
    "sources": [
      {
        "url": "https://v.redd.it/pcae9c6mq5091/DASH_720.mp4?source=fallback"
      }
    ],
    "width": 405,
    "height": 720,
    "poster": "https://external-preview.redd.it/YPbrwf2WikpHCXoH3qPKoO6ZshaYk9oaxsXdPo6NFWQ.png?width=320&amp;crop=smart&amp;format=pjpg&amp;auto=webp&amp;s=055bdb9520acd06c39576d543d8cd6c794eb4b55"
  }
}
