{
  "id": "2022_05_18_en_reddit_reddit__r--meirl--comments--usdevq--meirl",
  "url": "https://old.reddit.com/r/meirl/comments/usdevq/meirl/",
  "date_published": "2022-05-19T05:15:26.000Z",
  "date_modified": "2022-05-19T05:15:26.000Z",
  "_original_published": "2022-05-18T13:50:37.000Z",
  "_original_language": "en",
  "_translations": {
    "en": {
      "title": "meirl"
    },
    "ja": {
      "title": "ミール"
    },
    "zh-Hans": {
      "title": "我的女孩"
    },
    "zh-Hant": {
      "title": "我的女孩"
    }
  },
  "tags": [
    "meirl"
  ],
  "authors": [
    {
      "name": "_Xyreo_",
      "url": "https://old.reddit.com/user/_Xyreo_"
    }
  ],
  "_links": [
    {
      "url": "https://old.reddit.com/r/meirl/comments/usdevq/meirl/",
      "name": "&uarr;75648 votes"
    }
  ],
  "image": "https://preview.redd.it/koguuikro8091.gif?width=320&amp;crop=smart&amp;format=png8&amp;s=4bc04338f42550a11b400b661e934ee23c18bfa5",
  "_video": {
    "sources": [
      {
        "url": "https://preview.redd.it/koguuikro8091.gif?format=mp4&amp;s=4eaa7b0479d3c8613fcdd1ad0724479818f5eb63"
      }
    ],
    "width": 510,
    "height": 510,
    "poster": "https://preview.redd.it/koguuikro8091.gif?width=320&amp;crop=smart&amp;format=png8&amp;s=4bc04338f42550a11b400b661e934ee23c18bfa5"
  }
}
