{
  "id": "2022_05_18_en_reddit_reddit__r--Damnthatsinteresting--comments--uskcia--a_true_unsung_hero",
  "url": "https://old.reddit.com/r/Damnthatsinteresting/comments/uskcia/a_true_unsung_hero/",
  "date_published": "2022-05-19T02:01:50.000Z",
  "date_modified": "2022-05-19T02:01:50.000Z",
  "_original_published": "2022-05-18T19:11:05.000Z",
  "_original_language": "en",
  "_translations": {
    "en": {
      "title": "A true unsung hero"
    },
    "zh-Hans": {
      "title": "一个真正的无名英雄"
    },
    "zh-Hant": {
      "title": "一個真正的無名英雄"
    },
    "ja": {
      "title": "まさに縁の下の力持ち"
    }
  },
  "tags": [
    "Damnthatsinteresting"
  ],
  "authors": [
    {
      "name": "avhir0ck",
      "url": "https://old.reddit.com/user/avhir0ck"
    }
  ],
  "_links": [
    {
      "url": "https://old.reddit.com/r/Damnthatsinteresting/comments/uskcia/a_true_unsung_hero/",
      "name": "&uarr;77327 votes"
    }
  ],
  "image": "https://preview.redd.it/9tnlo7uy9a091.jpg?width=320&amp;crop=smart&amp;auto=webp&amp;s=7336c98929b7c84204d9b0133f53a37e38155689"
}
