{
  "id": "2022_05_18_en_reddit_reddit__r--WhitePeopleTwitter--comments--urzz96--time_to_kick_that_wrinkly_ass_old_turtle_out_of",
  "url": "https://old.reddit.com/r/WhitePeopleTwitter/comments/urzz96/time_to_kick_that_wrinkly_ass_old_turtle_out_of/",
  "date_published": "2022-05-18T09:56:15.000Z",
  "date_modified": "2022-05-18T09:56:15.000Z",
  "_original_published": "2022-05-18T00:01:24.000Z",
  "_original_language": "en",
  "_translations": {
    "en": {
      "title": "Time to kick that wrinkly ass old turtle out of the Senate for good!"
    },
    "ja": {
      "title": "あのしわしわの尻の老いぼれを上院から永久に追い出す時が来たのだ!"
    },
    "zh-Hans": {
      "title": "是时候把那只皱巴巴的老乌龟永远踢出参议院了!"
    },
    "zh-Hant": {
      "title": "是時候把那隻皺巴巴的老烏龜永遠踢出參議院了!"
    }
  },
  "tags": [
    "WhitePeopleTwitter"
  ],
  "authors": [
    {
      "name": "DaFunkJunkie",
      "url": "https://old.reddit.com/user/DaFunkJunkie"
    }
  ],
  "_links": [
    {
      "url": "https://old.reddit.com/r/WhitePeopleTwitter/comments/urzz96/time_to_kick_that_wrinkly_ass_old_turtle_out_of/",
      "name": "&uarr;75694 votes"
    }
  ],
  "image": "https://preview.redd.it/lw0a65vuk4091.jpg?width=1080&amp;crop=smart&amp;auto=webp&amp;s=e2813bed251fefd3ec60cc8be78bb713c4033e13"
}
