{
  "id": "2022_05_18_en_reddit_reddit__r--facepalm--comments--usnad9--this_is_getting_really_sad_now",
  "url": "https://old.reddit.com/r/facepalm/comments/usnad9/this_is_getting_really_sad_now/",
  "date_published": "2022-05-19T10:18:59.000Z",
  "date_modified": "2022-05-19T10:18:59.000Z",
  "_original_published": "2022-05-18T21:28:18.000Z",
  "_original_language": "en",
  "_translations": {
    "en": {
      "title": "This is getting really sad now"
    },
    "ja": {
      "title": "これはもう、本当に悲しいことです"
    },
    "zh-Hans": {
      "title": "现在真的越来越悲哀了"
    },
    "zh-Hant": {
      "title": "現在真的越來越悲哀了"
    }
  },
  "tags": [
    "facepalm"
  ],
  "authors": [
    {
      "name": "Whocares_101",
      "url": "https://old.reddit.com/user/Whocares_101"
    }
  ],
  "_links": [
    {
      "url": "https://old.reddit.com/r/facepalm/comments/usnad9/this_is_getting_really_sad_now/",
      "name": "&uarr;75391 votes"
    }
  ],
  "image": "https://preview.redd.it/olq9269eya091.jpg?width=640&amp;crop=smart&amp;auto=webp&amp;s=569949a62a898110fee46d0cae2b2f77e6472f6c"
}
