{
  "id": "2022_05_18_en_reddit_reddit__r--mildlyinfuriating--comments--usm41k--be_me_sitting_in_my_car_having_lunch_watched_a",
  "url": "https://old.reddit.com/r/mildlyinfuriating/comments/usm41k/be_me_sitting_in_my_car_having_lunch_watched_a/",
  "date_published": "2022-05-19T17:26:51.000Z",
  "date_modified": "2022-05-19T17:26:51.000Z",
  "_original_published": "2022-05-18T20:34:05.000Z",
  "_original_language": "en",
  "_translations": {
    "en": {
      "title": "Be me, sitting in my car, having lunch. Watched a woman hit the pole. Called police on me. Claimed I moved the pole to cause her to get into an accident. Had to stay for an hour while the incident was investigated."
    },
    "ja": {
      "title": "車の中で昼食をとっている私である。女性が電柱にぶつかるのを見て 警察に通報された。私が電柱を動かして彼女を事故に遭わせたと主張した。事件が調査される間、1時間滞在しなければならなかった。"
    },
    "zh-Hans": {
      "title": "成为我，坐在我的车里，吃着午餐。看着一个女人撞到电线杆上。打电话给警察告发我。声称我移动了电线杆，导致她出了事故。在对事件进行调查时，我不得不呆了一个小时。"
    },
    "zh-Hant": {
      "title": "成爲我，坐在我的車裏，喫着午餐。看着一個女人撞到電線杆上。打電話給警察告發我。聲稱我移動了電線杆，導致她出了事故。在對事件進行調查時，我不得不呆了一個小時。"
    }
  },
  "tags": [
    "mildlyinfuriating"
  ],
  "authors": [
    {
      "name": "MisterStevieT",
      "url": "https://old.reddit.com/user/MisterStevieT"
    }
  ],
  "_links": [
    {
      "url": "https://old.reddit.com/r/mildlyinfuriating/comments/usm41k/be_me_sitting_in_my_car_having_lunch_watched_a/",
      "name": "&uarr;75066 votes"
    }
  ],
  "image": "https://preview.redd.it/i0j9fzxroa091.jpg?width=1080&amp;crop=smart&amp;auto=webp&amp;s=d663cbb5e98bed704643021dc40f4208045bf157"
}
