{
  "id": "2022_05_18_en_reddit_reddit__r--aww--comments--uscm0i--henry_cavill_and_his_good_boi_kal",
  "url": "https://old.reddit.com/r/aww/comments/uscm0i/henry_cavill_and_his_good_boi_kal/",
  "date_published": "2022-05-19T02:01:50.000Z",
  "date_modified": "2022-05-19T02:01:50.000Z",
  "_original_published": "2022-05-18T13:12:20.000Z",
  "_original_language": "en",
  "_translations": {
    "en": {
      "title": "Henry Cavill and his good boi Kal"
    },
    "zh-Hans": {
      "title": "亨利-卡维尔和他的好兄弟卡尔"
    },
    "zh-Hant": {
      "title": "亨利-卡維爾和他的好兄弟卡爾"
    },
    "ja": {
      "title": "ヘンリー・カヴィルと仲良しのカルちゃん"
    }
  },
  "tags": [
    "aww"
  ],
  "authors": [
    {
      "name": "PaceTheRoom",
      "url": "https://old.reddit.com/user/PaceTheRoom"
    }
  ],
  "_links": [
    {
      "url": "https://old.reddit.com/r/aww/comments/uscm0i/henry_cavill_and_his_good_boi_kal/",
      "name": "&uarr;77808 votes"
    }
  ],
  "image": "https://preview.redd.it/reszamoyh8091.jpg?width=1080&amp;crop=smart&amp;auto=webp&amp;s=ec14cad0ac490b0aa30f84b2d0a77a27255682c9"
}
