{
  "id": "2022_05_18_en_reddit_reddit__r--meirl--comments--usada7--meirl",
  "url": "https://old.reddit.com/r/meirl/comments/usada7/meirl/",
  "date_published": "2022-05-18T23:09:06.000Z",
  "date_modified": "2022-05-18T23:09:06.000Z",
  "_original_published": "2022-05-18T11:09:52.000Z",
  "_original_language": "en",
  "_translations": {
    "en": {
      "title": "meirl"
    },
    "ja": {
      "title": "ミール"
    },
    "zh-Hans": {
      "title": "我的女孩"
    },
    "zh-Hant": {
      "title": "我的女孩"
    }
  },
  "tags": [
    "meirl"
  ],
  "authors": [
    {
      "name": "SnooCupcakes8607",
      "url": "https://old.reddit.com/user/SnooCupcakes8607"
    }
  ],
  "_links": [
    {
      "url": "https://old.reddit.com/r/meirl/comments/usada7/meirl/",
      "name": "&uarr;76179 votes"
    }
  ],
  "image": "https://preview.redd.it/8knym5y3w7091.gif?width=320&amp;crop=smart&amp;format=png8&amp;s=1711c184801878b24be62d3ef10e1ebb3754e58c",
  "_video": {
    "sources": [
      {
        "url": "https://preview.redd.it/8knym5y3w7091.gif?format=mp4&amp;s=f4bccbb06f8e5b7d9efacfac1225c8b2d40cc797"
      }
    ],
    "width": 600,
    "height": 417,
    "poster": "https://preview.redd.it/8knym5y3w7091.gif?width=320&amp;crop=smart&amp;format=png8&amp;s=1711c184801878b24be62d3ef10e1ebb3754e58c"
  }
}
