{
  "id": "2022_05_18_en_reddit_reddit__r--nextfuckinglevel--comments--us1d4a--this_guy_made_straightforward_ad_for_his_umbrella",
  "url": "https://old.reddit.com/r/nextfuckinglevel/comments/us1d4a/this_guy_made_straightforward_ad_for_his_umbrella/",
  "date_published": "2022-05-18T10:47:03.000Z",
  "date_modified": "2022-05-18T10:47:03.000Z",
  "_original_published": "2022-05-18T01:15:50.000Z",
  "_original_language": "en",
  "_translations": {
    "en": {
      "title": "This guy made straightforward ad for his umbrella"
    },
    "ja": {
      "title": "この人は傘のためにまっすぐな広告を作った"
    },
    "zh-Hans": {
      "title": "这个人为他的雨伞做了直接的广告"
    },
    "zh-Hant": {
      "title": "這個人爲他的雨傘做了直接的廣告"
    }
  },
  "tags": [
    "nextfuckinglevel"
  ],
  "authors": [
    {
      "name": "TheUncoveredDialect",
      "url": "https://old.reddit.com/user/TheUncoveredDialect"
    }
  ],
  "_links": [
    {
      "url": "https://old.reddit.com/r/nextfuckinglevel/comments/us1d4a/this_guy_made_straightforward_ad_for_his_umbrella/",
      "name": "&uarr;75666 votes"
    }
  ],
  "image": "https://external-preview.redd.it/DWwq-3X0BpR2xvYSche4vFlpJ7juBiNAb74kiEEXhX8.png?width=320&amp;crop=smart&amp;format=pjpg&amp;auto=webp&amp;s=4b5d34cf7d94101f1e801dcc3cd89a8f366fde37",
  "_video": {
    "sources": [
      {
        "url": "https://v.redd.it/20aw6784y4091/DASH_480.mp4?source=fallback"
      }
    ],
    "width": 384,
    "height": 480,
    "poster": "https://external-preview.redd.it/DWwq-3X0BpR2xvYSche4vFlpJ7juBiNAb74kiEEXhX8.png?width=320&amp;crop=smart&amp;format=pjpg&amp;auto=webp&amp;s=4b5d34cf7d94101f1e801dcc3cd89a8f366fde37"
  }
}
