{
  "id": "2022_05_18_en_reddit_reddit__r--KitchenConfidential--comments--usqcr1--after_close_to_10_years_of_working_in_the_food",
  "url": "https://old.reddit.com/r/KitchenConfidential/comments/usqcr1/after_close_to_10_years_of_working_in_the_food/",
  "date_published": "2022-05-19T20:14:15.000Z",
  "date_modified": "2022-05-19T20:14:15.000Z",
  "_original_published": "2022-05-18T23:58:43.000Z",
  "_original_language": "en",
  "_translations": {
    "en": {
      "title": "After close to 10 years of working in the food industry, I just purchased a convenient store that I’m gonna turn into a Brick oven Pizza restaurant! WISH ME LUCK!"
    },
    "ja": {
      "title": "10年近く食品業界で働いた後、コンビニエンスストアを購入し、煉瓦窯ピザのレストランにするつもりです。よろしくお願いします。"
    },
    "zh-Hans": {
      "title": "在食品行业工作了近10年后，我刚刚购买了一家便利店，我要把它变成一家砖炉比萨店！我的目标是把它变成一个新的餐厅。祝我好运吧!"
    },
    "zh-Hant": {
      "title": "在食品行業工作了近10年後，我剛剛購買了一家便利店，我要把它變成一家磚爐比薩店！我的目標是把它變成一個新的餐廳。祝我好運吧!"
    }
  },
  "tags": [
    "KitchenConfidential"
  ],
  "authors": [
    {
      "name": "cardbroke",
      "url": "https://old.reddit.com/user/cardbroke"
    }
  ],
  "_links": [
    {
      "url": "https://old.reddit.com/r/KitchenConfidential/comments/usqcr1/after_close_to_10_years_of_working_in_the_food/",
      "name": "&uarr;75006 votes"
    }
  ],
  "image": "https://preview.redd.it/rw1gbteapb091.jpg?width=1080&amp;crop=smart&amp;auto=webp&amp;s=d8d29d0cd6f977b7a879b578bdbaf922f83d5994"
}
