{
  "id": "2022_05_18_en_reddit_reddit__r--news--comments--usminz--colorado_supreme_court_rules_in_favor_of_woman",
  "url": "https://old.reddit.com/r/news/comments/usminz/colorado_supreme_court_rules_in_favor_of_woman/",
  "date_published": "2022-05-19T14:09:06.000Z",
  "date_modified": "2022-05-19T14:09:06.000Z",
  "_original_published": "2022-05-18T20:52:55.000Z",
  "_original_language": "en",
  "_translations": {
    "en": {
      "title": "Colorado Supreme Court rules in favor of woman who expected to pay $1,337 for surgery but was charged $303,709"
    },
    "ja": {
      "title": "コロラド州最高裁判所、手術代1,337ドルを見込んでいたのに303,709ドルを請求された女性に有利な判決"
    },
    "zh-Hans": {
      "title": "科罗拉多州最高法院作出有利于妇女的裁决，她预计支付1337美元的手术费，但被收取303,709美元的费用"
    },
    "zh-Hant": {
      "title": "科羅拉多州最高法院作出有利於婦女的裁決，她預計支付1337美元的手術費，但被收取303,709美元的費用"
    }
  },
  "tags": [
    "news"
  ],
  "authors": [
    {
      "name": "PotRoastPotato",
      "url": "https://old.reddit.com/user/PotRoastPotato"
    }
  ],
  "_links": [
    {
      "url": "https://old.reddit.com/r/news/comments/usminz/colorado_supreme_court_rules_in_favor_of_woman/",
      "name": "&uarr;76237 votes"
    }
  ],
  "image": "https://external-preview.redd.it/2okaKek8K9ASvAL2GbZx9mG02xGLtKRnybRZJIPN2lI.jpg?width=960&amp;crop=smart&amp;auto=webp&amp;s=7c324601f1994d68df25e42ad8bfdaa9d1118e4b"
}
