{
  "id": "2022_05_18_en_reddit_reddit__r--Unexpected--comments--us8alo--what_a_catastrophe",
  "url": "https://old.reddit.com/r/Unexpected/comments/us8alo/what_a_catastrophe/",
  "date_published": "2022-05-18T23:09:06.000Z",
  "date_modified": "2022-05-18T23:09:06.000Z",
  "_original_published": "2022-05-18T08:39:58.000Z",
  "_original_language": "en",
  "_translations": {
    "en": {
      "title": "what a catastrophe"
    },
    "ja": {
      "title": "なんじゃこりゃあああああああああああああああああああああああああ"
    },
    "zh-Hans": {
      "title": "大祸临头"
    },
    "zh-Hant": {
      "title": "大禍臨頭"
    }
  },
  "tags": [
    "Unexpected"
  ],
  "authors": [
    {
      "name": "_DogTits_",
      "url": "https://old.reddit.com/user/_DogTits_"
    }
  ],
  "_links": [
    {
      "url": "https://old.reddit.com/r/Unexpected/comments/us8alo/what_a_catastrophe/",
      "name": "&uarr;75614 votes"
    }
  ],
  "image": "https://external-preview.redd.it/zdKYZRMTh0CX2KpM4_BTgfnorPhFYh0jNC-hahmcpJI.png?width=1080&amp;crop=smart&amp;format=pjpg&amp;auto=webp&amp;s=48968c7f56de38edae1933d094e4baeebf19b2b1",
  "_video": {
    "sources": [
      {
        "url": "https://v.redd.it/hxhw28mc57091/DASH_720.mp4?source=fallback"
      }
    ],
    "width": 1280,
    "height": 720,
    "poster": "https://external-preview.redd.it/zdKYZRMTh0CX2KpM4_BTgfnorPhFYh0jNC-hahmcpJI.png?width=1080&amp;crop=smart&amp;format=pjpg&amp;auto=webp&amp;s=48968c7f56de38edae1933d094e4baeebf19b2b1"
  }
}
