{
  "items": {
    "2021_07_22_en_reddit_reddit__r--Unexpected--comments--opjite--i_didnt_know_they_could_do_that": {
      "id": "2021_07_22_en_reddit_reddit__r--Unexpected--comments--opjite--i_didnt_know_they_could_do_that",
      "url": "https://old.reddit.com/r/Unexpected/comments/opjite/i_didnt_know_they_could_do_that/",
      "date_published": "2021-07-23T01:11:42.000Z",
      "date_modified": "2021-07-23T01:11:42.000Z",
      "_original_published": "2021-07-22T18:09:52.000Z",
      "_original_language": "en",
      "_translations": {
        "en": {
          "title": "I didnt know they could do that"
        },
        "ja": {
          "title": "こんなことができるなんて知らなかった"
        },
        "zh-Hans": {
          "title": "我不知道他们能做到这一点"
        },
        "zh-Hant": {
          "title": "我不知道他們能做到這一點"
        }
      },
      "tags": [
        "Unexpected"
      ],
      "authors": [
        {
          "name": "days_hadd",
          "url": "https://old.reddit.com/user/days_hadd"
        }
      ],
      "_links": [
        {
          "url": "https://old.reddit.com/r/Unexpected/comments/opjite/i_didnt_know_they_could_do_that/",
          "name": "&uarr;85230 votes"
        }
      ],
      "image": "https://external-preview.redd.it/sDKrGUZAOMgA3hkmAuTE_2ZOFA4lu83s4qqBUrs-qz4.png?width=320&crop=smart&format=pjpg&auto=webp&s=436440983b8995ebbaf723056bc67deacc27113c",
      "_video": {
        "sources": [
          {
            "url": "https://v.redd.it/oqg4hllk1tc71/DASH_480.mp4?source=fallback"
          }
        ],
        "width": 480,
        "height": 480,
        "poster": "https://external-preview.redd.it/sDKrGUZAOMgA3hkmAuTE_2ZOFA4lu83s4qqBUrs-qz4.png?width=320&crop=smart&format=pjpg&auto=webp&s=436440983b8995ebbaf723056bc67deacc27113c"
      }
    },
    "2021_07_17_en_reddit_reddit__r--memes--comments--oma9vd--peak_character_design": {
      "id": "2021_07_17_en_reddit_reddit__r--memes--comments--oma9vd--peak_character_design",
      "url": "https://old.reddit.com/r/memes/comments/oma9vd/peak_character_design/",
      "date_published": "2021-07-18T01:38:50.000Z",
      "date_modified": "2021-07-18T01:38:50.000Z",
      "_original_published": "2021-07-17T18:53:05.000Z",
      "_original_language": "en",
      "_translations": {
        "en": {
          "title": "Peak Character design"
        },
        "ja": {
          "title": "ピーク時のキャラクターデザイン"
        },
        "zh-Hans": {
          "title": "峰值字符设计"
        },
        "zh-Hant": {
          "title": "峯值字符設計"
        }
      },
      "tags": [
        "memes"
      ],
      "authors": [
        {
          "name": "PinuHumayun",
          "url": "https://old.reddit.com/user/PinuHumayun"
        }
      ],
      "_links": [
        {
          "url": "https://old.reddit.com/r/memes/comments/oma9vd/peak_character_design/",
          "name": "&uarr;84845 votes"
        }
      ],
      "image": "https://preview.redd.it/fl2q2grpktb71.jpg?width=960&crop=smart&auto=webp&s=7632336556ff635229f704033d041f159199807f"
    },
    "2021_07_20_en_reddit_reddit__r--memes--comments--oo05sa--i_hear_so_many_new_sounds": {
      "id": "2021_07_20_en_reddit_reddit__r--memes--comments--oo05sa--i_hear_so_many_new_sounds",
      "url": "https://old.reddit.com/r/memes/comments/oo05sa/i_hear_so_many_new_sounds/",
      "date_published": "2021-07-20T17:05:24.000Z",
      "date_modified": "2021-07-20T17:05:24.000Z",
      "_original_published": "2021-07-20T11:25:08.000Z",
      "_original_language": "en",
      "_translations": {
        "en": {
          "title": "I hear so many new sounds"
        },
        "ja": {
          "title": "たくさんの新しい音が聞こえてきます。"
        },
        "zh-Hans": {
          "title": "我听到许多新的声音"
        },
        "zh-Hant": {
          "title": "我聽到許多新的聲音"
        }
      },
      "tags": [
        "memes"
      ],
      "authors": [
        {
          "name": "Androvium",
          "url": "https://old.reddit.com/user/Androvium"
        }
      ],
      "_links": [
        {
          "url": "https://old.reddit.com/r/memes/comments/oo05sa/i_hear_so_many_new_sounds/",
          "name": "&uarr;83995 votes"
        }
      ],
      "image": "https://preview.redd.it/w94w85ijrcc71.jpg?width=320&crop=smart&auto=webp&s=1c3c1d0dc2ebe1e7fa7a70f6b754ef6d94a34840"
    },
    "2021_07_20_en_reddit_reddit__r--interestingasfuck--comments--ooawkq--chicago_skyline_visible_from_nearly_50_miles_away": {
      "id": "2021_07_20_en_reddit_reddit__r--interestingasfuck--comments--ooawkq--chicago_skyline_visible_from_nearly_50_miles_away",
      "url": "https://old.reddit.com/r/interestingasfuck/comments/ooawkq/chicago_skyline_visible_from_nearly_50_miles_away/",
      "date_published": "2021-07-21T02:38:36.000Z",
      "date_modified": "2021-07-21T02:38:36.000Z",
      "_original_published": "2021-07-20T20:55:16.000Z",
      "_original_language": "en",
      "_translations": {
        "en": {
          "title": "Chicago skyline visible from nearly 50 miles away in Indiana Dunes sunset."
        },
        "ja": {
          "title": "インディアナ・デューンズの夕焼けの中、約50マイル先に見えるシカゴのスカイライン。"
        },
        "zh-Hans": {
          "title": "在印第安纳沙丘日落时分，从近50英里外可以看到芝加哥的天际线。"
        },
        "zh-Hant": {
          "title": "在印第安納沙丘日落時分，從近50英里外可以看到芝加哥的天際線。"
        }
      },
      "tags": [
        "interestingasfuck"
      ],
      "authors": [
        {
          "name": "wesskywalker",
          "url": "https://old.reddit.com/user/wesskywalker"
        }
      ],
      "_links": [
        {
          "url": "https://old.reddit.com/r/interestingasfuck/comments/ooawkq/chicago_skyline_visible_from_nearly_50_miles_away/",
          "name": "&uarr;82047 votes"
        }
      ],
      "image": "https://preview.redd.it/3l9c6nt9lfc71.jpg?width=1080&crop=smart&auto=webp&s=9611b536bd59dc8f4b6e87975d0bd6f418204972"
    },
    "2021_07_19_en_reddit_reddit__r--pics--comments--onggtd--a_breeder_in_the_netherlands_has_been_working_to": {
      "id": "2021_07_19_en_reddit_reddit__r--pics--comments--onggtd--a_breeder_in_the_netherlands_has_been_working_to",
      "url": "https://old.reddit.com/r/pics/comments/onggtd/a_breeder_in_the_netherlands_has_been_working_to/",
      "date_published": "2021-07-19T20:35:24.000Z",
      "date_modified": "2021-07-19T20:35:24.000Z",
      "_original_published": "2021-07-19T15:35:31.000Z",
      "_original_language": "en",
      "_translations": {
        "en": {
          "title": "A breeder in the Netherlands has been working to make the French Bulldog a \"healthier\" breed."
        },
        "ja": {
          "title": "オランダのブリーダーは、フレンチブルドッグを「より健康的な犬種」にするための活動を行っています。"
        },
        "zh-Hans": {
          "title": "荷兰的一位饲养员一直在努力使法国斗牛犬成为 \"更健康 \"的犬种。"
        },
        "zh-Hant": {
          "title": "荷蘭的一位飼養員一直在努力使法國鬥牛犬成爲 \"更健康 \"的犬種。"
        }
      },
      "tags": [
        "pics"
      ],
      "authors": [
        {
          "name": "Dull_Tonight",
          "url": "https://old.reddit.com/user/Dull_Tonight"
        }
      ],
      "_links": [
        {
          "url": "https://old.reddit.com/r/pics/comments/onggtd/a_breeder_in_the_netherlands_has_been_working_to/",
          "name": "&uarr;81286 votes"
        }
      ],
      "image": "https://preview.redd.it/erdpx5rgt6c71.png?width=640&crop=smart&auto=webp&s=a61235d07c007fa542ebc2558811161b9998c17c"
    },
    "2021_07_19_en_reddit_reddit__r--MadeMeSmile--comments--onajo2--i_am_finally_cancer_free_really_excited_to_live": {
      "id": "2021_07_19_en_reddit_reddit__r--MadeMeSmile--comments--onajo2--i_am_finally_cancer_free_really_excited_to_live",
      "url": "https://old.reddit.com/r/MadeMeSmile/comments/onajo2/i_am_finally_cancer_free_really_excited_to_live/",
      "date_published": "2021-07-19T16:44:12.000Z",
      "date_modified": "2021-07-19T16:44:12.000Z",
      "_original_published": "2021-07-19T09:23:31.000Z",
      "_original_language": "en",
      "_translations": {
        "en": {
          "title": "I am finally Cancer free! Really excited to live life to the fullest and have fun again!"
        },
        "ja": {
          "title": "私はついにキャンサーフリーになりました。人生を精一杯生きて、また楽しみたいと思っています。"
        },
        "zh-Hans": {
          "title": "我终于摆脱了癌症! 真的很兴奋，可以尽情地生活，再次获得乐趣!"
        },
        "zh-Hant": {
          "title": "我終於擺脫了癌症! 真的很興奮，可以盡情地生活，再次獲得樂趣!"
        }
      },
      "tags": [
        "MadeMeSmile"
      ],
      "authors": [
        {
          "name": "BeachMaster2454",
          "url": "https://old.reddit.com/user/BeachMaster2454"
        }
      ],
      "_links": [
        {
          "url": "https://old.reddit.com/r/MadeMeSmile/comments/onajo2/i_am_finally_cancer_free_really_excited_to_live/",
          "name": "&uarr;80502 votes"
        }
      ],
      "image": "https://preview.redd.it/44dpawpx05c71.jpg?width=960&crop=smart&auto=webp&s=85bc814ea114171124a5de6ea640e462e916f698"
    },
    "2021_07_17_en_reddit_reddit__r--funny--comments--oma1a8--the_refs_reaction_is_priceless": {
      "id": "2021_07_17_en_reddit_reddit__r--funny--comments--oma1a8--the_refs_reaction_is_priceless",
      "url": "https://old.reddit.com/r/funny/comments/oma1a8/the_refs_reaction_is_priceless/",
      "date_published": "2021-07-18T01:38:50.000Z",
      "date_modified": "2021-07-18T01:38:50.000Z",
      "_original_published": "2021-07-17T18:40:07.000Z",
      "_original_language": "en",
      "_translations": {
        "en": {
          "title": "The refs reaction is priceless"
        },
        "ja": {
          "title": "審判の反応は貴重だ。"
        },
        "zh-Hans": {
          "title": "裁判员的反应是无价的"
        },
        "zh-Hant": {
          "title": "裁判員的反應是無價的"
        }
      },
      "tags": [
        "funny"
      ],
      "authors": [
        {
          "name": "MomentImmortalizer",
          "url": "https://old.reddit.com/user/MomentImmortalizer"
        }
      ],
      "_links": [
        {
          "url": "https://old.reddit.com/r/funny/comments/oma1a8/the_refs_reaction_is_priceless/",
          "name": "&uarr;80242 votes"
        }
      ],
      "image": "https://external-preview.redd.it/a6zIt1AwYPMye1_cRZdgP6TisAdX929dBEBwmMfSxgw.png?width=640&crop=smart&format=pjpg&auto=webp&s=fee62c91002a9e9e591e1ddb9b51e1b228562761",
      "_video": {
        "sources": [
          {
            "url": "https://v.redd.it/31geb6kditb71/DASH_1080.mp4?source=fallback"
          }
        ],
        "width": 607,
        "height": 1080,
        "poster": "https://external-preview.redd.it/a6zIt1AwYPMye1_cRZdgP6TisAdX929dBEBwmMfSxgw.png?width=640&crop=smart&format=pjpg&auto=webp&s=fee62c91002a9e9e591e1ddb9b51e1b228562761"
      }
    },
    "2021_07_17_en_reddit_reddit__r--memes--comments--olxv8g--gonna_be_an_expensive_coffee": {
      "id": "2021_07_17_en_reddit_reddit__r--memes--comments--olxv8g--gonna_be_an_expensive_coffee",
      "url": "https://old.reddit.com/r/memes/comments/olxv8g/gonna_be_an_expensive_coffee/",
      "date_published": "2021-07-17T12:53:36.000Z",
      "date_modified": "2021-07-17T12:53:36.000Z",
      "_original_published": "2021-07-17T05:04:32.000Z",
      "_original_language": "en",
      "_translations": {
        "en": {
          "title": "Gonna be an expensive coffee."
        },
        "ja": {
          "title": "高価なコーヒーになりそうですね。"
        },
        "zh-Hans": {
          "title": "这将是一种昂贵的咖啡。"
        },
        "zh-Hant": {
          "title": "這將是一種昂貴的咖啡。"
        }
      },
      "tags": [
        "memes"
      ],
      "authors": [
        {
          "name": "OvertCinnamon",
          "url": "https://old.reddit.com/user/OvertCinnamon"
        }
      ],
      "_links": [
        {
          "url": "https://old.reddit.com/r/memes/comments/olxv8g/gonna_be_an_expensive_coffee/",
          "name": "&uarr;80063 votes"
        }
      ],
      "image": "https://preview.redd.it/zpl2pz6igpb71.png?width=640&crop=smart&auto=webp&s=e5e27558573c2b44ab62403808ce46130d087b87"
    },
    "2021_07_19_en_reddit_reddit__r--funny--comments--onc2dk--the_most_intense_garden_sprinkler": {
      "id": "2021_07_19_en_reddit_reddit__r--funny--comments--onc2dk--the_most_intense_garden_sprinkler",
      "url": "https://old.reddit.com/r/funny/comments/onc2dk/the_most_intense_garden_sprinkler/",
      "date_published": "2021-07-19T18:08:22.000Z",
      "date_modified": "2021-07-19T18:08:22.000Z",
      "_original_published": "2021-07-19T11:20:57.000Z",
      "_original_language": "en",
      "_translations": {
        "en": {
          "title": "The most intense garden sprinkler"
        },
        "ja": {
          "title": "最強の庭用スプリンクラー"
        },
        "zh-Hans": {
          "title": "最强烈的花园喷洒器"
        },
        "zh-Hant": {
          "title": "最強烈的花園噴灑器"
        }
      },
      "tags": [
        "funny"
      ],
      "authors": [
        {
          "name": "Met76",
          "url": "https://old.reddit.com/user/Met76"
        }
      ],
      "_links": [
        {
          "url": "https://old.reddit.com/r/funny/comments/onc2dk/the_most_intense_garden_sprinkler/",
          "name": "&uarr;79907 votes"
        }
      ],
      "image": "https://external-preview.redd.it/3e-rmOPBoXaqCrt7uSM5zNQljnZ0SnTB8lmGdRGLZ1U.png?width=640&crop=smart&format=pjpg&auto=webp&s=480d8d2eb27cf6b8cadba0f4b632be85c26a4bf9",
      "_video": {
        "sources": [
          {
            "url": "https://v.redd.it/fumm95url5c71/DASH_1080.mp4?source=fallback"
          }
        ],
        "width": 718,
        "height": 1080,
        "poster": "https://external-preview.redd.it/3e-rmOPBoXaqCrt7uSM5zNQljnZ0SnTB8lmGdRGLZ1U.png?width=640&crop=smart&format=pjpg&auto=webp&s=480d8d2eb27cf6b8cadba0f4b632be85c26a4bf9"
      }
    },
    "2021_07_16_en_reddit_reddit__r--memes--comments--oldgyt--still_love_him_though": {
      "id": "2021_07_16_en_reddit_reddit__r--memes--comments--oldgyt--still_love_him_though",
      "url": "https://old.reddit.com/r/memes/comments/oldgyt/still_love_him_though/",
      "date_published": "2021-07-16T17:08:55.000Z",
      "date_modified": "2021-07-16T17:08:55.000Z",
      "_original_published": "2021-07-16T09:32:23.000Z",
      "_original_language": "en",
      "_translations": {
        "en": {
          "title": "Still love him though."
        },
        "ja": {
          "title": "でも、まだ彼を愛しています。"
        },
        "zh-Hans": {
          "title": "不过还是喜欢他。"
        },
        "zh-Hant": {
          "title": "不過還是喜歡他。"
        }
      },
      "tags": [
        "memes"
      ],
      "authors": [
        {
          "name": "zaien",
          "url": "https://old.reddit.com/user/zaien"
        }
      ],
      "_links": [
        {
          "url": "https://old.reddit.com/r/memes/comments/oldgyt/still_love_him_though/",
          "name": "&uarr;79823 votes"
        }
      ],
      "image": "https://preview.redd.it/lr7qaykrnjb71.jpg?width=960&crop=smart&auto=webp&s=509ed7584fac1a631793a3f2c4357d99b4bf0ebd"
    },
    "2021_07_18_en_reddit_reddit__r--funny--comments--omvvjz--sat_next_to_these_ladies_who_insisted_our_dog": {
      "id": "2021_07_18_en_reddit_reddit__r--funny--comments--omvvjz--sat_next_to_these_ladies_who_insisted_our_dog",
      "url": "https://old.reddit.com/r/funny/comments/omvvjz/sat_next_to_these_ladies_who_insisted_our_dog/",
      "date_published": "2021-07-19T02:17:52.000Z",
      "date_modified": "2021-07-19T02:17:52.000Z",
      "_original_published": "2021-07-18T18:07:32.000Z",
      "_original_language": "en",
      "_translations": {
        "en": {
          "title": "Sat next to these ladies who insisted our dog FaceTime with theirs 🥺"
        },
        "ja": {
          "title": "隣に座っていたおばさんたちは、うちの犬と自分の犬をフェイスタイムさせろと言っていました🥺。"
        },
        "zh-Hans": {
          "title": "坐在这些女士旁边，她们坚持要我们的狗与她们的狗进行FaceTime 🥺。"
        },
        "zh-Hant": {
          "title": "坐在這些女士旁邊，她們堅持要我們的狗與她們的狗進行FaceTime 🥺。"
        }
      },
      "tags": [
        "funny"
      ],
      "authors": [
        {
          "name": "leilavanora",
          "url": "https://old.reddit.com/user/leilavanora"
        }
      ],
      "_links": [
        {
          "url": "https://old.reddit.com/r/funny/comments/omvvjz/sat_next_to_these_ladies_who_insisted_our_dog/",
          "name": "&uarr;79807 votes"
        }
      ],
      "image": "https://preview.redd.it/poq5olhih0c71.jpg?width=1080&crop=smart&auto=webp&s=5cac5368cf053f6e22989d2ea980fb848956acb4"
    },
    "2021_07_17_en_reddit_reddit__r--Damnthatsinteresting--comments--om1xkr--man_with_parkinsons_tries_marijuana_for_the_first": {
      "id": "2021_07_17_en_reddit_reddit__r--Damnthatsinteresting--comments--om1xkr--man_with_parkinsons_tries_marijuana_for_the_first",
      "url": "https://old.reddit.com/r/Damnthatsinteresting/comments/om1xkr/man_with_parkinsons_tries_marijuana_for_the_first/",
      "date_published": "2021-07-17T17:08:06.000Z",
      "date_modified": "2021-07-17T17:08:06.000Z",
      "_original_published": "2021-07-17T10:45:25.000Z",
      "_original_language": "en",
      "_translations": {
        "en": {
          "title": "Man with Parkinson's tries marijuana for the first time"
        },
        "ja": {
          "title": "パーキンソン病の男性が初めてマリファナに挑戦"
        },
        "zh-Hans": {
          "title": "患有帕金森症的男子首次尝试大麻"
        },
        "zh-Hant": {
          "title": "患有帕金森症的男子首次嘗試大麻"
        }
      },
      "tags": [
        "Damnthatsinteresting"
      ],
      "authors": [
        {
          "name": "Peake37902",
          "url": "https://old.reddit.com/user/Peake37902"
        }
      ],
      "_links": [
        {
          "url": "https://old.reddit.com/r/Damnthatsinteresting/comments/om1xkr/man_with_parkinsons_tries_marijuana_for_the_first/",
          "name": "&uarr;79715 votes"
        }
      ],
      "image": "https://external-preview.redd.it/mzMmysSqyZxANY7iSMlDaCTYgHZKaeXvgjjxKBS--ls.png?width=320&crop=smart&format=pjpg&auto=webp&s=cd8faef868bd045f666bbb4c3bd1efa582397843",
      "_video": {
        "sources": [
          {
            "url": "https://v.redd.it/piosn0ml5rb71/DASH_240.mp4?source=fallback"
          }
        ],
        "width": 426,
        "height": 234,
        "poster": "https://external-preview.redd.it/mzMmysSqyZxANY7iSMlDaCTYgHZKaeXvgjjxKBS--ls.png?width=320&crop=smart&format=pjpg&auto=webp&s=cd8faef868bd045f666bbb4c3bd1efa582397843"
      }
    },
    "2021_07_20_en_reddit_reddit__r--gaming--comments--oobbfu--i_got_enough_of_a_grind_at_work": {
      "id": "2021_07_20_en_reddit_reddit__r--gaming--comments--oobbfu--i_got_enough_of_a_grind_at_work",
      "url": "https://old.reddit.com/r/gaming/comments/oobbfu/i_got_enough_of_a_grind_at_work/",
      "date_published": "2021-07-21T04:43:21.000Z",
      "date_modified": "2021-07-21T04:43:21.000Z",
      "_original_published": "2021-07-20T21:15:58.000Z",
      "_original_language": "en",
      "_translations": {
        "en": {
          "title": "I got enough of a grind at work"
        },
        "ja": {
          "title": "仕事での苦労が報われた"
        },
        "zh-Hans": {
          "title": "我的工作已经够辛苦的了"
        },
        "zh-Hant": {
          "title": "我的工作已經夠辛苦的了"
        }
      },
      "tags": [
        "gaming"
      ],
      "authors": [
        {
          "name": "stop_drop_roll",
          "url": "https://old.reddit.com/user/stop_drop_roll"
        }
      ],
      "_links": [
        {
          "url": "https://old.reddit.com/r/gaming/comments/oobbfu/i_got_enough_of_a_grind_at_work/",
          "name": "&uarr;79403 votes"
        }
      ],
      "image": "https://preview.redd.it/vs1wl8pwofc71.jpg?width=640&crop=smart&auto=webp&s=534dbafe51aac6ec08f8a6f9cb21c14a0c5e2ff9"
    },
    "2021_07_20_en_reddit_reddit__r--pics--comments--onzumx--a_preview_of_jeff_bezos_rocket_launch_today": {
      "id": "2021_07_20_en_reddit_reddit__r--pics--comments--onzumx--a_preview_of_jeff_bezos_rocket_launch_today",
      "url": "https://old.reddit.com/r/pics/comments/onzumx/a_preview_of_jeff_bezos_rocket_launch_today/",
      "date_published": "2021-07-20T17:33:45.000Z",
      "date_modified": "2021-07-20T17:33:45.000Z",
      "_original_published": "2021-07-20T11:02:58.000Z",
      "_original_language": "en",
      "_translations": {
        "en": {
          "title": "A preview of Jeff Bezos’ rocket launch today."
        },
        "ja": {
          "title": "ジェフ・ベゾスが本日行うロケット打ち上げのプレビューです。"
        },
        "zh-Hans": {
          "title": "杰夫-贝佐斯今天的火箭发射预告。"
        },
        "zh-Hant": {
          "title": "傑夫-貝佐斯今天的火箭發射預告。"
        }
      },
      "tags": [
        "pics"
      ],
      "authors": [
        {
          "name": "JCP5887",
          "url": "https://old.reddit.com/user/JCP5887"
        }
      ],
      "_links": [
        {
          "url": "https://old.reddit.com/r/pics/comments/onzumx/a_preview_of_jeff_bezos_rocket_launch_today/",
          "name": "&uarr;78789 votes"
        }
      ],
      "image": "https://external-preview.redd.it/j1yFEvxbEI7pIRt_6qGYQw8JiXpOMUikjWo2aGHOPrk.jpg?width=320&crop=smart&auto=webp&s=01de615832503ed68809940628491543cb52879a"
    },
    "2021_07_21_en_reddit_reddit__r--funny--comments--oop82m--its_the_same_picture": {
      "id": "2021_07_21_en_reddit_reddit__r--funny--comments--oop82m--its_the_same_picture",
      "url": "https://old.reddit.com/r/funny/comments/oop82m/its_the_same_picture/",
      "date_published": "2021-07-21T20:59:10.000Z",
      "date_modified": "2021-07-21T20:59:10.000Z",
      "_original_published": "2021-07-21T12:50:35.000Z",
      "_original_language": "en",
      "_translations": {
        "en": {
          "title": "It's the same picture"
        },
        "ja": {
          "title": "同じ写真です"
        },
        "zh-Hans": {
          "title": "这是同一张照片"
        },
        "zh-Hant": {
          "title": "這是同一張照片"
        }
      },
      "tags": [
        "funny"
      ],
      "authors": [
        {
          "name": "PietroTheRedditer",
          "url": "https://old.reddit.com/user/PietroTheRedditer"
        }
      ],
      "_links": [
        {
          "url": "https://old.reddit.com/r/funny/comments/oop82m/its_the_same_picture/",
          "name": "&uarr;77976 votes"
        }
      ],
      "image": "https://external-preview.redd.it/dMxFQ_nyat-z4PPr6Xst5PqbYLcli1CcCrgQn1Nr_gM.png?width=640&crop=smart&format=pjpg&auto=webp&s=b83c19cf6a8bc0b59b9884f98770739f2f0ad726",
      "_video": {
        "sources": [
          {
            "url": "https://v.redd.it/2y8jfqvobkc71/DASH_720.mp4?source=fallback"
          }
        ],
        "width": 576,
        "height": 720,
        "poster": "https://external-preview.redd.it/dMxFQ_nyat-z4PPr6Xst5PqbYLcli1CcCrgQn1Nr_gM.png?width=640&crop=smart&format=pjpg&auto=webp&s=b83c19cf6a8bc0b59b9884f98770739f2f0ad726"
      }
    },
    "2021_07_17_en_reddit_reddit__r--pics--comments--om2xtw--ive_collected_hundreds_of_plastic_bottles": {
      "id": "2021_07_17_en_reddit_reddit__r--pics--comments--om2xtw--ive_collected_hundreds_of_plastic_bottles",
      "url": "https://old.reddit.com/r/pics/comments/om2xtw/ive_collected_hundreds_of_plastic_bottles/",
      "date_published": "2021-07-17T18:29:34.000Z",
      "date_modified": "2021-07-17T18:29:34.000Z",
      "_original_published": "2021-07-17T12:02:57.000Z",
      "_original_language": "en",
      "_translations": {
        "en": {
          "title": "I’ve collected hundreds of plastic bottles floating in this lake!"
        },
        "ja": {
          "title": "この湖に浮かんでいるペットボトルを何百本も集めましたよ。"
        },
        "zh-Hans": {
          "title": "我已经收集了数百个漂浮在这个湖里的塑料瓶!"
        },
        "zh-Hant": {
          "title": "我已經收集了數百個漂浮在這個湖裏的塑料瓶!"
        }
      },
      "tags": [
        "pics"
      ],
      "authors": [
        {
          "name": "Daniel_Toben",
          "url": "https://old.reddit.com/user/Daniel_Toben"
        }
      ],
      "_links": [
        {
          "url": "https://old.reddit.com/r/pics/comments/om2xtw/ive_collected_hundreds_of_plastic_bottles/",
          "name": "&uarr;77911 votes"
        }
      ],
      "image": "https://preview.redd.it/z2xs4g8kjrb71.jpg?width=1080&crop=smart&auto=webp&s=69aa094f9b92deceba5fd52904a05de51b6ce88d"
    },
    "2021_07_22_en_reddit_reddit__r--memes--comments--opa7jv--he_was_born_there": {
      "id": "2021_07_22_en_reddit_reddit__r--memes--comments--opa7jv--he_was_born_there",
      "url": "https://old.reddit.com/r/memes/comments/opa7jv/he_was_born_there/",
      "date_published": "2021-07-22T14:50:46.000Z",
      "date_modified": "2021-07-22T14:50:46.000Z",
      "_original_published": "2021-07-22T09:11:30.000Z",
      "_original_language": "en",
      "_translations": {
        "en": {
          "title": "He was born there..."
        },
        "ja": {
          "title": "彼はそこで生まれた...。"
        },
        "zh-Hans": {
          "title": "他在那里出生..."
        },
        "zh-Hant": {
          "title": "他在那裏出生..."
        }
      },
      "tags": [
        "memes"
      ],
      "authors": [
        {
          "name": "ADAMWARLOCK707",
          "url": "https://old.reddit.com/user/ADAMWARLOCK707"
        }
      ],
      "_links": [
        {
          "url": "https://old.reddit.com/r/memes/comments/opa7jv/he_was_born_there/",
          "name": "&uarr;77665 votes"
        }
      ],
      "image": "https://preview.redd.it/c2vx732jdqc71.gif?width=320&crop=smart&format=png8&s=e1ccf480d1a0784f37d36285d0b19d1a59a07cea",
      "_video": {
        "sources": [
          {
            "url": "https://preview.redd.it/c2vx732jdqc71.gif?format=mp4&s=f159d1a0d8b4ba13b2163f286cceaa2b5402097c"
          }
        ],
        "width": 480,
        "height": 522,
        "poster": "https://preview.redd.it/c2vx732jdqc71.gif?width=320&crop=smart&format=png8&s=e1ccf480d1a0784f37d36285d0b19d1a59a07cea"
      }
    },
    "2021_07_20_en_reddit_reddit__r--dankmemes--comments--oo241d--once_in_a_lifetime_opportunity": {
      "id": "2021_07_20_en_reddit_reddit__r--dankmemes--comments--oo241d--once_in_a_lifetime_opportunity",
      "url": "https://old.reddit.com/r/dankmemes/comments/oo241d/once_in_a_lifetime_opportunity/",
      "date_published": "2021-07-20T21:13:56.000Z",
      "date_modified": "2021-07-20T21:13:56.000Z",
      "_original_published": "2021-07-20T13:33:13.000Z",
      "_original_language": "en",
      "_translations": {
        "en": {
          "title": "Once in a lifetime opportunity"
        },
        "ja": {
          "title": "一生に一度のチャンス"
        },
        "zh-Hans": {
          "title": "一生一次的机会"
        },
        "zh-Hant": {
          "title": "一生一次的機會"
        }
      },
      "tags": [
        "dankmemes"
      ],
      "authors": [
        {
          "name": "TheBrownMamba8",
          "url": "https://old.reddit.com/user/TheBrownMamba8"
        }
      ],
      "_links": [
        {
          "url": "https://old.reddit.com/r/dankmemes/comments/oo241d/once_in_a_lifetime_opportunity/",
          "name": "&uarr;77639 votes"
        }
      ],
      "image": "https://preview.redd.it/rnm78goeedc71.jpg?width=640&crop=smart&auto=webp&s=04cc2be4e2097d38be0e6a0713bccee6d7d9eabe"
    },
    "2021_07_18_en_reddit_reddit__r--MadeMeSmile--comments--omwgh9--mans_family_surprised_him_with_a_new_puppy": {
      "id": "2021_07_18_en_reddit_reddit__r--MadeMeSmile--comments--omwgh9--mans_family_surprised_him_with_a_new_puppy",
      "url": "https://old.reddit.com/r/MadeMeSmile/comments/omwgh9/mans_family_surprised_him_with_a_new_puppy/",
      "date_published": "2021-07-19T02:43:18.000Z",
      "date_modified": "2021-07-19T02:43:18.000Z",
      "_original_published": "2021-07-18T18:37:07.000Z",
      "_original_language": "en",
      "_translations": {
        "en": {
          "title": "Man's family surprised him with a new puppy."
        },
        "ja": {
          "title": "男性の家族は、彼に新しい子犬をサプライズで与えました。"
        },
        "zh-Hans": {
          "title": "男子的家人给了他一个新小狗的惊喜。"
        },
        "zh-Hant": {
          "title": "男子的家人給了他一個新小狗的驚喜。"
        }
      },
      "tags": [
        "MadeMeSmile"
      ],
      "authors": [
        {
          "name": "Thryloz",
          "url": "https://old.reddit.com/user/Thryloz"
        }
      ],
      "_links": [
        {
          "url": "https://old.reddit.com/r/MadeMeSmile/comments/omwgh9/mans_family_surprised_him_with_a_new_puppy/",
          "name": "&uarr;77581 votes"
        }
      ],
      "image": "https://external-preview.redd.it/ty8BJ0LSe4dh2Du-igi0WkiI6C5r33HxJeW7cV8R_3A.png?width=640&crop=smart&format=pjpg&auto=webp&s=b3c59485818a6ca1190db6fc7f6e5baf21f24b7f",
      "_video": {
        "sources": [
          {
            "url": "https://v.redd.it/zzdyhbwqm0c71/DASH_720.mp4?source=fallback"
          }
        ],
        "width": 822,
        "height": 720,
        "poster": "https://external-preview.redd.it/ty8BJ0LSe4dh2Du-igi0WkiI6C5r33HxJeW7cV8R_3A.png?width=640&crop=smart&format=pjpg&auto=webp&s=b3c59485818a6ca1190db6fc7f6e5baf21f24b7f"
      }
    },
    "2021_07_20_en_reddit_reddit__r--PublicFreakout--comments--oo4157--tampa_bay_rays_game_last_night_had_some": {
      "id": "2021_07_20_en_reddit_reddit__r--PublicFreakout--comments--oo4157--tampa_bay_rays_game_last_night_had_some",
      "url": "https://old.reddit.com/r/PublicFreakout/comments/oo4157/tampa_bay_rays_game_last_night_had_some/",
      "date_published": "2021-07-21T02:08:09.000Z",
      "date_modified": "2021-07-21T02:08:09.000Z",
      "_original_published": "2021-07-20T15:15:22.000Z",
      "_original_language": "en",
      "_translations": {
        "en": {
          "title": "Tampa Bay Rays game last night had some entertainment"
        },
        "ja": {
          "title": "昨晩のTampa Bay Raysの試合は、いくつかのエンターテイメントがありました。"
        },
        "zh-Hans": {
          "title": "坦帕湾鳐鱼队昨晚的比赛有一些娱乐活动"
        },
        "zh-Hant": {
          "title": "坦帕灣鰩魚隊昨晚的比賽有一些娛樂活動"
        }
      },
      "tags": [
        "PublicFreakout"
      ],
      "authors": [
        {
          "name": "DZepperoni",
          "url": "https://old.reddit.com/user/DZepperoni"
        }
      ],
      "_links": [
        {
          "url": "https://old.reddit.com/r/PublicFreakout/comments/oo4157/tampa_bay_rays_game_last_night_had_some/",
          "name": "&uarr;77534 votes"
        }
      ],
      "image": "https://external-preview.redd.it/WjMKYDFkW7qd95HLRbTGaaV4E_yTS58sd25xtEqccYM.png?width=1080&crop=smart&format=pjpg&auto=webp&s=0886a78e6fce551a721cb76f1ceaf25acbccb37a",
      "_video": {
        "sources": [
          {
            "url": "https://v.redd.it/8rwg90xjwdc71/DASH_1080.mp4?source=fallback"
          }
        ],
        "width": 607,
        "height": 1080,
        "poster": "https://external-preview.redd.it/WjMKYDFkW7qd95HLRbTGaaV4E_yTS58sd25xtEqccYM.png?width=1080&crop=smart&format=pjpg&auto=webp&s=0886a78e6fce551a721cb76f1ceaf25acbccb37a"
      }
    }
  }
}
