{
  "items": {
    "2022_08_08_en_reddit_reddit__r--news--comments--wjmxvt--fbi_executes_search_warrant_at_trumps_maralago": {
      "id": "2022_08_08_en_reddit_reddit__r--news--comments--wjmxvt--fbi_executes_search_warrant_at_trumps_maralago",
      "url": "https://old.reddit.com/r/news/comments/wjmxvt/fbi_executes_search_warrant_at_trumps_maralago/",
      "date_published": "2022-08-09T03:03:41.000Z",
      "date_modified": "2022-08-09T03:03:41.000Z",
      "_original_published": "2022-08-08T23:00:02.000Z",
      "_original_language": "en",
      "_translations": {
        "en": {
          "title": "FBI executes search warrant at Trump's Mar-a-Lago"
        },
        "ja": {
          "title": "FBIがトランプ大統領のマール・ア・ラーゴで捜査令状を執行"
        },
        "zh-Hans": {
          "title": "美国联邦调查局在特朗普的马拉戈执行搜查令"
        },
        "zh-Hant": {
          "title": "美國聯邦調查局在特朗普的馬拉戈執行搜查令"
        }
      },
      "tags": [
        "news"
      ],
      "authors": [
        {
          "name": "lemming-leader12",
          "url": "https://old.reddit.com/user/lemming-leader12"
        }
      ],
      "_links": [
        {
          "url": "https://old.reddit.com/r/news/comments/wjmxvt/fbi_executes_search_warrant_at_trumps_maralago/",
          "name": "&uarr;89377 votes"
        }
      ],
      "image": "https://external-preview.redd.it/H1KneXaCWZ6dcRYNfVeTxqL1TJ22tqDSBC4zOpmv_zM.jpg?width=1080&amp;crop=smart&amp;auto=webp&amp;s=93e4344508a7699ab69905657290a70d045fc34d"
    },
    "2022_08_06_en_reddit_reddit__r--nextfuckinglevel--comments--whrlu3--saving_a_struggling_person_from_being_washed_away": {
      "id": "2022_08_06_en_reddit_reddit__r--nextfuckinglevel--comments--whrlu3--saving_a_struggling_person_from_being_washed_away",
      "url": "https://old.reddit.com/r/nextfuckinglevel/comments/whrlu3/saving_a_struggling_person_from_being_washed_away/",
      "date_published": "2022-08-07T03:10:18.000Z",
      "date_modified": "2022-08-07T03:10:18.000Z",
      "_original_published": "2022-08-06T15:59:18.000Z",
      "_original_language": "en",
      "_translations": {
        "en": {
          "title": "Saving a struggling person from being washed away by raging river"
        },
        "ja": {
          "title": "激流で流されそうになっている人を助ける"
        },
        "zh-Hans": {
          "title": "拯救一个正在挣扎的人免于被汹涌的河流冲走"
        },
        "zh-Hant": {
          "title": "拯救一個正在掙扎的人免於被洶湧的河流沖走"
        }
      },
      "tags": [
        "nextfuckinglevel"
      ],
      "authors": [
        {
          "name": "flyingcatwithhorns",
          "url": "https://old.reddit.com/user/flyingcatwithhorns"
        }
      ],
      "_links": [
        {
          "url": "https://old.reddit.com/r/nextfuckinglevel/comments/whrlu3/saving_a_struggling_person_from_being_washed_away/",
          "name": "&uarr;82076 votes"
        }
      ],
      "image": "https://external-preview.redd.it/JttdXkCv_J2gBBr6iwFQqX_x0dNGw5roN2v3zRjTGBE.png?width=320&amp;crop=smart&amp;format=pjpg&amp;auto=webp&amp;s=a2d4fce68fc3d42731afdbe4ee3184ee703959e1",
      "_video": {
        "sources": [
          {
            "url": "https://v.redd.it/5wlvrycd84g91/DASH_480.mp4?source=fallback"
          }
        ],
        "width": 326,
        "height": 480,
        "poster": "https://external-preview.redd.it/JttdXkCv_J2gBBr6iwFQqX_x0dNGw5roN2v3zRjTGBE.png?width=320&amp;crop=smart&amp;format=pjpg&amp;auto=webp&amp;s=a2d4fce68fc3d42731afdbe4ee3184ee703959e1"
      }
    },
    "2022_08_07_en_reddit_reddit__r--funny--comments--wim1n1--undoubtedly_the_best_photo_i_took_at_my_sisters": {
      "id": "2022_08_07_en_reddit_reddit__r--funny--comments--wim1n1--undoubtedly_the_best_photo_i_took_at_my_sisters",
      "url": "https://old.reddit.com/r/funny/comments/wim1n1/undoubtedly_the_best_photo_i_took_at_my_sisters/",
      "date_published": "2022-08-07T22:33:08.000Z",
      "date_modified": "2022-08-07T22:33:08.000Z",
      "_original_published": "2022-08-07T18:10:02.000Z",
      "_original_language": "en",
      "_translations": {
        "en": {
          "title": "undoubtedly the best photo I took at my sister's wedding"
        },
        "ja": {
          "title": "姉の結婚式で撮った写真の中で、間違いなくベストショット"
        },
        "zh-Hans": {
          "title": "毫无疑问，这是我在我妹妹的婚礼上拍的最好的照片。"
        },
        "zh-Hant": {
          "title": "毫無疑問，這是我在我妹妹的婚禮上拍的最好的照片。"
        }
      },
      "tags": [
        "funny"
      ],
      "authors": [
        {
          "name": "BabyGroot1337",
          "url": "https://old.reddit.com/user/BabyGroot1337"
        }
      ],
      "_links": [
        {
          "url": "https://old.reddit.com/r/funny/comments/wim1n1/undoubtedly_the_best_photo_i_took_at_my_sisters/",
          "name": "&uarr;81139 votes"
        }
      ],
      "image": "https://preview.redd.it/a6cenxuw0cg91.jpg?width=640&amp;crop=smart&amp;auto=webp&amp;s=3768948dd2210ecfc6e88760876444c7299af4f2"
    },
    "2022_08_06_en_reddit_reddit__r--mildlyinfuriating--comments--whqvs3--thats_so_wrong": {
      "id": "2022_08_06_en_reddit_reddit__r--mildlyinfuriating--comments--whqvs3--thats_so_wrong",
      "url": "https://old.reddit.com/r/mildlyinfuriating/comments/whqvs3/thats_so_wrong/",
      "date_published": "2022-08-07T03:10:18.000Z",
      "date_modified": "2022-08-07T03:10:18.000Z",
      "_original_published": "2022-08-06T15:26:06.000Z",
      "_original_language": "en",
      "_translations": {
        "en": {
          "title": "That’s so wrong"
        },
        "ja": {
          "title": "あっちゃこっちゃ"
        },
        "zh-Hans": {
          "title": "这是非常错误的"
        },
        "zh-Hant": {
          "title": "這是非常錯誤的"
        }
      },
      "tags": [
        "mildlyinfuriating"
      ],
      "authors": [
        {
          "name": "Ryanfunroe",
          "url": "https://old.reddit.com/user/Ryanfunroe"
        }
      ],
      "_links": [
        {
          "url": "https://old.reddit.com/r/mildlyinfuriating/comments/whqvs3/thats_so_wrong/",
          "name": "&uarr;79994 votes"
        }
      ],
      "image": "https://preview.redd.it/wyfig72r24g91.jpg?width=1080&amp;crop=smart&amp;auto=webp&amp;s=4cdaefee7f55d2fa99173bee7843e0bb18c0d8be"
    },
    "2022_08_10_en_reddit_reddit__r--MadeMeSmile--comments--wl6im1--you_already_know_that_dog_is_going_to_be_loved": {
      "id": "2022_08_10_en_reddit_reddit__r--MadeMeSmile--comments--wl6im1--you_already_know_that_dog_is_going_to_be_loved",
      "url": "https://old.reddit.com/r/MadeMeSmile/comments/wl6im1/you_already_know_that_dog_is_going_to_be_loved/",
      "date_published": "2022-08-11T01:00:36.000Z",
      "date_modified": "2022-08-11T01:00:36.000Z",
      "_original_published": "2022-08-10T19:33:28.000Z",
      "_original_language": "en",
      "_translations": {
        "en": {
          "title": "You already know that dog is going to be loved"
        },
        "ja": {
          "title": "あなたはもう、その犬が愛されることを知っています。"
        },
        "zh-Hans": {
          "title": "你已经知道那只狗将会被人喜爱"
        },
        "zh-Hant": {
          "title": "你已經知道那隻狗將會被人喜愛"
        }
      },
      "tags": [
        "MadeMeSmile"
      ],
      "authors": [
        {
          "name": "Predatorboi",
          "url": "https://old.reddit.com/user/Predatorboi"
        }
      ],
      "_links": [
        {
          "url": "https://old.reddit.com/r/MadeMeSmile/comments/wl6im1/you_already_know_that_dog_is_going_to_be_loved/",
          "name": "&uarr;79959 votes"
        }
      ],
      "image": "https://external-preview.redd.it/VRrS1whiB7ypVdHE0g-eXrofpNlal4HJhc-gExwN7gQ.png?width=640&amp;crop=smart&amp;format=pjpg&amp;auto=webp&amp;s=04d331b8f633f08e71c9dd6cea501922dec43beb",
      "_video": {
        "sources": [
          {
            "url": "https://v.redd.it/9zn3mfetbzg91/DASH_1080.mp4?source=fallback"
          }
        ],
        "width": 581,
        "height": 1080,
        "poster": "https://external-preview.redd.it/VRrS1whiB7ypVdHE0g-eXrofpNlal4HJhc-gExwN7gQ.png?width=640&amp;crop=smart&amp;format=pjpg&amp;auto=webp&amp;s=04d331b8f633f08e71c9dd6cea501922dec43beb"
      }
    },
    "2022_08_09_en_reddit_reddit__r--nextfuckinglevel--comments--wjphp7--his_happy_face_for_running_alongside_the_bolt": {
      "id": "2022_08_09_en_reddit_reddit__r--nextfuckinglevel--comments--wjphp7--his_happy_face_for_running_alongside_the_bolt",
      "url": "https://old.reddit.com/r/nextfuckinglevel/comments/wjphp7/his_happy_face_for_running_alongside_the_bolt/",
      "date_published": "2022-08-09T13:11:43.000Z",
      "date_modified": "2022-08-09T13:11:43.000Z",
      "_original_published": "2022-08-09T00:53:45.000Z",
      "_original_language": "en",
      "_translations": {
        "en": {
          "title": "His happy face for running alongside the Bolt without caring if he will win or not"
        },
        "ja": {
          "title": "勝敗を気にせずボルトと並走したときの嬉しそうな顔"
        },
        "zh-Hans": {
          "title": "他与博尔特并肩奔跑的快乐表情，而不在乎他是否会获胜"
        },
        "zh-Hant": {
          "title": "他與博爾特並肩奔跑的快樂表情，而不在乎他是否會獲勝"
        }
      },
      "tags": [
        "nextfuckinglevel"
      ],
      "authors": [
        {
          "name": "smoothlycheap",
          "url": "https://old.reddit.com/user/smoothlycheap"
        }
      ],
      "_links": [
        {
          "url": "https://old.reddit.com/r/nextfuckinglevel/comments/wjphp7/his_happy_face_for_running_alongside_the_bolt/",
          "name": "&uarr;79340 votes"
        }
      ],
      "image": "https://external-preview.redd.it/nRqoXZC1MyQxn79fXEA7FHTcAa1XaHUChXT8n8KIw2k.png?width=320&amp;crop=smart&amp;format=pjpg&amp;auto=webp&amp;s=ade5b963d8433552dd03dd028f1ff4e3bb9896bc",
      "_video": {
        "sources": [
          {
            "url": "https://v.redd.it/zoww21rt5lg91/DASH_720.mp4?source=fallback"
          }
        ],
        "width": 405,
        "height": 720,
        "poster": "https://external-preview.redd.it/nRqoXZC1MyQxn79fXEA7FHTcAa1XaHUChXT8n8KIw2k.png?width=320&amp;crop=smart&amp;format=pjpg&amp;auto=webp&amp;s=ade5b963d8433552dd03dd028f1ff4e3bb9896bc"
      }
    },
    "2022_08_08_en_reddit_reddit__r--mildlyinfuriating--comments--wjcrth--my_father_set_a_password_to_the_fucking_thermostat": {
      "id": "2022_08_08_en_reddit_reddit__r--mildlyinfuriating--comments--wjcrth--my_father_set_a_password_to_the_fucking_thermostat",
      "url": "https://old.reddit.com/r/mildlyinfuriating/comments/wjcrth/my_father_set_a_password_to_the_fucking_thermostat/",
      "date_published": "2022-08-08T22:33:58.000Z",
      "date_modified": "2022-08-08T22:33:58.000Z",
      "_original_published": "2022-08-08T16:10:35.000Z",
      "_original_language": "en",
      "_translations": {
        "en": {
          "title": "my father set a password..... to the fucking thermostat"
        },
        "ja": {
          "title": "私の父はパスワードを設定しました...クソサーモスタットに"
        },
        "zh-Hans": {
          "title": "我的父亲在他妈的恒温器上设置了一个密码....."
        },
        "zh-Hant": {
          "title": "我的父親在他媽的恆溫器上設置了一個密碼....."
        }
      },
      "tags": [
        "mildlyinfuriating"
      ],
      "authors": [
        {
          "name": "secretiveshash",
          "url": "https://old.reddit.com/user/secretiveshash"
        }
      ],
      "_links": [
        {
          "url": "https://old.reddit.com/r/mildlyinfuriating/comments/wjcrth/my_father_set_a_password_to_the_fucking_thermostat/",
          "name": "&uarr;79308 votes"
        }
      ],
      "image": "https://preview.redd.it/nlgs7qdikig91.jpg?width=1080&amp;crop=smart&amp;auto=webp&amp;s=5dfe1e90a5c14966edb594e771cbae6a95bc4c9e"
    },
    "2022_08_05_en_reddit_reddit__r--PoliticalHumor--comments--wguh3l--it_was_only_a_matter_of_time": {
      "id": "2022_08_05_en_reddit_reddit__r--PoliticalHumor--comments--wguh3l--it_was_only_a_matter_of_time",
      "url": "https://old.reddit.com/r/PoliticalHumor/comments/wguh3l/it_was_only_a_matter_of_time/",
      "date_published": "2022-08-06T02:09:40.000Z",
      "date_modified": "2022-08-06T02:09:40.000Z",
      "_original_published": "2022-08-05T12:40:37.000Z",
      "_original_language": "en",
      "_translations": {
        "en": {
          "title": "It was only a matter of time"
        },
        "ja": {
          "title": "それは時間の問題だった"
        },
        "zh-Hans": {
          "title": "这只是一个时间问题"
        },
        "zh-Hant": {
          "title": "這只是一個時間問題"
        }
      },
      "tags": [
        "PoliticalHumor"
      ],
      "authors": [
        {
          "name": "Ronin_Jedi66",
          "url": "https://old.reddit.com/user/Ronin_Jedi66"
        }
      ],
      "_links": [
        {
          "url": "https://old.reddit.com/r/PoliticalHumor/comments/wguh3l/it_was_only_a_matter_of_time/",
          "name": "&uarr;79034 votes"
        }
      ],
      "image": "https://preview.redd.it/g5ezs5ob4wf91.jpg?width=1080&amp;crop=smart&amp;auto=webp&amp;s=aba32de570444e8edefddc706fb9e3339db9ee82"
    },
    "2022_08_08_en_reddit_reddit__r--FunnyAnimals--comments--wj6hpu--there_appeared_before_me": {
      "id": "2022_08_08_en_reddit_reddit__r--FunnyAnimals--comments--wj6hpu--there_appeared_before_me",
      "url": "https://old.reddit.com/r/FunnyAnimals/comments/wj6hpu/there_appeared_before_me/",
      "date_published": "2022-08-09T03:03:41.000Z",
      "date_modified": "2022-08-09T03:03:41.000Z",
      "_original_published": "2022-08-08T11:29:19.000Z",
      "_original_language": "en",
      "_translations": {
        "en": {
          "title": "There appeared before me..."
        },
        "ja": {
          "title": "私の前に現れたのは..."
        },
        "zh-Hans": {
          "title": "在我面前出现了..."
        },
        "zh-Hant": {
          "title": "在我面前出現了..."
        }
      },
      "tags": [
        "FunnyAnimals"
      ],
      "authors": [
        {
          "name": "Aztery",
          "url": "https://old.reddit.com/user/Aztery"
        }
      ],
      "_links": [
        {
          "url": "https://old.reddit.com/r/FunnyAnimals/comments/wj6hpu/there_appeared_before_me/",
          "name": "&uarr;78613 votes"
        }
      ],
      "image": "https://preview.redd.it/7yt82k9b6hg91.png?width=320&amp;crop=smart&amp;auto=webp&amp;s=77c89f4a2ea72e6d455a749b8b19e427250c9ade"
    },
    "2022_08_11_en_reddit_reddit__r--Damnthatsinteresting--comments--wlql19--the_longest_river_in_france_dried_up_today": {
      "id": "2022_08_11_en_reddit_reddit__r--Damnthatsinteresting--comments--wlql19--the_longest_river_in_france_dried_up_today",
      "url": "https://old.reddit.com/r/Damnthatsinteresting/comments/wlql19/the_longest_river_in_france_dried_up_today/",
      "date_published": "2022-08-11T19:33:33.000Z",
      "date_modified": "2022-08-11T19:33:33.000Z",
      "_original_published": "2022-08-11T12:48:33.000Z",
      "_original_language": "en",
      "_translations": {
        "en": {
          "title": "the longest river in france dried up today"
        },
        "ja": {
          "title": "フランスで一番長い川が今日も干上がった"
        },
        "zh-Hans": {
          "title": "法国最长的河流今天干涸了"
        },
        "zh-Hant": {
          "title": "法國最長的河流今天干涸了"
        }
      },
      "tags": [
        "Damnthatsinteresting"
      ],
      "authors": [
        {
          "name": "Potential-Ad-4218",
          "url": "https://old.reddit.com/user/Potential-Ad-4218"
        }
      ],
      "_links": [
        {
          "url": "https://old.reddit.com/r/Damnthatsinteresting/comments/wlql19/the_longest_river_in_france_dried_up_today/",
          "name": "&uarr;78577 votes"
        }
      ],
      "image": "https://external-preview.redd.it/y_kAjwO1aHK4_m-2Hx3Nzg7ngjzVNh7H9fYdmI-vhaw.jpg?width=640&amp;crop=smart&amp;auto=webp&amp;s=88f230a5117e1ced90e8a3565dbd7a29576cd828"
    },
    "2022_08_05_en_reddit_reddit__r--MadeMeSmile--comments--wgs5sq--woody_harrelson_on_the_baby_who_looks_like_him": {
      "id": "2022_08_05_en_reddit_reddit__r--MadeMeSmile--comments--wgs5sq--woody_harrelson_on_the_baby_who_looks_like_him",
      "url": "https://old.reddit.com/r/MadeMeSmile/comments/wgs5sq/woody_harrelson_on_the_baby_who_looks_like_him/",
      "date_published": "2022-08-05T16:47:47.000Z",
      "date_modified": "2022-08-05T16:47:47.000Z",
      "_original_published": "2022-08-05T10:41:15.000Z",
      "_original_language": "en",
      "_translations": {
        "en": {
          "title": "Woody Harrelson on the baby who looks like him"
        },
        "ja": {
          "title": "ウディ・ハレルソン、自分に似ている赤ちゃんを語る"
        },
        "zh-Hans": {
          "title": "伍迪-哈里森谈长得像他的婴儿"
        },
        "zh-Hant": {
          "title": "伍迪-哈里森談長得像他的嬰兒"
        }
      },
      "tags": [
        "MadeMeSmile"
      ],
      "authors": [
        {
          "name": "Arpith2019",
          "url": "https://old.reddit.com/user/Arpith2019"
        }
      ],
      "_links": [
        {
          "url": "https://old.reddit.com/r/MadeMeSmile/comments/wgs5sq/woody_harrelson_on_the_baby_who_looks_like_him/",
          "name": "&uarr;78304 votes"
        }
      ],
      "image": "https://preview.redd.it/t82lm5t0jvf91.jpg?width=1080&amp;crop=smart&amp;auto=webp&amp;s=a2e1c04beca3794f8243a9d54598f073bddf1fe6"
    },
    "2022_08_10_en_reddit_reddit__r--aww--comments--wkj6vx--motion_activated_home_security_camera_working_as": {
      "id": "2022_08_10_en_reddit_reddit__r--aww--comments--wkj6vx--motion_activated_home_security_camera_working_as",
      "url": "https://old.reddit.com/r/aww/comments/wkj6vx/motion_activated_home_security_camera_working_as/",
      "date_published": "2022-08-10T13:04:17.000Z",
      "date_modified": "2022-08-10T13:04:17.000Z",
      "_original_published": "2022-08-10T00:24:22.000Z",
      "_original_language": "en",
      "_translations": {
        "en": {
          "title": "Motion activated home security camera working as intended"
        },
        "ja": {
          "title": "意図したとおりに動作するモーション起動型ホームセキュリティカメラ"
        },
        "zh-Hans": {
          "title": "运动激活的家庭安全摄像机按计划工作"
        },
        "zh-Hant": {
          "title": "運動激活的家庭安全攝像機按計劃工作"
        }
      },
      "tags": [
        "aww"
      ],
      "authors": [
        {
          "name": "Lookawizard",
          "url": "https://old.reddit.com/user/Lookawizard"
        }
      ],
      "_links": [
        {
          "url": "https://old.reddit.com/r/aww/comments/wkj6vx/motion_activated_home_security_camera_working_as/",
          "name": "&uarr;78020 votes"
        }
      ],
      "image": "https://external-preview.redd.it/8HJirGVp27A3DnvKSkn01wvrcShCJhngbhbiXdjhTes.png?width=320&amp;crop=smart&amp;format=pjpg&amp;auto=webp&amp;s=72f3171968f0977826a0d9e1d6eb1c3083f8e545",
      "_video": {
        "sources": [
          {
            "url": "https://v.redd.it/4ty4ffzn4sg91/DASH_480.mp4?source=fallback"
          }
        ],
        "width": 480,
        "height": 480,
        "poster": "https://external-preview.redd.it/8HJirGVp27A3DnvKSkn01wvrcShCJhngbhbiXdjhTes.png?width=320&amp;crop=smart&amp;format=pjpg&amp;auto=webp&amp;s=72f3171968f0977826a0d9e1d6eb1c3083f8e545"
      }
    },
    "2022_08_10_en_reddit_reddit__r--HumansBeingBros--comments--wkzk8q--just_some_dudes_offering_a_cold_one_to_a_farmer": {
      "id": "2022_08_10_en_reddit_reddit__r--HumansBeingBros--comments--wkzk8q--just_some_dudes_offering_a_cold_one_to_a_farmer",
      "url": "https://old.reddit.com/r/HumansBeingBros/comments/wkzk8q/just_some_dudes_offering_a_cold_one_to_a_farmer/",
      "date_published": "2022-08-10T21:42:09.000Z",
      "date_modified": "2022-08-10T21:42:09.000Z",
      "_original_published": "2022-08-10T14:56:54.000Z",
      "_original_language": "en",
      "_translations": {
        "en": {
          "title": "Just some dudes offering a cold one to a farmer on a hot day"
        },
        "ja": {
          "title": "暑い日に農家の人に冷たいものを差し入れただけの男たち"
        },
        "zh-Hans": {
          "title": "只是一些帅哥在大热天给农民送上一杯冰镇的饮料"
        },
        "zh-Hant": {
          "title": "只是一些帥哥在大熱天給農民送上一杯冰鎮的飲料"
        }
      },
      "tags": [
        "HumansBeingBros"
      ],
      "authors": [
        {
          "name": "thereasonthatyoucry",
          "url": "https://old.reddit.com/user/thereasonthatyoucry"
        }
      ],
      "_links": [
        {
          "url": "https://old.reddit.com/r/HumansBeingBros/comments/wkzk8q/just_some_dudes_offering_a_cold_one_to_a_farmer/",
          "name": "&uarr;77950 votes"
        }
      ],
      "image": "https://external-preview.redd.it/rQgwhL8xUu2nAwk_RBIzoh2lBRA--jHHJY2DQcC12R0.png?width=640&amp;crop=smart&amp;format=pjpg&amp;auto=webp&amp;s=8a2acbd1f8d001174990974aca0a62c75c7a490d",
      "_video": {
        "sources": [
          {
            "url": "https://v.redd.it/wpc9kvw6hwg91/DASH_1080.mp4?source=fallback"
          }
        ],
        "width": 607,
        "height": 1080,
        "poster": "https://external-preview.redd.it/rQgwhL8xUu2nAwk_RBIzoh2lBRA--jHHJY2DQcC12R0.png?width=640&amp;crop=smart&amp;format=pjpg&amp;auto=webp&amp;s=8a2acbd1f8d001174990974aca0a62c75c7a490d"
      }
    },
    "2022_08_05_en_reddit_reddit__r--oddlysatisfying--comments--wghwp3--pencil_sharpener_from_the_1890s": {
      "id": "2022_08_05_en_reddit_reddit__r--oddlysatisfying--comments--wghwp3--pencil_sharpener_from_the_1890s",
      "url": "https://old.reddit.com/r/oddlysatisfying/comments/wghwp3/pencil_sharpener_from_the_1890s/",
      "date_published": "2022-08-05T12:54:13.000Z",
      "date_modified": "2022-08-05T12:54:13.000Z",
      "_original_published": "2022-08-05T01:16:06.000Z",
      "_original_language": "en",
      "_translations": {
        "en": {
          "title": "Pencil sharpener from the 1890s"
        },
        "ja": {
          "title": "1890年代の鉛筆削り"
        },
        "zh-Hans": {
          "title": "1890年代的削笔器"
        },
        "zh-Hant": {
          "title": "1890年代的削筆器"
        }
      },
      "tags": [
        "oddlysatisfying"
      ],
      "authors": [
        {
          "name": "KevlarYarmulke",
          "url": "https://old.reddit.com/user/KevlarYarmulke"
        }
      ],
      "_links": [
        {
          "url": "https://old.reddit.com/r/oddlysatisfying/comments/wghwp3/pencil_sharpener_from_the_1890s/",
          "name": "&uarr;77856 votes"
        }
      ],
      "image": "https://external-preview.redd.it/Y_V44Xoo1LNqyNNFPfTsEKNG1ys9b2nHdLlwq9F9MwY.jpg?width=216&amp;crop=smart&amp;auto=webp&amp;s=a32da042d8bd8279921842601f9f4f67841d21c8",
      "_video": {
        "sources": [
          {
            "url": "https://v.redd.it/6y5tbtgfhuf91/DASH_1080.mp4"
          }
        ],
        "width": 608,
        "height": 1080,
        "poster": "https://external-preview.redd.it/Y_V44Xoo1LNqyNNFPfTsEKNG1ys9b2nHdLlwq9F9MwY.jpg?width=216&amp;crop=smart&amp;auto=webp&amp;s=a32da042d8bd8279921842601f9f4f67841d21c8"
      }
    },
    "2022_08_07_en_reddit_reddit__r--meirl--comments--wit5cz--meirl": {
      "id": "2022_08_07_en_reddit_reddit__r--meirl--comments--wit5cz--meirl",
      "url": "https://old.reddit.com/r/meirl/comments/wit5cz/meirl/",
      "date_published": "2022-08-08T14:50:30.000Z",
      "date_modified": "2022-08-08T14:50:30.000Z",
      "_original_published": "2022-08-07T23:19:10.000Z",
      "_original_language": "en",
      "_translations": {
        "en": {
          "title": "meirl"
        },
        "ja": {
          "title": "ミール"
        },
        "zh-Hans": {
          "title": "我的女孩"
        },
        "zh-Hant": {
          "title": "我的女孩"
        }
      },
      "tags": [
        "meirl"
      ],
      "authors": [
        {
          "name": "Aztery",
          "url": "https://old.reddit.com/user/Aztery"
        }
      ],
      "_links": [
        {
          "url": "https://old.reddit.com/r/meirl/comments/wit5cz/meirl/",
          "name": "&uarr;77616 votes"
        }
      ],
      "image": "https://preview.redd.it/gw62xgt1kdg91.png?width=1080&amp;crop=smart&amp;auto=webp&amp;s=38e219b11f8fc227f51fba113cd0af711a3ef908"
    },
    "2022_08_06_en_reddit_reddit__r--Damnthatsinteresting--comments--whtinq--soldiers_saved_by_bacteria": {
      "id": "2022_08_06_en_reddit_reddit__r--Damnthatsinteresting--comments--whtinq--soldiers_saved_by_bacteria",
      "url": "https://old.reddit.com/r/Damnthatsinteresting/comments/whtinq/soldiers_saved_by_bacteria/",
      "date_published": "2022-08-07T03:55:33.000Z",
      "date_modified": "2022-08-07T03:55:33.000Z",
      "_original_published": "2022-08-06T17:25:21.000Z",
      "_original_language": "en",
      "_translations": {
        "en": {
          "title": "Soldiers saved by bacteria."
        },
        "ja": {
          "title": "細菌に救われた兵士たち"
        },
        "zh-Hans": {
          "title": "被细菌拯救的士兵们。"
        },
        "zh-Hant": {
          "title": "被細菌拯救的士兵們。"
        }
      },
      "tags": [
        "Damnthatsinteresting"
      ],
      "authors": [
        {
          "name": "VAMSI_BEUNO",
          "url": "https://old.reddit.com/user/VAMSI_BEUNO"
        }
      ],
      "_links": [
        {
          "url": "https://old.reddit.com/r/Damnthatsinteresting/comments/whtinq/soldiers_saved_by_bacteria/",
          "name": "&uarr;77298 votes"
        }
      ],
      "image": "https://preview.redd.it/dm5g8yz0o4g91.jpg?width=960&amp;crop=smart&amp;auto=webp&amp;s=8807365255ba68af34f42be4dff4cee36cdd5a9b"
    },
    "2022_08_08_en_reddit_reddit__r--antiwork--comments--wj7ph4--solid_advice": {
      "id": "2022_08_08_en_reddit_reddit__r--antiwork--comments--wj7ph4--solid_advice",
      "url": "https://old.reddit.com/r/antiwork/comments/wj7ph4/solid_advice/",
      "date_published": "2022-08-09T03:03:41.000Z",
      "date_modified": "2022-08-09T03:03:41.000Z",
      "_original_published": "2022-08-08T12:32:01.000Z",
      "_original_language": "en",
      "_translations": {
        "en": {
          "title": "solid advice"
        },
        "ja": {
          "title": "けんごう"
        },
        "zh-Hans": {
          "title": "扎实的建议"
        },
        "zh-Hant": {
          "title": "紮實的建議"
        }
      },
      "tags": [
        "antiwork"
      ],
      "authors": [
        {
          "name": "kevinowdziej",
          "url": "https://old.reddit.com/user/kevinowdziej"
        }
      ],
      "_links": [
        {
          "url": "https://old.reddit.com/r/antiwork/comments/wj7ph4/solid_advice/",
          "name": "&uarr;77287 votes"
        }
      ],
      "image": "https://preview.redd.it/6i8hbctihhg91.jpg?width=1080&amp;crop=smart&amp;auto=webp&amp;s=f2e1defb3986214b209a7a7dae3585a9aadca776"
    },
    "2022_08_06_en_reddit_reddit__r--Damnthatsinteresting--comments--whddud--aaron_paul_never_took_acting_classes_in_his_life": {
      "id": "2022_08_06_en_reddit_reddit__r--Damnthatsinteresting--comments--whddud--aaron_paul_never_took_acting_classes_in_his_life",
      "url": "https://old.reddit.com/r/Damnthatsinteresting/comments/whddud/aaron_paul_never_took_acting_classes_in_his_life/",
      "date_published": "2022-08-06T16:38:34.000Z",
      "date_modified": "2022-08-06T16:38:34.000Z",
      "_original_published": "2022-08-06T02:38:31.000Z",
      "_original_language": "en",
      "_translations": {
        "en": {
          "title": "Aaron Paul never took acting classes in his life, he has won 3 Emmy's for his performance as Jesse Pinkman in Breaking Bad"
        },
        "ja": {
          "title": "アーロン・ポールは演技指導を受けたことはないが、『ブレイキング・バッド』のジェシー・ピンクマン役でエミー賞を3度受賞している。"
        },
        "zh-Hans": {
          "title": "亚伦-保罗一生中从未上过表演课，他因在《霹雳火》中扮演杰西-平克曼而获得了3次艾美奖。"
        },
        "zh-Hant": {
          "title": "亞倫-保羅一生中從未上過表演課，他因在《霹靂火》中扮演傑西-平克曼而獲得了3次艾美獎。"
        }
      },
      "tags": [
        "Damnthatsinteresting"
      ],
      "authors": [
        {
          "name": "spendthecheese",
          "url": "https://old.reddit.com/user/spendthecheese"
        }
      ],
      "_links": [
        {
          "url": "https://old.reddit.com/r/Damnthatsinteresting/comments/whddud/aaron_paul_never_took_acting_classes_in_his_life/",
          "name": "&uarr;77242 votes"
        }
      ],
      "image": "https://preview.redd.it/i0k9klbt90g91.jpg?width=640&amp;crop=smart&amp;auto=webp&amp;s=787775a7bc26a93e95f4dc5e3eb43d4ff2b03362"
    },
    "2022_08_08_en_reddit_reddit__r--nextfuckinglevel--comments--wj2j7i--a_skilled_pilot_landing_diagonally_in_40_knot_wind": {
      "id": "2022_08_08_en_reddit_reddit__r--nextfuckinglevel--comments--wj2j7i--a_skilled_pilot_landing_diagonally_in_40_knot_wind",
      "url": "https://old.reddit.com/r/nextfuckinglevel/comments/wj2j7i/a_skilled_pilot_landing_diagonally_in_40_knot_wind/",
      "date_published": "2022-08-08T17:34:38.000Z",
      "date_modified": "2022-08-08T17:34:38.000Z",
      "_original_published": "2022-08-08T07:25:55.000Z",
      "_original_language": "en",
      "_translations": {
        "en": {
          "title": "A skilled pilot landing diagonally in 40 knot wind."
        },
        "ja": {
          "title": "40ノットの風の中、斜めに着陸する熟練パイロット。"
        },
        "zh-Hans": {
          "title": "一个熟练的飞行员在40节的风中斜向降落。"
        },
        "zh-Hant": {
          "title": "一個熟練的飛行員在40節的風中斜向降落。"
        }
      },
      "tags": [
        "nextfuckinglevel"
      ],
      "authors": [
        {
          "name": "braveen10",
          "url": "https://old.reddit.com/user/braveen10"
        }
      ],
      "_links": [
        {
          "url": "https://old.reddit.com/r/nextfuckinglevel/comments/wj2j7i/a_skilled_pilot_landing_diagonally_in_40_knot_wind/",
          "name": "&uarr;77225 votes"
        }
      ],
      "image": "https://external-preview.redd.it/00m9PX23QUv6VhGMiu3PjRmd8clr_47umxQg3WrFJqE.png?width=640&amp;crop=smart&amp;format=pjpg&amp;auto=webp&amp;s=8f054bc8671fd0c2930e0426f5aee5564068cdf2",
      "_video": {
        "sources": [
          {
            "url": "https://v.redd.it/hooyaunwyfg91/DASH_480.mp4?source=fallback"
          }
        ],
        "width": 634,
        "height": 480,
        "poster": "https://external-preview.redd.it/00m9PX23QUv6VhGMiu3PjRmd8clr_47umxQg3WrFJqE.png?width=640&amp;crop=smart&amp;format=pjpg&amp;auto=webp&amp;s=8f054bc8671fd0c2930e0426f5aee5564068cdf2"
      }
    },
    "2022_08_11_en_reddit_reddit__r--FunnyAnimals--comments--wlv2eb--bull_tries_to_console_his_owner": {
      "id": "2022_08_11_en_reddit_reddit__r--FunnyAnimals--comments--wlv2eb--bull_tries_to_console_his_owner",
      "url": "https://old.reddit.com/r/FunnyAnimals/comments/wlv2eb/bull_tries_to_console_his_owner/",
      "date_published": "2022-08-12T04:35:02.000Z",
      "date_modified": "2022-08-12T04:35:02.000Z",
      "_original_published": "2022-08-11T16:04:12.000Z",
      "_original_language": "en",
      "_translations": {
        "en": {
          "title": "Bull tries to console his owner"
        },
        "ja": {
          "title": "飼い主を慰めようとする雄牛"
        },
        "zh-Hans": {
          "title": "公牛试图安慰它的主人"
        },
        "zh-Hant": {
          "title": "公牛試圖安慰它的主人"
        }
      },
      "tags": [
        "FunnyAnimals"
      ],
      "authors": [
        {
          "name": "Mean_Western_9870",
          "url": "https://old.reddit.com/user/Mean_Western_9870"
        }
      ],
      "_links": [
        {
          "url": "https://old.reddit.com/r/FunnyAnimals/comments/wlv2eb/bull_tries_to_console_his_owner/",
          "name": "&uarr;77188 votes"
        }
      ],
      "image": "https://external-preview.redd.it/sj2r-37YxQOrFn_Si8Grt2cqpQb7-vNehxqgKTpyDGE.jpg?width=320&amp;crop=smart&amp;format=pjpg&amp;auto=webp&amp;s=f0f06e353d4076f8a3b8c6f6bfa264e289e1c73d",
      "_video": {
        "sources": [
          {
            "url": "https://v.redd.it/qbzhr6k3y3h91/DASH_480.mp4?source=fallback"
          }
        ],
        "width": 480,
        "height": 480,
        "poster": "https://external-preview.redd.it/sj2r-37YxQOrFn_Si8Grt2cqpQb7-vNehxqgKTpyDGE.jpg?width=320&amp;crop=smart&amp;format=pjpg&amp;auto=webp&amp;s=f0f06e353d4076f8a3b8c6f6bfa264e289e1c73d"
      }
    }
  }
}
