{
  "items": {
    "2021_02_15_en_reddit_reddit__r--memes--comments--lkodmq--wait_i_didnt_mean_it_like_that": {
      "id": "2021_02_15_en_reddit_reddit__r--memes--comments--lkodmq--wait_i_didnt_mean_it_like_that",
      "url": "https://old.reddit.com/r/memes/comments/lkodmq/wait_i_didnt_mean_it_like_that/",
      "date_published": "2021-02-16T02:31:30.000Z",
      "date_modified": "2021-02-16T02:31:30.000Z",
      "_original_published": "2021-02-15T22:02:36.000Z",
      "_original_language": "en",
      "_translations": {
        "en": {
          "title": "Wait I didn't mean it like that"
        },
        "zh-Hans": {
          "title": "等等，我不是那个意思"
        },
        "zh-Hant": {
          "title": "等等，我不是那個意思"
        }
      },
      "tags": [
        "memes"
      ],
      "authors": [
        {
          "name": "beakf",
          "url": "https://old.reddit.com/user/beakf"
        }
      ],
      "_links": [
        {
          "url": "https://old.reddit.com/r/memes/comments/lkodmq/wait_i_didnt_mean_it_like_that/",
          "name": "&uarr;188810 votes"
        }
      ],
      "image": "https://preview.redd.it/n4ildkpurph61.png?width=320&crop=smart&auto=webp&s=367693234eaa4c8b48bb4607ede008179941c694"
    },
    "2021_02_18_en_reddit_reddit__r--pics--comments--lmsr6w--two_dominos_workers_after_their_shift_in_san": {
      "id": "2021_02_18_en_reddit_reddit__r--pics--comments--lmsr6w--two_dominos_workers_after_their_shift_in_san",
      "url": "https://old.reddit.com/r/pics/comments/lmsr6w/two_dominos_workers_after_their_shift_in_san/",
      "date_published": "2021-02-18T22:35:37.000Z",
      "date_modified": "2021-02-18T22:35:37.000Z",
      "_original_published": "2021-02-18T17:57:47.000Z",
      "_original_language": "en",
      "_translations": {
        "en": {
          "title": "Two Domino’s workers after their shift in San Antonio, Texas today. All food gone in 4 hours."
        },
        "zh-Hans": {
          "title": "两名多米诺员工今天在德克萨斯州圣安东尼奥下班后。4小时内所有食物都被吃光了。"
        },
        "zh-Hant": {
          "title": "兩名多米諾員工今天在德克薩斯州聖安東尼奧下班後。4小時內所有食物都被喫光了。"
        }
      },
      "tags": [
        "pics"
      ],
      "authors": [
        {
          "name": "THE_SAUCE_OF_LEGENDS",
          "url": "https://old.reddit.com/user/THE_SAUCE_OF_LEGENDS"
        }
      ],
      "_links": [
        {
          "url": "https://old.reddit.com/r/pics/comments/lmsr6w/two_dominos_workers_after_their_shift_in_san/",
          "name": "&uarr;170248 votes"
        }
      ],
      "image": "https://external-preview.redd.it/9LyfPVxANDJx8H-RdHZZANORig_Y4myTjcAhKrzrxqI.jpg?width=1080&crop=smart&auto=webp&s=923c07befab7ffaac8ba713b7ee3fbea8a94da06"
    },
    "2021_02_14_en_reddit_reddit__r--memes--comments--ljm5un--nice_movement": {
      "id": "2021_02_14_en_reddit_reddit__r--memes--comments--ljm5un--nice_movement",
      "url": "https://old.reddit.com/r/memes/comments/ljm5un/nice_movement/",
      "date_published": "2021-02-14T16:49:40.000Z",
      "date_modified": "2021-02-14T16:49:40.000Z",
      "_original_published": "2021-02-14T10:36:23.000Z",
      "_original_language": "en",
      "_translations": {
        "en": {
          "title": "Nice movement"
        },
        "zh-Hans": {
          "title": "动作漂亮"
        },
        "zh-Hant": {
          "title": "動作漂亮"
        }
      },
      "tags": [
        "memes"
      ],
      "authors": [
        {
          "name": "made_in_GEORGIA",
          "url": "https://old.reddit.com/user/made_in_GEORGIA"
        }
      ],
      "_links": [
        {
          "url": "https://old.reddit.com/r/memes/comments/ljm5un/nice_movement/",
          "name": "&uarr;153924 votes"
        }
      ],
      "image": "https://preview.redd.it/aiy8tgpm8fh61.gif?width=320&crop=smart&format=png8&s=3d39d1dcefea64c4ec8f7b35b8627d15d54423f4",
      "_video": {
        "sources": [
          {
            "url": "https://preview.redd.it/aiy8tgpm8fh61.gif?format=mp4&s=a4aa0d605215f5d6bd01df04e9edca4cd558006c"
          }
        ],
        "width": 562,
        "height": 553,
        "poster": "https://preview.redd.it/aiy8tgpm8fh61.gif?width=320&crop=smart&format=png8&s=3d39d1dcefea64c4ec8f7b35b8627d15d54423f4"
      }
    },
    "2021_02_13_en_reddit_reddit__r--memes--comments--liz67y--fair_enough": {
      "id": "2021_02_13_en_reddit_reddit__r--memes--comments--liz67y--fair_enough",
      "url": "https://old.reddit.com/r/memes/comments/liz67y/fair_enough/",
      "date_published": "2021-02-13T17:36:01.000Z",
      "date_modified": "2021-02-13T17:36:01.000Z",
      "_original_published": "2021-02-13T11:51:27.000Z",
      "_original_language": "en",
      "_translations": {
        "en": {
          "title": "Fair enough"
        },
        "zh-Hans": {
          "title": "有道理"
        },
        "zh-Hant": {
          "title": "有道理"
        }
      },
      "tags": [
        "memes"
      ],
      "authors": [
        {
          "name": "Godhemself",
          "url": "https://old.reddit.com/user/Godhemself"
        }
      ],
      "_links": [
        {
          "url": "https://old.reddit.com/r/memes/comments/liz67y/fair_enough/",
          "name": "&uarr;151073 votes"
        }
      ],
      "image": "https://preview.redd.it/4u76zs43h8h61.jpg?width=960&crop=smart&auto=webp&s=b15fe61184cbf2d1408342b9dba1a598ab51b3cb"
    },
    "2021_02_17_en_reddit_reddit__r--memes--comments--llx429--skip_skip_skip": {
      "id": "2021_02_17_en_reddit_reddit__r--memes--comments--llx429--skip_skip_skip",
      "url": "https://old.reddit.com/r/memes/comments/llx429/skip_skip_skip/",
      "date_published": "2021-02-17T21:21:49.000Z",
      "date_modified": "2021-02-17T21:21:49.000Z",
      "_original_published": "2021-02-17T15:34:27.000Z",
      "_original_language": "en",
      "_translations": {
        "en": {
          "title": "Skip skip skip"
        },
        "zh-Hans": {
          "title": "跳过跳过"
        },
        "zh-Hant": {
          "title": "跳過跳過"
        }
      },
      "tags": [
        "memes"
      ],
      "authors": [
        {
          "name": "Qvistenn",
          "url": "https://old.reddit.com/user/Qvistenn"
        }
      ],
      "_links": [
        {
          "url": "https://old.reddit.com/r/memes/comments/llx429/skip_skip_skip/",
          "name": "&uarr;144235 votes"
        }
      ],
      "image": "https://preview.redd.it/bh4a8tbk42i61.jpg?width=640&crop=smart&auto=webp&s=d66aba098595af5d910ffe9381d8c8ce2e88b211"
    },
    "2021_02_18_en_reddit_reddit__r--wallstreetbets--comments--lmagzp--today_interactive_brokers_ceo_admits_that_without": {
      "id": "2021_02_18_en_reddit_reddit__r--wallstreetbets--comments--lmagzp--today_interactive_brokers_ceo_admits_that_without",
      "url": "https://old.reddit.com/r/wallstreetbets/comments/lmagzp/today_interactive_brokers_ceo_admits_that_without/",
      "date_published": "2021-02-18T08:37:43.000Z",
      "date_modified": "2021-02-18T08:37:43.000Z",
      "_original_published": "2021-02-18T01:37:20.000Z",
      "_original_language": "en",
      "_translations": {
        "en": {
          "title": "Today, Interactive Brokers CEO admits that without the buying restrictions, $GME would have gone up in to the thousands"
        },
        "zh-Hans": {
          "title": "今天，互动经纪公司CEO承认，如果没有限购令，GME的涨幅将达到数千美元。"
        },
        "zh-Hant": {
          "title": "今天，互動經紀公司CEO承認，如果沒有限購令，GME的漲幅將達到數千美元。"
        }
      },
      "tags": [
        "wallstreetbets"
      ],
      "authors": [
        {
          "name": "indonesian_activist",
          "url": "https://old.reddit.com/user/indonesian_activist"
        }
      ],
      "_links": [
        {
          "url": "https://old.reddit.com/r/wallstreetbets/comments/lmagzp/today_interactive_brokers_ceo_admits_that_without/",
          "name": "&uarr;141132 votes"
        }
      ],
      "image": "https://external-preview.redd.it/U1X7_te3VefFq0DY7pP0xdEYLZsHXmaROZi0dSkoLUI.png?width=640&crop=smart&format=pjpg&auto=webp&s=d455c5ac129841696ae0220b819c980264b97647",
      "_video": {
        "sources": [
          {
            "url": "https://v.redd.it/6v6qywrv35i61/DASH_360.mp4?source=fallback"
          }
        ],
        "width": 640,
        "height": 360,
        "poster": "https://external-preview.redd.it/U1X7_te3VefFq0DY7pP0xdEYLZsHXmaROZi0dSkoLUI.png?width=640&crop=smart&format=pjpg&auto=webp&s=d455c5ac129841696ae0220b819c980264b97647"
      }
    },
    "2021_02_13_en_reddit_reddit__r--pics--comments--lirsp8--ted_cruz_an_impartial_juror_seen_in_discussion": {
      "id": "2021_02_13_en_reddit_reddit__r--pics--comments--lirsp8--ted_cruz_an_impartial_juror_seen_in_discussion",
      "url": "https://old.reddit.com/r/pics/comments/lirsp8/ted_cruz_an_impartial_juror_seen_in_discussion/",
      "date_published": "2021-02-13T09:25:26.000Z",
      "date_modified": "2021-02-13T09:25:26.000Z",
      "_original_published": "2021-02-13T03:06:15.000Z",
      "_original_language": "en",
      "_translations": {
        "en": {
          "title": "Ted Cruz, an impartial juror, seen in discussion with the defense attorneys"
        },
        "zh-Hans": {
          "title": "公正的陪审员特德-克鲁兹（Ted Cruz）与辩护律师讨论时的情景。"
        },
        "zh-Hant": {
          "title": "公正的陪審員特德-克魯茲（Ted Cruz）與辯護律師討論時的情景。"
        }
      },
      "tags": [
        "pics"
      ],
      "authors": [
        {
          "name": "jcepiano",
          "url": "https://old.reddit.com/user/jcepiano"
        }
      ],
      "_links": [
        {
          "url": "https://old.reddit.com/r/pics/comments/lirsp8/ted_cruz_an_impartial_juror_seen_in_discussion/",
          "name": "&uarr;136121 votes"
        }
      ],
      "image": "https://external-preview.redd.it/Tupe1aR7f7UHJp9AA3GB0XS56hYwwxo39G1kvpcF4UY.jpg?width=1080&crop=smart&auto=webp&s=36be77b1a99c85cbe0f062124bc291a8c0036f0a"
    },
    "2021_02_14_en_reddit_reddit__r--memes--comments--ljz3gy--chrome_doesnt_open_wait": {
      "id": "2021_02_14_en_reddit_reddit__r--memes--comments--ljz3gy--chrome_doesnt_open_wait",
      "url": "https://old.reddit.com/r/memes/comments/ljz3gy/chrome_doesnt_open_wait/",
      "date_published": "2021-02-15T04:37:00.000Z",
      "date_modified": "2021-02-15T04:37:00.000Z",
      "_original_published": "2021-02-14T22:32:23.000Z",
      "_original_language": "en",
      "_translations": {
        "en": {
          "title": "Chrome doesn't open, wait..."
        },
        "zh-Hans": {
          "title": "Chrome浏览器打不开，等等... ..."
        },
        "zh-Hant": {
          "title": "Chrome瀏覽器打不開，等等... ..."
        }
      },
      "tags": [
        "memes"
      ],
      "authors": [
        {
          "name": "Juliam_",
          "url": "https://old.reddit.com/user/Juliam_"
        }
      ],
      "_links": [
        {
          "url": "https://old.reddit.com/r/memes/comments/ljz3gy/chrome_doesnt_open_wait/",
          "name": "&uarr;132017 votes"
        }
      ],
      "image": "https://external-preview.redd.it/mkFZT2mN6CQnij07hCFs5i2iaqZxs9eYSW3BHD_V9XY.png?width=640&crop=smart&format=pjpg&auto=webp&s=d8ef1f587887a33ed18f7f1786dc304651d77f4f",
      "_video": {
        "sources": [
          {
            "url": "https://v.redd.it/93mi1e77rih61/DASH_720.mp4?source=fallback"
          }
        ],
        "width": 720,
        "height": 720,
        "poster": "https://external-preview.redd.it/mkFZT2mN6CQnij07hCFs5i2iaqZxs9eYSW3BHD_V9XY.png?width=640&crop=smart&format=pjpg&auto=webp&s=d8ef1f587887a33ed18f7f1786dc304651d77f4f"
      }
    },
    "2021_02_18_en_reddit_reddit__r--memes--comments--lmkodi--imagine_if_this_covid_outbreak_happened_10_years": {
      "id": "2021_02_18_en_reddit_reddit__r--memes--comments--lmkodi--imagine_if_this_covid_outbreak_happened_10_years",
      "url": "https://old.reddit.com/r/memes/comments/lmkodi/imagine_if_this_covid_outbreak_happened_10_years/",
      "date_published": "2021-02-18T17:42:56.000Z",
      "date_modified": "2021-02-18T17:42:56.000Z",
      "_original_published": "2021-02-18T11:28:10.000Z",
      "_original_language": "en",
      "_translations": {
        "en": {
          "title": "Imagine if this COVID outbreak happened 10 years ago"
        },
        "zh-Hans": {
          "title": "想象一下，如果这次COVID的爆发发生在10年前。"
        },
        "zh-Hant": {
          "title": "想象一下，如果這次COVID的爆發發生在10年前。"
        }
      },
      "tags": [
        "memes"
      ],
      "authors": [
        {
          "name": "elch3w",
          "url": "https://old.reddit.com/user/elch3w"
        }
      ],
      "_links": [
        {
          "url": "https://old.reddit.com/r/memes/comments/lmkodi/imagine_if_this_covid_outbreak_happened_10_years/",
          "name": "&uarr;134156 votes"
        }
      ],
      "image": "https://preview.redd.it/ohsp2bgd18i61.jpg?width=960&crop=smart&auto=webp&s=9e0e130a23dd533980eca9176bfa05c861babaad"
    },
    "2021_02_16_en_reddit_reddit__r--MurderedByWords--comments--llcm62--a_short_history_lesson": {
      "id": "2021_02_16_en_reddit_reddit__r--MurderedByWords--comments--llcm62--a_short_history_lesson",
      "url": "https://old.reddit.com/r/MurderedByWords/comments/llcm62/a_short_history_lesson/",
      "date_published": "2021-02-17T03:24:45.000Z",
      "date_modified": "2021-02-17T03:24:45.000Z",
      "_original_published": "2021-02-16T20:19:08.000Z",
      "_original_language": "en",
      "_translations": {
        "en": {
          "title": "A short history lesson"
        },
        "zh-Hans": {
          "title": "一堂简短的历史课"
        },
        "zh-Hant": {
          "title": "一堂簡短的歷史課"
        }
      },
      "tags": [
        "MurderedByWords"
      ],
      "authors": [
        {
          "name": "beerbellybegone",
          "url": "https://old.reddit.com/user/beerbellybegone"
        }
      ],
      "_links": [
        {
          "url": "https://old.reddit.com/r/MurderedByWords/comments/llcm62/a_short_history_lesson/",
          "name": "&uarr;131597 votes"
        }
      ],
      "image": "https://preview.redd.it/iqzuzkvdewh61.jpg?width=1080&crop=smart&auto=webp&s=ed12102068e0f0bc250285fa854ef699f9fab9c3"
    },
    "2021_02_18_en_reddit_reddit__r--interestingasfuck--comments--lmxef7--mission_confirmed_we_are_safe_on_mars_here_is_the": {
      "id": "2021_02_18_en_reddit_reddit__r--interestingasfuck--comments--lmxef7--mission_confirmed_we_are_safe_on_mars_here_is_the",
      "url": "https://old.reddit.com/r/interestingasfuck/comments/lmxef7/mission_confirmed_we_are_safe_on_mars_here_is_the/",
      "date_published": "2021-02-19T02:15:31.000Z",
      "date_modified": "2021-02-19T02:15:31.000Z",
      "_original_published": "2021-02-18T21:12:35.000Z",
      "_original_language": "en",
      "_translations": {
        "en": {
          "title": "mission confirmed, we are safe on mars........... here is the first picture taken by perseverance, just seconds after landing"
        },
        "zh-Hans": {
          "title": "任务确认，我们在火星上是安全的...........，这是毅力拍摄的第一张照片，就在着陆后的几秒钟。"
        },
        "zh-Hant": {
          "title": "任務確認，我們在火星上是安全的...........，這是毅力拍攝的第一張照片，就在着陸後的幾秒鐘。"
        }
      },
      "tags": [
        "interestingasfuck"
      ],
      "authors": [
        {
          "name": "athenathechesscub",
          "url": "https://old.reddit.com/user/athenathechesscub"
        }
      ],
      "_links": [
        {
          "url": "https://old.reddit.com/r/interestingasfuck/comments/lmxef7/mission_confirmed_we_are_safe_on_mars_here_is_the/",
          "name": "&uarr;138019 votes"
        }
      ],
      "image": "https://preview.redd.it/1akzvsqsxai61.jpg?width=640&crop=smart&auto=webp&s=33f81631c5edfa1a4b9699eb0bc56e62f605fce9"
    },
    "2021_02_12_en_reddit_reddit__r--facepalm--comments--lin7pa--an_8_year_old_shouldnt_have_to_do_this": {
      "id": "2021_02_12_en_reddit_reddit__r--facepalm--comments--lin7pa--an_8_year_old_shouldnt_have_to_do_this",
      "url": "https://old.reddit.com/r/facepalm/comments/lin7pa/an_8_year_old_shouldnt_have_to_do_this/",
      "date_published": "2021-02-13T05:22:23.000Z",
      "date_modified": "2021-02-13T05:22:23.000Z",
      "_original_published": "2021-02-12T23:03:32.000Z",
      "_original_language": "en",
      "_translations": {
        "en": {
          "title": "An 8 year old shouldn’t have to do this"
        },
        "zh-Hans": {
          "title": "一个8岁的孩子不应该这样做的"
        },
        "zh-Hant": {
          "title": "一個8歲的孩子不應該這樣做的"
        }
      },
      "tags": [
        "facepalm"
      ],
      "authors": [
        {
          "name": "Fishsticks011",
          "url": "https://old.reddit.com/user/Fishsticks011"
        }
      ],
      "_links": [
        {
          "url": "https://old.reddit.com/r/facepalm/comments/lin7pa/an_8_year_old_shouldnt_have_to_do_this/",
          "name": "&uarr;130604 votes"
        }
      ],
      "image": "https://preview.redd.it/5pndm9p4o4h61.jpg?width=640&crop=smart&auto=webp&s=8a11f44733f80dae2250d403e40bd15dd0670b85"
    },
    "2021_02_15_en_reddit_reddit__r--nextfuckinglevel--comments--lk3dj7--this_cosplay": {
      "id": "2021_02_15_en_reddit_reddit__r--nextfuckinglevel--comments--lk3dj7--this_cosplay",
      "url": "https://old.reddit.com/r/nextfuckinglevel/comments/lk3dj7/this_cosplay/",
      "date_published": "2021-02-15T07:37:14.000Z",
      "date_modified": "2021-02-15T07:37:14.000Z",
      "_original_published": "2021-02-15T02:19:19.000Z",
      "_original_language": "en",
      "_translations": {
        "en": {
          "title": "This cosplay."
        },
        "zh-Hans": {
          "title": "这个cosplay。"
        },
        "zh-Hant": {
          "title": "這個cosplay。"
        }
      },
      "tags": [
        "nextfuckinglevel"
      ],
      "authors": [
        {
          "name": "hospitalsocks_",
          "url": "https://old.reddit.com/user/hospitalsocks_"
        }
      ],
      "_links": [
        {
          "url": "https://old.reddit.com/r/nextfuckinglevel/comments/lk3dj7/this_cosplay/",
          "name": "&uarr;129800 votes"
        }
      ],
      "image": "https://preview.redd.it/w3frjhpvwjh61.jpg?width=640&crop=smart&auto=webp&s=6676cd598b0320fa1e47e3ec11ed36b510bdac9b"
    },
    "2021_02_14_en_reddit_reddit__r--gaming--comments--ljkbzv--butterfly_effect": {
      "id": "2021_02_14_en_reddit_reddit__r--gaming--comments--ljkbzv--butterfly_effect",
      "url": "https://old.reddit.com/r/gaming/comments/ljkbzv/butterfly_effect/",
      "date_published": "2021-02-14T15:30:37.000Z",
      "date_modified": "2021-02-14T15:30:37.000Z",
      "_original_published": "2021-02-14T07:58:00.000Z",
      "_original_language": "en",
      "_translations": {
        "en": {
          "title": "“Butterfly effect”"
        },
        "zh-Hans": {
          "title": "\"蝴蝶效应\""
        },
        "zh-Hant": {
          "title": "\"蝴蝶效應\""
        }
      },
      "tags": [
        "gaming"
      ],
      "authors": [
        {
          "name": "porgchopYT",
          "url": "https://old.reddit.com/user/porgchopYT"
        }
      ],
      "_links": [
        {
          "url": "https://old.reddit.com/r/gaming/comments/ljkbzv/butterfly_effect/",
          "name": "&uarr;129008 votes"
        }
      ],
      "image": "https://preview.redd.it/pelolsbegeh61.jpg?width=320&crop=smart&auto=webp&s=4d20423193235bdc9995b21402db8c97c3b01e15"
    },
    "2021_02_17_en_reddit_reddit__r--nextfuckinglevel--comments--lluxtv--she_had_to_make_4_shots_to_win_a_car": {
      "id": "2021_02_17_en_reddit_reddit__r--nextfuckinglevel--comments--lluxtv--she_had_to_make_4_shots_to_win_a_car",
      "url": "https://old.reddit.com/r/nextfuckinglevel/comments/lluxtv/she_had_to_make_4_shots_to_win_a_car/",
      "date_published": "2021-02-17T19:25:32.000Z",
      "date_modified": "2021-02-17T19:25:32.000Z",
      "_original_published": "2021-02-17T13:52:12.000Z",
      "_original_language": "en",
      "_translations": {
        "en": {
          "title": "She had to make 4 shots to win a car."
        },
        "zh-Hans": {
          "title": "她要打4枪才能赢一辆车。"
        },
        "zh-Hant": {
          "title": "她要打4槍才能贏一輛車。"
        }
      },
      "tags": [
        "nextfuckinglevel"
      ],
      "authors": [
        {
          "name": "AristonD",
          "url": "https://old.reddit.com/user/AristonD"
        }
      ],
      "_links": [
        {
          "url": "https://old.reddit.com/r/nextfuckinglevel/comments/lluxtv/she_had_to_make_4_shots_to_win_a_car/",
          "name": "&uarr;128895 votes"
        }
      ],
      "image": "https://external-preview.redd.it/y5ZllBJcy03mRYUAvrhvRqSj1Ul5jN38W75eY-a-9k4.png?width=320&crop=smart&format=pjpg&auto=webp&s=e3a9ae41291cb237fd48f26a76b0b5dfca68afd6",
      "_video": {
        "sources": [
          {
            "url": "https://v.redd.it/jrr3zry9m1i61/DASH_480.mp4?source=fallback"
          }
        ],
        "width": 333,
        "height": 480,
        "poster": "https://external-preview.redd.it/y5ZllBJcy03mRYUAvrhvRqSj1Ul5jN38W75eY-a-9k4.png?width=320&crop=smart&format=pjpg&auto=webp&s=e3a9ae41291cb237fd48f26a76b0b5dfca68afd6"
      }
    },
    "2021_02_15_en_reddit_reddit__r--nextfuckinglevel--comments--lkgi12--this_kid_put_her_helmet_on_her_puffiest_clothes": {
      "id": "2021_02_15_en_reddit_reddit__r--nextfuckinglevel--comments--lkgi12--this_kid_put_her_helmet_on_her_puffiest_clothes",
      "url": "https://old.reddit.com/r/nextfuckinglevel/comments/lkgi12/this_kid_put_her_helmet_on_her_puffiest_clothes/",
      "date_published": "2021-02-15T21:21:14.000Z",
      "date_modified": "2021-02-15T21:21:14.000Z",
      "_original_published": "2021-02-15T15:59:58.000Z",
      "_original_language": "en",
      "_translations": {
        "en": {
          "title": "This kid put her helmet on, her puffiest clothes and never gave up trying until she finally managed to slide on the rail with her skateboard"
        },
        "zh-Hans": {
          "title": "这个孩子戴上了头盔，穿上了最蓬松的衣服，一直没有放弃尝试，直到她终于成功地用滑板滑到了栏杆上。"
        },
        "zh-Hant": {
          "title": "這個孩子戴上了頭盔，穿上了最蓬鬆的衣服，一直沒有放棄嘗試，直到她終於成功地用滑板滑到了欄杆上。"
        }
      },
      "tags": [
        "nextfuckinglevel"
      ],
      "authors": [
        {
          "name": "Thund3rbolt",
          "url": "https://old.reddit.com/user/Thund3rbolt"
        }
      ],
      "_links": [
        {
          "url": "https://old.reddit.com/r/nextfuckinglevel/comments/lkgi12/this_kid_put_her_helmet_on_her_puffiest_clothes/",
          "name": "&uarr;128524 votes"
        }
      ],
      "image": "https://external-preview.redd.it/gqEJdFPZKnJqocJD7EO9SHYyF5MR3tDeEK6NRCK_H0g.png?width=640&crop=smart&format=pjpg&auto=webp&s=040aa10c12b803c3079212b16506e99ab69b1028",
      "_video": {
        "sources": [
          {
            "url": "https://v.redd.it/vzptmxa2znh61/DASH_720.mp4?source=fallback"
          }
        ],
        "width": 576,
        "height": 720,
        "poster": "https://external-preview.redd.it/gqEJdFPZKnJqocJD7EO9SHYyF5MR3tDeEK6NRCK_H0g.png?width=640&crop=smart&format=pjpg&auto=webp&s=040aa10c12b803c3079212b16506e99ab69b1028"
      }
    },
    "2021_02_13_en_reddit_reddit__r--nextfuckinglevel--comments--lj0j8n--this_company_going_above_and_beyond_fuck_cancer": {
      "id": "2021_02_13_en_reddit_reddit__r--nextfuckinglevel--comments--lj0j8n--this_company_going_above_and_beyond_fuck_cancer",
      "url": "https://old.reddit.com/r/nextfuckinglevel/comments/lj0j8n/this_company_going_above_and_beyond_fuck_cancer/",
      "date_published": "2021-02-13T18:32:26.000Z",
      "date_modified": "2021-02-13T18:32:26.000Z",
      "_original_published": "2021-02-13T13:27:21.000Z",
      "_original_language": "en",
      "_translations": {
        "en": {
          "title": "This company going above and beyond.. fuck cancer!"
        },
        "zh-Hans": {
          "title": "这家公司做得很好... 去他妈的癌症！"
        },
        "zh-Hant": {
          "title": "這家公司做得很好... 去他媽的癌症！"
        }
      },
      "tags": [
        "nextfuckinglevel"
      ],
      "authors": [
        {
          "name": "AwfulFrank",
          "url": "https://old.reddit.com/user/AwfulFrank"
        }
      ],
      "_links": [
        {
          "url": "https://old.reddit.com/r/nextfuckinglevel/comments/lj0j8n/this_company_going_above_and_beyond_fuck_cancer/",
          "name": "&uarr;128129 votes"
        }
      ],
      "image": "https://preview.redd.it/zriwx6t8y8h61.jpg?width=1080&crop=smart&auto=webp&s=461d4750dda0349d1a8369e28a85b3048865ddb8"
    },
    "2021_02_14_en_reddit_reddit__r--MurderedByWords--comments--ljpl0p--whoever_runs_wendys_twitter_account_needs_a_raise": {
      "id": "2021_02_14_en_reddit_reddit__r--MurderedByWords--comments--ljpl0p--whoever_runs_wendys_twitter_account_needs_a_raise",
      "url": "https://old.reddit.com/r/MurderedByWords/comments/ljpl0p/whoever_runs_wendys_twitter_account_needs_a_raise/",
      "date_published": "2021-02-14T22:43:03.000Z",
      "date_modified": "2021-02-14T22:43:03.000Z",
      "_original_published": "2021-02-14T14:42:26.000Z",
      "_original_language": "en",
      "_translations": {
        "en": {
          "title": "Whoever runs Wendy's Twitter account needs a raise"
        },
        "zh-Hans": {
          "title": "不管是谁在管理Wendy的推特账号，都需要加薪了"
        },
        "zh-Hant": {
          "title": "不管是誰在管理Wendy的推特賬號，都需要加薪了"
        }
      },
      "tags": [
        "MurderedByWords"
      ],
      "authors": [
        {
          "name": "Iangator",
          "url": "https://old.reddit.com/user/Iangator"
        }
      ],
      "_links": [
        {
          "url": "https://old.reddit.com/r/MurderedByWords/comments/ljpl0p/whoever_runs_wendys_twitter_account_needs_a_raise/",
          "name": "&uarr;127951 votes"
        }
      ],
      "image": "https://preview.redd.it/osut54hgggh61.jpg?width=640&crop=smart&auto=webp&s=461708424c5a2ecfc7927db9f378ea47f50d0653"
    },
    "2021_02_16_en_reddit_reddit__r--memes--comments--ll2o4d--honorable_mentions_to_our_lads": {
      "id": "2021_02_16_en_reddit_reddit__r--memes--comments--ll2o4d--honorable_mentions_to_our_lads",
      "url": "https://old.reddit.com/r/memes/comments/ll2o4d/honorable_mentions_to_our_lads/",
      "date_published": "2021-02-16T16:30:46.000Z",
      "date_modified": "2021-02-16T16:30:46.000Z",
      "_original_published": "2021-02-16T12:20:00.000Z",
      "_original_language": "en",
      "_translations": {
        "en": {
          "title": "Honorable mentions to our lads"
        },
        "zh-Hans": {
          "title": "值得一提的是，我们的小伙子们"
        },
        "zh-Hant": {
          "title": "值得一提的是，我們的小夥子們"
        }
      },
      "tags": [
        "memes"
      ],
      "authors": [
        {
          "name": "ItsAMeSarthak",
          "url": "https://old.reddit.com/user/ItsAMeSarthak"
        }
      ],
      "_links": [
        {
          "url": "https://old.reddit.com/r/memes/comments/ll2o4d/honorable_mentions_to_our_lads/",
          "name": "&uarr;127614 votes"
        }
      ],
      "image": "https://preview.redd.it/qa1csq6y0uh61.jpg?width=640&crop=smart&auto=webp&s=007ec6ac31abd59beb7f5c5cc9b1e24f127ceb6e"
    },
    "2021_02_13_en_reddit_reddit__r--funny--comments--lj706u--final_boss": {
      "id": "2021_02_13_en_reddit_reddit__r--funny--comments--lj706u--final_boss",
      "url": "https://old.reddit.com/r/funny/comments/lj706u/final_boss/",
      "date_published": "2021-02-14T02:29:10.000Z",
      "date_modified": "2021-02-14T02:29:10.000Z",
      "_original_published": "2021-02-13T19:14:28.000Z",
      "_original_language": "en",
      "_translations": {
        "en": {
          "title": "Final Boss"
        },
        "zh-Hans": {
          "title": "最后的老板"
        },
        "zh-Hant": {
          "title": "最後的老闆"
        }
      },
      "tags": [
        "funny"
      ],
      "authors": [
        {
          "name": "_SirCucumber",
          "url": "https://old.reddit.com/user/_SirCucumber"
        }
      ],
      "_links": [
        {
          "url": "https://old.reddit.com/r/funny/comments/lj706u/final_boss/",
          "name": "&uarr;125875 votes"
        }
      ],
      "image": "https://external-preview.redd.it/uNdEaYYfAwpwWJe7eCry4NuIfNE8CcnGi8MLfFuMPgA.png?width=320&crop=smart&format=pjpg&auto=webp&s=6ef58a1c15b0ff85c5afc026dae08d0d59652f97",
      "_video": {
        "sources": [
          {
            "url": "https://v.redd.it/knaeamfynah61/DASH_240.mp4?source=fallback"
          }
        ],
        "width": 320,
        "height": 240,
        "poster": "https://external-preview.redd.it/uNdEaYYfAwpwWJe7eCry4NuIfNE8CcnGi8MLfFuMPgA.png?width=320&crop=smart&format=pjpg&auto=webp&s=6ef58a1c15b0ff85c5afc026dae08d0d59652f97"
      }
    }
  }
}
