{
  "items": {
    "2022_07_06_en_reddit_reddit__r--MadeMeSmile--comments--vsvozs--best_phone_call": {
      "id": "2022_07_06_en_reddit_reddit__r--MadeMeSmile--comments--vsvozs--best_phone_call",
      "url": "https://old.reddit.com/r/MadeMeSmile/comments/vsvozs/best_phone_call/",
      "date_published": "2022-07-07T02:28:25.000Z",
      "date_modified": "2022-07-07T02:28:25.000Z",
      "_original_published": "2022-07-06T17:37:58.000Z",
      "_original_language": "en",
      "_translations": {
        "en": {
          "title": "Best phone call"
        },
        "ja": {
          "title": "最高の電話"
        },
        "zh-Hans": {
          "title": "最好的电话"
        },
        "zh-Hant": {
          "title": "最好的電話"
        }
      },
      "tags": [
        "MadeMeSmile"
      ],
      "authors": [
        {
          "name": "pietradolce",
          "url": "https://old.reddit.com/user/pietradolce"
        }
      ],
      "_links": [
        {
          "url": "https://old.reddit.com/r/MadeMeSmile/comments/vsvozs/best_phone_call/",
          "name": "&uarr;84108 votes"
        }
      ],
      "image": "https://preview.redd.it/75z7lhu0iz991.jpg?width=1080&amp;crop=smart&amp;auto=webp&amp;s=8d269f61f73397de419bf19708286c60a46f7538"
    },
    "2022_07_03_en_reddit_reddit__r--gaming--comments--vqmxdn--game_developers_be_like": {
      "id": "2022_07_03_en_reddit_reddit__r--gaming--comments--vqmxdn--game_developers_be_like",
      "url": "https://old.reddit.com/r/gaming/comments/vqmxdn/game_developers_be_like/",
      "date_published": "2022-07-04T02:05:33.000Z",
      "date_modified": "2022-07-04T02:05:33.000Z",
      "_original_published": "2022-07-03T17:44:46.000Z",
      "_original_language": "en",
      "_translations": {
        "en": {
          "title": "Game developers be like"
        },
        "ja": {
          "title": "ゲーム開発者はこうなる"
        },
        "zh-Hans": {
          "title": "游戏开发者要像"
        },
        "zh-Hant": {
          "title": "遊戲開發者要像"
        }
      },
      "tags": [
        "gaming"
      ],
      "authors": [
        {
          "name": "Yellyvi",
          "url": "https://old.reddit.com/user/Yellyvi"
        }
      ],
      "_links": [
        {
          "url": "https://old.reddit.com/r/gaming/comments/vqmxdn/game_developers_be_like/",
          "name": "&uarr;83744 votes"
        }
      ],
      "image": "https://preview.redd.it/9w0p1xx04e991.png?width=640&amp;crop=smart&amp;auto=webp&amp;s=d9d3197aefe378b0a38aafa1b769a14543876bde"
    },
    "2022_07_05_en_reddit_reddit__r--MadeMeSmile--comments--vs2oxr--i_couldnt_be_happier_reading_this": {
      "id": "2022_07_05_en_reddit_reddit__r--MadeMeSmile--comments--vs2oxr--i_couldnt_be_happier_reading_this",
      "url": "https://old.reddit.com/r/MadeMeSmile/comments/vs2oxr/i_couldnt_be_happier_reading_this/",
      "date_published": "2022-07-06T03:07:40.000Z",
      "date_modified": "2022-07-06T03:07:40.000Z",
      "_original_published": "2022-07-05T17:03:14.000Z",
      "_original_language": "en",
      "_translations": {
        "en": {
          "title": "I couldn't be happier reading this"
        },
        "ja": {
          "title": "これほど嬉しいことはありません。"
        },
        "zh-Hans": {
          "title": "读到这里，我不能再高兴了"
        },
        "zh-Hant": {
          "title": "讀到這裏，我不能再高興了"
        }
      },
      "tags": [
        "MadeMeSmile"
      ],
      "authors": [
        {
          "name": "DavidRolands",
          "url": "https://old.reddit.com/user/DavidRolands"
        }
      ],
      "_links": [
        {
          "url": "https://old.reddit.com/r/MadeMeSmile/comments/vs2oxr/i_couldnt_be_happier_reading_this/",
          "name": "&uarr;81839 votes"
        }
      ],
      "image": "https://preview.redd.it/5sgd0mkr6s991.jpg?width=640&amp;crop=smart&amp;auto=webp&amp;s=7623986eb9c20795cff8363f05975214439955e8"
    },
    "2022_07_07_en_reddit_reddit__r--antiwork--comments--vtmnak--id_show_up_every_day_like_spongebob_im_ready_im": {
      "id": "2022_07_07_en_reddit_reddit__r--antiwork--comments--vtmnak--id_show_up_every_day_like_spongebob_im_ready_im",
      "url": "https://old.reddit.com/r/antiwork/comments/vtmnak/id_show_up_every_day_like_spongebob_im_ready_im/",
      "date_published": "2022-07-08T03:25:18.000Z",
      "date_modified": "2022-07-08T03:25:18.000Z",
      "_original_published": "2022-07-07T16:28:55.000Z",
      "_original_language": "en",
      "_translations": {
        "en": {
          "title": "I'd show up every day like SpongeBob «IM READY IM READY IM READY»"
        },
        "ja": {
          "title": "スポンジ・ボブのように「アイム・レディ・アイム・レディ」みたいに毎日顔を出す。"
        },
        "zh-Hans": {
          "title": "我每天都会像海绵宝宝一样出现，\"我准备好了，我准备好了，我准备好了\""
        },
        "zh-Hant": {
          "title": "我每天都會像海綿寶寶一樣出現，\"我準備好了，我準備好了，我準備好了\""
        }
      },
      "tags": [
        "antiwork"
      ],
      "authors": [
        {
          "name": "MostViablePlayer",
          "url": "https://old.reddit.com/user/MostViablePlayer"
        }
      ],
      "_links": [
        {
          "url": "https://old.reddit.com/r/antiwork/comments/vtmnak/id_show_up_every_day_like_spongebob_im_ready_im/",
          "name": "&uarr;81537 votes"
        }
      ],
      "image": "https://preview.redd.it/te4u7fr4s7a91.jpg?width=640&amp;crop=smart&amp;auto=webp&amp;s=fe48288b8aab62d3342464277c086ea36d84f068"
    },
    "2022_07_06_en_reddit_reddit__r--MurderedByWords--comments--vsryhx--trying_to_guilt_trip_the_ordinary_people": {
      "id": "2022_07_06_en_reddit_reddit__r--MurderedByWords--comments--vsryhx--trying_to_guilt_trip_the_ordinary_people",
      "url": "https://old.reddit.com/r/MurderedByWords/comments/vsryhx/trying_to_guilt_trip_the_ordinary_people/",
      "date_published": "2022-07-07T02:28:25.000Z",
      "date_modified": "2022-07-07T02:28:25.000Z",
      "_original_published": "2022-07-06T14:57:38.000Z",
      "_original_language": "en",
      "_translations": {
        "en": {
          "title": "Trying to guilt trip the ordinary people."
        },
        "ja": {
          "title": "庶民を罪悪感に陥れようとする。"
        },
        "zh-Hans": {
          "title": "试图让普通人感到内疚。"
        },
        "zh-Hant": {
          "title": "試圖讓普通人感到內疚。"
        }
      },
      "tags": [
        "MurderedByWords"
      ],
      "authors": [
        {
          "name": "TwasAnChild",
          "url": "https://old.reddit.com/user/TwasAnChild"
        }
      ],
      "_links": [
        {
          "url": "https://old.reddit.com/r/MurderedByWords/comments/vsryhx/trying_to_guilt_trip_the_ordinary_people/",
          "name": "&uarr;81271 votes"
        }
      ],
      "image": "https://preview.redd.it/uyhv5eyepy991.jpg?width=1080&amp;crop=smart&amp;auto=webp&amp;s=eab67da04ec59c901a8960635cb97e068b5424f8"
    },
    "2022_07_04_en_reddit_reddit__r--interestingasfuck--comments--vrh3og--may_we_never_forget_the_day_san_diego_set_of_7000": {
      "id": "2022_07_04_en_reddit_reddit__r--interestingasfuck--comments--vrh3og--may_we_never_forget_the_day_san_diego_set_of_7000",
      "url": "https://old.reddit.com/r/interestingasfuck/comments/vrh3og/may_we_never_forget_the_day_san_diego_set_of_7000/",
      "date_published": "2022-07-05T04:27:09.000Z",
      "date_modified": "2022-07-05T04:27:09.000Z",
      "_original_published": "2022-07-04T20:53:42.000Z",
      "_original_language": "en",
      "_translations": {
        "en": {
          "title": "May we never forget the day San Diego set of 7,000 fireworks at once accidentally"
        },
        "ja": {
          "title": "サンディエゴで7000発の花火が一斉に打ち上げられた日のことを、私たちは決して忘れることはないでしょう。"
        },
        "zh-Hans": {
          "title": "愿我们永远不要忘记圣地亚哥一次放7000个烟花的日子，这是个意外。"
        },
        "zh-Hant": {
          "title": "願我們永遠不要忘記聖地亞哥一次放7000個煙花的日子，這是個意外。"
        }
      },
      "tags": [
        "interestingasfuck"
      ],
      "authors": [
        {
          "name": "NAGGERDICKEDYA",
          "url": "https://old.reddit.com/user/NAGGERDICKEDYA"
        }
      ],
      "_links": [
        {
          "url": "https://old.reddit.com/r/interestingasfuck/comments/vrh3og/may_we_never_forget_the_day_san_diego_set_of_7000/",
          "name": "&uarr;79365 votes"
        }
      ],
      "image": "https://external-preview.redd.it/CoKVD0yKjuEpxVvZUEHyyLGJXFzB9lF2f5JKq8Flq1M.png?width=640&amp;crop=smart&amp;format=pjpg&amp;auto=webp&amp;s=b362ba2b656ac676c73be85ae2ac6455deef32af",
      "_video": {
        "sources": [
          {
            "url": "https://v.redd.it/fup446sion991/DASH_360.mp4?source=fallback"
          }
        ],
        "width": 640,
        "height": 344,
        "poster": "https://external-preview.redd.it/CoKVD0yKjuEpxVvZUEHyyLGJXFzB9lF2f5JKq8Flq1M.png?width=640&amp;crop=smart&amp;format=pjpg&amp;auto=webp&amp;s=b362ba2b656ac676c73be85ae2ac6455deef32af"
      }
    },
    "2022_07_05_en_reddit_reddit__r--interestingasfuck--comments--vrvkc0--finding_a_scamming_card_shimmer_at_gas_station": {
      "id": "2022_07_05_en_reddit_reddit__r--interestingasfuck--comments--vrvkc0--finding_a_scamming_card_shimmer_at_gas_station",
      "url": "https://old.reddit.com/r/interestingasfuck/comments/vrvkc0/finding_a_scamming_card_shimmer_at_gas_station/",
      "date_published": "2022-07-05T17:59:56.000Z",
      "date_modified": "2022-07-05T17:59:56.000Z",
      "_original_published": "2022-07-05T11:22:34.000Z",
      "_original_language": "en",
      "_translations": {
        "en": {
          "title": "Finding a scamming Card Shimmer at gas station"
        },
        "ja": {
          "title": "ガソリンスタンドで詐欺まがいのカードシマシを発見"
        },
        "zh-Hans": {
          "title": "在加油站发现骗人的卡西姆"
        },
        "zh-Hant": {
          "title": "在加油站發現騙人的卡西姆"
        }
      },
      "tags": [
        "interestingasfuck"
      ],
      "authors": [
        {
          "name": "22Fingers",
          "url": "https://old.reddit.com/user/22Fingers"
        }
      ],
      "_links": [
        {
          "url": "https://old.reddit.com/r/interestingasfuck/comments/vrvkc0/finding_a_scamming_card_shimmer_at_gas_station/",
          "name": "&uarr;78581 votes"
        }
      ],
      "image": "https://external-preview.redd.it/DYLeKYOLL2qRVhahhkB967DuN_qBtybxhCqS68E4b_M.png?width=320&amp;crop=smart&amp;format=pjpg&amp;auto=webp&amp;s=78a5bbe8dcb13cab0c587621243faf87911c13ce",
      "_video": {
        "sources": [
          {
            "url": "https://v.redd.it/88x2qd93iq991/DASH_1080.mp4?source=fallback"
          }
        ],
        "width": 608,
        "height": 1080,
        "poster": "https://external-preview.redd.it/DYLeKYOLL2qRVhahhkB967DuN_qBtybxhCqS68E4b_M.png?width=320&amp;crop=smart&amp;format=pjpg&amp;auto=webp&amp;s=78a5bbe8dcb13cab0c587621243faf87911c13ce"
      }
    },
    "2022_07_07_en_reddit_reddit__r--pics--comments--vt6j4k--oc_gary_sinise_here_wanted_to_share_this_as_today": {
      "id": "2022_07_07_en_reddit_reddit__r--pics--comments--vt6j4k--oc_gary_sinise_here_wanted_to_share_this_as_today",
      "url": "https://old.reddit.com/r/pics/comments/vt6j4k/oc_gary_sinise_here_wanted_to_share_this_as_today/",
      "date_published": "2022-07-07T12:53:04.000Z",
      "date_modified": "2022-07-07T12:53:04.000Z",
      "_original_published": "2022-07-07T01:38:26.000Z",
      "_original_language": "en",
      "_translations": {
        "en": {
          "title": "[OC] Gary Sinise here. Wanted to share this as today is the 28th anniversary of Forrest Gump!"
        },
        "ja": {
          "title": "[ゲイリー・シニーズです 今日は「フォレスト・ガンプ」の28周年記念日なので、これをシェアしたいと思います。"
        },
        "zh-Hans": {
          "title": "[OC] 我是加里-西尼斯。今天是《阿甘正传》28周年纪念日，想与大家分享一下。"
        },
        "zh-Hant": {
          "title": "[OC] 我是加里-西尼斯。今天是《阿甘正傳》28週年紀念日，想與大家分享一下。"
        }
      },
      "tags": [
        "pics"
      ],
      "authors": [
        {
          "name": "GarySiniseOfficial",
          "url": "https://old.reddit.com/user/GarySiniseOfficial"
        }
      ],
      "_links": [
        {
          "url": "https://old.reddit.com/r/pics/comments/vt6j4k/oc_gary_sinise_here_wanted_to_share_this_as_today/",
          "name": "&uarr;78305 votes"
        }
      ],
      "image": "https://preview.redd.it/hg9mvk6av1a91.jpg?width=1080&amp;crop=smart&amp;auto=webp&amp;s=f7b2d75e737534086eeec5cf920e849ff955d348"
    },
    "2022_07_05_en_reddit_reddit__r--facepalm--comments--vs10y2--ah_yes_timezones": {
      "id": "2022_07_05_en_reddit_reddit__r--facepalm--comments--vs10y2--ah_yes_timezones",
      "url": "https://old.reddit.com/r/facepalm/comments/vs10y2/ah_yes_timezones/",
      "date_published": "2022-07-06T03:07:40.000Z",
      "date_modified": "2022-07-06T03:07:40.000Z",
      "_original_published": "2022-07-05T15:50:54.000Z",
      "_original_language": "en",
      "_translations": {
        "en": {
          "title": "Ah yes, \"time-zones\""
        },
        "ja": {
          "title": "そうだ、\"タイムゾーン \"だ"
        },
        "zh-Hans": {
          "title": "啊，是的，\"时区\"。"
        },
        "zh-Hant": {
          "title": "啊，是的，\"時區\"。"
        }
      },
      "tags": [
        "facepalm"
      ],
      "authors": [
        {
          "name": "Waterburst789",
          "url": "https://old.reddit.com/user/Waterburst789"
        }
      ],
      "_links": [
        {
          "url": "https://old.reddit.com/r/facepalm/comments/vs10y2/ah_yes_timezones/",
          "name": "&uarr;78237 votes"
        }
      ],
      "image": "https://preview.redd.it/bapcd6d0ur991.jpg?width=1080&amp;crop=smart&amp;auto=webp&amp;s=92f49e813ca50acdec82173553aa878abb934bdd"
    },
    "2022_07_06_en_reddit_reddit__r--meirl--comments--vslwjy--me_irl": {
      "id": "2022_07_06_en_reddit_reddit__r--meirl--comments--vslwjy--me_irl",
      "url": "https://old.reddit.com/r/meirl/comments/vslwjy/me_irl/",
      "date_published": "2022-07-06T21:36:00.000Z",
      "date_modified": "2022-07-06T21:36:00.000Z",
      "_original_published": "2022-07-06T09:30:32.000Z",
      "_original_language": "en",
      "_translations": {
        "en": {
          "title": "me irl"
        },
        "ja": {
          "title": "わたくしども"
        },
        "zh-Hans": {
          "title": "我在网上"
        },
        "zh-Hant": {
          "title": "我在網上"
        }
      },
      "tags": [
        "meirl"
      ],
      "authors": [
        {
          "name": "AmazingIce6215",
          "url": "https://old.reddit.com/user/AmazingIce6215"
        }
      ],
      "_links": [
        {
          "url": "https://old.reddit.com/r/meirl/comments/vslwjy/me_irl/",
          "name": "&uarr;77936 votes"
        }
      ],
      "image": "https://preview.redd.it/ocmm2ge13x991.jpg?width=320&amp;crop=smart&amp;auto=webp&amp;s=54cc908caf0cb1236e04e3a854079bb1c8f43866"
    },
    "2022_07_03_en_reddit_reddit__r--meirl--comments--vqghhh--me_irl": {
      "id": "2022_07_03_en_reddit_reddit__r--meirl--comments--vqghhh--me_irl",
      "url": "https://old.reddit.com/r/meirl/comments/vqghhh/me_irl/",
      "date_published": "2022-07-03T17:31:29.000Z",
      "date_modified": "2022-07-03T17:31:29.000Z",
      "_original_published": "2022-07-03T12:25:12.000Z",
      "_original_language": "en",
      "_translations": {
        "en": {
          "title": "me_irl"
        },
        "ja": {
          "title": "ミーハー"
        },
        "zh-Hans": {
          "title": "我_女孩"
        },
        "zh-Hant": {
          "title": "我_女孩"
        }
      },
      "tags": [
        "meirl"
      ],
      "authors": [
        {
          "name": "-TripleABattery-",
          "url": "https://old.reddit.com/user/-TripleABattery-"
        }
      ],
      "_links": [
        {
          "url": "https://old.reddit.com/r/meirl/comments/vqghhh/me_irl/",
          "name": "&uarr;77845 votes"
        }
      ],
      "image": "https://preview.redd.it/ny4s58h01e991.jpg?width=640&amp;crop=smart&amp;auto=webp&amp;s=24848e5fb668cdf5ecded74f20b01bca37f7c881"
    },
    "2022_07_03_en_reddit_reddit__r--MadeMeSmile--comments--vq62h4--now_this_was_wholesome": {
      "id": "2022_07_03_en_reddit_reddit__r--MadeMeSmile--comments--vq62h4--now_this_was_wholesome",
      "url": "https://old.reddit.com/r/MadeMeSmile/comments/vq62h4/now_this_was_wholesome/",
      "date_published": "2022-07-03T09:02:29.000Z",
      "date_modified": "2022-07-03T09:02:29.000Z",
      "_original_published": "2022-07-03T01:21:35.000Z",
      "_original_language": "en",
      "_translations": {
        "en": {
          "title": "Now this was wholesome."
        },
        "ja": {
          "title": "これで健全になった。"
        },
        "zh-Hans": {
          "title": "现在这是很健康的。"
        },
        "zh-Hant": {
          "title": "現在這是很健康的。"
        }
      },
      "tags": [
        "MadeMeSmile"
      ],
      "authors": [
        {
          "name": "Sserenitynoww",
          "url": "https://old.reddit.com/user/Sserenitynoww"
        }
      ],
      "_links": [
        {
          "url": "https://old.reddit.com/r/MadeMeSmile/comments/vq62h4/now_this_was_wholesome/",
          "name": "&uarr;77720 votes"
        }
      ],
      "image": "https://external-preview.redd.it/3LXFRT9p7yS9Bg-oBrWw4SgkrHOhOxSNRWujqinvMv4.png?width=640&amp;crop=smart&amp;format=pjpg&amp;auto=webp&amp;s=202ee301c98a7d32d487b847dcbee9c5980b5d55",
      "_video": {
        "sources": [
          {
            "url": "https://v.redd.it/pvgx3uzhqa991/DASH_720.mp4?source=fallback"
          }
        ],
        "width": 740,
        "height": 720,
        "poster": "https://external-preview.redd.it/3LXFRT9p7yS9Bg-oBrWw4SgkrHOhOxSNRWujqinvMv4.png?width=640&amp;crop=smart&amp;format=pjpg&amp;auto=webp&amp;s=202ee301c98a7d32d487b847dcbee9c5980b5d55"
      }
    },
    "2022_07_04_en_reddit_reddit__r--aww--comments--vr85th--when_my_daughters_rat_wasabi_bobby_is_nervous_or": {
      "id": "2022_07_04_en_reddit_reddit__r--aww--comments--vr85th--when_my_daughters_rat_wasabi_bobby_is_nervous_or",
      "url": "https://old.reddit.com/r/aww/comments/vr85th/when_my_daughters_rat_wasabi_bobby_is_nervous_or/",
      "date_published": "2022-07-05T02:14:20.000Z",
      "date_modified": "2022-07-05T02:14:20.000Z",
      "_original_published": "2022-07-04T14:04:30.000Z",
      "_original_language": "en",
      "_translations": {
        "en": {
          "title": "When my daughter's rat, \"Wasabi Bobby\", is nervous or in a new situation, he holds her hand for comfort."
        },
        "ja": {
          "title": "娘のラットの「わさびボビー」は、緊張しているときや新しい状況になったとき、娘の手を握って慰めてくれます。"
        },
        "zh-Hans": {
          "title": "当我女儿的老鼠 \"Wasabi Bobby \"感到紧张或遇到新情况时，它会握住她的手以示安慰。"
        },
        "zh-Hant": {
          "title": "當我女兒的老鼠 \"Wasabi Bobby \"感到緊張或遇到新情況時，它會握住她的手以示安慰。"
        }
      },
      "tags": [
        "aww"
      ],
      "authors": [
        {
          "name": "atodaso",
          "url": "https://old.reddit.com/user/atodaso"
        }
      ],
      "_links": [
        {
          "url": "https://old.reddit.com/r/aww/comments/vr85th/when_my_daughters_rat_wasabi_bobby_is_nervous_or/",
          "name": "&uarr;77590 votes"
        }
      ],
      "image": "https://preview.redd.it/bbq95ucz5k991.jpg?width=1080&amp;crop=smart&amp;auto=webp&amp;s=b959a9a4988ad79afc322671a1e77424ab8aee7b"
    },
    "2022_07_04_en_reddit_reddit__r--funny--comments--vrbek2--the_trophy_for_my_towns_july_4th_hot_dog_eating": {
      "id": "2022_07_04_en_reddit_reddit__r--funny--comments--vrbek2--the_trophy_for_my_towns_july_4th_hot_dog_eating",
      "url": "https://old.reddit.com/r/funny/comments/vrbek2/the_trophy_for_my_towns_july_4th_hot_dog_eating/",
      "date_published": "2022-07-05T03:51:52.000Z",
      "date_modified": "2022-07-05T03:51:52.000Z",
      "_original_published": "2022-07-04T16:33:53.000Z",
      "_original_language": "en",
      "_translations": {
        "en": {
          "title": "The trophy for my town's July 4th hot dog eating contest"
        },
        "ja": {
          "title": "7月4日に開催されたホットドッグ早食いコンテストのトロフィー"
        },
        "zh-Hans": {
          "title": "我所在镇的7月4日吃热狗比赛的奖杯"
        },
        "zh-Hant": {
          "title": "我所在鎮的7月4日喫熱狗比賽的獎盃"
        }
      },
      "tags": [
        "funny"
      ],
      "authors": [
        {
          "name": "FiveOhFive91",
          "url": "https://old.reddit.com/user/FiveOhFive91"
        }
      ],
      "_links": [
        {
          "url": "https://old.reddit.com/r/funny/comments/vrbek2/the_trophy_for_my_towns_july_4th_hot_dog_eating/",
          "name": "&uarr;77038 votes"
        }
      ],
      "image": "https://preview.redd.it/xa762ahrwk991.jpg?width=640&amp;crop=smart&amp;auto=webp&amp;s=8ca15f66124f5e937b89947e4500079a0aae53b4"
    },
    "2022_07_06_en_reddit_reddit__r--aww--comments--vsft99--oh_no_is_it_my_turn_next": {
      "id": "2022_07_06_en_reddit_reddit__r--aww--comments--vsft99--oh_no_is_it_my_turn_next",
      "url": "https://old.reddit.com/r/aww/comments/vsft99/oh_no_is_it_my_turn_next/",
      "date_published": "2022-07-06T17:32:22.000Z",
      "date_modified": "2022-07-06T17:32:22.000Z",
      "_original_published": "2022-07-06T03:06:41.000Z",
      "_original_language": "en",
      "_translations": {
        "en": {
          "title": "Oh no is it my turn next?"
        },
        "ja": {
          "title": "いやー次は私の番かな？"
        },
        "zh-Hans": {
          "title": "哦，不，下一个就轮到我了吗？"
        },
        "zh-Hant": {
          "title": "哦，不，下一個就輪到我了嗎？"
        }
      },
      "tags": [
        "aww"
      ],
      "authors": [
        {
          "name": "Abhirup_0",
          "url": "https://old.reddit.com/user/Abhirup_0"
        }
      ],
      "_links": [
        {
          "url": "https://old.reddit.com/r/aww/comments/vsft99/oh_no_is_it_my_turn_next/",
          "name": "&uarr;76990 votes"
        }
      ],
      "image": "https://external-preview.redd.it/47zn1WsDfIAc99AS-tm3XOZjdgB29b04xUIEFnJ0v98.png?width=320&amp;crop=smart&amp;format=pjpg&amp;auto=webp&amp;s=9c2bf83c2f8fced9903d00018abcbc0b37dd349c",
      "_video": {
        "sources": [
          {
            "url": "https://v.redd.it/psicrmrj6v991/DASH_720.mp4?source=fallback"
          }
        ],
        "width": 404,
        "height": 720,
        "poster": "https://external-preview.redd.it/47zn1WsDfIAc99AS-tm3XOZjdgB29b04xUIEFnJ0v98.png?width=320&amp;crop=smart&amp;format=pjpg&amp;auto=webp&amp;s=9c2bf83c2f8fced9903d00018abcbc0b37dd349c"
      }
    },
    "2022_07_07_en_reddit_reddit__r--MadeMeSmile--comments--vtiq4q--smooth": {
      "id": "2022_07_07_en_reddit_reddit__r--MadeMeSmile--comments--vtiq4q--smooth",
      "url": "https://old.reddit.com/r/MadeMeSmile/comments/vtiq4q/smooth/",
      "date_published": "2022-07-07T22:29:39.000Z",
      "date_modified": "2022-07-07T22:29:39.000Z",
      "_original_published": "2022-07-07T13:27:58.000Z",
      "_original_language": "en",
      "_translations": {
        "en": {
          "title": "Smooth"
        },
        "ja": {
          "title": "スムーズ"
        },
        "zh-Hans": {
          "title": "顺利"
        },
        "zh-Hant": {
          "title": "順利"
        }
      },
      "tags": [
        "MadeMeSmile"
      ],
      "authors": [
        {
          "name": "pietradolce",
          "url": "https://old.reddit.com/user/pietradolce"
        }
      ],
      "_links": [
        {
          "url": "https://old.reddit.com/r/MadeMeSmile/comments/vtiq4q/smooth/",
          "name": "&uarr;76980 votes"
        }
      ],
      "image": "https://preview.redd.it/ah789y0ce5a91.jpg?width=1080&amp;crop=smart&amp;auto=webp&amp;s=42d0794533547fced221759d7bd41ef623d9a5d3"
    },
    "2022_07_07_en_reddit_reddit__r--aww--comments--vthpug--a_tired_but_proud_mom": {
      "id": "2022_07_07_en_reddit_reddit__r--aww--comments--vthpug--a_tired_but_proud_mom",
      "url": "https://old.reddit.com/r/aww/comments/vthpug/a_tired_but_proud_mom/",
      "date_published": "2022-07-08T03:25:18.000Z",
      "date_modified": "2022-07-08T03:25:18.000Z",
      "_original_published": "2022-07-07T12:37:20.000Z",
      "_original_language": "en",
      "_translations": {
        "en": {
          "title": "A tired but proud mom"
        },
        "ja": {
          "title": "疲れたけど自慢のママ"
        },
        "zh-Hans": {
          "title": "一个疲惫但自豪的母亲"
        },
        "zh-Hant": {
          "title": "一個疲憊但自豪的母親"
        }
      },
      "tags": [
        "aww"
      ],
      "authors": [
        {
          "name": "vladgrinch",
          "url": "https://old.reddit.com/user/vladgrinch"
        }
      ],
      "_links": [
        {
          "url": "https://old.reddit.com/r/aww/comments/vthpug/a_tired_but_proud_mom/",
          "name": "&uarr;76864 votes"
        }
      ],
      "image": "https://external-preview.redd.it/DM3A93FtJrNSojnRhTsOYb4nNNy7wtDnsaYo3XqyOSM.png?width=640&amp;crop=smart&amp;format=pjpg&amp;auto=webp&amp;s=4b727bce84accbb093d73abb7064c5dc7b319521",
      "_video": {
        "sources": [
          {
            "url": "https://v.redd.it/hmt5gw9455a91/DASH_480.mp4?source=fallback"
          }
        ],
        "width": 480,
        "height": 480,
        "poster": "https://external-preview.redd.it/DM3A93FtJrNSojnRhTsOYb4nNNy7wtDnsaYo3XqyOSM.png?width=640&amp;crop=smart&amp;format=pjpg&amp;auto=webp&amp;s=4b727bce84accbb093d73abb7064c5dc7b319521"
      }
    },
    "2022_07_04_en_reddit_reddit__r--antiwork--comments--vr7e6f--what_i_really_want": {
      "id": "2022_07_04_en_reddit_reddit__r--antiwork--comments--vr7e6f--what_i_really_want",
      "url": "https://old.reddit.com/r/antiwork/comments/vr7e6f/what_i_really_want/",
      "date_published": "2022-07-04T19:33:13.000Z",
      "date_modified": "2022-07-04T19:33:13.000Z",
      "_original_published": "2022-07-04T13:25:22.000Z",
      "_original_language": "en",
      "_translations": {
        "en": {
          "title": "What I really want.."
        },
        "ja": {
          "title": "私が本当に欲しいものは..."
        },
        "zh-Hans": {
          "title": "我真正想要的是..."
        },
        "zh-Hant": {
          "title": "我真正想要的是..."
        }
      },
      "tags": [
        "antiwork"
      ],
      "authors": [
        {
          "name": "HeartyCheetah",
          "url": "https://old.reddit.com/user/HeartyCheetah"
        }
      ],
      "_links": [
        {
          "url": "https://old.reddit.com/r/antiwork/comments/vr7e6f/what_i_really_want/",
          "name": "&uarr;76832 votes"
        }
      ],
      "image": "https://preview.redd.it/9pjd9eq2zj991.jpg?width=320&amp;crop=smart&amp;auto=webp&amp;s=c18bf4d939b5e47b43a9a13502217d5f2bc09dc3"
    },
    "2022_07_01_en_reddit_reddit__r--technicallythetruth--comments--vozb0c--isnt_it_true_tho": {
      "id": "2022_07_01_en_reddit_reddit__r--technicallythetruth--comments--vozb0c--isnt_it_true_tho",
      "url": "https://old.reddit.com/r/technicallythetruth/comments/vozb0c/isnt_it_true_tho/",
      "date_published": "2022-07-01T19:50:40.000Z",
      "date_modified": "2022-07-01T19:50:40.000Z",
      "_original_published": "2022-07-01T12:09:01.000Z",
      "_original_language": "en",
      "_translations": {
        "en": {
          "title": "Isn't it true tho"
        },
        "ja": {
          "title": "それは本当ですか？"
        },
        "zh-Hans": {
          "title": "这不是真的吗？"
        },
        "zh-Hant": {
          "title": "這不是真的嗎？"
        }
      },
      "tags": [
        "technicallythetruth"
      ],
      "authors": [
        {
          "name": "ziad4826",
          "url": "https://old.reddit.com/user/ziad4826"
        }
      ],
      "_links": [
        {
          "url": "https://old.reddit.com/r/technicallythetruth/comments/vozb0c/isnt_it_true_tho/",
          "name": "&uarr;76732 votes"
        }
      ],
      "image": "https://preview.redd.it/miomy50s6y891.jpg?width=1080&amp;crop=smart&amp;auto=webp&amp;s=b0ae193ed7e310a4cbe272e6ff327eeacccda4cd"
    },
    "2022_07_06_en_reddit_reddit__r--nextfuckinglevel--comments--vsm2ym--best_bluff_ive_ever_seen_in_my_life": {
      "id": "2022_07_06_en_reddit_reddit__r--nextfuckinglevel--comments--vsm2ym--best_bluff_ive_ever_seen_in_my_life",
      "url": "https://old.reddit.com/r/nextfuckinglevel/comments/vsm2ym/best_bluff_ive_ever_seen_in_my_life/",
      "date_published": "2022-07-07T03:58:17.000Z",
      "date_modified": "2022-07-07T03:58:17.000Z",
      "_original_published": "2022-07-06T09:43:03.000Z",
      "_original_language": "en",
      "_translations": {
        "en": {
          "title": "Best bluff I’ve ever seen in my life"
        },
        "ja": {
          "title": "今まで見た中で最高のハッタリ"
        },
        "zh-Hans": {
          "title": "我这辈子见过的最好的虚张声势"
        },
        "zh-Hant": {
          "title": "我這輩子見過的最好的虛張聲勢"
        }
      },
      "tags": [
        "nextfuckinglevel"
      ],
      "authors": [
        {
          "name": "bite-size_23",
          "url": "https://old.reddit.com/user/bite-size_23"
        }
      ],
      "_links": [
        {
          "url": "https://old.reddit.com/r/nextfuckinglevel/comments/vsm2ym/best_bluff_ive_ever_seen_in_my_life/",
          "name": "&uarr;76684 votes"
        }
      ],
      "image": "https://external-preview.redd.it/yB7x4KiuJvZOqKdC0Fs-j_vzjtzAwFjSdcf-W8S2Cg0.png?width=1080&amp;crop=smart&amp;format=pjpg&amp;auto=webp&amp;s=f21211b70035b66ef44d218cf5b9f46e03a37def",
      "_video": {
        "sources": [
          {
            "url": "https://v.redd.it/v8mnja095x991/DASH_720.mp4?source=fallback"
          }
        ],
        "width": 1280,
        "height": 720,
        "poster": "https://external-preview.redd.it/yB7x4KiuJvZOqKdC0Fs-j_vzjtzAwFjSdcf-W8S2Cg0.png?width=1080&amp;crop=smart&amp;format=pjpg&amp;auto=webp&amp;s=f21211b70035b66ef44d218cf5b9f46e03a37def"
      }
    }
  }
}
