{
  "items": {
    "2021_01_06_en_reddit_reddit__r--pics--comments--krzghx--how_it_started_and_how_it_ended": {
      "id": "2021_01_06_en_reddit_reddit__r--pics--comments--krzghx--how_it_started_and_how_it_ended",
      "url": "https://old.reddit.com/r/pics/comments/krzghx/how_it_started_and_how_it_ended/",
      "date_published": "2021-01-07T03:22:32.000Z",
      "date_modified": "2021-01-07T03:22:32.000Z",
      "_original_published": "2021-01-06T22:58:35.000Z",
      "_original_language": "en",
      "_translations": {
        "en": {
          "title": "How it started and how it ended"
        },
        "zh-Hans": {
          "title": "它是如何开始的，又是如何结束的"
        },
        "zh-Hant": {
          "title": "它是如何開始的，又是如何結束的"
        }
      },
      "tags": [
        "pics"
      ],
      "authors": [
        {
          "name": "ahvostin",
          "url": "https://old.reddit.com/user/ahvostin"
        }
      ],
      "_links": [
        {
          "url": "https://old.reddit.com/r/pics/comments/krzghx/how_it_started_and_how_it_ended/",
          "name": "&uarr;193708 votes"
        }
      ],
      "image": "https://preview.redd.it/zqcckk5gls961.png?width=1080&crop=smart&auto=webp&s=dbc008ddad6aa8e44504f4793b2a51e3ff0c50d8"
    },
    "2021_01_06_en_reddit_reddit__r--LeopardsAteMyFace--comments--krxeos--congressman_markwayne_mullin_rok_cowers_in_fear": {
      "id": "2021_01_06_en_reddit_reddit__r--LeopardsAteMyFace--comments--krxeos--congressman_markwayne_mullin_rok_cowers_in_fear",
      "url": "https://old.reddit.com/r/LeopardsAteMyFace/comments/krxeos/congressman_markwayne_mullin_rok_cowers_in_fear/",
      "date_published": "2021-01-07T01:46:15.000Z",
      "date_modified": "2021-01-07T01:46:15.000Z",
      "_original_published": "2021-01-06T21:16:48.000Z",
      "_original_language": "en",
      "_translations": {
        "en": {
          "title": "Congressman Markwayne Mullin, R-OK, cowers in fear at a coup he helped create."
        },
        "zh-Hans": {
          "title": "俄克拉荷马州众议员马克韦恩·穆林(Markwayne Mullin)在他帮助制造的一场政变中畏缩在恐惧中。"
        },
        "zh-Hant": {
          "title": "俄克拉荷馬州衆議員馬克韋恩·穆林(Markwayne Mullin)在他幫助製造的一場政變中畏縮在恐懼中。"
        }
      },
      "tags": [
        "LeopardsAteMyFace"
      ],
      "authors": [
        {
          "name": "nmezib",
          "url": "https://old.reddit.com/user/nmezib"
        }
      ],
      "_links": [
        {
          "url": "https://old.reddit.com/r/LeopardsAteMyFace/comments/krxeos/congressman_markwayne_mullin_rok_cowers_in_fear/",
          "name": "&uarr;183378 votes"
        }
      ],
      "image": "https://external-preview.redd.it/-IKzgm82vwH8uPjKE0fAOzUkvvdzjutkSnLVlRF32fk.png?width=320&crop=smart&auto=webp&s=74b0e1d6daefdfeabb704e464a3b62908bed858c"
    },
    "2021_01_01_en_reddit_reddit__r--nextfuckinglevel--comments--koc1oz--my_video_was_stolen_cropped_and_uploaded_here": {
      "id": "2021_01_01_en_reddit_reddit__r--nextfuckinglevel--comments--koc1oz--my_video_was_stolen_cropped_and_uploaded_here",
      "url": "https://old.reddit.com/r/nextfuckinglevel/comments/koc1oz/my_video_was_stolen_cropped_and_uploaded_here/",
      "date_published": "2021-01-01T18:54:36.000Z",
      "date_modified": "2021-01-01T18:54:36.000Z",
      "_original_published": "2021-01-01T14:23:28.000Z",
      "_original_language": "en",
      "_translations": {
        "en": {
          "title": "My video was stolen, cropped and uploaded here without credit, and I am gutted. Please accept this fast cut version instead. Human Scale Lego Knight Helmet"
        },
        "zh-Hans": {
          "title": "我的视频在没有信用的情况下被窃取、剪辑和上传到这里，我很伤心。请换成这个速裁版。人体比例乐高骑士头盔"
        },
        "zh-Hant": {
          "title": "我的視頻在沒有信用的情況下被竊取、剪輯和上傳到這裏，我很傷心。請換成這個速裁版。人體比例樂高騎士頭盔"
        }
      },
      "tags": [
        "nextfuckinglevel"
      ],
      "authors": [
        {
          "name": "agepbiz",
          "url": "https://old.reddit.com/user/agepbiz"
        }
      ],
      "_links": [
        {
          "url": "https://old.reddit.com/r/nextfuckinglevel/comments/koc1oz/my_video_was_stolen_cropped_and_uploaded_here/",
          "name": "&uarr;180896 votes"
        }
      ],
      "image": "https://external-preview.redd.it/kSwWTVm-y4ReYKn8gSVWubEHLmnjO8fXS7r50Z4wpIM.png?width=1080&crop=smart&format=pjpg&auto=webp&s=513305a04226db60e7c3365447e9a6f16b599b40",
      "_video": {
        "sources": [
          {
            "url": "https://v.redd.it/ve3nkb07cq861/DASH_1080.mp4?source=fallback"
          }
        ],
        "width": 1080,
        "height": 1080,
        "poster": "https://external-preview.redd.it/kSwWTVm-y4ReYKn8gSVWubEHLmnjO8fXS7r50Z4wpIM.png?width=1080&crop=smart&format=pjpg&auto=webp&s=513305a04226db60e7c3365447e9a6f16b599b40"
      }
    },
    "2021_01_01_en_reddit_reddit__r--memes--comments--kocegl--moms_are_the_real_mvps": {
      "id": "2021_01_01_en_reddit_reddit__r--memes--comments--kocegl--moms_are_the_real_mvps",
      "url": "https://old.reddit.com/r/memes/comments/kocegl/moms_are_the_real_mvps/",
      "date_published": "2021-01-01T19:25:00.000Z",
      "date_modified": "2021-01-01T19:25:00.000Z",
      "_original_published": "2021-01-01T14:48:36.000Z",
      "_original_language": "en",
      "_translations": {
        "en": {
          "title": "Moms are the real MVPs"
        },
        "zh-Hans": {
          "title": "妈妈们才是真正的MVP"
        },
        "zh-Hant": {
          "title": "媽媽們纔是真正的MVP"
        }
      },
      "tags": [
        "memes"
      ],
      "authors": [
        {
          "name": "the_sinking_boat",
          "url": "https://old.reddit.com/user/the_sinking_boat"
        }
      ],
      "_links": [
        {
          "url": "https://old.reddit.com/r/memes/comments/kocegl/moms_are_the_real_mvps/",
          "name": "&uarr;180166 votes"
        }
      ],
      "image": "https://external-preview.redd.it/JzeSwCaaK4CHctk25fngHhJYXa19gAtX4j37wKALRMo.gif?width=320&crop=smart&format=png8&s=c854511895e9bb99719ede2cf9c3a9d437054bd6",
      "_video": {
        "sources": [
          {
            "url": "https://external-preview.redd.it/JzeSwCaaK4CHctk25fngHhJYXa19gAtX4j37wKALRMo.gif?format=mp4&s=97f1bdbbc6f6b16d97104af815d4b41deb5ad592"
          }
        ],
        "width": 510,
        "height": 510,
        "poster": "https://external-preview.redd.it/JzeSwCaaK4CHctk25fngHhJYXa19gAtX4j37wKALRMo.gif?width=320&crop=smart&format=png8&s=c854511895e9bb99719ede2cf9c3a9d437054bd6"
      }
    },
    "2021_01_07_en_reddit_reddit__r--memes--comments--ks2asd--its_been_real_fam": {
      "id": "2021_01_07_en_reddit_reddit__r--memes--comments--ks2asd--its_been_real_fam",
      "url": "https://old.reddit.com/r/memes/comments/ks2asd/its_been_real_fam/",
      "date_published": "2021-01-07T07:53:13.000Z",
      "date_modified": "2021-01-07T07:53:13.000Z",
      "_original_published": "2021-01-07T01:25:34.000Z",
      "_original_language": "en",
      "_translations": {
        "en": {
          "title": "It’s been real fam."
        },
        "zh-Hans": {
          "title": "这真是太棒了。"
        },
        "zh-Hant": {
          "title": "這真是太棒了。"
        }
      },
      "tags": [
        "memes"
      ],
      "authors": [
        {
          "name": "drugs-and-group-hugs",
          "url": "https://old.reddit.com/user/drugs-and-group-hugs"
        }
      ],
      "_links": [
        {
          "url": "https://old.reddit.com/r/memes/comments/ks2asd/its_been_real_fam/",
          "name": "&uarr;171915 votes"
        }
      ],
      "image": "https://preview.redd.it/evqhhdqqbt961.jpg?width=320&crop=smart&auto=webp&s=cf50286b1f9ae7e64b7567f0476a8b190a5c3eef"
    },
    "2021_01_04_en_reddit_reddit__r--gaming--comments--kq2o6l--fs_in_chat_for_a_legend_bois": {
      "id": "2021_01_04_en_reddit_reddit__r--gaming--comments--kq2o6l--fs_in_chat_for_a_legend_bois",
      "url": "https://old.reddit.com/r/gaming/comments/kq2o6l/fs_in_chat_for_a_legend_bois/",
      "date_published": "2021-01-04T13:52:48.000Z",
      "date_modified": "2021-01-04T13:52:48.000Z",
      "_original_published": "2021-01-04T06:03:08.000Z",
      "_original_language": "en",
      "_translations": {
        "en": {
          "title": "F's in chat for a legend bois"
        },
        "zh-Hans": {
          "title": "F在和一个传奇人物聊天"
        },
        "zh-Hant": {
          "title": "F在和一個傳奇人物聊天"
        }
      },
      "tags": [
        "gaming"
      ],
      "authors": [
        {
          "name": "UglyPumpkin00",
          "url": "https://old.reddit.com/user/UglyPumpkin00"
        }
      ],
      "_links": [
        {
          "url": "https://old.reddit.com/r/gaming/comments/kq2o6l/fs_in_chat_for_a_legend_bois/",
          "name": "&uarr;166074 votes"
        }
      ],
      "image": "https://preview.redd.it/s6wyy4oda9961.png?width=320&crop=smart&auto=webp&s=e188b1070ccc234b30b3b46bcaf9bed3c4528af5"
    },
    "2021_01_07_en_reddit_reddit__r--memes--comments--ks8ctf--did_it_happen_to_all_of_us": {
      "id": "2021_01_07_en_reddit_reddit__r--memes--comments--ks8ctf--did_it_happen_to_all_of_us",
      "url": "https://old.reddit.com/r/memes/comments/ks8ctf/did_it_happen_to_all_of_us/",
      "date_published": "2021-01-07T15:32:32.000Z",
      "date_modified": "2021-01-07T15:32:32.000Z",
      "_original_published": "2021-01-07T07:36:17.000Z",
      "_original_language": "en",
      "_translations": {
        "en": {
          "title": "did it happen to all of us?"
        },
        "zh-Hans": {
          "title": "这是不是发生在我们所有人身上？"
        },
        "zh-Hant": {
          "title": "這是不是發生在我們所有人身上？"
        }
      },
      "tags": [
        "memes"
      ],
      "authors": [
        {
          "name": "saucy-mel",
          "url": "https://old.reddit.com/user/saucy-mel"
        }
      ],
      "_links": [
        {
          "url": "https://old.reddit.com/r/memes/comments/ks8ctf/did_it_happen_to_all_of_us/",
          "name": "&uarr;167847 votes"
        }
      ],
      "image": "https://preview.redd.it/9kvm8knv5v961.jpg?width=640&crop=smart&auto=webp&s=4810bfba684db283fbe53bad4fead4342957b52a"
    },
    "2021_01_01_en_reddit_reddit__r--memes--comments--kogrqw--twice_the_meme_twice_the_effort": {
      "id": "2021_01_01_en_reddit_reddit__r--memes--comments--kogrqw--twice_the_meme_twice_the_effort",
      "url": "https://old.reddit.com/r/memes/comments/kogrqw/twice_the_meme_twice_the_effort/",
      "date_published": "2021-01-01T23:45:24.000Z",
      "date_modified": "2021-01-01T23:45:24.000Z",
      "_original_published": "2021-01-01T19:00:51.000Z",
      "_original_language": "en",
      "_translations": {
        "en": {
          "title": "twice the meme، twice the effort"
        },
        "zh-Hans": {
          "title": "两倍的表情包،付出了两倍的努力"
        },
        "zh-Hant": {
          "title": "兩倍的表情包،付出了兩倍的努力"
        }
      },
      "tags": [
        "memes"
      ],
      "authors": [
        {
          "name": "agabcharif",
          "url": "https://old.reddit.com/user/agabcharif"
        }
      ],
      "_links": [
        {
          "url": "https://old.reddit.com/r/memes/comments/kogrqw/twice_the_meme_twice_the_effort/",
          "name": "&uarr;162123 votes"
        }
      ],
      "image": "https://preview.redd.it/4t9auil3qr861.gif?width=640&crop=smart&format=png8&s=d39c5ebdd2b6b67c91bf981b235bc068116efedd",
      "_video": {
        "sources": [
          {
            "url": "https://preview.redd.it/4t9auil3qr861.gif?format=mp4&s=6b7abe24e533571ad6f22ce7564bbdd27d26bdf6"
          }
        ],
        "width": 640,
        "height": 640,
        "poster": "https://preview.redd.it/4t9auil3qr861.gif?width=640&crop=smart&format=png8&s=d39c5ebdd2b6b67c91bf981b235bc068116efedd"
      }
    },
    "2021_01_06_en_reddit_reddit__r--funny--comments--krn0tx--every_single_scandinavian_crime_drama": {
      "id": "2021_01_06_en_reddit_reddit__r--funny--comments--krn0tx--every_single_scandinavian_crime_drama",
      "url": "https://old.reddit.com/r/funny/comments/krn0tx/every_single_scandinavian_crime_drama/",
      "date_published": "2021-01-06T18:12:31.000Z",
      "date_modified": "2021-01-06T18:12:31.000Z",
      "_original_published": "2021-01-06T12:33:26.000Z",
      "_original_language": "en",
      "_translations": {
        "en": {
          "title": "Every single Scandinavian crime drama"
        },
        "zh-Hans": {
          "title": "每一部斯堪的纳维亚犯罪剧"
        },
        "zh-Hant": {
          "title": "每一部斯堪的納維亞犯罪劇"
        }
      },
      "tags": [
        "funny"
      ],
      "authors": [
        {
          "name": "poedan",
          "url": "https://old.reddit.com/user/poedan"
        }
      ],
      "_links": [
        {
          "url": "https://old.reddit.com/r/funny/comments/krn0tx/every_single_scandinavian_crime_drama/",
          "name": "&uarr;158781 votes"
        }
      ],
      "image": "https://external-preview.redd.it/cKdjxQNi9Zzo7bFyHYV2t62raNgDbWhd6jafHiBOtpQ.png?width=1080&crop=smart&format=pjpg&auto=webp&s=b19cfa4c0f11380affa9d70c2ee4dbb1d4bf4217",
      "_video": {
        "sources": [
          {
            "url": "https://v.redd.it/uc4iloqxhp961/DASH_240.mp4?source=fallback"
          }
        ],
        "width": 426,
        "height": 239,
        "poster": "https://external-preview.redd.it/cKdjxQNi9Zzo7bFyHYV2t62raNgDbWhd6jafHiBOtpQ.png?width=1080&crop=smart&format=pjpg&auto=webp&s=b19cfa4c0f11380affa9d70c2ee4dbb1d4bf4217"
      }
    },
    "2021_01_04_en_reddit_reddit__r--memes--comments--kqer60--meatcopter_goes_brrrrrr": {
      "id": "2021_01_04_en_reddit_reddit__r--memes--comments--kqer60--meatcopter_goes_brrrrrr",
      "url": "https://old.reddit.com/r/memes/comments/kqer60/meatcopter_goes_brrrrrr/",
      "date_published": "2021-01-04T23:12:09.000Z",
      "date_modified": "2021-01-04T23:12:09.000Z",
      "_original_published": "2021-01-04T18:37:15.000Z",
      "_original_language": "en",
      "_translations": {
        "en": {
          "title": "Meat-copter goes brrrrrr"
        },
        "zh-Hans": {
          "title": "肉直升机走了brrrrrrr"
        },
        "zh-Hant": {
          "title": "肉直升機走了brrrrrrr"
        }
      },
      "tags": [
        "memes"
      ],
      "authors": [
        {
          "name": "idea4granted",
          "url": "https://old.reddit.com/user/idea4granted"
        }
      ],
      "_links": [
        {
          "url": "https://old.reddit.com/r/memes/comments/kqer60/meatcopter_goes_brrrrrr/",
          "name": "&uarr;158740 votes"
        }
      ],
      "image": "https://external-preview.redd.it/tr6n5oMuR5RHilD2ege-0QWpGQ2ptfuwAMA5JcsZklE.jpg?width=640&crop=smart&auto=webp&s=b8887caf65c8d609f70b0c45cf120b3cc4febeec",
      "_video": {
        "sources": [
          {
            "url": "https://v.redd.it/jghyuyr21d961/DASH_360.mp4"
          }
        ],
        "width": 360,
        "height": 360,
        "poster": "https://external-preview.redd.it/tr6n5oMuR5RHilD2ege-0QWpGQ2ptfuwAMA5JcsZklE.jpg?width=640&crop=smart&auto=webp&s=b8887caf65c8d609f70b0c45cf120b3cc4febeec"
      }
    },
    "2021_01_07_en_reddit_reddit__r--memes--comments--ksddu6--oh_god_the_feels": {
      "id": "2021_01_07_en_reddit_reddit__r--memes--comments--ksddu6--oh_god_the_feels",
      "url": "https://old.reddit.com/r/memes/comments/ksddu6/oh_god_the_feels/",
      "date_published": "2021-01-07T19:27:12.000Z",
      "date_modified": "2021-01-07T19:27:12.000Z",
      "_original_published": "2021-01-07T13:35:57.000Z",
      "_original_language": "en",
      "_translations": {
        "en": {
          "title": "Oh god the feels"
        },
        "zh-Hans": {
          "title": "哦，天哪，那感觉"
        },
        "zh-Hant": {
          "title": "哦，天哪，那感覺"
        }
      },
      "tags": [
        "memes"
      ],
      "authors": [
        {
          "name": "blityc",
          "url": "https://old.reddit.com/user/blityc"
        }
      ],
      "_links": [
        {
          "url": "https://old.reddit.com/r/memes/comments/ksddu6/oh_god_the_feels/",
          "name": "&uarr;161278 votes"
        }
      ],
      "image": "https://preview.redd.it/glmvglu0yw961.png?width=960&crop=smart&auto=webp&s=00b8eac1a61af03f2f38c85fd937c6acfbbef839"
    },
    "2021_01_07_en_reddit_reddit__r--MurderedByWords--comments--ksmvhx--all_of_a_sudden_law_order_doesnt_apply": {
      "id": "2021_01_07_en_reddit_reddit__r--MurderedByWords--comments--ksmvhx--all_of_a_sudden_law_order_doesnt_apply",
      "url": "https://old.reddit.com/r/MurderedByWords/comments/ksmvhx/all_of_a_sudden_law_order_doesnt_apply/",
      "date_published": "2021-01-08T02:32:36.000Z",
      "date_modified": "2021-01-08T02:32:36.000Z",
      "_original_published": "2021-01-07T21:10:44.000Z",
      "_original_language": "en",
      "_translations": {
        "en": {
          "title": "All of a sudden “Law & Order” doesn’t apply?"
        },
        "zh-Hans": {
          "title": "突然间“法律与秩序”就不适用了？"
        },
        "zh-Hant": {
          "title": "突然間“法律與秩序”就不適用了？"
        }
      },
      "tags": [
        "MurderedByWords"
      ],
      "authors": [
        {
          "name": "Apollo611",
          "url": "https://old.reddit.com/user/Apollo611"
        }
      ],
      "_links": [
        {
          "url": "https://old.reddit.com/r/MurderedByWords/comments/ksmvhx/all_of_a_sudden_law_order_doesnt_apply/",
          "name": "&uarr;196780 votes"
        }
      ],
      "image": "https://preview.redd.it/0u2b9er67z961.jpg?width=1080&crop=smart&auto=webp&s=42ab05f7cef190ddaa6e2bd018cfe9cbd5e5734a"
    },
    "2021_01_06_en_reddit_reddit__r--politics--comments--krntg6--mitch_mcconnell_will_lose_control_of_the_senate": {
      "id": "2021_01_06_en_reddit_reddit__r--politics--comments--krntg6--mitch_mcconnell_will_lose_control_of_the_senate",
      "url": "https://old.reddit.com/r/politics/comments/krntg6/mitch_mcconnell_will_lose_control_of_the_senate/",
      "date_published": "2021-01-06T18:12:31.000Z",
      "date_modified": "2021-01-06T18:12:31.000Z",
      "_original_published": "2021-01-06T13:25:44.000Z",
      "_original_language": "en",
      "_translations": {
        "en": {
          "title": "Mitch McConnell Will Lose Control Of The Senate As Democrats Have Swept The Georgia Runoffs"
        },
        "zh-Hans": {
          "title": "米奇·麦康奈尔(Mitch McConnell)将失去对参议院的控制，民主党人在佐治亚州决选中大获全胜"
        },
        "zh-Hant": {
          "title": "米奇·麥康奈爾(Mitch McConnell)將失去對參議院的控制，民主黨人在佐治亞州決選中大獲全勝"
        }
      },
      "tags": [
        "politics"
      ],
      "authors": [
        {
          "name": "klawdz",
          "url": "https://old.reddit.com/user/klawdz"
        }
      ],
      "_links": [
        {
          "url": "https://old.reddit.com/r/politics/comments/krntg6/mitch_mcconnell_will_lose_control_of_the_senate/",
          "name": "&uarr;150419 votes"
        }
      ],
      "image": "https://external-preview.redd.it/2fUPjE9jgQUcOdRhyrYXYXcfZ4dPNmfyfi11SqPPLnE.jpg?width=1080&crop=smart&auto=webp&s=9281c63d75573fd13810fe1f1d7b10de17c73d54"
    },
    "2021_01_05_en_reddit_reddit__r--memes--comments--kr73wf--thats_a_nice_car_you_got_there": {
      "id": "2021_01_05_en_reddit_reddit__r--memes--comments--kr73wf--thats_a_nice_car_you_got_there",
      "url": "https://old.reddit.com/r/memes/comments/kr73wf/thats_a_nice_car_you_got_there/",
      "date_published": "2021-01-06T01:35:26.000Z",
      "date_modified": "2021-01-06T01:35:26.000Z",
      "_original_published": "2021-01-05T20:34:33.000Z",
      "_original_language": "en",
      "_translations": {
        "en": {
          "title": "that's a nice car you got there"
        },
        "zh-Hans": {
          "title": "你开的那辆车真不错"
        },
        "zh-Hant": {
          "title": "你開的那輛車真不錯"
        }
      },
      "tags": [
        "memes"
      ],
      "authors": [
        {
          "name": "agabcharif",
          "url": "https://old.reddit.com/user/agabcharif"
        }
      ],
      "_links": [
        {
          "url": "https://old.reddit.com/r/memes/comments/kr73wf/thats_a_nice_car_you_got_there/",
          "name": "&uarr;150004 votes"
        }
      ],
      "image": "https://preview.redd.it/a1v4g20sqk961.gif?width=640&crop=smart&format=png8&s=b9e0420aeba0eecbbbfa94a3140d721fac0594d1",
      "_video": {
        "sources": [
          {
            "url": "https://preview.redd.it/a1v4g20sqk961.gif?format=mp4&s=bcfff65fea9701c1e9f2d00a22adca6183037165"
          }
        ],
        "width": 640,
        "height": 440,
        "poster": "https://preview.redd.it/a1v4g20sqk961.gif?width=640&crop=smart&format=png8&s=b9e0420aeba0eecbbbfa94a3140d721fac0594d1"
      }
    },
    "2021_01_05_en_reddit_reddit__r--memes--comments--kqwgkn--why_are_you_booing_me": {
      "id": "2021_01_05_en_reddit_reddit__r--memes--comments--kqwgkn--why_are_you_booing_me",
      "url": "https://old.reddit.com/r/memes/comments/kqwgkn/why_are_you_booing_me/",
      "date_published": "2021-01-05T17:09:08.000Z",
      "date_modified": "2021-01-05T17:09:08.000Z",
      "_original_published": "2021-01-05T11:14:07.000Z",
      "_original_language": "en",
      "_translations": {
        "en": {
          "title": "Why are you booing me?"
        },
        "zh-Hans": {
          "title": "你为什么要嘘我？"
        },
        "zh-Hant": {
          "title": "你爲什麼要噓我？"
        }
      },
      "tags": [
        "memes"
      ],
      "authors": [
        {
          "name": "Morchel03",
          "url": "https://old.reddit.com/user/Morchel03"
        }
      ],
      "_links": [
        {
          "url": "https://old.reddit.com/r/memes/comments/kqwgkn/why_are_you_booing_me/",
          "name": "&uarr;149322 votes"
        }
      ],
      "image": "https://external-preview.redd.it/PqNRQkF54NHN2hk9tEvQluI2rOXemBRA8Yfp2s49EBk.jpg?width=960&crop=smart&auto=webp&s=ed7ce3e2afdc029f27566fd2a92f148a99684e74",
      "_video": {
        "sources": [
          {
            "url": "https://v.redd.it/veezeubtyh961/DASH_480.mp4"
          }
        ],
        "width": 853,
        "height": 480,
        "poster": "https://external-preview.redd.it/PqNRQkF54NHN2hk9tEvQluI2rOXemBRA8Yfp2s49EBk.jpg?width=960&crop=smart&auto=webp&s=ed7ce3e2afdc029f27566fd2a92f148a99684e74"
      }
    },
    "2021_01_07_en_reddit_reddit__r--pics--comments--ksdlh4--the_capitol_police_removes_disabled_people_as": {
      "id": "2021_01_07_en_reddit_reddit__r--pics--comments--ksdlh4--the_capitol_police_removes_disabled_people_as",
      "url": "https://old.reddit.com/r/pics/comments/ksdlh4/the_capitol_police_removes_disabled_people_as/",
      "date_published": "2021-01-07T20:26:53.000Z",
      "date_modified": "2021-01-07T20:26:53.000Z",
      "_original_published": "2021-01-07T13:48:33.000Z",
      "_original_language": "en",
      "_translations": {
        "en": {
          "title": "The Capitol police removes disabled people as they protest healthcare changes, in 2017."
        },
        "zh-Hans": {
          "title": "2017年，国会警察在抗议医疗改革时将残疾人带走。"
        },
        "zh-Hant": {
          "title": "2017年，國會警察在抗議醫療改革時將殘疾人帶走。"
        }
      },
      "tags": [
        "pics"
      ],
      "authors": [
        {
          "name": "Mellanchef",
          "url": "https://old.reddit.com/user/Mellanchef"
        }
      ],
      "_links": [
        {
          "url": "https://old.reddit.com/r/pics/comments/ksdlh4/the_capitol_police_removes_disabled_people_as/",
          "name": "&uarr;151407 votes"
        }
      ],
      "image": "https://preview.redd.it/cctfd7ia0x961.jpg?width=1080&crop=smart&auto=webp&s=ca7c4dc8cf172785125987c9039110359cec872b"
    },
    "2021_01_04_en_reddit_reddit__r--nextfuckinglevel--comments--kqeqwd--two_different_doctors_once_told_me_i_wouldnt_live": {
      "id": "2021_01_04_en_reddit_reddit__r--nextfuckinglevel--comments--kqeqwd--two_different_doctors_once_told_me_i_wouldnt_live",
      "url": "https://old.reddit.com/r/nextfuckinglevel/comments/kqeqwd/two_different_doctors_once_told_me_i_wouldnt_live/",
      "date_published": "2021-01-04T23:12:09.000Z",
      "date_modified": "2021-01-04T23:12:09.000Z",
      "_original_published": "2021-01-04T18:36:53.000Z",
      "_original_language": "en",
      "_translations": {
        "en": {
          "title": "Two different doctors once told me I wouldn’t live to see my 40th. I was 500 pounds at the time. Today is my 40th. During that time I lost 350lbs & learned my sons hfASD 💙"
        },
        "zh-Hans": {
          "title": "两个不同的医生曾经告诉我，我活不到40岁了。当时我的体重是500磅。今天是我的40岁生日。在那段时间里，我减掉了350磅，并了解到我的儿子们患上了HFASD💙"
        },
        "zh-Hant": {
          "title": "兩個不同的醫生曾經告訴我，我活不到40歲了。當時我的體重是500磅。今天是我的40歲生日。在那段時間裏，我減掉了350磅，並瞭解到我的兒子們患上了HFASD💙"
        }
      },
      "tags": [
        "nextfuckinglevel"
      ],
      "authors": [
        {
          "name": "lesszachmoore",
          "url": "https://old.reddit.com/user/lesszachmoore"
        }
      ],
      "_links": [
        {
          "url": "https://old.reddit.com/r/nextfuckinglevel/comments/kqeqwd/two_different_doctors_once_told_me_i_wouldnt_live/",
          "name": "&uarr;147158 votes"
        }
      ],
      "image": "https://preview.redd.it/419r143y0d961.jpg?width=1080&crop=smart&auto=webp&s=e5e55cf603facd4bf396c706fae961d0c9e7740a"
    },
    "2021_01_03_en_reddit_reddit__r--nextfuckinglevel--comments--kpmk0d--a_man_in_india_protesting_for_better_roads": {
      "id": "2021_01_03_en_reddit_reddit__r--nextfuckinglevel--comments--kpmk0d--a_man_in_india_protesting_for_better_roads",
      "url": "https://old.reddit.com/r/nextfuckinglevel/comments/kpmk0d/a_man_in_india_protesting_for_better_roads/",
      "date_published": "2021-01-03T20:32:54.000Z",
      "date_modified": "2021-01-03T20:32:54.000Z",
      "_original_published": "2021-01-03T15:35:48.000Z",
      "_original_language": "en",
      "_translations": {
        "en": {
          "title": "A man in India protesting for better roads"
        },
        "zh-Hans": {
          "title": "印度一名男子抗议改善道路"
        },
        "zh-Hant": {
          "title": "印度一名男子抗議改善道路"
        }
      },
      "tags": [
        "nextfuckinglevel"
      ],
      "authors": [
        {
          "name": "raviji22",
          "url": "https://old.reddit.com/user/raviji22"
        }
      ],
      "_links": [
        {
          "url": "https://old.reddit.com/r/nextfuckinglevel/comments/kpmk0d/a_man_in_india_protesting_for_better_roads/",
          "name": "&uarr;144860 votes"
        }
      ],
      "image": "https://external-preview.redd.it/nbQNhNr1JxR0KXzm-WL3S9BrgKSmjJzXmErNR6JEfWU.png?width=320&crop=smart&format=pjpg&auto=webp&s=dee12f1baaf1729f86e80d236cdbea74f5607116",
      "_video": {
        "sources": [
          {
            "url": "https://v.redd.it/mps7dffrz4961/DASH_360.mp4?source=fallback"
          }
        ],
        "width": 626,
        "height": 360,
        "poster": "https://external-preview.redd.it/nbQNhNr1JxR0KXzm-WL3S9BrgKSmjJzXmErNR6JEfWU.png?width=320&crop=smart&format=pjpg&auto=webp&s=dee12f1baaf1729f86e80d236cdbea74f5607116"
      }
    },
    "2021_01_03_en_reddit_reddit__r--videos--comments--kpw1i4--jared_the_man_behind_the_famous_south_park_wow": {
      "id": "2021_01_03_en_reddit_reddit__r--videos--comments--kpw1i4--jared_the_man_behind_the_famous_south_park_wow",
      "url": "https://old.reddit.com/r/videos/comments/kpw1i4/jared_the_man_behind_the_famous_south_park_wow/",
      "date_published": "2021-01-04T05:37:27.000Z",
      "date_modified": "2021-01-04T05:37:27.000Z",
      "_original_published": "2021-01-03T23:42:06.000Z",
      "_original_language": "en",
      "_translations": {
        "en": {
          "title": "Jared, the man behind the famous South Park WoW cosplay has passed away due to Covid-19. RIP"
        },
        "zh-Hans": {
          "title": "著名的南方公园魔兽世界角色扮演的幕后黑手贾里德因冠状病毒去世。撕裂"
        },
        "zh-Hant": {
          "title": "著名的南方公園魔獸世界角色扮演的幕後黑手賈裏德因冠狀病毒去世。撕裂"
        }
      },
      "tags": [
        "videos"
      ],
      "authors": [
        {
          "name": "sleepysnowboarder",
          "url": "https://old.reddit.com/user/sleepysnowboarder"
        }
      ],
      "_links": [
        {
          "url": "https://old.reddit.com/r/videos/comments/kpw1i4/jared_the_man_behind_the_famous_south_park_wow/",
          "name": "&uarr;143578 votes"
        }
      ],
      "image": "https://external-preview.redd.it/SohLaDUnc9k-reSUvdxiYKrZ_EF2fOjlG6k_Y3lIYCA.jpg?width=320&crop=smart&auto=webp&s=a52c55b9910bfe867106573c79974095a311d796"
    },
    "2021_01_01_en_reddit_reddit__r--memes--comments--ko70ta--society_is_strange": {
      "id": "2021_01_01_en_reddit_reddit__r--memes--comments--ko70ta--society_is_strange",
      "url": "https://old.reddit.com/r/memes/comments/ko70ta/society_is_strange/",
      "date_published": "2021-01-01T13:23:55.000Z",
      "date_modified": "2021-01-01T13:23:55.000Z",
      "_original_published": "2021-01-01T07:01:29.000Z",
      "_original_language": "en",
      "_translations": {
        "en": {
          "title": "Society is strange"
        },
        "zh-Hans": {
          "title": "社会是奇怪的"
        },
        "zh-Hant": {
          "title": "社會是奇怪的"
        }
      },
      "tags": [
        "memes"
      ],
      "authors": [
        {
          "name": "I-have-a-brain-too",
          "url": "https://old.reddit.com/user/I-have-a-brain-too"
        }
      ],
      "_links": [
        {
          "url": "https://old.reddit.com/r/memes/comments/ko70ta/society_is_strange/",
          "name": "&uarr;143055 votes"
        }
      ],
      "image": "https://preview.redd.it/j5ydxwew5o861.jpg?width=640&crop=smart&auto=webp&s=4e36b7239de859e2867f3b62c261f34d959d38ed"
    }
  }
}
