{
  "id": "2022_05_27_en_reddit_reddit__r--WhitePeopleTwitter--comments--uyw2ig--this_wont_change_anyone",
  "url": "https://old.reddit.com/r/WhitePeopleTwitter/comments/uyw2ig/this_wont_change_anyone/",
  "date_published": "2022-05-28T02:51:07.000Z",
  "date_modified": "2022-05-28T02:51:07.000Z",
  "_original_published": "2022-05-27T11:23:01.000Z",
  "_original_language": "en",
  "_translations": {
    "en": {
      "title": "This won’t change anyone"
    },
    "ja": {
      "title": "これでは誰も変わらない"
    },
    "zh-Hans": {
      "title": "这不会改变任何人"
    },
    "zh-Hant": {
      "title": "這不會改變任何人"
    }
  },
  "tags": [
    "WhitePeopleTwitter"
  ],
  "authors": [
    {
      "name": "DaFunkJunkie",
      "url": "https://old.reddit.com/user/DaFunkJunkie"
    }
  ],
  "_links": [
    {
      "url": "https://old.reddit.com/r/WhitePeopleTwitter/comments/uyw2ig/this_wont_change_anyone/",
      "name": "&uarr;75541 votes"
    }
  ],
  "image": "https://preview.redd.it/okd54d5o60291.jpg?width=1080&amp;crop=smart&amp;auto=webp&amp;s=f444878f88cc337e8f42979ae1a73a46d246b507"
}
