{
  "id": "2022_05_27_en_reddit_reddit__r--WhitePeopleTwitter--comments--uylpe6--why_nobody_hates_firemen",
  "url": "https://old.reddit.com/r/WhitePeopleTwitter/comments/uylpe6/why_nobody_hates_firemen/",
  "date_published": "2022-05-27T13:31:04.000Z",
  "date_modified": "2022-05-27T13:31:04.000Z",
  "_original_published": "2022-05-27T00:29:52.000Z",
  "_original_language": "en",
  "_translations": {
    "en": {
      "title": "Why Nobody Hates Firemen"
    },
    "ja": {
      "title": "なぜ消防士は嫌われるのか"
    },
    "zh-Hans": {
      "title": "为什么没有人憎恨消防员"
    },
    "zh-Hant": {
      "title": "爲什麼沒有人憎恨消防員"
    }
  },
  "tags": [
    "WhitePeopleTwitter"
  ],
  "authors": [
    {
      "name": "zzill6",
      "url": "https://old.reddit.com/user/zzill6"
    }
  ],
  "_links": [
    {
      "url": "https://old.reddit.com/r/WhitePeopleTwitter/comments/uylpe6/why_nobody_hates_firemen/",
      "name": "&uarr;75261 votes"
    }
  ],
  "image": "https://preview.redd.it/sznq0b9xxw191.png?width=960&amp;crop=smart&amp;auto=webp&amp;s=d5242de40b6a558da0b9d58c79cdea166f834777"
}
