{
  "id": "2022_05_27_en_reddit_reddit__r--pics--comments--uz1u5c--oc_new_flag_for_our_police",
  "url": "https://old.reddit.com/r/pics/comments/uz1u5c/oc_new_flag_for_our_police/",
  "date_published": "2022-05-27T22:00:49.000Z",
  "date_modified": "2022-05-27T22:00:49.000Z",
  "_original_published": "2022-05-27T16:20:27.000Z",
  "_original_language": "en",
  "_translations": {
    "en": {
      "title": "[OC] New flag for our police"
    },
    "ja": {
      "title": "[OC】警察のための新しい旗"
    },
    "zh-Hans": {
      "title": "[OC]为我们的警察提供新的旗帜"
    },
    "zh-Hant": {
      "title": "[OC]爲我們的警察提供新的旗幟"
    }
  },
  "tags": [
    "pics"
  ],
  "authors": [
    {
      "name": "brohamianrhapsody",
      "url": "https://old.reddit.com/user/brohamianrhapsody"
    }
  ],
  "_links": [
    {
      "url": "https://old.reddit.com/r/pics/comments/uz1u5c/oc_new_flag_for_our_police/",
      "name": "&uarr;78201 votes"
    }
  ],
  "image": "https://preview.redd.it/a4bh7afqn1291.jpg?width=1080&amp;crop=smart&amp;auto=webp&amp;s=788ebf72dd5483ef124269b78ea6bc21f75433ea"
}
