{
  "id": "2022_05_27_en_reddit_reddit__r--HolUp--comments--uz89iz--the_thin_blue_line",
  "url": "https://old.reddit.com/r/HolUp/comments/uz89iz/the_thin_blue_line/",
  "date_published": "2022-05-28T08:50:24.000Z",
  "date_modified": "2022-05-28T08:50:24.000Z",
  "_original_published": "2022-05-27T21:26:43.000Z",
  "_original_language": "en",
  "_translations": {
    "en": {
      "title": "The thin blue line"
    },
    "ja": {
      "title": "細いブルーライン"
    },
    "zh-Hans": {
      "title": "薄薄的蓝线"
    },
    "zh-Hant": {
      "title": "薄薄的藍線"
    }
  },
  "tags": [
    "HolUp"
  ],
  "authors": [
    {
      "name": "BHarcade",
      "url": "https://old.reddit.com/user/BHarcade"
    }
  ],
  "_links": [
    {
      "url": "https://old.reddit.com/r/HolUp/comments/uz89iz/the_thin_blue_line/",
      "name": "&uarr;75389 votes"
    }
  ],
  "image": "https://preview.redd.it/8g06ywgd63291.jpg?width=1080&amp;crop=smart&amp;auto=webp&amp;s=2141426e6ba426053776e0160f7b982641cbcebb"
}
