{
  "id": "2022_05_27_en_reddit_reddit__r--meirl--comments--uyxead--meirl",
  "url": "https://old.reddit.com/r/meirl/comments/uyxead/meirl/",
  "date_published": "2022-05-27T18:50:30.000Z",
  "date_modified": "2022-05-27T18:50:30.000Z",
  "_original_published": "2022-05-27T12:42:26.000Z",
  "_original_language": "en",
  "_translations": {
    "en": {
      "title": "meirl"
    },
    "ja": {
      "title": "ミール"
    },
    "zh-Hans": {
      "title": "我的女孩"
    },
    "zh-Hant": {
      "title": "我的女孩"
    }
  },
  "tags": [
    "meirl"
  ],
  "authors": [
    {
      "name": "waqasnaseem07",
      "url": "https://old.reddit.com/user/waqasnaseem07"
    }
  ],
  "_links": [
    {
      "url": "https://old.reddit.com/r/meirl/comments/uyxead/meirl/",
      "name": "&uarr;76369 votes"
    }
  ],
  "image": "https://preview.redd.it/3p27htclk0291.gif?width=640&amp;crop=smart&amp;format=png8&amp;s=6f675dbc16cd874e2b64e0ad25fa9fa046f96cac",
  "_video": {
    "sources": [
      {
        "url": "https://preview.redd.it/3p27htclk0291.gif?format=mp4&amp;s=0040fc556df7b13d0d2a745542163ba1d62f3d39"
      }
    ],
    "width": 640,
    "height": 640,
    "poster": "https://preview.redd.it/3p27htclk0291.gif?width=640&amp;crop=smart&amp;format=png8&amp;s=6f675dbc16cd874e2b64e0ad25fa9fa046f96cac"
  }
}
