{
  "id": "2022_05_27_en_reddit_reddit__r--Unexpected--comments--uyzrik--he_layed_it",
  "url": "https://old.reddit.com/r/Unexpected/comments/uyzrik/he_layed_it/",
  "date_published": "2022-05-28T05:47:45.000Z",
  "date_modified": "2022-05-28T05:47:45.000Z",
  "_original_published": "2022-05-27T14:44:14.000Z",
  "_original_language": "en",
  "_translations": {
    "en": {
      "title": "He layed it"
    },
    "ja": {
      "title": "彼はそれを寝かせた"
    },
    "zh-Hans": {
      "title": "他把它放在"
    },
    "zh-Hant": {
      "title": "他把它放在"
    }
  },
  "tags": [
    "Unexpected"
  ],
  "authors": [
    {
      "name": "hexarinopew",
      "url": "https://old.reddit.com/user/hexarinopew"
    }
  ],
  "_links": [
    {
      "url": "https://old.reddit.com/r/Unexpected/comments/uyzrik/he_layed_it/",
      "name": "&uarr;75757 votes"
    }
  ],
  "image": "https://external-preview.redd.it/bc7KH-jpvHQ_kOr5qvXVvNHOafseqZJeXdIy6aM3gWg.png?width=640&amp;crop=smart&amp;format=pjpg&amp;auto=webp&amp;s=54f9ae75328c45ea92cc4f0dc74ff01244b63baa",
  "_video": {
    "sources": [
      {
        "url": "https://v.redd.it/2k4cyc5i61291/DASH_1080.mp4?source=fallback"
      }
    ],
    "width": 505,
    "height": 1080,
    "poster": "https://external-preview.redd.it/bc7KH-jpvHQ_kOr5qvXVvNHOafseqZJeXdIy6aM3gWg.png?width=640&amp;crop=smart&amp;format=pjpg&amp;auto=webp&amp;s=54f9ae75328c45ea92cc4f0dc74ff01244b63baa"
  }
}
