{
  "id": "2022_05_27_en_reddit_reddit__r--instant_regret--comments--uywnhe--she_didnt_realize_how_high_that_jump_was",
  "url": "https://old.reddit.com/r/instant_regret/comments/uywnhe/she_didnt_realize_how_high_that_jump_was/",
  "date_published": "2022-05-27T23:22:17.000Z",
  "date_modified": "2022-05-27T23:22:17.000Z",
  "_original_published": "2022-05-27T11:59:51.000Z",
  "_original_language": "en",
  "_translations": {
    "en": {
      "title": "She didn't realize how high that jump was"
    },
    "ja": {
      "title": "彼女は、そのジャンプがどれほど高いものであるかを理解していなかった"
    },
    "zh-Hans": {
      "title": "她没有意识到那一跳有多高"
    },
    "zh-Hant": {
      "title": "她沒有意識到那一跳有多高"
    }
  },
  "tags": [
    "instant_regret"
  ],
  "authors": [
    {
      "name": "SnooCupcakes8607",
      "url": "https://old.reddit.com/user/SnooCupcakes8607"
    }
  ],
  "_links": [
    {
      "url": "https://old.reddit.com/r/instant_regret/comments/uywnhe/she_didnt_realize_how_high_that_jump_was/",
      "name": "&uarr;75170 votes"
    }
  ],
  "image": "https://external-preview.redd.it/2Yoczd4m0Ph9KtMCsxcQ1ivEguULvoTixaKZe2dPsuU.jpg?width=216&amp;crop=smart&amp;auto=webp&amp;s=997f9af2c7c034f8bc4a82c5ac2767a031ebb091",
  "_video": {
    "sources": [
      {
        "url": "https://v.redd.it/aqcmryb9d0291/DASH_720.mp4"
      }
    ],
    "width": 405,
    "height": 720,
    "poster": "https://external-preview.redd.it/2Yoczd4m0Ph9KtMCsxcQ1ivEguULvoTixaKZe2dPsuU.jpg?width=216&amp;crop=smart&amp;auto=webp&amp;s=997f9af2c7c034f8bc4a82c5ac2767a031ebb091"
  }
}
