{
  "id": "2022_05_27_en_reddit_reddit__r--memes--comments--uyyxwd--oh_no_unboxing",
  "url": "https://old.reddit.com/r/memes/comments/uyyxwd/oh_no_unboxing/",
  "date_published": "2022-05-28T07:22:59.000Z",
  "date_modified": "2022-05-28T07:22:59.000Z",
  "_original_published": "2022-05-27T14:04:21.000Z",
  "_original_language": "en",
  "_translations": {
    "en": {
      "title": "Oh No Unboxing"
    },
    "ja": {
      "title": "オーノー アンボックス"
    },
    "zh-Hans": {
      "title": "哦，不，开箱"
    },
    "zh-Hant": {
      "title": "哦，不，開箱"
    }
  },
  "tags": [
    "memes"
  ],
  "authors": [
    {
      "name": "Silly-Garbage-3296",
      "url": "https://old.reddit.com/user/Silly-Garbage-3296"
    }
  ],
  "_links": [
    {
      "url": "https://old.reddit.com/r/memes/comments/uyyxwd/oh_no_unboxing/",
      "name": "&uarr;75092 votes"
    }
  ],
  "image": "https://preview.redd.it/8duzkqoez0291.gif?width=320&amp;crop=smart&amp;format=png8&amp;s=128575ae68e9324c83fcd67c8d322b0a72b5ec36",
  "_video": {
    "sources": [
      {
        "url": "https://preview.redd.it/8duzkqoez0291.gif?format=mp4&amp;s=32824115e7c773d1cca883c49641d594f485299d"
      }
    ],
    "width": 600,
    "height": 750,
    "poster": "https://preview.redd.it/8duzkqoez0291.gif?width=320&amp;crop=smart&amp;format=png8&amp;s=128575ae68e9324c83fcd67c8d322b0a72b5ec36"
  }
}
