{
  "id": "2022_05_27_en_reddit_reddit__r--worldnews--comments--uyvg2z--russian_official_demands_putin_end_war_gets",
  "url": "https://old.reddit.com/r/worldnews/comments/uyvg2z/russian_official_demands_putin_end_war_gets/",
  "date_published": "2022-05-27T20:26:52.000Z",
  "date_modified": "2022-05-27T20:26:52.000Z",
  "_original_published": "2022-05-27T10:40:50.000Z",
  "_original_language": "en",
  "_translations": {
    "en": {
      "title": "Russian official demands Putin end war, gets escorted out of meeting"
    },
    "ja": {
      "title": "ロシア政府高官がプーチン大統領に戦争終結を要求し、会談から追い出される"
    },
    "zh-Hans": {
      "title": "俄罗斯官员要求普京结束战争，被护送出会场"
    },
    "zh-Hant": {
      "title": "俄羅斯官員要求普京結束戰爭，被護送出會場"
    }
  },
  "tags": [
    "worldnews"
  ],
  "authors": [
    {
      "name": "Paneraiguy1",
      "url": "https://old.reddit.com/user/Paneraiguy1"
    }
  ],
  "_links": [
    {
      "url": "https://old.reddit.com/r/worldnews/comments/uyvg2z/russian_official_demands_putin_end_war_gets/",
      "name": "&uarr;75601 votes"
    }
  ],
  "image": "https://external-preview.redd.it/7ozBrd11TntU4F4obkYuMnAidCuVUY0nt53qpMoSUxA.jpg?width=1080&amp;crop=smart&amp;auto=webp&amp;s=10f16c4449bfb6931ac4863dc720ce287ddef43f"
}
