{
  "id": "2022_05_27_en_reddit_reddit__r--BikiniBottomTwitter--comments--uz1hzg--60_minutes_later",
  "url": "https://old.reddit.com/r/BikiniBottomTwitter/comments/uz1hzg/60_minutes_later/",
  "date_published": "2022-05-28T14:03:10.000Z",
  "date_modified": "2022-05-28T14:03:10.000Z",
  "_original_published": "2022-05-27T16:05:15.000Z",
  "_original_language": "en",
  "_translations": {
    "en": {
      "title": "60 minutes later..."
    },
    "ja": {
      "title": "60分後..."
    },
    "zh-Hans": {
      "title": "60分钟后..."
    },
    "zh-Hant": {
      "title": "60分鐘後..."
    }
  },
  "tags": [
    "BikiniBottomTwitter"
  ],
  "authors": [
    {
      "name": "mortdahicken1",
      "url": "https://old.reddit.com/user/mortdahicken1"
    }
  ],
  "_links": [
    {
      "url": "https://old.reddit.com/r/BikiniBottomTwitter/comments/uz1hzg/60_minutes_later/",
      "name": "&uarr;75208 votes"
    }
  ],
  "image": "https://preview.redd.it/cfvbeakzk1291.jpg?width=640&amp;crop=smart&amp;auto=webp&amp;s=41cf4b79803b3c6f9c173b1158bd5ca19f5d0396"
}
