{
  "id": "2022_05_27_en_reddit_reddit__r--aww--comments--uyp0n2--an_elephant_family_is_sleeping_photographed_by_a",
  "url": "https://old.reddit.com/r/aww/comments/uyp0n2/an_elephant_family_is_sleeping_photographed_by_a/",
  "date_published": "2022-05-27T12:53:11.000Z",
  "date_modified": "2022-05-27T12:53:11.000Z",
  "_original_published": "2022-05-27T03:29:16.000Z",
  "_original_language": "en",
  "_translations": {
    "en": {
      "title": "An elephant family is sleeping. Photographed by a drone."
    },
    "ja": {
      "title": "ゾウの家族が寝ているところ。ドローンで撮影。"
    },
    "zh-Hans": {
      "title": "一个大象家庭正在睡觉。由无人机拍摄的。"
    },
    "zh-Hant": {
      "title": "一個大象家庭正在睡覺。由無人機拍攝的。"
    }
  },
  "tags": [
    "aww"
  ],
  "authors": [
    {
      "name": "Prestigious-Ad2859",
      "url": "https://old.reddit.com/user/Prestigious-Ad2859"
    }
  ],
  "_links": [
    {
      "url": "https://old.reddit.com/r/aww/comments/uyp0n2/an_elephant_family_is_sleeping_photographed_by_a/",
      "name": "&uarr;83105 votes"
    }
  ],
  "image": "https://preview.redd.it/j48om975ux191.jpg?width=640&amp;crop=smart&amp;auto=webp&amp;s=233e1f945758573c3e8c35b6fa72ece536075931"
}
