{
  "id": "2022_05_27_en_reddit_reddit__r--WhitePeopleTwitter--comments--uz8935--cops_dont_help",
  "url": "https://old.reddit.com/r/WhitePeopleTwitter/comments/uz8935/cops_dont_help/",
  "date_published": "2022-05-28T05:27:33.000Z",
  "date_modified": "2022-05-28T05:27:33.000Z",
  "_original_published": "2022-05-27T21:26:06.000Z",
  "_original_language": "en",
  "_translations": {
    "en": {
      "title": "Cops don't help"
    },
    "ja": {
      "title": "警察は助けてくれない"
    },
    "zh-Hans": {
      "title": "警察没有帮助"
    },
    "zh-Hant": {
      "title": "警察沒有幫助"
    }
  },
  "tags": [
    "WhitePeopleTwitter"
  ],
  "authors": [
    {
      "name": "glaurung1",
      "url": "https://old.reddit.com/user/glaurung1"
    }
  ],
  "_links": [
    {
      "url": "https://old.reddit.com/r/WhitePeopleTwitter/comments/uz8935/cops_dont_help/",
      "name": "&uarr;75651 votes"
    }
  ],
  "image": "https://preview.redd.it/hmyphrd963291.jpg?width=1080&amp;crop=smart&amp;auto=webp&amp;s=6662606ce8ad76b1a2cf8081e1ad818bc57da948"
}
