{
  "id": "2022_05_27_en_reddit_reddit__r--IdiotsInCars--comments--uyl6wc--guy_told_cop_i_cut_him_off_do_you_see_when_i_did",
  "url": "https://old.reddit.com/r/IdiotsInCars/comments/uyl6wc/guy_told_cop_i_cut_him_off_do_you_see_when_i_did/",
  "date_published": "2022-05-27T22:00:49.000Z",
  "date_modified": "2022-05-27T22:00:49.000Z",
  "_original_published": "2022-05-27T00:02:55.000Z",
  "_original_language": "en",
  "_translations": {
    "en": {
      "title": "Guy told cop I cut him off. Do you see when I did that?"
    },
    "ja": {
      "title": "男は私が切り出したと警官に言った。いつそんなことをしたか分かるか？"
    },
    "zh-Hans": {
      "title": "那家伙告诉警察我打断了他。你看到我什么时候做的吗？"
    },
    "zh-Hant": {
      "title": "那傢伙告訴警察我打斷了他。你看到我什麼時候做的嗎？"
    }
  },
  "tags": [
    "IdiotsInCars"
  ],
  "authors": [
    {
      "name": "_ChrisRiot",
      "url": "https://old.reddit.com/user/_ChrisRiot"
    }
  ],
  "_links": [
    {
      "url": "https://old.reddit.com/r/IdiotsInCars/comments/uyl6wc/guy_told_cop_i_cut_him_off_do_you_see_when_i_did/",
      "name": "&uarr;75017 votes"
    }
  ],
  "image": "https://external-preview.redd.it/AHZlrl88wxN2M7AG3o2v0y2eFxeiHHKpJ3VtReMQ6zw.png?width=1080&amp;crop=smart&amp;format=pjpg&amp;auto=webp&amp;s=33d72b1319009071af3075ef528c3fd520ff43f1",
  "_video": {
    "sources": [
      {
        "url": "https://v.redd.it/aeqi4lnlsw191/DASH_1080.mp4?source=fallback"
      }
    ],
    "width": 1440,
    "height": 1080,
    "poster": "https://external-preview.redd.it/AHZlrl88wxN2M7AG3o2v0y2eFxeiHHKpJ3VtReMQ6zw.png?width=1080&amp;crop=smart&amp;format=pjpg&amp;auto=webp&amp;s=33d72b1319009071af3075ef528c3fd520ff43f1"
  }
}
