{
  "id": "2022_05_27_en_reddit_reddit__r--wholesomememes--comments--uyvhvk--she_is_the_best",
  "url": "https://old.reddit.com/r/wholesomememes/comments/uyvhvk/she_is_the_best/",
  "date_published": "2022-05-27T23:22:17.000Z",
  "date_modified": "2022-05-27T23:22:17.000Z",
  "_original_published": "2022-05-27T10:44:26.000Z",
  "_original_language": "en",
  "_translations": {
    "en": {
      "title": "She is the best"
    },
    "ja": {
      "title": "彼女は最高です"
    },
    "zh-Hans": {
      "title": "她是最棒的"
    },
    "zh-Hant": {
      "title": "她是最棒的"
    }
  },
  "tags": [
    "wholesomememes"
  ],
  "authors": [
    {
      "name": "Child_of_the_Abyss",
      "url": "https://old.reddit.com/user/Child_of_the_Abyss"
    }
  ],
  "_links": [
    {
      "url": "https://old.reddit.com/r/wholesomememes/comments/uyvhvk/she_is_the_best/",
      "name": "&uarr;75135 votes"
    }
  ],
  "image": "https://preview.redd.it/7yls5sxrzz191.gif?width=320&amp;crop=smart&amp;format=png8&amp;s=88098ab46f206ac794cc5c8f3bae44d4b9169d78",
  "_video": {
    "sources": [
      {
        "url": "https://preview.redd.it/7yls5sxrzz191.gif?format=mp4&amp;s=554cef87589a82f4c940aa660daa1961e5f264ea"
      }
    ],
    "width": 510,
    "height": 430,
    "poster": "https://preview.redd.it/7yls5sxrzz191.gif?width=320&amp;crop=smart&amp;format=png8&amp;s=88098ab46f206ac794cc5c8f3bae44d4b9169d78"
  }
}
