{
  "id": "2022_05_27_en_reddit_reddit__r--Unexpected--comments--uz998s--welcome_to_the_firm",
  "url": "https://old.reddit.com/r/Unexpected/comments/uz998s/welcome_to_the_firm/",
  "date_published": "2022-05-28T19:55:42.000Z",
  "date_modified": "2022-05-28T19:55:42.000Z",
  "_original_published": "2022-05-27T22:15:53.000Z",
  "_original_language": "en",
  "_translations": {
    "en": {
      "title": "Welcome to the firm"
    },
    "ja": {
      "title": "ようこそ当社へ"
    },
    "zh-Hans": {
      "title": "欢迎来到本所"
    },
    "zh-Hant": {
      "title": "歡迎來到本所"
    }
  },
  "tags": [
    "Unexpected"
  ],
  "authors": [
    {
      "name": "anonymous44004400",
      "url": "https://old.reddit.com/user/anonymous44004400"
    }
  ],
  "_links": [
    {
      "url": "https://old.reddit.com/r/Unexpected/comments/uz998s/welcome_to_the_firm/",
      "name": "&uarr;75406 votes"
    }
  ],
  "image": "https://external-preview.redd.it/Lu4_S96dk-2S03S81y8sdbio1WNnnQciZBuqsHk3rGY.png?width=640&amp;crop=smart&amp;format=pjpg&amp;auto=webp&amp;s=8cb6591ec23b0607931b60393ec04e2c377291c7",
  "_video": {
    "sources": [
      {
        "url": "https://v.redd.it/k8tpakf3f3291/DASH_720.mp4?source=fallback"
      }
    ],
    "width": 725,
    "height": 720,
    "poster": "https://external-preview.redd.it/Lu4_S96dk-2S03S81y8sdbio1WNnnQciZBuqsHk3rGY.png?width=640&amp;crop=smart&amp;format=pjpg&amp;auto=webp&amp;s=8cb6591ec23b0607931b60393ec04e2c377291c7"
  }
}
