{
  "id": "2022_05_27_en_reddit_reddit__r--nextfuckinglevel--comments--uynrhj--300lb_stone_to_shoulder_by_yours_truly_235lb_pro",
  "url": "https://old.reddit.com/r/nextfuckinglevel/comments/uynrhj/300lb_stone_to_shoulder_by_yours_truly_235lb_pro/",
  "date_published": "2022-05-27T17:40:57.000Z",
  "date_modified": "2022-05-27T17:40:57.000Z",
  "_original_published": "2022-05-27T02:19:25.000Z",
  "_original_language": "en",
  "_translations": {
    "en": {
      "title": "300lb stone to shoulder by yours truly. 235lb pro strongwoman."
    },
    "ja": {
      "title": "300lbの石を肩に乗せるのはあなたです。235ポンドのプロストロングウーマン"
    },
    "zh-Hans": {
      "title": "300磅重的石头由你来扛。235磅的职业女强人。"
    },
    "zh-Hant": {
      "title": "300磅重的石頭由你來扛。235磅的職業女強人。"
    }
  },
  "tags": [
    "nextfuckinglevel"
  ],
  "authors": [
    {
      "name": "Dyinfetus",
      "url": "https://old.reddit.com/user/Dyinfetus"
    }
  ],
  "_links": [
    {
      "url": "https://old.reddit.com/r/nextfuckinglevel/comments/uynrhj/300lb_stone_to_shoulder_by_yours_truly_235lb_pro/",
      "name": "&uarr;77546 votes"
    }
  ],
  "image": "https://external-preview.redd.it/4z4PftFRWYNRME1G1Hu4WZOFmtJ36xCjwaz1dxcGVPM.png?width=1080&amp;crop=smart&amp;format=pjpg&amp;auto=webp&amp;s=cbbbcd723af5ca3564f330465e61ec59434ef7c2",
  "_video": {
    "sources": [
      {
        "url": "https://v.redd.it/z576xvjxgx191/DASH_1080.mp4?source=fallback"
      }
    ],
    "width": 607,
    "height": 1080,
    "poster": "https://external-preview.redd.it/4z4PftFRWYNRME1G1Hu4WZOFmtJ36xCjwaz1dxcGVPM.png?width=1080&amp;crop=smart&amp;format=pjpg&amp;auto=webp&amp;s=cbbbcd723af5ca3564f330465e61ec59434ef7c2"
  }
}
