{
  "id": "2022_05_27_en_reddit_reddit__r--Unexpected--comments--uz2hu0--the_wild_west",
  "url": "https://old.reddit.com/r/Unexpected/comments/uz2hu0/the_wild_west/",
  "date_published": "2022-05-27T23:22:17.000Z",
  "date_modified": "2022-05-27T23:22:17.000Z",
  "_original_published": "2022-05-27T16:51:06.000Z",
  "_original_language": "en",
  "_translations": {
    "en": {
      "title": "The Wild West"
    },
    "ja": {
      "title": "ワイルド・ウエスト"
    },
    "zh-Hans": {
      "title": "狂野的西部"
    },
    "zh-Hant": {
      "title": "狂野的西部"
    }
  },
  "tags": [
    "Unexpected"
  ],
  "authors": [
    {
      "name": "MyNameGifOreilly",
      "url": "https://old.reddit.com/user/MyNameGifOreilly"
    }
  ],
  "_links": [
    {
      "url": "https://old.reddit.com/r/Unexpected/comments/uz2hu0/the_wild_west/",
      "name": "&uarr;78330 votes"
    }
  ],
  "image": "https://external-preview.redd.it/-45YAkuwUwVhCZIhPqHkgRV9WgOX2TzYVhoNJR2OwSE.jpg?width=216&amp;crop=smart&amp;auto=webp&amp;s=dcd3daec1597f646b0494a9b55024b8692f9c62b",
  "_video": {
    "sources": [
      {
        "url": "https://v.redd.it/etsjttx6t1291/DASH_720.mp4"
      }
    ],
    "width": 405,
    "height": 720,
    "poster": "https://external-preview.redd.it/-45YAkuwUwVhCZIhPqHkgRV9WgOX2TzYVhoNJR2OwSE.jpg?width=216&amp;crop=smart&amp;auto=webp&amp;s=dcd3daec1597f646b0494a9b55024b8692f9c62b"
  }
}
