{
  "id": "2022_05_27_en_reddit_reddit__r--MadeMeSmile--comments--uyviqc--made_for_each_other_lol",
  "url": "https://old.reddit.com/r/MadeMeSmile/comments/uyviqc/made_for_each_other_lol/",
  "date_published": "2022-05-27T18:25:10.000Z",
  "date_modified": "2022-05-27T18:25:10.000Z",
  "_original_published": "2022-05-27T10:46:10.000Z",
  "_original_language": "en",
  "_translations": {
    "en": {
      "title": "Made for each other, lol"
    },
    "ja": {
      "title": "お互いのために作られた(笑)"
    },
    "zh-Hans": {
      "title": "为对方而生，笑。"
    },
    "zh-Hant": {
      "title": "爲對方而生，笑。"
    }
  },
  "tags": [
    "MadeMeSmile"
  ],
  "authors": [
    {
      "name": "tamilvanan31",
      "url": "https://old.reddit.com/user/tamilvanan31"
    }
  ],
  "_links": [
    {
      "url": "https://old.reddit.com/r/MadeMeSmile/comments/uyviqc/made_for_each_other_lol/",
      "name": "&uarr;79416 votes"
    }
  ],
  "image": "https://external-preview.redd.it/Ngkw-oonYTMQxb5KqC1snxS1oJPTM9NUsgFqQr_m8OU.png?width=640&amp;crop=smart&amp;format=pjpg&amp;auto=webp&amp;s=dd10f07ad36e21338f8a77bcaf66e5821fc38378",
  "_video": {
    "sources": [
      {
        "url": "https://v.redd.it/vucnt6w200291/DASH_1080.mp4?source=fallback"
      }
    ],
    "width": 607,
    "height": 1080,
    "poster": "https://external-preview.redd.it/Ngkw-oonYTMQxb5KqC1snxS1oJPTM9NUsgFqQr_m8OU.png?width=640&amp;crop=smart&amp;format=pjpg&amp;auto=webp&amp;s=dd10f07ad36e21338f8a77bcaf66e5821fc38378"
  }
}
