{
  "id": "2022_05_27_en_reddit_reddit__r--interestingasfuck--comments--uz9irt--motorcyclist_chases_after_pos_driver_who_fled",
  "url": "https://old.reddit.com/r/interestingasfuck/comments/uz9irt/motorcyclist_chases_after_pos_driver_who_fled/",
  "date_published": "2022-05-28T17:10:35.000Z",
  "date_modified": "2022-05-28T17:10:35.000Z",
  "_original_published": "2022-05-27T22:29:25.000Z",
  "_original_language": "en",
  "_translations": {
    "en": {
      "title": "Motorcyclist chases after POS driver who fled from a Hit and Run"
    },
    "ja": {
      "title": "ひき逃げから逃走したPOSドライバーをバイクで追いかける"
    },
    "zh-Hans": {
      "title": "摩托车手追赶肇事逃逸的POS机司机"
    },
    "zh-Hant": {
      "title": "摩托車手追趕肇事逃逸的POS機司機"
    }
  },
  "tags": [
    "interestingasfuck"
  ],
  "authors": [
    {
      "name": "ChubbyNinja456",
      "url": "https://old.reddit.com/user/ChubbyNinja456"
    }
  ],
  "_links": [
    {
      "url": "https://old.reddit.com/r/interestingasfuck/comments/uz9irt/motorcyclist_chases_after_pos_driver_who_fled/",
      "name": "&uarr;75566 votes"
    }
  ],
  "image": "https://external-preview.redd.it/Zo0fzcmRCWcbi_t8yjE1II2sn2vgcFZsHeyr_PZMn9Y.png?width=1080&amp;crop=smart&amp;format=pjpg&amp;auto=webp&amp;s=3682615db51ea15f7f42ee593e21a4ae9bd9bff2",
  "_video": {
    "sources": [
      {
        "url": "https://v.redd.it/kg21qej5h3291/DASH_1080.mp4?source=fallback"
      }
    ],
    "width": 1774,
    "height": 1080,
    "poster": "https://external-preview.redd.it/Zo0fzcmRCWcbi_t8yjE1II2sn2vgcFZsHeyr_PZMn9Y.png?width=1080&amp;crop=smart&amp;format=pjpg&amp;auto=webp&amp;s=3682615db51ea15f7f42ee593e21a4ae9bd9bff2"
  }
}
