{
  "id": "2022_05_27_en_reddit_reddit__r--gaming--comments--uz75f2--there_are_levels_to_innovation",
  "url": "https://old.reddit.com/r/gaming/comments/uz75f2/there_are_levels_to_innovation/",
  "date_published": "2022-05-28T12:02:33.000Z",
  "date_modified": "2022-05-28T12:02:33.000Z",
  "_original_published": "2022-05-27T20:32:48.000Z",
  "_original_language": "en",
  "_translations": {
    "en": {
      "title": "There are levels to Innovation"
    },
    "ja": {
      "title": "イノベーションにはレベルがある"
    },
    "zh-Hans": {
      "title": "创新是有层次的"
    },
    "zh-Hant": {
      "title": "創新是有層次的"
    }
  },
  "tags": [
    "gaming"
  ],
  "authors": [
    {
      "name": "The104Skinney",
      "url": "https://old.reddit.com/user/The104Skinney"
    }
  ],
  "_links": [
    {
      "url": "https://old.reddit.com/r/gaming/comments/uz75f2/there_are_levels_to_innovation/",
      "name": "&uarr;75215 votes"
    }
  ],
  "image": "https://external-preview.redd.it/tMSODHo7QQHJQHAP8_WXS3xZc_ahLPX5R1-p4OoWMh4.jpg?width=1080&amp;crop=smart&amp;auto=webp&amp;s=a27d3eb8a7b365277534ae73c8e190beca912b13"
}
