{
  "id": "2022_05_27_en_reddit_reddit__r--dankmemes--comments--uyzhl2--texas",
  "url": "https://old.reddit.com/r/dankmemes/comments/uyzhl2/texas/",
  "date_published": "2022-05-27T23:22:17.000Z",
  "date_modified": "2022-05-27T23:22:17.000Z",
  "_original_published": "2022-05-27T14:30:53.000Z",
  "_original_language": "en",
  "_translations": {
    "en": {
      "title": "Texas"
    },
    "ja": {
      "title": "テキサス"
    },
    "zh-Hans": {
      "title": "德州"
    },
    "zh-Hant": {
      "title": "德州"
    }
  },
  "tags": [
    "dankmemes"
  ],
  "authors": [
    {
      "name": "After_Maintenance_29",
      "url": "https://old.reddit.com/user/After_Maintenance_29"
    }
  ],
  "_links": [
    {
      "url": "https://old.reddit.com/r/dankmemes/comments/uyzhl2/texas/",
      "name": "&uarr;75348 votes"
    }
  ],
  "image": "https://preview.redd.it/azsm79j641291.gif?width=320&amp;crop=smart&amp;format=png8&amp;s=98f9a0d767b11578b6a622bc8a055ff6c7898f4f",
  "_video": {
    "sources": [
      {
        "url": "https://preview.redd.it/azsm79j641291.gif?format=mp4&amp;s=257bf8613ffc623a980731f17bfc16c128300f79"
      }
    ],
    "width": 616,
    "height": 750,
    "poster": "https://preview.redd.it/azsm79j641291.gif?width=320&amp;crop=smart&amp;format=png8&amp;s=98f9a0d767b11578b6a622bc8a055ff6c7898f4f"
  }
}
