{
  "items": {
    "2021_06_22_en_reddit_reddit__r--memes--comments--o5l7q4--my_goals_are_beyond_your_understanding": {
      "id": "2021_06_22_en_reddit_reddit__r--memes--comments--o5l7q4--my_goals_are_beyond_your_understanding",
      "url": "https://old.reddit.com/r/memes/comments/o5l7q4/my_goals_are_beyond_your_understanding/",
      "date_published": "2021-06-22T16:44:06.000Z",
      "date_modified": "2021-06-22T16:44:06.000Z",
      "_original_published": "2021-06-22T11:47:39.000Z",
      "_original_language": "en",
      "_translations": {
        "en": {
          "title": "My goals are beyond your understanding"
        },
        "ja": {
          "title": "私の目標はあなたの理解を超えている"
        },
        "zh-Hans": {
          "title": "我的目标是你无法理解的"
        },
        "zh-Hant": {
          "title": "我的目標是你無法理解的"
        }
      },
      "tags": [
        "memes"
      ],
      "authors": [
        {
          "name": "UnironicThatcherite",
          "url": "https://old.reddit.com/user/UnironicThatcherite"
        }
      ],
      "_links": [
        {
          "url": "https://old.reddit.com/r/memes/comments/o5l7q4/my_goals_are_beyond_your_understanding/",
          "name": "&uarr;144822 votes"
        }
      ],
      "image": "https://external-preview.redd.it/tRdP--e0yGJbSv-oMt4HWA9fGvxiWrzQI0azBVCrh5k.png?width=640&crop=smart&format=pjpg&auto=webp&s=b2e3fd8d825cbe72ad71a14fb6b1e27c70279a39",
      "_video": {
        "sources": [
          {
            "url": "https://v.redd.it/vx8xy3r02t671/DASH_480.mp4?source=fallback"
          }
        ],
        "width": 480,
        "height": 480,
        "poster": "https://external-preview.redd.it/tRdP--e0yGJbSv-oMt4HWA9fGvxiWrzQI0azBVCrh5k.png?width=640&crop=smart&format=pjpg&auto=webp&s=b2e3fd8d825cbe72ad71a14fb6b1e27c70279a39"
      }
    },
    "2021_06_21_en_reddit_reddit__r--MadeMeSmile--comments--o4kkho--six_months_ago_i_posted_on_raskmen_asking_how_the": {
      "id": "2021_06_21_en_reddit_reddit__r--MadeMeSmile--comments--o4kkho--six_months_ago_i_posted_on_raskmen_asking_how_the",
      "url": "https://old.reddit.com/r/MadeMeSmile/comments/o4kkho/six_months_ago_i_posted_on_raskmen_asking_how_the/",
      "date_published": "2021-06-21T20:11:58.000Z",
      "date_modified": "2021-06-21T20:11:58.000Z",
      "_original_published": "2021-06-21T02:05:53.000Z",
      "_original_language": "en",
      "_translations": {
        "en": {
          "title": "Six months ago I posted on r/askmen asking how the single guys living alone were doing. I received many responses including a PM from r/Helenagrl asking how I was doing. We began messaging, texting, and eventually having phone conversations. Today we finally met in person in Long Beach California!"
        },
        "ja": {
          "title": "半年前、私はr/askmenに「一人暮らしの独身男性はどうしているのか」と投稿しました。すると多くの返信があり、その中にはr/HelenagrlからのPMも含まれていて、私の様子を伺ってくれました。私たちはメッセージやテキストをやり取りするようになり、最終的には電話で会話をするようになりました。そして今日、私たちはカリフォルニアのロングビーチで実際に会うことができました。"
        },
        "zh-Hans": {
          "title": "六个月前，我在r/askmen上发帖询问独居的单身汉们过得如何。我收到了许多回复，包括来自r/Helenagrl的PM，问我过得如何。我们开始发信息，发短信，并最终进行了电话交谈。今天，我们终于在加州长滩见面了"
        },
        "zh-Hant": {
          "title": "六個月前，我在r/askmen上發帖詢問獨居的單身漢們過得如何。我收到了許多回復，包括來自r/Helenagrl的PM，問我過得如何。我們開始發信息，發短信，並最終進行了電話交談。今天，我們終於在加州長灘見面了"
        }
      },
      "tags": [
        "MadeMeSmile"
      ],
      "authors": [
        {
          "name": "merpbeforeyouderp",
          "url": "https://old.reddit.com/user/merpbeforeyouderp"
        }
      ],
      "_links": [
        {
          "url": "https://old.reddit.com/r/MadeMeSmile/comments/o4kkho/six_months_ago_i_posted_on_raskmen_asking_how_the/",
          "name": "&uarr;110841 votes"
        }
      ],
      "image": "https://preview.redd.it/dipptr1c1j671.jpg?width=1080&crop=smart&auto=webp&s=3bcbca216172a4dbe7c3ba2607a10879171cb7c8"
    },
    "2021_06_21_en_reddit_reddit__r--MurderedByWords--comments--o53nxp--theyre_such_nice_people": {
      "id": "2021_06_21_en_reddit_reddit__r--MurderedByWords--comments--o53nxp--theyre_such_nice_people",
      "url": "https://old.reddit.com/r/MurderedByWords/comments/o53nxp/theyre_such_nice_people/",
      "date_published": "2021-06-22T07:25:33.000Z",
      "date_modified": "2021-06-22T07:25:33.000Z",
      "_original_published": "2021-06-21T19:44:57.000Z",
      "_original_language": "en",
      "_translations": {
        "en": {
          "title": "They're such nice people!"
        },
        "ja": {
          "title": "彼らはとてもいい人たちです。"
        },
        "zh-Hans": {
          "title": "他们是这么好的人!"
        },
        "zh-Hant": {
          "title": "他們是這麼好的人!"
        }
      },
      "tags": [
        "MurderedByWords"
      ],
      "authors": [
        {
          "name": "beerbellybegone",
          "url": "https://old.reddit.com/user/beerbellybegone"
        }
      ],
      "_links": [
        {
          "url": "https://old.reddit.com/r/MurderedByWords/comments/o53nxp/theyre_such_nice_people/",
          "name": "&uarr;102962 votes"
        }
      ],
      "image": "https://preview.redd.it/5runypi4ao671.jpg?width=320&crop=smart&auto=webp&s=d0c4ef600c99642f6b0ae20e08d5c036ff42988a"
    },
    "2021_06_22_en_reddit_reddit__r--nextfuckinglevel--comments--o5kii9--table_tennis_match_in_the_netherlands_1979": {
      "id": "2021_06_22_en_reddit_reddit__r--nextfuckinglevel--comments--o5kii9--table_tennis_match_in_the_netherlands_1979",
      "url": "https://old.reddit.com/r/nextfuckinglevel/comments/o5kii9/table_tennis_match_in_the_netherlands_1979/",
      "date_published": "2021-06-22T17:48:37.000Z",
      "date_modified": "2021-06-22T17:48:37.000Z",
      "_original_published": "2021-06-22T11:08:22.000Z",
      "_original_language": "en",
      "_translations": {
        "en": {
          "title": "Table tennis match in the Netherlands, 1979."
        },
        "ja": {
          "title": "オランダでの卓球の試合（1979年"
        },
        "zh-Hans": {
          "title": "荷兰的乒乓球比赛，1979年。"
        },
        "zh-Hant": {
          "title": "荷蘭的乒乓球比賽，1979年。"
        }
      },
      "tags": [
        "nextfuckinglevel"
      ],
      "authors": [
        {
          "name": "LuiseRoyer",
          "url": "https://old.reddit.com/user/LuiseRoyer"
        }
      ],
      "_links": [
        {
          "url": "https://old.reddit.com/r/nextfuckinglevel/comments/o5kii9/table_tennis_match_in_the_netherlands_1979/",
          "name": "&uarr;101971 votes"
        }
      ],
      "image": "https://external-preview.redd.it/p588uF4Gvt1Y0CRgpnBIQurvVjg5p6aFhgUG1I_SShU.png?width=320&crop=smart&format=pjpg&auto=webp&s=6712433f4e9e1dd2baac410fd099db355d0aa761",
      "_video": {
        "sources": [
          {
            "url": "https://v.redd.it/mxxvhe1xus671/DASH_480.mp4?source=fallback"
          }
        ],
        "width": 480,
        "height": 480,
        "poster": "https://external-preview.redd.it/p588uF4Gvt1Y0CRgpnBIQurvVjg5p6aFhgUG1I_SShU.png?width=320&crop=smart&format=pjpg&auto=webp&s=6712433f4e9e1dd2baac410fd099db355d0aa761"
      }
    },
    "2021_06_22_en_reddit_reddit__r--MadeMeSmile--comments--o5ds12--21_year_old_shacarri_richardson_embraces_her": {
      "id": "2021_06_22_en_reddit_reddit__r--MadeMeSmile--comments--o5ds12--21_year_old_shacarri_richardson_embraces_her",
      "url": "https://old.reddit.com/r/MadeMeSmile/comments/o5ds12/21_year_old_shacarri_richardson_embraces_her/",
      "date_published": "2021-06-22T13:48:28.000Z",
      "date_modified": "2021-06-22T13:48:28.000Z",
      "_original_published": "2021-06-22T03:59:04.000Z",
      "_original_language": "en",
      "_translations": {
        "en": {
          "title": "21 year old Sha'Carri Richardson embraces her grandmother after qualifying for her first Olympic Games"
        },
        "ja": {
          "title": "21歳のSha'Carri Richardsonが初のオリンピック出場を果たし、祖母と抱擁を交わす。"
        },
        "zh-Hans": {
          "title": "21岁的Sha'Carri Richardson在获得首次奥运会资格后与她的祖母拥抱。"
        },
        "zh-Hant": {
          "title": "21歲的Sha'Carri Richardson在獲得首次奧運會資格後與她的祖母擁抱。"
        }
      },
      "tags": [
        "MadeMeSmile"
      ],
      "authors": [
        {
          "name": "werdmouf",
          "url": "https://old.reddit.com/user/werdmouf"
        }
      ],
      "_links": [
        {
          "url": "https://old.reddit.com/r/MadeMeSmile/comments/o5ds12/21_year_old_shacarri_richardson_embraces_her/",
          "name": "&uarr;93608 votes"
        }
      ],
      "image": "https://external-preview.redd.it/dhtBAr6nhWKjy7rn9ErHUJTWkQvdGVcQ5XuSSDD464Y.png?width=1080&crop=smart&format=pjpg&auto=webp&s=f4e9b28fd1eb0e71a187986cea86ec05297f243a",
      "_video": {
        "sources": [
          {
            "url": "https://v.redd.it/516g1igcqq671/DASH_720.mp4?source=fallback"
          }
        ],
        "width": 1280,
        "height": 720,
        "poster": "https://external-preview.redd.it/dhtBAr6nhWKjy7rn9ErHUJTWkQvdGVcQ5XuSSDD464Y.png?width=1080&crop=smart&format=pjpg&auto=webp&s=f4e9b28fd1eb0e71a187986cea86ec05297f243a"
      }
    },
    "2021_06_18_en_reddit_reddit__r--nextfuckinglevel--comments--o2t5y2--2400_cg_artists_were_each_given_the_same_base": {
      "id": "2021_06_18_en_reddit_reddit__r--nextfuckinglevel--comments--o2t5y2--2400_cg_artists_were_each_given_the_same_base",
      "url": "https://old.reddit.com/r/nextfuckinglevel/comments/o2t5y2/2400_cg_artists_were_each_given_the_same_base/",
      "date_published": "2021-06-18T21:24:02.000Z",
      "date_modified": "2021-06-18T21:24:02.000Z",
      "_original_published": "2021-06-18T16:22:43.000Z",
      "_original_language": "en",
      "_translations": {
        "en": {
          "title": "2,400 CG artists were each given the same base animation and challenged to make something unique out of it. These are just some of the clips from the top 100 artists."
        },
        "ja": {
          "title": "2,400人のCGアーティストが、それぞれ同じベースアニメーションを与えられ、ユニークな作品を作ることに挑戦しました。ここでは、トップ100人の作品をご紹介します。"
        },
        "zh-Hans": {
          "title": "2,400名CG艺术家每人都得到了相同的基础动画，并被要求从中做出一些独特的东西。这些只是前100名艺术家的一些片段。"
        },
        "zh-Hant": {
          "title": "2,400名CG藝術家每人都得到了相同的基礎動畫，並被要求從中做出一些獨特的東西。這些只是前100名藝術家的一些片段。"
        }
      },
      "tags": [
        "nextfuckinglevel"
      ],
      "authors": [
        {
          "name": "MrAlek360",
          "url": "https://old.reddit.com/user/MrAlek360"
        }
      ],
      "_links": [
        {
          "url": "https://old.reddit.com/r/nextfuckinglevel/comments/o2t5y2/2400_cg_artists_were_each_given_the_same_base/",
          "name": "&uarr;92419 votes"
        }
      ],
      "image": "https://external-preview.redd.it/x3jz_uOdnZoCW2MZx7VbFctA5ylPXuvjWPoExbzdm2g.png?width=1080&crop=smart&format=pjpg&auto=webp&s=eba20437ee146a57d08d9b87062ab3e59f9f6631",
      "_video": {
        "sources": [
          {
            "url": "https://v.redd.it/4b7h5wh8v1671/DASH_720.mp4?source=fallback"
          }
        ],
        "width": 1280,
        "height": 719,
        "poster": "https://external-preview.redd.it/x3jz_uOdnZoCW2MZx7VbFctA5ylPXuvjWPoExbzdm2g.png?width=1080&crop=smart&format=pjpg&auto=webp&s=eba20437ee146a57d08d9b87062ab3e59f9f6631"
      }
    },
    "2021_06_21_en_reddit_reddit__r--memes--comments--o4pg5p--turbo_jet_stove": {
      "id": "2021_06_21_en_reddit_reddit__r--memes--comments--o4pg5p--turbo_jet_stove",
      "url": "https://old.reddit.com/r/memes/comments/o4pg5p/turbo_jet_stove/",
      "date_published": "2021-06-21T20:11:58.000Z",
      "date_modified": "2021-06-21T20:11:58.000Z",
      "_original_published": "2021-06-21T07:11:47.000Z",
      "_original_language": "en",
      "_translations": {
        "en": {
          "title": "Turbo jet stove"
        },
        "ja": {
          "title": "ターボジェットストーブ"
        },
        "zh-Hans": {
          "title": "涡轮喷射炉"
        },
        "zh-Hant": {
          "title": "渦輪噴射爐"
        }
      },
      "tags": [
        "memes"
      ],
      "authors": [
        {
          "name": "TangledCables3",
          "url": "https://old.reddit.com/user/TangledCables3"
        }
      ],
      "_links": [
        {
          "url": "https://old.reddit.com/r/memes/comments/o4pg5p/turbo_jet_stove/",
          "name": "&uarr;92296 votes"
        }
      ],
      "image": "https://preview.redd.it/73xcot3xjk671.jpg?width=640&crop=smart&auto=webp&s=dce61e3f2f7e980f9e4fa4c6d6903d1b72d60301"
    },
    "2021_06_22_en_reddit_reddit__r--Damnthatsinteresting--comments--o5a1gc--its_a_good_thing_those_divers_have_great": {
      "id": "2021_06_22_en_reddit_reddit__r--Damnthatsinteresting--comments--o5a1gc--its_a_good_thing_those_divers_have_great",
      "url": "https://old.reddit.com/r/Damnthatsinteresting/comments/o5a1gc/its_a_good_thing_those_divers_have_great/",
      "date_published": "2021-06-22T12:56:17.000Z",
      "date_modified": "2021-06-22T12:56:17.000Z",
      "_original_published": "2021-06-22T00:40:56.000Z",
      "_original_language": "en",
      "_translations": {
        "en": {
          "title": "It's a good thing those divers have great observational skills."
        },
        "ja": {
          "title": "観察力に優れたダイバーのおかげですね。"
        },
        "zh-Hans": {
          "title": "好在那些潜水员有很好的观察能力。"
        },
        "zh-Hant": {
          "title": "好在那些潛水員有很好的觀察能力。"
        }
      },
      "tags": [
        "Damnthatsinteresting"
      ],
      "authors": [
        {
          "name": "Kojackcity",
          "url": "https://old.reddit.com/user/Kojackcity"
        }
      ],
      "_links": [
        {
          "url": "https://old.reddit.com/r/Damnthatsinteresting/comments/o5a1gc/its_a_good_thing_those_divers_have_great/",
          "name": "&uarr;91025 votes"
        }
      ],
      "image": "https://external-preview.redd.it/C-mW6K7iwx4er38j5f7hm1jK7cjIhgnLVagje3CJrBA.png?width=320&crop=smart&format=pjpg&auto=webp&s=63bc786397dfe844aeb39f50f433e2710059ca32",
      "_video": {
        "sources": [
          {
            "url": "https://v.redd.it/st4yrvnsqp671/DASH_480.mp4?source=fallback"
          }
        ],
        "width": 480,
        "height": 480,
        "poster": "https://external-preview.redd.it/C-mW6K7iwx4er38j5f7hm1jK7cjIhgnLVagje3CJrBA.png?width=320&crop=smart&format=pjpg&auto=webp&s=63bc786397dfe844aeb39f50f433e2710059ca32"
      }
    },
    "2021_06_21_en_reddit_reddit__r--WhitePeopleTwitter--comments--o4rspo--pay_your_share_too": {
      "id": "2021_06_21_en_reddit_reddit__r--WhitePeopleTwitter--comments--o4rspo--pay_your_share_too",
      "url": "https://old.reddit.com/r/WhitePeopleTwitter/comments/o4rspo/pay_your_share_too/",
      "date_published": "2021-06-21T20:11:58.000Z",
      "date_modified": "2021-06-21T20:11:58.000Z",
      "_original_published": "2021-06-21T10:04:32.000Z",
      "_original_language": "en",
      "_translations": {
        "en": {
          "title": "Pay your share too"
        },
        "ja": {
          "title": "自分の分も払う"
        },
        "zh-Hans": {
          "title": "也支付你的份额"
        },
        "zh-Hant": {
          "title": "也支付你的份額"
        }
      },
      "tags": [
        "WhitePeopleTwitter"
      ],
      "authors": [
        {
          "name": "Pleasant-Force",
          "url": "https://old.reddit.com/user/Pleasant-Force"
        }
      ],
      "_links": [
        {
          "url": "https://old.reddit.com/r/WhitePeopleTwitter/comments/o4rspo/pay_your_share_too/",
          "name": "&uarr;90260 votes"
        }
      ],
      "image": "https://preview.redd.it/mdiid04jel671.png?width=320&crop=smart&auto=webp&s=830e0b0cdcb61112a8564be6bcc0add85f1300aa"
    },
    "2021_06_21_en_reddit_reddit__r--MadeMeSmile--comments--o4r2fw--progress_at_work_i_started_in_frozen_a_2_weeks": {
      "id": "2021_06_21_en_reddit_reddit__r--MadeMeSmile--comments--o4r2fw--progress_at_work_i_started_in_frozen_a_2_weeks",
      "url": "https://old.reddit.com/r/MadeMeSmile/comments/o4r2fw/progress_at_work_i_started_in_frozen_a_2_weeks/",
      "date_published": "2021-06-21T20:11:58.000Z",
      "date_modified": "2021-06-21T20:11:58.000Z",
      "_original_published": "2021-06-21T09:08:46.000Z",
      "_original_language": "en",
      "_translations": {
        "en": {
          "title": "Progress at work. I started in frozen a 2 weeks ago after no one wanted to take the department. Between working the trucks by myself and doing backstock every night. I am starting to get things under control. Not a huge thing but I am really proud of myself so far. Thanks for letting me share."
        },
        "ja": {
          "title": "仕事の進捗状況 私は2週間前に、誰もその部署を受けようとしなかったので、フローズンに入りました。一人でトラックを操作したり、毎晩バックストックをしたりしているうちに 物事をコントロールできるようになってきました。大したことではありませんが、これまでの自分をとても誇りに思っています。シェアさせてくれてありがとう。"
        },
        "zh-Hans": {
          "title": "工作上的进展。两周前，在没有人愿意接受这个部门后，我开始了冷冻工作。每天晚上，我都会自己在卡车上工作，并做回货。我已经开始控制住事情了。虽然不是什么大事，但到目前为止我真的为自己感到骄傲。谢谢你让我分享。"
        },
        "zh-Hant": {
          "title": "工作上的進展。兩週前，在沒有人願意接受這個部門後，我開始了冷凍工作。每天晚上，我都會自己在卡車上工作，並做回貨。我已經開始控制住事情了。雖然不是什麼大事，但到目前爲止我真的爲自己感到驕傲。謝謝你讓我分享。"
        }
      },
      "tags": [
        "MadeMeSmile"
      ],
      "authors": [
        {
          "name": "burntbr0wnies",
          "url": "https://old.reddit.com/user/burntbr0wnies"
        }
      ],
      "_links": [
        {
          "url": "https://old.reddit.com/r/MadeMeSmile/comments/o4r2fw/progress_at_work_i_started_in_frozen_a_2_weeks/",
          "name": "&uarr;90093 votes"
        }
      ],
      "image": "https://preview.redd.it/j36fum5s4l671.jpg?width=1080&crop=smart&auto=webp&s=7b8020f373c99360a45a01cbc9dd56ff65867b04"
    },
    "2021_06_21_en_reddit_reddit__r--interestingasfuck--comments--o4s2cg--in_the_year_2012_nasa_moved_a_space_shuttle": {
      "id": "2021_06_21_en_reddit_reddit__r--interestingasfuck--comments--o4s2cg--in_the_year_2012_nasa_moved_a_space_shuttle",
      "url": "https://old.reddit.com/r/interestingasfuck/comments/o4s2cg/in_the_year_2012_nasa_moved_a_space_shuttle/",
      "date_published": "2021-06-21T20:11:58.000Z",
      "date_modified": "2021-06-21T20:11:58.000Z",
      "_original_published": "2021-06-21T10:24:49.000Z",
      "_original_language": "en",
      "_translations": {
        "en": {
          "title": "In the year 2012; NASA moved a space shuttle through city streets in Los Angeles to the California Science Center."
        },
        "ja": {
          "title": "2012年、NASAはスペースシャトルをロサンゼルスの街中を通ってカリフォルニア・サイエンス・センターに移動させました。"
        },
        "zh-Hans": {
          "title": "在2012年，美国宇航局将一架航天飞机穿过洛杉矶的城市街道移到加州科学中心。"
        },
        "zh-Hant": {
          "title": "在2012年，美國宇航局將一架航天飛機穿過洛杉磯的城市街道移到加州科學中心。"
        }
      },
      "tags": [
        "interestingasfuck"
      ],
      "authors": [
        {
          "name": "Narendra_17",
          "url": "https://old.reddit.com/user/Narendra_17"
        }
      ],
      "_links": [
        {
          "url": "https://old.reddit.com/r/interestingasfuck/comments/o4s2cg/in_the_year_2012_nasa_moved_a_space_shuttle/",
          "name": "&uarr;88600 votes"
        }
      ],
      "image": "https://external-preview.redd.it/za3jK1ZUlgomNAO7NrJS8rxot7bDlItDfC-ctj826Ck.jpg?width=320&crop=smart&auto=webp&s=edbf393d887cbe26156c43c53ed363c4bc917a17",
      "_video": {
        "sources": [
          {
            "url": "https://v.redd.it/emyw4z9dil671/DASH_360.mp4"
          }
        ],
        "width": 640,
        "height": 360,
        "poster": "https://external-preview.redd.it/za3jK1ZUlgomNAO7NrJS8rxot7bDlItDfC-ctj826Ck.jpg?width=320&crop=smart&auto=webp&s=edbf393d887cbe26156c43c53ed363c4bc917a17"
      }
    },
    "2021_06_24_en_reddit_reddit__r--funny--comments--o70bbi--how_vaccine_works": {
      "id": "2021_06_24_en_reddit_reddit__r--funny--comments--o70bbi--how_vaccine_works",
      "url": "https://old.reddit.com/r/funny/comments/o70bbi/how_vaccine_works/",
      "date_published": "2021-06-24T16:56:37.000Z",
      "date_modified": "2021-06-24T16:56:37.000Z",
      "_original_published": "2021-06-24T12:55:57.000Z",
      "_original_language": "en",
      "_translations": {
        "en": {
          "title": "How vaccine works"
        },
        "ja": {
          "title": "ワクチンの仕組み"
        },
        "zh-Hans": {
          "title": "疫苗如何发挥作用"
        },
        "zh-Hant": {
          "title": "疫苗如何發揮作用"
        }
      },
      "tags": [
        "funny"
      ],
      "authors": [
        {
          "name": "SirtuinsAMPKmTOR",
          "url": "https://old.reddit.com/user/SirtuinsAMPKmTOR"
        }
      ],
      "_links": [
        {
          "url": "https://old.reddit.com/r/funny/comments/o70bbi/how_vaccine_works/",
          "name": "&uarr;87016 votes"
        }
      ],
      "image": "https://external-preview.redd.it/AUDM2OyC5NBYYhsbTPpYEchlAfOVid00W-cEVkGuA6U.png?width=960&crop=smart&format=pjpg&auto=webp&s=95496d5f1f37b7f010698f35663067ad0da30681",
      "_video": {
        "sources": [
          {
            "url": "https://v.redd.it/smdibxm1o7771/DASH_480.mp4?source=fallback"
          }
        ],
        "width": 854,
        "height": 471,
        "poster": "https://external-preview.redd.it/AUDM2OyC5NBYYhsbTPpYEchlAfOVid00W-cEVkGuA6U.png?width=960&crop=smart&format=pjpg&auto=webp&s=95496d5f1f37b7f010698f35663067ad0da30681"
      }
    },
    "2021_06_22_en_reddit_reddit__r--memes--comments--o5hxs3--you_missed_it_fool_heres_an_alternate": {
      "id": "2021_06_22_en_reddit_reddit__r--memes--comments--o5hxs3--you_missed_it_fool_heres_an_alternate",
      "url": "https://old.reddit.com/r/memes/comments/o5hxs3/you_missed_it_fool_heres_an_alternate/",
      "date_published": "2021-06-22T17:48:37.000Z",
      "date_modified": "2021-06-22T17:48:37.000Z",
      "_original_published": "2021-06-22T08:15:43.000Z",
      "_original_language": "en",
      "_translations": {
        "en": {
          "title": "You missed it fool here's an alternate"
        },
        "ja": {
          "title": "あなたはそれを見逃した愚か者は、ここで代替"
        },
        "zh-Hans": {
          "title": "你错过了这个机会，这里有一个备选方案"
        },
        "zh-Hant": {
          "title": "你錯過了這個機會，這裏有一個備選方案"
        }
      },
      "tags": [
        "memes"
      ],
      "authors": [
        {
          "name": "ADAMWARLOCK707",
          "url": "https://old.reddit.com/user/ADAMWARLOCK707"
        }
      ],
      "_links": [
        {
          "url": "https://old.reddit.com/r/memes/comments/o5hxs3/you_missed_it_fool_heres_an_alternate/",
          "name": "&uarr;86129 votes"
        }
      ],
      "image": "https://preview.redd.it/j7hq0cc80s671.jpg?width=960&crop=smart&auto=webp&s=dcbcdb06b324985aefbfa38f8bb25ae353dd5c2b"
    },
    "2021_06_20_en_reddit_reddit__r--memes--comments--o489ho--its_just_tired_presumably_from_eating_the_souls": {
      "id": "2021_06_20_en_reddit_reddit__r--memes--comments--o489ho--its_just_tired_presumably_from_eating_the_souls",
      "url": "https://old.reddit.com/r/memes/comments/o489ho/its_just_tired_presumably_from_eating_the_souls/",
      "date_published": "2021-06-20T20:11:41.000Z",
      "date_modified": "2021-06-20T20:11:41.000Z",
      "_original_published": "2021-06-20T15:36:16.000Z",
      "_original_language": "en",
      "_translations": {
        "en": {
          "title": "It's just tired. Presumably from eating the souls of babies..."
        },
        "ja": {
          "title": "疲れるだけです。おそらく、赤ちゃんの魂を食べて...。"
        },
        "zh-Hans": {
          "title": "它只是累了。可能是因为吃了婴儿的灵魂......"
        },
        "zh-Hant": {
          "title": "它只是累了。可能是因爲吃了嬰兒的靈魂......"
        }
      },
      "tags": [
        "memes"
      ],
      "authors": [
        {
          "name": "child-of-old-gods",
          "url": "https://old.reddit.com/user/child-of-old-gods"
        }
      ],
      "_links": [
        {
          "url": "https://old.reddit.com/r/memes/comments/o489ho/its_just_tired_presumably_from_eating_the_souls/",
          "name": "&uarr;85801 votes"
        }
      ],
      "image": "https://preview.redd.it/lp73lmerwf671.gif?width=320&crop=smart&format=png8&s=2879afd9cb309572b8017420ee76f4df2effdcc6",
      "_video": {
        "sources": [
          {
            "url": "https://preview.redd.it/lp73lmerwf671.gif?format=mp4&s=fd8568e5c82bff6368d418462e6c703abb6380f6"
          }
        ],
        "width": 528,
        "height": 660,
        "poster": "https://preview.redd.it/lp73lmerwf671.gif?width=320&crop=smart&format=png8&s=2879afd9cb309572b8017420ee76f4df2effdcc6"
      }
    },
    "2021_06_18_en_reddit_reddit__r--Unexpected--comments--o2niv9--a_flower_for_the_lovely_lady": {
      "id": "2021_06_18_en_reddit_reddit__r--Unexpected--comments--o2niv9--a_flower_for_the_lovely_lady",
      "url": "https://old.reddit.com/r/Unexpected/comments/o2niv9/a_flower_for_the_lovely_lady/",
      "date_published": "2021-06-18T18:33:23.000Z",
      "date_modified": "2021-06-18T18:33:23.000Z",
      "_original_published": "2021-06-18T12:04:01.000Z",
      "_original_language": "en",
      "_translations": {
        "en": {
          "title": "A flower for the lovely lady."
        },
        "ja": {
          "title": "素敵な女性に花を"
        },
        "zh-Hans": {
          "title": "为这位可爱的女士献上一朵花。"
        },
        "zh-Hant": {
          "title": "爲這位可愛的女士獻上一朵花。"
        }
      },
      "tags": [
        "Unexpected"
      ],
      "authors": [
        {
          "name": "treatherlike454",
          "url": "https://old.reddit.com/user/treatherlike454"
        }
      ],
      "_links": [
        {
          "url": "https://old.reddit.com/r/Unexpected/comments/o2niv9/a_flower_for_the_lovely_lady/",
          "name": "&uarr;85180 votes"
        }
      ],
      "image": "https://external-preview.redd.it/-LCvxrUy6N46RgYIXBpWRD7tUFFrupPZxaWlH1AeOAw.png?width=640&crop=smart&format=pjpg&auto=webp&s=a8aa393504a7acdc53d661feca94e6603cb3680f",
      "_video": {
        "sources": [
          {
            "url": "https://v.redd.it/reh5tmu8l0671/DASH_480.mp4?source=fallback"
          }
        ],
        "width": 480,
        "height": 480,
        "poster": "https://external-preview.redd.it/-LCvxrUy6N46RgYIXBpWRD7tUFFrupPZxaWlH1AeOAw.png?width=640&crop=smart&format=pjpg&auto=webp&s=a8aa393504a7acdc53d661feca94e6603cb3680f"
      }
    },
    "2021_06_23_en_reddit_reddit__r--MadeMeSmile--comments--o6ekr0--im_19_never_touched_a_body_of_water_in_my_life": {
      "id": "2021_06_23_en_reddit_reddit__r--MadeMeSmile--comments--o6ekr0--im_19_never_touched_a_body_of_water_in_my_life",
      "url": "https://old.reddit.com/r/MadeMeSmile/comments/o6ekr0/im_19_never_touched_a_body_of_water_in_my_life/",
      "date_published": "2021-06-23T23:20:37.000Z",
      "date_modified": "2021-06-23T23:20:37.000Z",
      "_original_published": "2021-06-23T15:01:30.000Z",
      "_original_language": "en",
      "_translations": {
        "en": {
          "title": "I'm 19, never touched a body of water in my life, recently i started going to the gym and i learned how to swim in a week, drank alot of water, but in the end i swam. i know many will laugh because i learned at a late stage, but I'm proud and that's what matters"
        },
        "ja": {
          "title": "私は19歳で、今まで水に触れたことがありませんでしたが、最近ジムに通い始め、1週間で泳ぎ方を覚えました。"
        },
        "zh-Hans": {
          "title": "我19岁，一生中从未接触过水，最近我开始去健身房，我在一周内学会了游泳，喝了很多水，但最后我游了起来。"
        },
        "zh-Hant": {
          "title": "我19歲，一生中從未接觸過水，最近我開始去健身房，我在一週內學會了游泳，喝了很多水，但最後我遊了起來。"
        }
      },
      "tags": [
        "MadeMeSmile"
      ],
      "authors": [
        {
          "name": "memesandkarma",
          "url": "https://old.reddit.com/user/memesandkarma"
        }
      ],
      "_links": [
        {
          "url": "https://old.reddit.com/r/MadeMeSmile/comments/o6ekr0/im_19_never_touched_a_body_of_water_in_my_life/",
          "name": "&uarr;84777 votes"
        }
      ],
      "image": "https://external-preview.redd.it/DmRvv7QF8jT8I9h7j0S0ox0TELIbSETeVu0V3jb9CxI.png?width=1080&crop=smart&format=pjpg&auto=webp&s=a8201a7e3179f314147d0095fe06e58e05434aa9",
      "_video": {
        "sources": [
          {
            "url": "https://v.redd.it/umfnthkx41771/DASH_1080.mp4?source=fallback"
          }
        ],
        "width": 607,
        "height": 1080,
        "poster": "https://external-preview.redd.it/DmRvv7QF8jT8I9h7j0S0ox0TELIbSETeVu0V3jb9CxI.png?width=1080&crop=smart&format=pjpg&auto=webp&s=a8201a7e3179f314147d0095fe06e58e05434aa9"
      }
    },
    "2021_06_19_en_reddit_reddit__r--memes--comments--o3bsh3--tis_but_a_scratch": {
      "id": "2021_06_19_en_reddit_reddit__r--memes--comments--o3bsh3--tis_but_a_scratch",
      "url": "https://old.reddit.com/r/memes/comments/o3bsh3/tis_but_a_scratch/",
      "date_published": "2021-06-19T14:21:58.000Z",
      "date_modified": "2021-06-19T14:21:58.000Z",
      "_original_published": "2021-06-19T08:58:27.000Z",
      "_original_language": "en",
      "_translations": {
        "en": {
          "title": "Tis but a scratch."
        },
        "ja": {
          "title": "かすり傷程度です。"
        },
        "zh-Hans": {
          "title": "这不过是个擦伤。"
        },
        "zh-Hant": {
          "title": "這不過是個擦傷。"
        }
      },
      "tags": [
        "memes"
      ],
      "authors": [
        {
          "name": "FreePhilosopher256",
          "url": "https://old.reddit.com/user/FreePhilosopher256"
        }
      ],
      "_links": [
        {
          "url": "https://old.reddit.com/r/memes/comments/o3bsh3/tis_but_a_scratch/",
          "name": "&uarr;84740 votes"
        }
      ],
      "image": "https://external-preview.redd.it/JpJ3JQsKTlndSKHlEirxsn09znPTBA3A4JRzD8RnVOE.png?width=1080&crop=smart&format=pjpg&auto=webp&s=d2600f735b4386fc1a01c51b28b62ab2b61c16c3",
      "_video": {
        "sources": [
          {
            "url": "https://v.redd.it/9h1uflf3t6671/DASH_720.mp4?source=fallback"
          }
        ],
        "width": 1080,
        "height": 720,
        "poster": "https://external-preview.redd.it/JpJ3JQsKTlndSKHlEirxsn09znPTBA3A4JRzD8RnVOE.png?width=1080&crop=smart&format=pjpg&auto=webp&s=d2600f735b4386fc1a01c51b28b62ab2b61c16c3"
      }
    },
    "2021_06_18_en_reddit_reddit__r--MadeMeSmile--comments--o2wzip--he_lives_on_forever": {
      "id": "2021_06_18_en_reddit_reddit__r--MadeMeSmile--comments--o2wzip--he_lives_on_forever",
      "url": "https://old.reddit.com/r/MadeMeSmile/comments/o2wzip/he_lives_on_forever/",
      "date_published": "2021-06-19T00:25:52.000Z",
      "date_modified": "2021-06-19T00:25:52.000Z",
      "_original_published": "2021-06-18T18:37:11.000Z",
      "_original_language": "en",
      "_translations": {
        "en": {
          "title": "He lives on forever"
        },
        "ja": {
          "title": "彼は永遠に生き続ける"
        },
        "zh-Hans": {
          "title": "他永远活着"
        },
        "zh-Hant": {
          "title": "他永遠活着"
        }
      },
      "tags": [
        "MadeMeSmile"
      ],
      "authors": [
        {
          "name": "TheEpicWaffleOC",
          "url": "https://old.reddit.com/user/TheEpicWaffleOC"
        }
      ],
      "_links": [
        {
          "url": "https://old.reddit.com/r/MadeMeSmile/comments/o2wzip/he_lives_on_forever/",
          "name": "&uarr;84683 votes"
        }
      ],
      "image": "https://preview.redd.it/u8r4rpsgj2671.jpg?width=1080&crop=smart&auto=webp&s=d81f176a311e1391cac364ee637e7491055da2cc"
    },
    "2021_06_18_en_reddit_reddit__r--interestingasfuck--comments--o2kixy--olympic_gold_medalist_katie_ledecky_swims_with_a": {
      "id": "2021_06_18_en_reddit_reddit__r--interestingasfuck--comments--o2kixy--olympic_gold_medalist_katie_ledecky_swims_with_a",
      "url": "https://old.reddit.com/r/interestingasfuck/comments/o2kixy/olympic_gold_medalist_katie_ledecky_swims_with_a/",
      "date_published": "2021-06-18T18:33:23.000Z",
      "date_modified": "2021-06-18T18:33:23.000Z",
      "_original_published": "2021-06-18T08:47:08.000Z",
      "_original_language": "en",
      "_translations": {
        "en": {
          "title": "Olympic Gold Medalist, Katie Ledecky, swims with a glass of chocolate milk on her head"
        },
        "ja": {
          "title": "オリンピック金メダリストのKatie Ledecky選手が、チョコレートミルクの入ったグラスを頭に乗せて泳いでいます。"
        },
        "zh-Hans": {
          "title": "奥运会金牌得主凯蒂-莱德基头上顶着一杯巧克力牛奶游泳"
        },
        "zh-Hant": {
          "title": "奧運會金牌得主凱蒂-萊德基頭上頂着一杯巧克力牛奶游泳"
        }
      },
      "tags": [
        "interestingasfuck"
      ],
      "authors": [
        {
          "name": "gowthamm",
          "url": "https://old.reddit.com/user/gowthamm"
        }
      ],
      "_links": [
        {
          "url": "https://old.reddit.com/r/interestingasfuck/comments/o2kixy/olympic_gold_medalist_katie_ledecky_swims_with_a/",
          "name": "&uarr;84184 votes"
        }
      ],
      "image": "https://external-preview.redd.it/yZkaV4YGlo5PHJh2jx0dUudYq3Mn1k62JY0HPbtYB9o.jpg?width=216&crop=smart&auto=webp&s=85587c63e49c916e45cc486fafc1333fefb15a18",
      "_video": {
        "sources": [
          {
            "url": "https://v.redd.it/evoj5qf7mz571/DASH_720.mp4"
          }
        ],
        "width": 576,
        "height": 720,
        "poster": "https://external-preview.redd.it/yZkaV4YGlo5PHJh2jx0dUudYq3Mn1k62JY0HPbtYB9o.jpg?width=216&crop=smart&auto=webp&s=85587c63e49c916e45cc486fafc1333fefb15a18"
      }
    },
    "2021_06_22_en_reddit_reddit__r--oddlysatisfying--comments--o5bp7y--this_artist_putting_the_final_two_strokes_on": {
      "id": "2021_06_22_en_reddit_reddit__r--oddlysatisfying--comments--o5bp7y--this_artist_putting_the_final_two_strokes_on",
      "url": "https://old.reddit.com/r/oddlysatisfying/comments/o5bp7y/this_artist_putting_the_final_two_strokes_on/",
      "date_published": "2021-06-22T13:31:25.000Z",
      "date_modified": "2021-06-22T13:31:25.000Z",
      "_original_published": "2021-06-22T02:08:10.000Z",
      "_original_language": "en",
      "_translations": {
        "en": {
          "title": "This artist putting the final two strokes on their painting"
        },
        "ja": {
          "title": "絵の最後の仕上げをしているところ。"
        },
        "zh-Hans": {
          "title": "这位艺术家在他们的画上画了最后两笔"
        },
        "zh-Hant": {
          "title": "這位藝術家在他們的畫上畫了最後兩筆"
        }
      },
      "tags": [
        "oddlysatisfying"
      ],
      "authors": [
        {
          "name": "unnaturalorder",
          "url": "https://old.reddit.com/user/unnaturalorder"
        }
      ],
      "_links": [
        {
          "url": "https://old.reddit.com/r/oddlysatisfying/comments/o5bp7y/this_artist_putting_the_final_two_strokes_on/",
          "name": "&uarr;84049 votes"
        }
      ],
      "image": "https://external-preview.redd.it/7uMG2E5AwL1VCFIQWBm6p78lNy3hmU5VX_AXW4joQ34.jpg?width=216&crop=smart&auto=webp&s=fcbfdbf478b9bc7d7a747872e2c9691ce1fe82dd",
      "_video": {
        "sources": [
          {
            "url": "https://v.redd.it/aksb0u4i6q671/DASH_480.mp4"
          }
        ],
        "width": 270,
        "height": 480,
        "poster": "https://external-preview.redd.it/7uMG2E5AwL1VCFIQWBm6p78lNy3hmU5VX_AXW4joQ34.jpg?width=216&crop=smart&auto=webp&s=fcbfdbf478b9bc7d7a747872e2c9691ce1fe82dd"
      }
    }
  }
}
