{
  "meta": {
    "name": "mildlyinteresting"
  },
  "items": {
    "2021_09_01_en_reddit_reddit__r--mildlyinteresting--comments--pfxssj--i_saw_4_generations_of_honda_civics_in_order_of": {
      "id": "2021_09_01_en_reddit_reddit__r--mildlyinteresting--comments--pfxssj--i_saw_4_generations_of_honda_civics_in_order_of",
      "url": "https://old.reddit.com/r/mildlyinteresting/comments/pfxssj/i_saw_4_generations_of_honda_civics_in_order_of/",
      "date_published": "2021-09-02T00:22:15.000Z",
      "date_modified": "2021-09-02T00:22:15.000Z",
      "_original_published": "2021-09-01T16:45:55.000Z",
      "_original_language": "en",
      "_translations": {
        "en": {
          "title": "I saw 4 generations of Honda Civics, in order of age, all in white."
        },
        "ja": {
          "title": "ホンダのシビックを年代順に4世代見ましたが、すべて白でした。"
        },
        "zh-Hans": {
          "title": "我看到了4代本田思域，按年龄排序，都是白色的。"
        },
        "zh-Hant": {
          "title": "我看到了4代本田思域，按年齡排序，都是白色的。"
        }
      },
      "tags": [
        "mildlyinteresting"
      ],
      "authors": [
        {
          "name": "Chocolate1ce",
          "url": "https://old.reddit.com/user/Chocolate1ce"
        }
      ],
      "_links": [
        {
          "url": "https://old.reddit.com/r/mildlyinteresting/comments/pfxssj/i_saw_4_generations_of_honda_civics_in_order_of/",
          "name": "&uarr;77998 votes"
        }
      ],
      "image": "https://preview.redd.it/1evc36cz7xk71.jpg?width=1080&crop=smart&auto=webp&s=af914cb3cd78e27409dcc6bad22ab5e8e5423d14"
    },
    "2021_08_22_en_reddit_reddit__r--mildlyinteresting--comments--p9fnrt--last_night_my_wifes_uber_had_a_duck_in_it": {
      "id": "2021_08_22_en_reddit_reddit__r--mildlyinteresting--comments--p9fnrt--last_night_my_wifes_uber_had_a_duck_in_it",
      "url": "https://old.reddit.com/r/mildlyinteresting/comments/p9fnrt/last_night_my_wifes_uber_had_a_duck_in_it/",
      "date_published": "2021-08-23T01:37:59.000Z",
      "date_modified": "2021-08-23T01:37:59.000Z",
      "_original_published": "2021-08-22T16:32:01.000Z",
      "_original_language": "en",
      "_translations": {
        "en": {
          "title": "Last night my wife's Uber had a duck in it."
        },
        "ja": {
          "title": "昨晩、妻のUberにはアヒルが入っていました。"
        },
        "zh-Hans": {
          "title": "昨天晚上，我妻子的Uber里有一只鸭子。"
        },
        "zh-Hant": {
          "title": "昨天晚上，我妻子的Uber裏有一隻鴨子。"
        }
      },
      "tags": [
        "mildlyinteresting"
      ],
      "authors": [
        {
          "name": "purplepotables",
          "url": "https://old.reddit.com/user/purplepotables"
        }
      ],
      "_links": [
        {
          "url": "https://old.reddit.com/r/mildlyinteresting/comments/p9fnrt/last_night_my_wifes_uber_had_a_duck_in_it/",
          "name": "&uarr;78608 votes"
        }
      ],
      "image": "https://preview.redd.it/yvjkozvdsxi71.jpg?width=1080&crop=smart&auto=webp&s=4441468ce1356c52057c6470e4d9046b8e708407"
    },
    "2020_12_13_en_reddit_reddit__r--mildlyinteresting--comments--kcj519--i_have_partial_heterochromia_in_both_eyes": {
      "id": "2020_12_13_en_reddit_reddit__r--mildlyinteresting--comments--kcj519--i_have_partial_heterochromia_in_both_eyes",
      "url": "https://old.reddit.com/r/mildlyinteresting/comments/kcj519/i_have_partial_heterochromia_in_both_eyes/",
      "date_published": "2020-12-14T03:27:50.000Z",
      "date_modified": "2020-12-14T03:27:50.000Z",
      "_original_published": "2020-12-13T21:24:23.000Z",
      "_original_language": "en",
      "_translations": {
        "en": {
          "title": "I have partial heterochromia in both eyes"
        },
        "zh-Hans": {
          "title": "我的两只眼睛都有部分异色"
        },
        "zh-Hant": {
          "title": "我的兩隻眼睛都有部分異色"
        }
      },
      "tags": [
        "mildlyinteresting"
      ],
      "authors": [
        {
          "name": "laney-rene",
          "url": "https://old.reddit.com/user/laney-rene"
        }
      ],
      "_links": [
        {
          "url": "https://old.reddit.com/r/mildlyinteresting/comments/kcj519/i_have_partial_heterochromia_in_both_eyes/",
          "name": "&uarr;137146 votes"
        }
      ],
      "image": "https://preview.redd.it/sgeu2q3uu0561.jpg?width=1080&crop=smart&auto=webp&s=bd6dc0fb6b47281373a80265d07f6f872d7b971a"
    }
  }
}
