{
  "meta": {
    "name": "cursedcomments"
  },
  "items": {
    "2020_12_04_en_reddit_reddit__r--cursedcomments--comments--k6nyfc--cursed_dad": {
      "id": "2020_12_04_en_reddit_reddit__r--cursedcomments--comments--k6nyfc--cursed_dad",
      "url": "https://old.reddit.com/r/cursedcomments/comments/k6nyfc/cursed_dad/",
      "date_published": "2020-12-05T09:33:38.000Z",
      "date_modified": "2020-12-05T09:33:38.000Z",
      "_original_published": "2020-12-04T16:19:29.000Z",
      "_original_language": "en",
      "_translations": {
        "en": {
          "title": "cursed_dad"
        },
        "zh-Hans": {
          "title": "被诅咒的爸爸"
        },
        "zh-Hant": {
          "title": "被詛咒的爸爸"
        }
      },
      "tags": [
        "cursedcomments"
      ],
      "authors": [
        {
          "name": "Firm_Meeting",
          "url": "https://old.reddit.com/user/Firm_Meeting"
        }
      ],
      "_links": [
        {
          "url": "https://old.reddit.com/r/cursedcomments/comments/k6nyfc/cursed_dad/",
          "name": "&uarr;79930 votes"
        }
      ],
      "image": "https://preview.redd.it/15w42ce547361.jpg?width=320&crop=smart&auto=webp&s=174fc5303df42e0c19d25b85a9e440fa7fc6c8ce"
    }
  }
}
