{
  "id": "2022_05_16_en_reddit_reddit__r--Unexpected--comments--uqtjz3--owo_thats_scary",
  "url": "https://old.reddit.com/r/Unexpected/comments/uqtjz3/owo_thats_scary/",
  "date_published": "2022-05-16T17:56:54.000Z",
  "date_modified": "2022-05-16T17:56:54.000Z",
  "_original_published": "2022-05-16T11:18:09.000Z",
  "_original_language": "en",
  "_translations": {
    "en": {
      "title": "owo that's scary"
    },
    "ja": {
      "title": "こわいこわい"
    },
    "zh-Hans": {
      "title": "真吓人啊"
    },
    "zh-Hant": {
      "title": "真嚇人啊"
    }
  },
  "tags": [
    "Unexpected"
  ],
  "authors": [
    {
      "name": "Gaghackz",
      "url": "https://old.reddit.com/user/Gaghackz"
    }
  ],
  "_links": [
    {
      "url": "https://old.reddit.com/r/Unexpected/comments/uqtjz3/owo_thats_scary/",
      "name": "&uarr;77796 votes"
    }
  ],
  "image": "https://external-preview.redd.it/vXFTeaV5VmwEwIR7bCxqEh5eN-ANhQaTkIz5IyPJzSM.png?width=320&amp;crop=smart&amp;format=pjpg&amp;auto=webp&amp;s=ef8edbd03f71e533959605d23d0e95ef6126584f",
  "_video": {
    "sources": [
      {
        "url": "https://v.redd.it/b7dd5plqntz81/DASH_480.mp4?source=fallback"
      }
    ],
    "width": 480,
    "height": 480,
    "poster": "https://external-preview.redd.it/vXFTeaV5VmwEwIR7bCxqEh5eN-ANhQaTkIz5IyPJzSM.png?width=320&amp;crop=smart&amp;format=pjpg&amp;auto=webp&amp;s=ef8edbd03f71e533959605d23d0e95ef6126584f"
  }
}
