{
  "id": "2022_05_16_en_reddit_reddit__r--MadeMeSmile--comments--uqzkwc--its_for_all_of_you",
  "url": "https://old.reddit.com/r/MadeMeSmile/comments/uqzkwc/its_for_all_of_you/",
  "date_published": "2022-05-17T09:03:33.000Z",
  "date_modified": "2022-05-17T09:03:33.000Z",
  "_original_published": "2022-05-16T16:14:52.000Z",
  "_original_language": "en",
  "_translations": {
    "en": {
      "title": "It’s for all of you…"
    },
    "ja": {
      "title": "みんなのために..."
    },
    "zh-Hans": {
      "title": "这是给你们所有人的..."
    },
    "zh-Hant": {
      "title": "這是給你們所有人的..."
    }
  },
  "tags": [
    "MadeMeSmile"
  ],
  "authors": [
    {
      "name": "Bigringcycling",
      "url": "https://old.reddit.com/user/Bigringcycling"
    }
  ],
  "_links": [
    {
      "url": "https://old.reddit.com/r/MadeMeSmile/comments/uqzkwc/its_for_all_of_you/",
      "name": "&uarr;75070 votes"
    }
  ],
  "image": "https://preview.redd.it/7vwkbcmp4vz81.jpg?width=1080&amp;crop=smart&amp;auto=webp&amp;s=4ce51b5cc810a2f2639fca1967f74025c0d2520c"
}
