{
  "id": "2022_05_16_en_reddit_reddit__r--nextfuckinglevel--comments--uqqe0b--this_wonder_is_designed_and_invented_by_tom_lawton",
  "url": "https://old.reddit.com/r/nextfuckinglevel/comments/uqqe0b/this_wonder_is_designed_and_invented_by_tom_lawton/",
  "date_published": "2022-05-17T04:56:23.000Z",
  "date_modified": "2022-05-17T04:56:23.000Z",
  "_original_published": "2022-05-16T07:36:33.000Z",
  "_original_language": "en",
  "_translations": {
    "en": {
      "title": "This Wonder is designed and invented by Tom Lawton"
    },
    "ja": {
      "title": "このワンダーは、トム・ロートン氏が設計・考案したものです。"
    },
    "zh-Hans": {
      "title": "这个奇迹是由汤姆-劳顿设计和发明的。"
    },
    "zh-Hant": {
      "title": "這個奇蹟是由湯姆-勞頓設計和發明的。"
    }
  },
  "tags": [
    "nextfuckinglevel"
  ],
  "authors": [
    {
      "name": "Faceless_Hinataa",
      "url": "https://old.reddit.com/user/Faceless_Hinataa"
    }
  ],
  "_links": [
    {
      "url": "https://old.reddit.com/r/nextfuckinglevel/comments/uqqe0b/this_wonder_is_designed_and_invented_by_tom_lawton/",
      "name": "&uarr;75009 votes"
    }
  ],
  "image": "https://external-preview.redd.it/6F6QZ4ytIzYq29F90ySQFhCIJD4CbESB2lsG6TsARRE.png?width=640&amp;crop=smart&amp;format=pjpg&amp;auto=webp&amp;s=a21c3fdd7afd454aa5332b4100d91a4648c0848c",
  "_video": {
    "sources": [
      {
        "url": "https://v.redd.it/abx4umi8ksz81/DASH_360.mp4?source=fallback"
      }
    ],
    "width": 632,
    "height": 360,
    "poster": "https://external-preview.redd.it/6F6QZ4ytIzYq29F90ySQFhCIJD4CbESB2lsG6TsARRE.png?width=640&amp;crop=smart&amp;format=pjpg&amp;auto=webp&amp;s=a21c3fdd7afd454aa5332b4100d91a4648c0848c"
  }
}
