{
  "id": "2022_05_16_en_reddit_reddit__r--antiwork--comments--ur2kga--fuck_you_pay_us",
  "url": "https://old.reddit.com/r/antiwork/comments/ur2kga/fuck_you_pay_us/",
  "date_published": "2022-05-17T07:28:14.000Z",
  "date_modified": "2022-05-17T07:28:14.000Z",
  "_original_published": "2022-05-16T18:28:09.000Z",
  "_original_language": "en",
  "_translations": {
    "en": {
      "title": "Fuck You, Pay US"
    },
    "ja": {
      "title": "ファックユー、ペイユー"
    },
    "zh-Hans": {
      "title": "去你妈的，付钱给我们"
    },
    "zh-Hant": {
      "title": "去你媽的，付錢給我們"
    }
  },
  "tags": [
    "antiwork"
  ],
  "authors": [
    {
      "name": "sillychillly",
      "url": "https://old.reddit.com/user/sillychillly"
    }
  ],
  "_links": [
    {
      "url": "https://old.reddit.com/r/antiwork/comments/ur2kga/fuck_you_pay_us/",
      "name": "&uarr;75411 votes"
    }
  ],
  "image": "https://preview.redd.it/zigjjanhsvz81.jpg?width=1080&amp;crop=smart&amp;auto=webp&amp;s=5efabf08c12630eb9f1a4a3dd41f5ea8c309c608"
}
