{
  "id": "2022_05_16_en_reddit_reddit__r--antiwork--comments--ur98xg--is_that_so_much_to_ask_for",
  "url": "https://old.reddit.com/r/antiwork/comments/ur98xg/is_that_so_much_to_ask_for/",
  "date_published": "2022-05-17T16:53:51.000Z",
  "date_modified": "2022-05-17T16:53:51.000Z",
  "_original_published": "2022-05-16T23:38:44.000Z",
  "_original_language": "en",
  "_translations": {
    "en": {
      "title": "Is that so much to ask for? ☹️"
    },
    "ja": {
      "title": "そんなに言うほどかな？☹️"
    },
    "zh-Hans": {
      "title": "这要求很高吗？☹️"
    },
    "zh-Hant": {
      "title": "這要求很高嗎？☹️"
    }
  },
  "tags": [
    "antiwork"
  ],
  "authors": [
    {
      "name": "_barn_",
      "url": "https://old.reddit.com/user/_barn_"
    }
  ],
  "_links": [
    {
      "url": "https://old.reddit.com/r/antiwork/comments/ur98xg/is_that_so_much_to_ask_for/",
      "name": "&uarr;75277 votes"
    }
  ],
  "image": "https://preview.redd.it/kqqb0rhwbxz81.jpg?width=640&amp;crop=smart&amp;auto=webp&amp;s=c33b542d2bb4b1a1693963223cc76e76c297b555"
}
