{
  "id": "2022_05_16_en_reddit_reddit__r--IdiotsInCars--comments--uquyx2--saw_this_person_learn_they_should_never_start_a",
  "url": "https://old.reddit.com/r/IdiotsInCars/comments/uquyx2/saw_this_person_learn_they_should_never_start_a/",
  "date_published": "2022-05-17T00:44:47.000Z",
  "date_modified": "2022-05-17T00:44:47.000Z",
  "_original_published": "2022-05-16T12:37:15.000Z",
  "_original_language": "en",
  "_translations": {
    "en": {
      "title": "Saw this person learn they should never start a road rage competition"
    },
    "ja": {
      "title": "この人は、道路上での怒りの競争を始めてはいけないことを学んだ。"
    },
    "zh-Hans": {
      "title": "看到这个人学会了他们永远不应该开始一场路怒症比赛"
    },
    "zh-Hant": {
      "title": "看到這個人學會了他們永遠不應該開始一場路怒症比賽"
    }
  },
  "tags": [
    "IdiotsInCars"
  ],
  "authors": [
    {
      "name": "TYoYT",
      "url": "https://old.reddit.com/user/TYoYT"
    }
  ],
  "_links": [
    {
      "url": "https://old.reddit.com/r/IdiotsInCars/comments/uquyx2/saw_this_person_learn_they_should_never_start_a/",
      "name": "&uarr;76322 votes"
    }
  ],
  "image": "https://external-preview.redd.it/GPj7wEFrAPBg22-FD6L8_C9-RjsGcA0jn41dfjJFO54.png?width=1080&amp;crop=smart&amp;format=pjpg&amp;auto=webp&amp;s=9da8517d8972de6b31d74e05c4fd5ba4cc6eb861",
  "_video": {
    "sources": [
      {
        "url": "https://v.redd.it/fvebt6fe1uz81/DASH_1080.mp4?source=fallback"
      }
    ],
    "width": 1920,
    "height": 1080,
    "poster": "https://external-preview.redd.it/GPj7wEFrAPBg22-FD6L8_C9-RjsGcA0jn41dfjJFO54.png?width=1080&amp;crop=smart&amp;format=pjpg&amp;auto=webp&amp;s=9da8517d8972de6b31d74e05c4fd5ba4cc6eb861"
  }
}
