{
  "id": "2022_05_16_en_reddit_reddit__r--antiwork--comments--uqsb5o--those_pesky_socialist_dead",
  "url": "https://old.reddit.com/r/antiwork/comments/uqsb5o/those_pesky_socialist_dead/",
  "date_published": "2022-05-16T23:21:28.000Z",
  "date_modified": "2022-05-16T23:21:28.000Z",
  "_original_published": "2022-05-16T09:58:06.000Z",
  "_original_language": "en",
  "_translations": {
    "en": {
      "title": "Those pesky socialist dead!"
    },
    "ja": {
      "title": "あの厄介な社会主義者が死んだ！？"
    },
    "zh-Hans": {
      "title": "那些讨厌的社会主义死人!"
    },
    "zh-Hant": {
      "title": "那些討厭的社會主義死人!"
    }
  },
  "tags": [
    "antiwork"
  ],
  "authors": [
    {
      "name": "grumpi-otter",
      "url": "https://old.reddit.com/user/grumpi-otter"
    }
  ],
  "_links": [
    {
      "url": "https://old.reddit.com/r/antiwork/comments/uqsb5o/those_pesky_socialist_dead/",
      "name": "&uarr;75346 votes"
    }
  ],
  "image": "https://preview.redd.it/jrhea09f9tz81.png?width=320&amp;crop=smart&amp;auto=webp&amp;s=1147bb3be87570bc9736597d855309854c9b06e1"
}
