{
  "id": "2022_05_16_en_reddit_reddit__r--politics--comments--uqupns--liz_cheney_says_republicans_have_enabled_white",
  "url": "https://old.reddit.com/r/politics/comments/uqupns/liz_cheney_says_republicans_have_enabled_white/",
  "date_published": "2022-05-17T04:21:02.000Z",
  "date_modified": "2022-05-17T04:21:02.000Z",
  "_original_published": "2022-05-16T12:23:24.000Z",
  "_original_language": "en",
  "_translations": {
    "en": {
      "title": "Liz Cheney says Republicans have ‘enabled white nationalism, white supremacy, and anti-semitism’"
    },
    "ja": {
      "title": "リズ・チェイニー、共和党は「白人ナショナリズム、白人至上主義、反ユダヤ主義を助長してきた」と発言"
    },
    "zh-Hans": {
      "title": "利兹-切尼说共和党人 \"促成了白人民族主义、白人至上主义和反犹太主义\"。"
    },
    "zh-Hant": {
      "title": "利茲-切尼說共和黨人 \"促成了白人民族主義、白人至上主義和反猶太主義\"。"
    }
  },
  "tags": [
    "politics"
  ],
  "authors": [
    {
      "name": "burning_dawn",
      "url": "https://old.reddit.com/user/burning_dawn"
    }
  ],
  "_links": [
    {
      "url": "https://old.reddit.com/r/politics/comments/uqupns/liz_cheney_says_republicans_have_enabled_white/",
      "name": "&uarr;75026 votes"
    }
  ],
  "image": "https://external-preview.redd.it/0eRmiRBMQlJ30EhLBGttAfAQk8QlhIoa3wEFi_RUPts.jpg?width=1080&amp;crop=smart&amp;auto=webp&amp;s=fb305651773ce54221166f23fe42b3f766a3ffc2"
}
