{
  "id": "2022_05_16_en_reddit_reddit__r--memes--comments--uqn2ts--last_time_it_took_me_30_minutes",
  "url": "https://old.reddit.com/r/memes/comments/uqn2ts/last_time_it_took_me_30_minutes/",
  "date_published": "2022-05-16T13:59:29.000Z",
  "date_modified": "2022-05-16T13:59:29.000Z",
  "_original_published": "2022-05-16T03:56:34.000Z",
  "_original_language": "en",
  "_translations": {
    "en": {
      "title": "Last time it took me 30 minutes"
    },
    "ja": {
      "title": "前回は30分かかりました"
    },
    "zh-Hans": {
      "title": "上次我花了30分钟"
    },
    "zh-Hant": {
      "title": "上次我花了30分鐘"
    }
  },
  "tags": [
    "memes"
  ],
  "authors": [
    {
      "name": "HundredPannyz",
      "url": "https://old.reddit.com/user/HundredPannyz"
    }
  ],
  "_links": [
    {
      "url": "https://old.reddit.com/r/memes/comments/uqn2ts/last_time_it_took_me_30_minutes/",
      "name": "&uarr;76335 votes"
    }
  ],
  "image": "https://preview.redd.it/4g3pejkydrz81.gif?width=320&amp;crop=smart&amp;format=png8&amp;s=9d2f2ccd9b1a55228ec9f20a69ac384b040345cd",
  "_video": {
    "sources": [
      {
        "url": "https://preview.redd.it/4g3pejkydrz81.gif?format=mp4&amp;s=53a4fff8ada3a4b22e2dddb91a657c5215f7633b"
      }
    ],
    "width": 600,
    "height": 565,
    "poster": "https://preview.redd.it/4g3pejkydrz81.gif?width=320&amp;crop=smart&amp;format=png8&amp;s=9d2f2ccd9b1a55228ec9f20a69ac384b040345cd"
  }
}
