{
  "id": "2022_05_16_en_reddit_reddit__r--MadeMeSmile--comments--uqj8gc--this_lady_retiring_after_42_years_in_nursing",
  "url": "https://old.reddit.com/r/MadeMeSmile/comments/uqj8gc/this_lady_retiring_after_42_years_in_nursing/",
  "date_published": "2022-05-16T16:36:46.000Z",
  "date_modified": "2022-05-16T16:36:46.000Z",
  "_original_published": "2022-05-16T00:16:49.000Z",
  "_original_language": "en",
  "_translations": {
    "en": {
      "title": "This lady retiring after 42 years in nursing."
    },
    "ja": {
      "title": "42年間看護師として働いてきた女性が退職する。"
    },
    "zh-Hans": {
      "title": "这位女士在从事了42年的护理工作后即将退休。"
    },
    "zh-Hant": {
      "title": "這位女士在從事了42年的護理工作後即將退休。"
    }
  },
  "tags": [
    "MadeMeSmile"
  ],
  "authors": [
    {
      "name": "ajfoucault",
      "url": "https://old.reddit.com/user/ajfoucault"
    }
  ],
  "_links": [
    {
      "url": "https://old.reddit.com/r/MadeMeSmile/comments/uqj8gc/this_lady_retiring_after_42_years_in_nursing/",
      "name": "&uarr;75341 votes"
    }
  ],
  "image": "https://preview.redd.it/lhwk1dzrdqz81.png?width=1080&amp;crop=smart&amp;auto=webp&amp;s=ca1d139497a446868efc8e56a642c41171f146ba"
}
