{
  "id": "2022_05_16_en_reddit_reddit__r--nextfuckinglevel--comments--ur76qi--this_guy_cleaned_up_an_entire_park_by_himself_he",
  "url": "https://old.reddit.com/r/nextfuckinglevel/comments/ur76qi/this_guy_cleaned_up_an_entire_park_by_himself_he/",
  "date_published": "2022-05-17T08:17:01.000Z",
  "date_modified": "2022-05-17T08:17:01.000Z",
  "_original_published": "2022-05-16T21:56:51.000Z",
  "_original_language": "en",
  "_translations": {
    "en": {
      "title": "This guy cleaned up an entire park by himself! He went hiking every day for 103 days, filling up his bucket to the brink every single tour. The exception was the last day, where he failed to fill up even half his bucket with trash, meaning he had successfully cleaned up the entire park!"
    },
    "ja": {
      "title": "この人、一人で公園を掃除してたんだ！？彼は103日間毎日ハイキングに出かけ、毎回バケツを一杯にしたそうです。例外は最終日で、バケツの半分もゴミが入らず、公園全体をきれいにすることに成功したのです。"
    },
    "zh-Hans": {
      "title": "这家伙一个人把整个公园都清理干净了! 在103天的时间里，他每天都去徒步旅行，每次旅行都把他的水桶装得满满的。最后一天是个例外，他的桶里连一半的垃圾都没有装满，这意味着他成功地清理了整个公园的垃圾！\"。"
    },
    "zh-Hant": {
      "title": "這傢伙一個人把整個公園都清理乾淨了! 在103天的時間裏，他每天都去徒步旅行，每次旅行都把他的水桶裝得滿滿的。最後一天是個例外，他的桶裏連一半的垃圾都沒有裝滿，這意味着他成功地清理了整個公園的垃圾！\"。"
    }
  },
  "tags": [
    "nextfuckinglevel"
  ],
  "authors": [
    {
      "name": "Swerwin",
      "url": "https://old.reddit.com/user/Swerwin"
    }
  ],
  "_links": [
    {
      "url": "https://old.reddit.com/r/nextfuckinglevel/comments/ur76qi/this_guy_cleaned_up_an_entire_park_by_himself_he/",
      "name": "&uarr;76018 votes"
    }
  ],
  "image": "https://external-preview.redd.it/1MYDJM2dl4S8YknVOmB7E0gWxgZYHHE8NW5s-73UAZg.png?width=1080&amp;crop=smart&amp;format=pjpg&amp;auto=webp&amp;s=8310b3318932dd538f8e6f659b0090c53121f176",
  "_video": {
    "sources": [
      {
        "url": "https://v.redd.it/xhnh7rlptwz81/DASH_720.mp4?source=fallback"
      }
    ],
    "width": 1280,
    "height": 720,
    "poster": "https://external-preview.redd.it/1MYDJM2dl4S8YknVOmB7E0gWxgZYHHE8NW5s-73UAZg.png?width=1080&amp;crop=smart&amp;format=pjpg&amp;auto=webp&amp;s=8310b3318932dd538f8e6f659b0090c53121f176"
  }
}
