{
  "id": "2022_05_16_en_reddit_reddit__r--WhitePeopleTwitter--comments--ur71w3--parenting_boys",
  "url": "https://old.reddit.com/r/WhitePeopleTwitter/comments/ur71w3/parenting_boys/",
  "date_published": "2022-05-17T07:09:01.000Z",
  "date_modified": "2022-05-17T07:09:01.000Z",
  "_original_published": "2022-05-16T21:50:39.000Z",
  "_original_language": "en",
  "_translations": {
    "en": {
      "title": "Parenting boys"
    },
    "ja": {
      "title": "男の子の子育て"
    },
    "zh-Hans": {
      "title": "养育男孩"
    },
    "zh-Hant": {
      "title": "養育男孩"
    }
  },
  "tags": [
    "WhitePeopleTwitter"
  ],
  "authors": [
    {
      "name": "catfishtree",
      "url": "https://old.reddit.com/user/catfishtree"
    }
  ],
  "_links": [
    {
      "url": "https://old.reddit.com/r/WhitePeopleTwitter/comments/ur71w3/parenting_boys/",
      "name": "&uarr;75783 votes"
    }
  ],
  "image": "https://external-preview.redd.it/CBrl36avrCzOAWtOLqRg7SmVBPPLpI_33lpdCXObXYo.jpg?width=640&amp;crop=smart&amp;auto=webp&amp;s=4002a7c44b9066f06efa5b7525885850b42b03ff"
}
