{
  "id": "2022_05_16_en_reddit_reddit__r--meirl--comments--uqn8wr--meirl",
  "url": "https://old.reddit.com/r/meirl/comments/uqn8wr/meirl/",
  "date_published": "2022-05-16T18:26:50.000Z",
  "date_modified": "2022-05-16T18:26:50.000Z",
  "_original_published": "2022-05-16T04:06:03.000Z",
  "_original_language": "en",
  "_translations": {
    "en": {
      "title": "meirl"
    },
    "ja": {
      "title": "ミール"
    },
    "zh-Hans": {
      "title": "我的女孩"
    },
    "zh-Hant": {
      "title": "我的女孩"
    }
  },
  "tags": [
    "meirl"
  ],
  "authors": [
    {
      "name": "TwasAnChild",
      "url": "https://old.reddit.com/user/TwasAnChild"
    }
  ],
  "_links": [
    {
      "url": "https://old.reddit.com/r/meirl/comments/uqn8wr/meirl/",
      "name": "&uarr;75522 votes"
    }
  ],
  "image": "https://preview.redd.it/5u1ha4goirz81.jpg?width=1080&amp;crop=smart&amp;auto=webp&amp;s=102c1132e29c078a7cb4da5e202d87b0560673a0"
}
