{
  "id": "2022_05_16_en_reddit_reddit__r--meirl--comments--uquy4f--meirl",
  "url": "https://old.reddit.com/r/meirl/comments/uquy4f/meirl/",
  "date_published": "2022-05-16T19:34:22.000Z",
  "date_modified": "2022-05-16T19:34:22.000Z",
  "_original_published": "2022-05-16T12:36:05.000Z",
  "_original_language": "en",
  "_translations": {
    "en": {
      "title": "meirl"
    },
    "ja": {
      "title": "ミール"
    },
    "zh-Hans": {
      "title": "我的女孩"
    },
    "zh-Hant": {
      "title": "我的女孩"
    }
  },
  "tags": [
    "meirl"
  ],
  "authors": [
    {
      "name": "waqasnaseem07",
      "url": "https://old.reddit.com/user/waqasnaseem07"
    }
  ],
  "_links": [
    {
      "url": "https://old.reddit.com/r/meirl/comments/uquy4f/meirl/",
      "name": "&uarr;76464 votes"
    }
  ],
  "image": "https://preview.redd.it/o85li2xn1uz81.gif?width=320&amp;crop=smart&amp;format=png8&amp;s=0b03161bfec46ad411019bb8a2e2c3fd9dd25011",
  "_video": {
    "sources": [
      {
        "url": "https://preview.redd.it/o85li2xn1uz81.gif?format=mp4&amp;s=1327b971f74f8da37428dc3e67157a811f79c158"
      }
    ],
    "width": 440,
    "height": 480,
    "poster": "https://preview.redd.it/o85li2xn1uz81.gif?width=320&amp;crop=smart&amp;format=png8&amp;s=0b03161bfec46ad411019bb8a2e2c3fd9dd25011"
  }
}
