{
  "id": "2022_05_16_en_reddit_reddit__r--MadeMeSmile--comments--uqrecd--daughter_takes_picture_of_her_dad_on_his",
  "url": "https://old.reddit.com/r/MadeMeSmile/comments/uqrecd/daughter_takes_picture_of_her_dad_on_his/",
  "date_published": "2022-05-16T15:35:35.000Z",
  "date_modified": "2022-05-16T15:35:35.000Z",
  "_original_published": "2022-05-16T08:52:46.000Z",
  "_original_language": "en",
  "_translations": {
    "en": {
      "title": "Daughter takes picture of her dad on his graduation day."
    },
    "ja": {
      "title": "卒業式の日にお父さんを撮影する娘さん。"
    },
    "zh-Hans": {
      "title": "女儿为她父亲的毕业日拍照。"
    },
    "zh-Hant": {
      "title": "女兒爲她父親的畢業日拍照。"
    }
  },
  "tags": [
    "MadeMeSmile"
  ],
  "authors": [
    {
      "name": "mindyour",
      "url": "https://old.reddit.com/user/mindyour"
    }
  ],
  "_links": [
    {
      "url": "https://old.reddit.com/r/MadeMeSmile/comments/uqrecd/daughter_takes_picture_of_her_dad_on_his/",
      "name": "&uarr;75344 votes"
    }
  ],
  "image": "https://preview.redd.it/nhodfhztxsz81.jpg?width=960&amp;crop=smart&amp;auto=webp&amp;s=8e23f6abdbbd91a9e4de9137d5d4642c4aca8bd7"
}
