{
  "id": "2022_05_16_en_reddit_reddit__r--memes--comments--ur5odh--wish_i_could_come_up_with_something",
  "url": "https://old.reddit.com/r/memes/comments/ur5odh/wish_i_could_come_up_with_something/",
  "date_published": "2022-05-17T08:17:01.000Z",
  "date_modified": "2022-05-17T08:17:01.000Z",
  "_original_published": "2022-05-16T20:48:19.000Z",
  "_original_language": "en",
  "_translations": {
    "en": {
      "title": "Wish I could come up with something…"
    },
    "ja": {
      "title": "何か思いついたらいいんだけど...。"
    },
    "zh-Hans": {
      "title": "希望我能想出一些办法......"
    },
    "zh-Hant": {
      "title": "希望我能想出一些辦法......"
    }
  },
  "tags": [
    "memes"
  ],
  "authors": [
    {
      "name": "RegularNoodles",
      "url": "https://old.reddit.com/user/RegularNoodles"
    }
  ],
  "_links": [
    {
      "url": "https://old.reddit.com/r/memes/comments/ur5odh/wish_i_could_come_up_with_something/",
      "name": "&uarr;76166 votes"
    }
  ],
  "image": "https://preview.redd.it/44sgffwghwz81.gif?width=320&amp;crop=smart&amp;format=png8&amp;s=dd9af7aed463e16eeddcb07bfd766dedc51c1b5d",
  "_video": {
    "sources": [
      {
        "url": "https://preview.redd.it/44sgffwghwz81.gif?format=mp4&amp;s=e5993bbe8cb7fd90568ffaae81d8bad0d5c3bac4"
      }
    ],
    "width": 480,
    "height": 472,
    "poster": "https://preview.redd.it/44sgffwghwz81.gif?width=320&amp;crop=smart&amp;format=png8&amp;s=dd9af7aed463e16eeddcb07bfd766dedc51c1b5d"
  }
}
