{
  "id": "2022_05_16_en_reddit_reddit__r--nextfuckinglevel--comments--uqty2p--expert_exterminator",
  "url": "https://old.reddit.com/r/nextfuckinglevel/comments/uqty2p/expert_exterminator/",
  "date_published": "2022-05-16T20:20:47.000Z",
  "date_modified": "2022-05-16T20:20:47.000Z",
  "_original_published": "2022-05-16T11:41:22.000Z",
  "_original_language": "en",
  "_translations": {
    "en": {
      "title": "Expert Exterminator"
    },
    "ja": {
      "title": "専門家による駆除"
    },
    "zh-Hans": {
      "title": "灭虫专家"
    },
    "zh-Hant": {
      "title": "滅蟲專家"
    }
  },
  "tags": [
    "nextfuckinglevel"
  ],
  "authors": [
    {
      "name": "ZombieJazzlike9523",
      "url": "https://old.reddit.com/user/ZombieJazzlike9523"
    }
  ],
  "_links": [
    {
      "url": "https://old.reddit.com/r/nextfuckinglevel/comments/uqty2p/expert_exterminator/",
      "name": "&uarr;77296 votes"
    }
  ],
  "image": "https://external-preview.redd.it/81YCvMUsw0LehWP_0aPX7_A-M63Hi8KtkzBKR-pfft4.png?width=320&amp;crop=smart&amp;format=pjpg&amp;auto=webp&amp;s=ef70d7c4805a3e39e86e11ff5ad956a3bab0d273",
  "_video": {
    "sources": [
      {
        "url": "https://v.redd.it/ip6j7ltvrtz81/DASH_720.mp4?source=fallback"
      }
    ],
    "width": 404,
    "height": 720,
    "poster": "https://external-preview.redd.it/81YCvMUsw0LehWP_0aPX7_A-M63Hi8KtkzBKR-pfft4.png?width=320&amp;crop=smart&amp;format=pjpg&amp;auto=webp&amp;s=ef70d7c4805a3e39e86e11ff5ad956a3bab0d273"
  }
}
