{
  "id": "2022_05_16_en_reddit_reddit__r--memes--comments--uqr61j--dune_is_fricking_great",
  "url": "https://old.reddit.com/r/memes/comments/uqr61j/dune_is_fricking_great/",
  "date_published": "2022-05-16T19:34:22.000Z",
  "date_modified": "2022-05-16T19:34:22.000Z",
  "_original_published": "2022-05-16T08:34:57.000Z",
  "_original_language": "en",
  "_translations": {
    "en": {
      "title": "Dune is fricking great"
    },
    "ja": {
      "title": "デューンは糞素晴らしい"
    },
    "zh-Hans": {
      "title": "沙丘》是非常棒的"
    },
    "zh-Hant": {
      "title": "沙丘》是非常棒的"
    }
  },
  "tags": [
    "memes"
  ],
  "authors": [
    {
      "name": "NiceLapis",
      "url": "https://old.reddit.com/user/NiceLapis"
    }
  ],
  "_links": [
    {
      "url": "https://old.reddit.com/r/memes/comments/uqr61j/dune_is_fricking_great/",
      "name": "&uarr;75099 votes"
    }
  ],
  "image": "https://external-preview.redd.it/3G1kPwBEbzPP_CcpCaomB7UA-momldtxtnnS4Sr4abE.png?width=1080&amp;crop=smart&amp;format=pjpg&amp;auto=webp&amp;s=bf81cbf3c1f248a1e92099b8fda6a0618957ac8e",
  "_video": {
    "sources": [
      {
        "url": "https://v.redd.it/z4ymnkffusz81/DASH_720.mp4?source=fallback"
      }
    ],
    "width": 1008,
    "height": 720,
    "poster": "https://external-preview.redd.it/3G1kPwBEbzPP_CcpCaomB7UA-momldtxtnnS4Sr4abE.png?width=1080&amp;crop=smart&amp;format=pjpg&amp;auto=webp&amp;s=bf81cbf3c1f248a1e92099b8fda6a0618957ac8e"
  }
}
