{
  "meta": {
    "name": "Whatcouldgowrong"
  },
  "items": {
    "2021_01_07_en_reddit_reddit__r--Whatcouldgowrong--comments--ksgt5p--wcgw_having_a_giant_blood_sticker_on_the_car": {
      "id": "2021_01_07_en_reddit_reddit__r--Whatcouldgowrong--comments--ksgt5p--wcgw_having_a_giant_blood_sticker_on_the_car",
      "url": "https://old.reddit.com/r/Whatcouldgowrong/comments/ksgt5p/wcgw_having_a_giant_blood_sticker_on_the_car/",
      "date_published": "2021-01-08T14:24:41.000Z",
      "date_modified": "2021-01-08T14:24:41.000Z",
      "_original_published": "2021-01-07T16:31:33.000Z",
      "_original_language": "en",
      "_translations": {
        "en": {
          "title": "WCGW having a giant blood sticker on the car."
        },
        "zh-Hans": {
          "title": "[这有什么问题]车上有一张巨大的血贴。"
        },
        "zh-Hant": {
          "title": "[這有什麼問題]車上有一張巨大的血貼。"
        }
      },
      "tags": [
        "Whatcouldgowrong"
      ],
      "authors": [
        {
          "name": "Casementsj",
          "url": "https://old.reddit.com/user/Casementsj"
        }
      ],
      "_links": [
        {
          "url": "https://old.reddit.com/r/Whatcouldgowrong/comments/ksgt5p/wcgw_having_a_giant_blood_sticker_on_the_car/",
          "name": "&uarr;79448 votes"
        }
      ],
      "image": "https://external-preview.redd.it/pVX5GGpk9JDyR_73YmK1JLYP-nMmDH87I_vPjJmBMI8.jpg?width=960&crop=smart&auto=webp&s=7bbacac8612a000be1c1ebef8f85dc3f88bc83f6"
    }
  }
}
