{
  "items": {
    "2021_01_28_en_reddit_reddit__r--wallstreetbets--comments--l6wu59--upvote_so_everyone_sees_we_got_support": {
      "id": "2021_01_28_en_reddit_reddit__r--wallstreetbets--comments--l6wu59--upvote_so_everyone_sees_we_got_support",
      "url": "https://old.reddit.com/r/wallstreetbets/comments/l6wu59/upvote_so_everyone_sees_we_got_support/",
      "date_published": "2021-01-28T16:04:23.000Z",
      "date_modified": "2021-01-28T16:04:23.000Z",
      "_original_published": "2021-01-28T13:40:34.000Z",
      "_original_language": "en",
      "_translations": {
        "en": {
          "title": "UPVOTE so everyone sees we got SUPPORT"
        },
        "zh-Hans": {
          "title": "UPVOTE，让大家看到我们得到了支持。"
        },
        "zh-Hant": {
          "title": "UPVOTE，讓大家看到我們得到了支持。"
        }
      },
      "tags": [
        "wallstreetbets"
      ],
      "authors": [
        {
          "name": "vrweensy",
          "url": "https://old.reddit.com/user/vrweensy"
        }
      ],
      "_links": [
        {
          "url": "https://old.reddit.com/r/wallstreetbets/comments/l6wu59/upvote_so_everyone_sees_we_got_support/",
          "name": "&uarr;299914 votes"
        }
      ],
      "image": "https://preview.redd.it/sgoqy8nyt2e61.png?width=640&crop=smart&auto=webp&s=0c19cd7248329a9938e1eebae16b07ea2b0dbc6f"
    },
    "2021_01_28_en_reddit_reddit__r--wallstreetbets--comments--l78uct--gme_yolo_update_jan_28_2021": {
      "id": "2021_01_28_en_reddit_reddit__r--wallstreetbets--comments--l78uct--gme_yolo_update_jan_28_2021",
      "url": "https://old.reddit.com/r/wallstreetbets/comments/l78uct/gme_yolo_update_jan_28_2021/",
      "date_published": "2021-01-29T01:05:39.000Z",
      "date_modified": "2021-01-29T01:05:39.000Z",
      "_original_published": "2021-01-28T21:06:23.000Z",
      "_original_language": "en",
      "_translations": {
        "en": {
          "title": "GME YOLO update — Jan 28 2021"
        },
        "zh-Hans": {
          "title": "GME YOLO更新-2021年1月28日。"
        },
        "zh-Hant": {
          "title": "GME YOLO更新-2021年1月28日。"
        }
      },
      "tags": [
        "wallstreetbets"
      ],
      "authors": [
        {
          "name": "DeepFuckingValue",
          "url": "https://old.reddit.com/user/DeepFuckingValue"
        }
      ],
      "_links": [
        {
          "url": "https://old.reddit.com/r/wallstreetbets/comments/l78uct/gme_yolo_update_jan_28_2021/",
          "name": "&uarr;268261 votes"
        }
      ],
      "image": "https://preview.redd.it/opzucppb15e61.png?width=1080&crop=smart&auto=webp&s=0883880e3b34946fea1600c965dd07dad8512474"
    },
    "2021_01_29_en_reddit_reddit__r--wallstreetbets--comments--l846a1--gme_yolo_monthend_update_jan_2021": {
      "id": "2021_01_29_en_reddit_reddit__r--wallstreetbets--comments--l846a1--gme_yolo_monthend_update_jan_2021",
      "url": "https://old.reddit.com/r/wallstreetbets/comments/l846a1/gme_yolo_monthend_update_jan_2021/",
      "date_published": "2021-01-30T00:39:23.000Z",
      "date_modified": "2021-01-30T00:39:23.000Z",
      "_original_published": "2021-01-29T21:04:45.000Z",
      "_original_language": "en",
      "_translations": {
        "en": {
          "title": "GME YOLO month-end update — Jan 2021"
        },
        "zh-Hans": {
          "title": "GME YOLO月末更新 - 2021年1月"
        },
        "zh-Hant": {
          "title": "GME YOLO月末更新 - 2021年1月"
        }
      },
      "tags": [
        "wallstreetbets"
      ],
      "authors": [
        {
          "name": "DeepFuckingValue",
          "url": "https://old.reddit.com/user/DeepFuckingValue"
        }
      ],
      "_links": [
        {
          "url": "https://old.reddit.com/r/wallstreetbets/comments/l846a1/gme_yolo_monthend_update_jan_2021/",
          "name": "&uarr;242137 votes"
        }
      ],
      "image": "https://preview.redd.it/r557em3t5ce61.png?width=1080&crop=smart&auto=webp&s=9d576a0a0d1428da20750d3b52835c2e33fd26b3"
    },
    "2021_01_28_en_reddit_reddit__r--pics--comments--l77fdv--twelve_years_ago_the_world_was_bankrupted_and": {
      "id": "2021_01_28_en_reddit_reddit__r--pics--comments--l77fdv--twelve_years_ago_the_world_was_bankrupted_and",
      "url": "https://old.reddit.com/r/pics/comments/l77fdv/twelve_years_ago_the_world_was_bankrupted_and/",
      "date_published": "2021-01-29T02:44:20.000Z",
      "date_modified": "2021-01-29T02:44:20.000Z",
      "_original_published": "2021-01-28T20:14:41.000Z",
      "_original_language": "en",
      "_translations": {
        "en": {
          "title": "Twelve years ago, the world was bankrupted and Wall Street celebrated with champagne."
        },
        "zh-Hans": {
          "title": "12年前，世界破产，华尔街用香槟庆祝。"
        },
        "zh-Hant": {
          "title": "12年前，世界破產，華爾街用香檳慶祝。"
        }
      },
      "tags": [
        "pics"
      ],
      "authors": [
        {
          "name": "a-horse-has-no-name",
          "url": "https://old.reddit.com/user/a-horse-has-no-name"
        }
      ],
      "_links": [
        {
          "url": "https://old.reddit.com/r/pics/comments/l77fdv/twelve_years_ago_the_world_was_bankrupted_and/",
          "name": "&uarr;232648 votes"
        }
      ],
      "image": "https://preview.redd.it/f8w05ja8s4e61.png?width=320&crop=smart&auto=webp&s=a3a34908954b96405a01294d4d9dd8b124211cb8"
    },
    "2021_01_28_en_reddit_reddit__r--wallstreetbets--comments--l752de--you_get_what_you_fking_deserve_upvote": {
      "id": "2021_01_28_en_reddit_reddit__r--wallstreetbets--comments--l752de--you_get_what_you_fking_deserve_upvote",
      "url": "https://old.reddit.com/r/wallstreetbets/comments/l752de/you_get_what_you_fking_deserve_upvote/",
      "date_published": "2021-01-28T21:57:25.000Z",
      "date_modified": "2021-01-28T21:57:25.000Z",
      "_original_published": "2021-01-28T18:50:43.000Z",
      "_original_language": "en",
      "_translations": {
        "en": {
          "title": "You get what you f**king deserve! UPVOTE!"
        },
        "zh-Hans": {
          "title": "你会得到你应得的！UPVOTE！"
        },
        "zh-Hant": {
          "title": "你會得到你應得的！UPVOTE！"
        }
      },
      "tags": [
        "wallstreetbets"
      ],
      "authors": [
        {
          "name": "NewAgePhilosophr",
          "url": "https://old.reddit.com/user/NewAgePhilosophr"
        }
      ],
      "_links": [
        {
          "url": "https://old.reddit.com/r/wallstreetbets/comments/l752de/you_get_what_you_fking_deserve_upvote/",
          "name": "&uarr;231280 votes"
        }
      ],
      "image": "https://preview.redd.it/d37etjmcd4e61.jpg?width=640&crop=smart&auto=webp&s=82e255e06d6182fd3fc25d08e813f5899e420fc1"
    },
    "2021_01_28_en_reddit_reddit__r--wallstreetbets--comments--l6x130--class_action_against_robinhood_allowing_people_to": {
      "id": "2021_01_28_en_reddit_reddit__r--wallstreetbets--comments--l6x130--class_action_against_robinhood_allowing_people_to",
      "url": "https://old.reddit.com/r/wallstreetbets/comments/l6x130/class_action_against_robinhood_allowing_people_to/",
      "date_published": "2021-01-28T16:57:43.000Z",
      "date_modified": "2021-01-28T16:57:43.000Z",
      "_original_published": "2021-01-28T13:49:11.000Z",
      "_original_language": "en",
      "_translations": {
        "en": {
          "title": "CLASS ACTION AGAINST ROBINHOOD. Allowing people to only sell is the definition of market manipulation. A class action must be started, Robinhood has made plenty of money off selling info about our trades to the hedge funds to be able to pay out a little for causing people to loose money now"
        },
        "zh-Hans": {
          "title": "对ROBINHOOD的集体诉讼。允许人们只卖出是市场操纵的定义。一个集体诉讼必须开始，Robinhood已经赚了很多钱，出售我们的交易信息给对冲基金，能够支付一点造成人们损失的钱，现在。"
        },
        "zh-Hant": {
          "title": "對ROBINHOOD的集體訴訟。允許人們只賣出是市場操縱的定義。一個集體訴訟必須開始，Robinhood已經賺了很多錢，出售我們的交易信息給對沖基金，能夠支付一點造成人們損失的錢，現在。"
        }
      },
      "tags": [
        "wallstreetbets"
      ],
      "authors": [
        {
          "name": "does-it-mater",
          "url": "https://old.reddit.com/user/does-it-mater"
        }
      ],
      "_links": [
        {
          "url": "https://old.reddit.com/r/wallstreetbets/comments/l6x130/class_action_against_robinhood_allowing_people_to/",
          "name": "&uarr;216985 votes"
        }
      ]
    },
    "2021_01_29_en_reddit_reddit__r--wallstreetbets--comments--l881ia--its_treason_then": {
      "id": "2021_01_29_en_reddit_reddit__r--wallstreetbets--comments--l881ia--its_treason_then",
      "url": "https://old.reddit.com/r/wallstreetbets/comments/l881ia/its_treason_then/",
      "date_published": "2021-01-30T04:02:01.000Z",
      "date_modified": "2021-01-30T04:02:01.000Z",
      "_original_published": "2021-01-29T23:40:59.000Z",
      "_original_language": "en",
      "_translations": {
        "en": {
          "title": "It’s treason then"
        },
        "zh-Hans": {
          "title": "那就是叛国"
        },
        "zh-Hant": {
          "title": "那就是叛國"
        }
      },
      "tags": [
        "wallstreetbets"
      ],
      "authors": [
        {
          "name": "keenfeed",
          "url": "https://old.reddit.com/user/keenfeed"
        }
      ],
      "_links": [
        {
          "url": "https://old.reddit.com/r/wallstreetbets/comments/l881ia/its_treason_then/",
          "name": "&uarr;213066 votes"
        }
      ],
      "image": "https://preview.redd.it/d3t66lv1yce61.jpg?width=320&crop=smart&auto=webp&s=6fa23e1fc3ec168fa8facabded75d934ce141a73"
    },
    "2021_01_29_en_reddit_reddit__r--memes--comments--l7qap4--this_is_my_jam": {
      "id": "2021_01_29_en_reddit_reddit__r--memes--comments--l7qap4--this_is_my_jam",
      "url": "https://old.reddit.com/r/memes/comments/l7qap4/this_is_my_jam/",
      "date_published": "2021-01-29T18:56:41.000Z",
      "date_modified": "2021-01-29T18:56:41.000Z",
      "_original_published": "2021-01-29T11:27:34.000Z",
      "_original_language": "en",
      "_translations": {
        "en": {
          "title": "This is my jam"
        },
        "zh-Hans": {
          "title": "这是我的果酱"
        },
        "zh-Hant": {
          "title": "這是我的果醬"
        }
      },
      "tags": [
        "memes"
      ],
      "authors": [
        {
          "name": "achilles-_-23",
          "url": "https://old.reddit.com/user/achilles-_-23"
        }
      ],
      "_links": [
        {
          "url": "https://old.reddit.com/r/memes/comments/l7qap4/this_is_my_jam/",
          "name": "&uarr;205328 votes"
        }
      ],
      "image": "https://preview.redd.it/ycrjw204b9e61.gif?width=320&crop=smart&format=png8&s=e1efeea7224474654932af6e41ef85a2accf5960",
      "_video": {
        "sources": [
          {
            "url": "https://preview.redd.it/ycrjw204b9e61.gif?format=mp4&s=a317b8e5c321196b2586a9c3b8b907ed464f6057"
          }
        ],
        "width": 510,
        "height": 510,
        "poster": "https://preview.redd.it/ycrjw204b9e61.gif?width=320&crop=smart&format=png8&s=e1efeea7224474654932af6e41ef85a2accf5960"
      }
    },
    "2021_01_29_en_reddit_reddit__r--wallstreetbets--comments--l7feld--its_power_to_the_traders_now": {
      "id": "2021_01_29_en_reddit_reddit__r--wallstreetbets--comments--l7feld--its_power_to_the_traders_now",
      "url": "https://old.reddit.com/r/wallstreetbets/comments/l7feld/its_power_to_the_traders_now/",
      "date_published": "2021-01-29T07:29:21.000Z",
      "date_modified": "2021-01-29T07:29:21.000Z",
      "_original_published": "2021-01-29T01:35:58.000Z",
      "_original_language": "en",
      "_translations": {
        "en": {
          "title": "IT'S POWER TO THE TRADERS NOW"
        },
        "zh-Hans": {
          "title": "现在是交易商的权力"
        },
        "zh-Hant": {
          "title": "現在是交易商的權力"
        }
      },
      "tags": [
        "wallstreetbets"
      ],
      "authors": [
        {
          "name": "84935",
          "url": "https://old.reddit.com/user/84935"
        }
      ],
      "_links": [
        {
          "url": "https://old.reddit.com/r/wallstreetbets/comments/l7feld/its_power_to_the_traders_now/",
          "name": "&uarr;204308 votes"
        }
      ],
      "image": "https://external-preview.redd.it/Oon8oCks6vTnMX60U_TXFkAJtmwvtQ7nDR_GElQYna8.png?width=1080&crop=smart&format=pjpg&auto=webp&s=8fde607b52582604119666a7adde9f5d4551613f",
      "_video": {
        "sources": [
          {
            "url": "https://v.redd.it/lu8aekujd6e61/DASH_720.mp4?source=fallback"
          }
        ],
        "width": 1280,
        "height": 720,
        "poster": "https://external-preview.redd.it/Oon8oCks6vTnMX60U_TXFkAJtmwvtQ7nDR_GElQYna8.png?width=1080&crop=smart&format=pjpg&auto=webp&s=8fde607b52582604119666a7adde9f5d4551613f"
      }
    },
    "2021_02_01_en_reddit_reddit__r--wallstreetbets--comments--lae6j0--gme_yolo_update_feb_1_2021": {
      "id": "2021_02_01_en_reddit_reddit__r--wallstreetbets--comments--lae6j0--gme_yolo_update_feb_1_2021",
      "url": "https://old.reddit.com/r/wallstreetbets/comments/lae6j0/gme_yolo_update_feb_1_2021/",
      "date_published": "2021-02-01T23:46:29.000Z",
      "date_modified": "2021-02-01T23:46:29.000Z",
      "_original_published": "2021-02-01T21:07:36.000Z",
      "_original_language": "en",
      "_translations": {
        "en": {
          "title": "GME YOLO update — Feb 1 2021"
        },
        "zh-Hans": {
          "title": "GME YOLO更新-2021年2月1日"
        },
        "zh-Hant": {
          "title": "GME YOLO更新-2021年2月1日"
        }
      },
      "tags": [
        "wallstreetbets"
      ],
      "authors": [
        {
          "name": "DeepFuckingValue",
          "url": "https://old.reddit.com/user/DeepFuckingValue"
        }
      ],
      "_links": [
        {
          "url": "https://old.reddit.com/r/wallstreetbets/comments/lae6j0/gme_yolo_update_feb_1_2021/",
          "name": "&uarr;203095 votes"
        }
      ],
      "image": "https://preview.redd.it/og8ca1xskxe61.png?width=1080&crop=smart&auto=webp&s=c8a0469b25435ccec2d46b94b5f23de7ad733637"
    },
    "2021_01_29_en_reddit_reddit__r--memes--comments--l7hah3--what_a_shame": {
      "id": "2021_01_29_en_reddit_reddit__r--memes--comments--l7hah3--what_a_shame",
      "url": "https://old.reddit.com/r/memes/comments/l7hah3/what_a_shame/",
      "date_published": "2021-01-29T11:55:44.000Z",
      "date_modified": "2021-01-29T11:55:44.000Z",
      "_original_published": "2021-01-29T03:02:07.000Z",
      "_original_language": "en",
      "_translations": {
        "en": {
          "title": "What a shame"
        },
        "zh-Hans": {
          "title": "真可惜"
        },
        "zh-Hant": {
          "title": "真可惜"
        }
      },
      "tags": [
        "memes"
      ],
      "authors": [
        {
          "name": "justlooking033",
          "url": "https://old.reddit.com/user/justlooking033"
        }
      ],
      "_links": [
        {
          "url": "https://old.reddit.com/r/memes/comments/l7hah3/what_a_shame/",
          "name": "&uarr;194931 votes"
        }
      ],
      "image": "https://preview.redd.it/hnwx02w0t6e61.jpg?width=640&crop=smart&auto=webp&s=bd9b1b033f02e2f876eaac31196ad039b824da23"
    },
    "2021_01_28_en_reddit_reddit__r--AskReddit--comments--l7530r--how_would_you_feel_about_reddit_adding_3_nsfw": {
      "id": "2021_01_28_en_reddit_reddit__r--AskReddit--comments--l7530r--how_would_you_feel_about_reddit_adding_3_nsfw",
      "url": "https://old.reddit.com/r/AskReddit/comments/l7530r/how_would_you_feel_about_reddit_adding_3_nsfw/",
      "date_published": "2021-01-29T01:05:39.000Z",
      "date_modified": "2021-01-29T01:05:39.000Z",
      "_original_published": "2021-01-28T18:51:22.000Z",
      "_original_language": "en",
      "_translations": {
        "en": {
          "title": "How would you feel about Reddit adding 3 NSFW filters to distinguish between porn, gore, and repetitive posts asking how you would feel about Reddit adding 2 NSFW filters to distinguish between porn and gore?"
        },
        "zh-Hans": {
          "title": "你会如何看待Reddit增加3个NSFW过滤器来区分色情、血腥和重复的帖子问你会如何看待Reddit增加2个NSFW过滤器来区分色情和血腥？"
        },
        "zh-Hant": {
          "title": "你會如何看待Reddit增加3個NSFW過濾器來區分色情、血腥和重複的帖子問你會如何看待Reddit增加2個NSFW過濾器來區分色情和血腥？"
        }
      },
      "tags": [
        "AskReddit"
      ],
      "authors": [
        {
          "name": "SoupIsAHotSmoothie",
          "url": "https://old.reddit.com/user/SoupIsAHotSmoothie"
        }
      ],
      "_links": [
        {
          "url": "https://old.reddit.com/r/AskReddit/comments/l7530r/how_would_you_feel_about_reddit_adding_3_nsfw/",
          "name": "&uarr;188502 votes"
        }
      ]
    },
    "2021_01_30_en_reddit_reddit__r--wallstreetbets--comments--l890i7--thats_what_i_thought": {
      "id": "2021_01_30_en_reddit_reddit__r--wallstreetbets--comments--l890i7--thats_what_i_thought",
      "url": "https://old.reddit.com/r/wallstreetbets/comments/l890i7/thats_what_i_thought/",
      "date_published": "2021-01-30T05:31:15.000Z",
      "date_modified": "2021-01-30T05:31:15.000Z",
      "_original_published": "2021-01-30T00:24:35.000Z",
      "_original_language": "en",
      "_translations": {
        "en": {
          "title": "That’s what I thought"
        },
        "zh-Hans": {
          "title": "这就是我的想法"
        },
        "zh-Hant": {
          "title": "這就是我的想法"
        }
      },
      "tags": [
        "wallstreetbets"
      ],
      "authors": [
        {
          "name": "keenfeed",
          "url": "https://old.reddit.com/user/keenfeed"
        }
      ],
      "_links": [
        {
          "url": "https://old.reddit.com/r/wallstreetbets/comments/l890i7/thats_what_i_thought/",
          "name": "&uarr;187563 votes"
        }
      ],
      "image": "https://preview.redd.it/f2yhugwt5de61.jpg?width=960&crop=smart&auto=webp&s=8bc479112802088a9a65bc9c3d5d734914286367"
    },
    "2021_02_01_en_reddit_reddit__r--PublicFreakout--comments--laa59v--this_woman_from_myanmar_was_recording_her": {
      "id": "2021_02_01_en_reddit_reddit__r--PublicFreakout--comments--laa59v--this_woman_from_myanmar_was_recording_her",
      "url": "https://old.reddit.com/r/PublicFreakout/comments/laa59v/this_woman_from_myanmar_was_recording_her/",
      "date_published": "2021-02-02T01:08:30.000Z",
      "date_modified": "2021-02-02T01:08:30.000Z",
      "_original_published": "2021-02-01T18:26:11.000Z",
      "_original_language": "en",
      "_translations": {
        "en": {
          "title": "This woman from Myanmar was recording her aerobics class. Unbeknownst to her, she records the military Junta arriving to the parliament for a coup d'etat in the background"
        },
        "zh-Hans": {
          "title": "这位来自缅甸的女士正在录制她的健美操课。不知不觉中，她录下了军政府到议会进行政变的背景。"
        },
        "zh-Hant": {
          "title": "這位來自緬甸的女士正在錄製她的健美操課。不知不覺中，她錄下了軍政府到議會進行政變的背景。"
        }
      },
      "tags": [
        "PublicFreakout"
      ],
      "authors": [
        {
          "name": "juanTressel",
          "url": "https://old.reddit.com/user/juanTressel"
        }
      ],
      "_links": [
        {
          "url": "https://old.reddit.com/r/PublicFreakout/comments/laa59v/this_woman_from_myanmar_was_recording_her/",
          "name": "&uarr;183866 votes"
        }
      ],
      "image": "https://external-preview.redd.it/YPP62Y2kpwlpPp4jVpcASx8ASdFrhWEBURmYGq-yzw8.png?width=1080&crop=smart&format=pjpg&auto=webp&s=e4131268345acaadc28494720d66c0698acb963a",
      "_video": {
        "sources": [
          {
            "url": "https://v.redd.it/hg8bi1kcswe61/DASH_720.mp4?source=fallback"
          }
        ],
        "width": 1280,
        "height": 720,
        "poster": "https://external-preview.redd.it/YPP62Y2kpwlpPp4jVpcASx8ASdFrhWEBURmYGq-yzw8.png?width=1080&crop=smart&format=pjpg&auto=webp&s=e4131268345acaadc28494720d66c0698acb963a"
      }
    },
    "2021_01_31_en_reddit_reddit__r--wallstreetbets--comments--l90oq6--i_am_proud_to_do_my_part_in_paying_forward_our": {
      "id": "2021_01_31_en_reddit_reddit__r--wallstreetbets--comments--l90oq6--i_am_proud_to_do_my_part_in_paying_forward_our",
      "url": "https://old.reddit.com/r/wallstreetbets/comments/l90oq6/i_am_proud_to_do_my_part_in_paying_forward_our/",
      "date_published": "2021-01-31T04:35:52.000Z",
      "date_modified": "2021-01-31T04:35:52.000Z",
      "_original_published": "2021-01-31T01:04:23.000Z",
      "_original_language": "en",
      "_translations": {
        "en": {
          "title": "I am proud to do my part in paying forward our good fortune with a donation of 6 Nintendo Switches and games to go with them to the Children’s Minnesota Hospital. Cant Stop. Won’t Stop. GameStop. (Still long 50 shares I WILL NOT SELL)"
        },
        "zh-Hans": {
          "title": "我很自豪能够尽我的一份力量，将我们的好运与6个任天堂开关和游戏一起捐赠给明尼苏达州儿童医院。不能停止。不会停止。GameStop。(仍然长50股，我不会卖)"
        },
        "zh-Hant": {
          "title": "我很自豪能夠盡我的一份力量，將我們的好運與6個任天堂開關和遊戲一起捐贈給明尼蘇達州兒童醫院。不能停止。不會停止。GameStop。(仍然長50股，我不會賣)"
        }
      },
      "tags": [
        "wallstreetbets"
      ],
      "authors": [
        {
          "name": "Lunar033",
          "url": "https://old.reddit.com/user/Lunar033"
        }
      ],
      "_links": [
        {
          "url": "https://old.reddit.com/r/wallstreetbets/comments/l90oq6/i_am_proud_to_do_my_part_in_paying_forward_our/",
          "name": "&uarr;182248 votes"
        }
      ],
      "image": "https://preview.redd.it/sgrbt9vthke61.jpg?width=1080&crop=smart&auto=webp&s=622a80ae9a9cbc24773beedfd87420bef2f381e3"
    },
    "2021_01_28_en_reddit_reddit__r--wallstreetbets--comments--l79x17--it_runs_very_deep_my_friends": {
      "id": "2021_01_28_en_reddit_reddit__r--wallstreetbets--comments--l79x17--it_runs_very_deep_my_friends",
      "url": "https://old.reddit.com/r/wallstreetbets/comments/l79x17/it_runs_very_deep_my_friends/",
      "date_published": "2021-01-29T02:44:20.000Z",
      "date_modified": "2021-01-29T02:44:20.000Z",
      "_original_published": "2021-01-28T21:47:55.000Z",
      "_original_language": "en",
      "_translations": {
        "en": {
          "title": "It runs very deep, my friends."
        },
        "zh-Hans": {
          "title": "我的朋友们，这个问题很深。"
        },
        "zh-Hant": {
          "title": "我的朋友們，這個問題很深。"
        }
      },
      "tags": [
        "wallstreetbets"
      ],
      "authors": [
        {
          "name": "game_stone",
          "url": "https://old.reddit.com/user/game_stone"
        }
      ],
      "_links": [
        {
          "url": "https://old.reddit.com/r/wallstreetbets/comments/l79x17/it_runs_very_deep_my_friends/",
          "name": "&uarr;181660 votes"
        }
      ],
      "image": "https://preview.redd.it/b8zy92sy85e61.jpg?width=1080&crop=smart&auto=webp&s=420a0479defb43b0aba84c65009929dd85676ca5"
    },
    "2021_01_28_en_reddit_reddit__r--wallstreetbets--comments--l74tr1--crazy_mannnnnnn_we_cant_let_this_slide_at_all": {
      "id": "2021_01_28_en_reddit_reddit__r--wallstreetbets--comments--l74tr1--crazy_mannnnnnn_we_cant_let_this_slide_at_all",
      "url": "https://old.reddit.com/r/wallstreetbets/comments/l74tr1/crazy_mannnnnnn_we_cant_let_this_slide_at_all/",
      "date_published": "2021-01-28T21:57:25.000Z",
      "date_modified": "2021-01-28T21:57:25.000Z",
      "_original_published": "2021-01-28T18:42:01.000Z",
      "_original_language": "en",
      "_translations": {
        "en": {
          "title": "Crazy mannnnnnn. We can't let this slide at all"
        },
        "zh-Hans": {
          "title": "疯狂的人nnnnnn。我们不能让这个滑落在所有"
        },
        "zh-Hant": {
          "title": "瘋狂的人nnnnnn。我們不能讓這個滑落在所有"
        }
      },
      "tags": [
        "wallstreetbets"
      ],
      "authors": [
        {
          "name": "BootySenpai",
          "url": "https://old.reddit.com/user/BootySenpai"
        }
      ],
      "_links": [
        {
          "url": "https://old.reddit.com/r/wallstreetbets/comments/l74tr1/crazy_mannnnnnn_we_cant_let_this_slide_at_all/",
          "name": "&uarr;178551 votes"
        }
      ],
      "image": "https://preview.redd.it/8bels7zob4e61.jpg?width=320&crop=smart&auto=webp&s=d9219af338092985df891fa716ccc1ab27a15605"
    },
    "2021_01_31_en_reddit_reddit__r--wallstreetbets--comments--l9kn3z--drew_this_for_you_my_fellow_retards": {
      "id": "2021_01_31_en_reddit_reddit__r--wallstreetbets--comments--l9kn3z--drew_this_for_you_my_fellow_retards",
      "url": "https://old.reddit.com/r/wallstreetbets/comments/l9kn3z/drew_this_for_you_my_fellow_retards/",
      "date_published": "2021-01-31T23:42:02.000Z",
      "date_modified": "2021-01-31T23:42:02.000Z",
      "_original_published": "2021-01-31T20:04:58.000Z",
      "_original_language": "en",
      "_translations": {
        "en": {
          "title": "Drew this for you my fellow retards 💎🙌🏼"
        },
        "zh-Hans": {
          "title": "为你画了这个，我的弱智朋友们💎🙌🏼。"
        },
        "zh-Hant": {
          "title": "爲你畫了這個，我的弱智朋友們💎🙌🏼。"
        }
      },
      "tags": [
        "wallstreetbets"
      ],
      "authors": [
        {
          "name": "spargeletto",
          "url": "https://old.reddit.com/user/spargeletto"
        }
      ],
      "_links": [
        {
          "url": "https://old.reddit.com/r/wallstreetbets/comments/l9kn3z/drew_this_for_you_my_fellow_retards/",
          "name": "&uarr;177614 votes"
        }
      ],
      "image": "https://preview.redd.it/h7sap8vb5qe61.jpg?width=1080&crop=smart&auto=webp&s=e0a311cbf4fec0373d7e57853462be589477462c"
    },
    "2021_02_02_en_reddit_reddit__r--wallstreetbets--comments--lazmky--mark_cuban_spent_nearly_2_hours_answering": {
      "id": "2021_02_02_en_reddit_reddit__r--wallstreetbets--comments--lazmky--mark_cuban_spent_nearly_2_hours_answering",
      "url": "https://old.reddit.com/r/wallstreetbets/comments/lazmky/mark_cuban_spent_nearly_2_hours_answering/",
      "date_published": "2021-02-02T19:47:40.000Z",
      "date_modified": "2021-02-02T19:47:40.000Z",
      "_original_published": "2021-02-02T16:25:43.000Z",
      "_original_language": "en",
      "_translations": {
        "en": {
          "title": "Mark Cuban spent nearly 2 hours answering questions in his AMA. And then immediately called into CNBC to defend WSB!"
        },
        "zh-Hans": {
          "title": "马克-库班在他的AMA中花了近2个小时回答问题。然后马上被叫进CNBC为WSB辩护!"
        },
        "zh-Hant": {
          "title": "馬克-庫班在他的AMA中花了近2個小時回答問題。然後馬上被叫進CNBC爲WSB辯護!"
        }
      },
      "tags": [
        "wallstreetbets"
      ],
      "authors": [
        {
          "name": "nekenemkj",
          "url": "https://old.reddit.com/user/nekenemkj"
        }
      ],
      "_links": [
        {
          "url": "https://old.reddit.com/r/wallstreetbets/comments/lazmky/mark_cuban_spent_nearly_2_hours_answering/",
          "name": "&uarr;175771 votes"
        }
      ],
      "image": "https://preview.redd.it/5gwwn8rxb3f61.jpg?width=1080&crop=smart&auto=webp&s=8f9e14da1e0b05ff33813ca394d212e7a89d6218"
    },
    "2021_01_28_en_reddit_reddit__r--memes--comments--l6qbnp--wanna_hear_another_joke": {
      "id": "2021_01_28_en_reddit_reddit__r--memes--comments--l6qbnp--wanna_hear_another_joke",
      "url": "https://old.reddit.com/r/memes/comments/l6qbnp/wanna_hear_another_joke/",
      "date_published": "2021-01-28T14:52:04.000Z",
      "date_modified": "2021-01-28T14:52:04.000Z",
      "_original_published": "2021-01-28T06:49:21.000Z",
      "_original_language": "en",
      "_translations": {
        "en": {
          "title": "Wanna hear another joke"
        },
        "zh-Hans": {
          "title": "想听另一个笑话吗？"
        },
        "zh-Hant": {
          "title": "想聽另一個笑話嗎？"
        }
      },
      "tags": [
        "memes"
      ],
      "authors": [
        {
          "name": "GaydolfHipster",
          "url": "https://old.reddit.com/user/GaydolfHipster"
        }
      ],
      "_links": [
        {
          "url": "https://old.reddit.com/r/memes/comments/l6qbnp/wanna_hear_another_joke/",
          "name": "&uarr;174929 votes"
        }
      ],
      "image": "https://preview.redd.it/00zo3ians0e61.jpg?width=1080&crop=smart&auto=webp&s=891fa568c0dc65a3bb1b16d7199c865322d81776"
    }
  }
}
