{
  "items": {
    "2021_05_17_en_reddit_reddit__r--pics--comments--nestx2--a_heart_shattering_photo_of_a_palestinian_father": {
      "id": "2021_05_17_en_reddit_reddit__r--pics--comments--nestx2--a_heart_shattering_photo_of_a_palestinian_father",
      "url": "https://old.reddit.com/r/pics/comments/nestx2/a_heart_shattering_photo_of_a_palestinian_father/",
      "date_published": "2021-05-18T03:46:26.000Z",
      "date_modified": "2021-05-18T03:46:26.000Z",
      "_original_published": "2021-05-17T21:44:38.000Z",
      "_original_language": "en",
      "_translations": {
        "en": {
          "title": "A heart shattering photo of a Palestinian father crying while holding the dead body of his daughter"
        },
        "ja": {
          "title": "パレスチナ人の父親が娘の遺体を抱いて泣いている写真が心を揺さぶります。"
        },
        "zh-Hans": {
          "title": "一张令人心碎的照片，一位巴勒斯坦父亲抱着他女儿的尸体痛哭。"
        },
        "zh-Hant": {
          "title": "一張令人心碎的照片，一位巴勒斯坦父親抱着他女兒的屍體痛哭。"
        }
      },
      "tags": [
        "pics"
      ],
      "authors": [
        {
          "name": "IProposeThis",
          "url": "https://old.reddit.com/user/IProposeThis"
        }
      ],
      "_links": [
        {
          "url": "https://old.reddit.com/r/pics/comments/nestx2/a_heart_shattering_photo_of_a_palestinian_father/",
          "name": "&uarr;149791 votes"
        }
      ],
      "image": "https://preview.redd.it/ie9xu6eq3rz61.jpg?width=1080&crop=smart&auto=webp&s=3f8efc5b81b0da043578ba429d414a600bd83c41"
    },
    "2021_05_14_en_reddit_reddit__r--interestingasfuck--comments--nc8pxp--my_20_bill_with_a_serial_number_1": {
      "id": "2021_05_14_en_reddit_reddit__r--interestingasfuck--comments--nc8pxp--my_20_bill_with_a_serial_number_1",
      "url": "https://old.reddit.com/r/interestingasfuck/comments/nc8pxp/my_20_bill_with_a_serial_number_1/",
      "date_published": "2021-05-14T18:15:44.000Z",
      "date_modified": "2021-05-14T18:15:44.000Z",
      "_original_published": "2021-05-14T13:33:30.000Z",
      "_original_language": "en",
      "_translations": {
        "en": {
          "title": "My $20 bill with a serial number 1"
        },
        "ja": {
          "title": "シリアルナンバー1の私の20ドル札"
        },
        "zh-Hans": {
          "title": "我的20美元钞票上有一个序号1"
        },
        "zh-Hant": {
          "title": "我的20美元鈔票上有一個序號1"
        }
      },
      "tags": [
        "interestingasfuck"
      ],
      "authors": [
        {
          "name": "urshook1",
          "url": "https://old.reddit.com/user/urshook1"
        }
      ],
      "_links": [
        {
          "url": "https://old.reddit.com/r/interestingasfuck/comments/nc8pxp/my_20_bill_with_a_serial_number_1/",
          "name": "&uarr;146784 votes"
        }
      ],
      "image": "https://preview.redd.it/1ymtn2yb93z61.jpg?width=1080&crop=smart&auto=webp&s=e95c1fc2a7cefcd171c5837dd5e37018a4c842fe"
    },
    "2021_05_20_en_reddit_reddit__r--MurderedByWords--comments--ngzs27--oh_no_anything_but_that": {
      "id": "2021_05_20_en_reddit_reddit__r--MurderedByWords--comments--ngzs27--oh_no_anything_but_that",
      "url": "https://old.reddit.com/r/MurderedByWords/comments/ngzs27/oh_no_anything_but_that/",
      "date_published": "2021-05-20T18:51:26.000Z",
      "date_modified": "2021-05-20T18:51:26.000Z",
      "_original_published": "2021-05-20T13:09:08.000Z",
      "_original_language": "en",
      "_translations": {
        "en": {
          "title": "Oh, no! Anything but that!"
        },
        "ja": {
          "title": "そんなことはありません。それ以外なら何でもいいよ"
        },
        "zh-Hans": {
          "title": "哦，不! 除了这个以外，什么都可以！"
        },
        "zh-Hant": {
          "title": "哦，不! 除了這個以外，什麼都可以！"
        }
      },
      "tags": [
        "MurderedByWords"
      ],
      "authors": [
        {
          "name": "beerbellybegone",
          "url": "https://old.reddit.com/user/beerbellybegone"
        }
      ],
      "_links": [
        {
          "url": "https://old.reddit.com/r/MurderedByWords/comments/ngzs27/oh_no_anything_but_that/",
          "name": "&uarr;149277 votes"
        }
      ],
      "image": "https://preview.redd.it/ye6vp9hgy9071.png?width=320&crop=smart&auto=webp&s=7b43e172bdc8b9576283724f763ae28bfde765aa"
    },
    "2021_05_18_en_reddit_reddit__r--memes--comments--nfbfc9--you_gotta_believe_me": {
      "id": "2021_05_18_en_reddit_reddit__r--memes--comments--nfbfc9--you_gotta_believe_me",
      "url": "https://old.reddit.com/r/memes/comments/nfbfc9/you_gotta_believe_me/",
      "date_published": "2021-05-18T19:26:18.000Z",
      "date_modified": "2021-05-18T19:26:18.000Z",
      "_original_published": "2021-05-18T13:59:30.000Z",
      "_original_language": "en",
      "_translations": {
        "en": {
          "title": "you gotta believe me"
        },
        "ja": {
          "title": "あなたは私を信じなければならない"
        },
        "zh-Hans": {
          "title": "你要相信我"
        },
        "zh-Hant": {
          "title": "你要相信我"
        }
      },
      "tags": [
        "memes"
      ],
      "authors": [
        {
          "name": "butthurt_cream",
          "url": "https://old.reddit.com/user/butthurt_cream"
        }
      ],
      "_links": [
        {
          "url": "https://old.reddit.com/r/memes/comments/nfbfc9/you_gotta_believe_me/",
          "name": "&uarr;139915 votes"
        }
      ],
      "image": "https://external-preview.redd.it/nJB_9eqJlNx-VM1_UnkMnS2lZ9bRA1QbOUKNT8g5KL4.png?width=320&crop=smart&format=pjpg&auto=webp&s=d2f090a493435c0d3f7c9a9f3abae25e922f66f8",
      "_video": {
        "sources": [
          {
            "url": "https://v.redd.it/mp2km1ijxvz61/DASH_480.mp4?source=fallback"
          }
        ],
        "width": 364,
        "height": 480,
        "poster": "https://external-preview.redd.it/nJB_9eqJlNx-VM1_UnkMnS2lZ9bRA1QbOUKNT8g5KL4.png?width=320&crop=smart&format=pjpg&auto=webp&s=d2f090a493435c0d3f7c9a9f3abae25e922f66f8"
      }
    },
    "2021_05_20_en_reddit_reddit__r--memes--comments--ngz69l--multitasking_ftw": {
      "id": "2021_05_20_en_reddit_reddit__r--memes--comments--ngz69l--multitasking_ftw",
      "url": "https://old.reddit.com/r/memes/comments/ngz69l/multitasking_ftw/",
      "date_published": "2021-05-20T18:05:09.000Z",
      "date_modified": "2021-05-20T18:05:09.000Z",
      "_original_published": "2021-05-20T12:42:17.000Z",
      "_original_language": "en",
      "_translations": {
        "en": {
          "title": "Multitasking ftw."
        },
        "ja": {
          "title": "マルチタスクは最高です。"
        },
        "zh-Hans": {
          "title": "多任务处理ftw。"
        },
        "zh-Hant": {
          "title": "多任務處理ftw。"
        }
      },
      "tags": [
        "memes"
      ],
      "authors": [
        {
          "name": "Tyja136",
          "url": "https://old.reddit.com/user/Tyja136"
        }
      ],
      "_links": [
        {
          "url": "https://old.reddit.com/r/memes/comments/ngz69l/multitasking_ftw/",
          "name": "&uarr;140334 votes"
        }
      ],
      "image": "https://preview.redd.it/u3e2pwbpt9071.jpg?width=960&crop=smart&auto=webp&s=71f4b0a597df8e3ad0dbff32a7489072b6b9ece2"
    },
    "2021_05_16_en_reddit_reddit__r--dankmemes--comments--ndp9rj--finally_some_has_solved_the_problem": {
      "id": "2021_05_16_en_reddit_reddit__r--dankmemes--comments--ndp9rj--finally_some_has_solved_the_problem",
      "url": "https://old.reddit.com/r/dankmemes/comments/ndp9rj/finally_some_has_solved_the_problem/",
      "date_published": "2021-05-16T19:28:49.000Z",
      "date_modified": "2021-05-16T19:28:49.000Z",
      "_original_published": "2021-05-16T14:17:27.000Z",
      "_original_language": "en",
      "_translations": {
        "en": {
          "title": "Finally some has solved the problem"
        },
        "ja": {
          "title": "ようやく問題が解決しました"
        },
        "zh-Hans": {
          "title": "终于有人解决了这个问题"
        },
        "zh-Hant": {
          "title": "終於有人解決了這個問題"
        }
      },
      "tags": [
        "dankmemes"
      ],
      "authors": [
        {
          "name": "eren123danyel",
          "url": "https://old.reddit.com/user/eren123danyel"
        }
      ],
      "_links": [
        {
          "url": "https://old.reddit.com/r/dankmemes/comments/ndp9rj/finally_some_has_solved_the_problem/",
          "name": "&uarr;136812 votes"
        }
      ],
      "image": "https://preview.redd.it/6zgakni0rhz61.gif?width=320&crop=smart&format=png8&s=68267edf6059c421e866207449d489e6ef105f36",
      "_video": {
        "sources": [
          {
            "url": "https://preview.redd.it/6zgakni0rhz61.gif?format=mp4&s=319f306fdcc2356239a21220c4c83f72d417953e"
          }
        ],
        "width": 528,
        "height": 422,
        "poster": "https://preview.redd.it/6zgakni0rhz61.gif?width=320&crop=smart&format=png8&s=68267edf6059c421e866207449d489e6ef105f36"
      }
    },
    "2021_05_14_en_reddit_reddit__r--memes--comments--nc8zc0--i_actually_wanted_to_see_a_scene_similar_to_this": {
      "id": "2021_05_14_en_reddit_reddit__r--memes--comments--nc8zc0--i_actually_wanted_to_see_a_scene_similar_to_this",
      "url": "https://old.reddit.com/r/memes/comments/nc8zc0/i_actually_wanted_to_see_a_scene_similar_to_this/",
      "date_published": "2021-05-14T19:30:15.000Z",
      "date_modified": "2021-05-14T19:30:15.000Z",
      "_original_published": "2021-05-14T13:46:01.000Z",
      "_original_language": "en",
      "_translations": {
        "en": {
          "title": "I actually wanted to see a scene similar to this in the movie, so I made a meme to visualize it:"
        },
        "ja": {
          "title": "実はこれに似たシーンを映画で見たかったので、それをイメージしてミームを作ってみました。"
        },
        "zh-Hans": {
          "title": "实际上，我想在电影中看到与此类似的场景，所以我做了一个备忘录，将其可视化。"
        },
        "zh-Hant": {
          "title": "實際上，我想在電影中看到與此類似的場景，所以我做了一個備忘錄，將其可視化。"
        }
      },
      "tags": [
        "memes"
      ],
      "authors": [
        {
          "name": "PillarofDeception",
          "url": "https://old.reddit.com/user/PillarofDeception"
        }
      ],
      "_links": [
        {
          "url": "https://old.reddit.com/r/memes/comments/nc8zc0/i_actually_wanted_to_see_a_scene_similar_to_this/",
          "name": "&uarr;129922 votes"
        }
      ],
      "image": "https://preview.redd.it/izkhkp9lb3z61.jpg?width=1080&crop=smart&auto=webp&s=ffd50fb27a732968b04491e8ccab48b278403bc0"
    },
    "2021_05_18_en_reddit_reddit__r--memes--comments--nf7a71--i_wonder_why_bing_is_like_that": {
      "id": "2021_05_18_en_reddit_reddit__r--memes--comments--nf7a71--i_wonder_why_bing_is_like_that",
      "url": "https://old.reddit.com/r/memes/comments/nf7a71/i_wonder_why_bing_is_like_that/",
      "date_published": "2021-05-18T15:25:44.000Z",
      "date_modified": "2021-05-18T15:25:44.000Z",
      "_original_published": "2021-05-18T10:36:10.000Z",
      "_original_language": "en",
      "_translations": {
        "en": {
          "title": "I wonder why Bing is like that"
        },
        "ja": {
          "title": "なぜBingはそうなのか？"
        },
        "zh-Hans": {
          "title": "我想知道为什么Bing是这样的"
        },
        "zh-Hant": {
          "title": "我想知道爲什麼Bing是這樣的"
        }
      },
      "tags": [
        "memes"
      ],
      "authors": [
        {
          "name": "De-Blocc",
          "url": "https://old.reddit.com/user/De-Blocc"
        }
      ],
      "_links": [
        {
          "url": "https://old.reddit.com/r/memes/comments/nf7a71/i_wonder_why_bing_is_like_that/",
          "name": "&uarr;129528 votes"
        }
      ],
      "image": "https://external-preview.redd.it/PDeUwivTgJnXThT9xcmN8SpFVlnA5bPF84bHfxwsudU.png?width=1080&crop=smart&format=pjpg&auto=webp&s=41710ffdb0e51e1b9d1cd1eb107ba0cd3ec7b217",
      "_video": {
        "sources": [
          {
            "url": "https://v.redd.it/eetzi3uaxuz61/DASH_720.mp4?source=fallback"
          }
        ],
        "width": 1155,
        "height": 720,
        "poster": "https://external-preview.redd.it/PDeUwivTgJnXThT9xcmN8SpFVlnA5bPF84bHfxwsudU.png?width=1080&crop=smart&format=pjpg&auto=webp&s=41710ffdb0e51e1b9d1cd1eb107ba0cd3ec7b217"
      }
    },
    "2021_05_15_en_reddit_reddit__r--pics--comments--nd9f3y--my_wife_and_i_graduated_from_med_school_today": {
      "id": "2021_05_15_en_reddit_reddit__r--pics--comments--nd9f3y--my_wife_and_i_graduated_from_med_school_today",
      "url": "https://old.reddit.com/r/pics/comments/nd9f3y/my_wife_and_i_graduated_from_med_school_today/",
      "date_published": "2021-05-16T04:00:41.000Z",
      "date_modified": "2021-05-16T04:00:41.000Z",
      "_original_published": "2021-05-15T21:52:19.000Z",
      "_original_language": "en",
      "_translations": {
        "en": {
          "title": "My wife and I graduated from med school today"
        },
        "ja": {
          "title": "私と妻は今日、医学部を卒業しました。"
        },
        "zh-Hans": {
          "title": "我的妻子和我今天从医学院毕业了"
        },
        "zh-Hant": {
          "title": "我的妻子和我今天從醫學院畢業了"
        }
      },
      "tags": [
        "pics"
      ],
      "authors": [
        {
          "name": "Neuromancy_",
          "url": "https://old.reddit.com/user/Neuromancy_"
        }
      ],
      "_links": [
        {
          "url": "https://old.reddit.com/r/pics/comments/nd9f3y/my_wife_and_i_graduated_from_med_school_today/",
          "name": "&uarr;129376 votes"
        }
      ],
      "image": "https://preview.redd.it/69gzmgaavcz61.jpg?width=1080&crop=smart&auto=webp&s=ea435e8704183de33c4beec96b9d01a92771cebc"
    },
    "2021_05_16_en_reddit_reddit__r--memes--comments--ndszuo--or_tesla_if_u_want_that": {
      "id": "2021_05_16_en_reddit_reddit__r--memes--comments--ndszuo--or_tesla_if_u_want_that",
      "url": "https://old.reddit.com/r/memes/comments/ndszuo/or_tesla_if_u_want_that/",
      "date_published": "2021-05-16T22:56:07.000Z",
      "date_modified": "2021-05-16T22:56:07.000Z",
      "_original_published": "2021-05-16T17:16:16.000Z",
      "_original_language": "en",
      "_translations": {
        "en": {
          "title": "Or Tesla if u want that"
        },
        "ja": {
          "title": "欲を言えばテスラも"
        },
        "zh-Hans": {
          "title": "或特斯拉，如果你想这样"
        },
        "zh-Hant": {
          "title": "或特斯拉，如果你想這樣"
        }
      },
      "tags": [
        "memes"
      ],
      "authors": [
        {
          "name": "KLASHINOV",
          "url": "https://old.reddit.com/user/KLASHINOV"
        }
      ],
      "_links": [
        {
          "url": "https://old.reddit.com/r/memes/comments/ndszuo/or_tesla_if_u_want_that/",
          "name": "&uarr;127866 votes"
        }
      ],
      "image": "https://preview.redd.it/0mmeaztwmiz61.gif?width=320&crop=smart&format=png8&s=112ca22eda04b70b518f566b683597883805ceed",
      "_video": {
        "sources": [
          {
            "url": "https://preview.redd.it/0mmeaztwmiz61.gif?format=mp4&s=5d1135f7db3dca92b8e47470811980750dd37770"
          }
        ],
        "width": 528,
        "height": 552,
        "poster": "https://preview.redd.it/0mmeaztwmiz61.gif?width=320&crop=smart&format=png8&s=112ca22eda04b70b518f566b683597883805ceed"
      }
    },
    "2021_05_16_en_reddit_reddit__r--nextfuckinglevel--comments--ndu9fw--amazing_invention_airbag_vest_to_keep": {
      "id": "2021_05_16_en_reddit_reddit__r--nextfuckinglevel--comments--ndu9fw--amazing_invention_airbag_vest_to_keep",
      "url": "https://old.reddit.com/r/nextfuckinglevel/comments/ndu9fw/amazing_invention_airbag_vest_to_keep/",
      "date_published": "2021-05-16T23:52:19.000Z",
      "date_modified": "2021-05-16T23:52:19.000Z",
      "_original_published": "2021-05-16T18:15:32.000Z",
      "_original_language": "en",
      "_translations": {
        "en": {
          "title": "Amazing invention: airbag vest to keep grandparents safe during falls"
        },
        "ja": {
          "title": "驚きの発明：祖父母の転倒時の安全を守るエアバッグベスト"
        },
        "zh-Hans": {
          "title": "惊人的发明：气囊背心让祖父母在跌倒时保持安全"
        },
        "zh-Hant": {
          "title": "驚人的發明：氣囊背心讓祖父母在跌倒時保持安全"
        }
      },
      "tags": [
        "nextfuckinglevel"
      ],
      "authors": [
        {
          "name": "gamerjefu",
          "url": "https://old.reddit.com/user/gamerjefu"
        }
      ],
      "_links": [
        {
          "url": "https://old.reddit.com/r/nextfuckinglevel/comments/ndu9fw/amazing_invention_airbag_vest_to_keep/",
          "name": "&uarr;126046 votes"
        }
      ],
      "image": "https://external-preview.redd.it/_u1esJKs9r95k0auLMFEIsDqvXz8c5MSBinyDttS9Rs.png?width=320&crop=smart&format=pjpg&auto=webp&s=66ba7948b735a423609abcffbdf4cc8db7340af6",
      "_video": {
        "sources": [
          {
            "url": "https://v.redd.it/tdkaoujixiz61/DASH_720.mp4?source=fallback"
          }
        ],
        "width": 422,
        "height": 720,
        "poster": "https://external-preview.redd.it/_u1esJKs9r95k0auLMFEIsDqvXz8c5MSBinyDttS9Rs.png?width=320&crop=smart&format=pjpg&auto=webp&s=66ba7948b735a423609abcffbdf4cc8db7340af6"
      }
    },
    "2021_05_14_en_reddit_reddit__r--memes--comments--nch5s0--thanks_for_being_so_understanding": {
      "id": "2021_05_14_en_reddit_reddit__r--memes--comments--nch5s0--thanks_for_being_so_understanding",
      "url": "https://old.reddit.com/r/memes/comments/nch5s0/thanks_for_being_so_understanding/",
      "date_published": "2021-05-15T02:50:57.000Z",
      "date_modified": "2021-05-15T02:50:57.000Z",
      "_original_published": "2021-05-14T19:43:15.000Z",
      "_original_language": "en",
      "_translations": {
        "en": {
          "title": "Thanks for being so understanding"
        },
        "ja": {
          "title": "理解してくれてありがとう"
        },
        "zh-Hans": {
          "title": "谢谢你的理解"
        },
        "zh-Hant": {
          "title": "謝謝你的理解"
        }
      },
      "tags": [
        "memes"
      ],
      "authors": [
        {
          "name": "FinestOldToby",
          "url": "https://old.reddit.com/user/FinestOldToby"
        }
      ],
      "_links": [
        {
          "url": "https://old.reddit.com/r/memes/comments/nch5s0/thanks_for_being_so_understanding/",
          "name": "&uarr;124243 votes"
        }
      ],
      "image": "https://preview.redd.it/jelt30v425z61.gif?width=320&crop=smart&format=png8&s=9721b97cd44879f77234333da56fd5d80205f7b0",
      "_video": {
        "sources": [
          {
            "url": "https://preview.redd.it/jelt30v425z61.gif?format=mp4&s=7d828096eed2081fc3ffcbe281eb7aa496f9f84b"
          }
        ],
        "width": 480,
        "height": 386,
        "poster": "https://preview.redd.it/jelt30v425z61.gif?width=320&crop=smart&format=png8&s=9721b97cd44879f77234333da56fd5d80205f7b0"
      }
    },
    "2021_05_20_en_reddit_reddit__r--memes--comments--nh5iyn--so_goddamn_frustrating": {
      "id": "2021_05_20_en_reddit_reddit__r--memes--comments--nh5iyn--so_goddamn_frustrating",
      "url": "https://old.reddit.com/r/memes/comments/nh5iyn/so_goddamn_frustrating/",
      "date_published": "2021-05-20T22:31:40.000Z",
      "date_modified": "2021-05-20T22:31:40.000Z",
      "_original_published": "2021-05-20T17:01:09.000Z",
      "_original_language": "en",
      "_translations": {
        "en": {
          "title": "So goddamn frustrating"
        },
        "ja": {
          "title": "めちゃくちゃイライラする"
        },
        "zh-Hans": {
          "title": "太他妈令人沮丧了"
        },
        "zh-Hant": {
          "title": "太他媽令人沮喪了"
        }
      },
      "tags": [
        "memes"
      ],
      "authors": [
        {
          "name": "LarzzzLeonLove",
          "url": "https://old.reddit.com/user/LarzzzLeonLove"
        }
      ],
      "_links": [
        {
          "url": "https://old.reddit.com/r/memes/comments/nh5iyn/so_goddamn_frustrating/",
          "name": "&uarr;125233 votes"
        }
      ],
      "image": "https://preview.redd.it/yyih6qys3b071.gif?width=216&crop=smart&format=png8&s=e8b72bd3f0d77cc1eac296079eaf1223fa0e6727",
      "_video": {
        "sources": [
          {
            "url": "https://preview.redd.it/yyih6qys3b071.gif?format=mp4&s=f13c6452657ef437e9b12814e091bd77e0ea1805"
          }
        ],
        "width": 248,
        "height": 314,
        "poster": "https://preview.redd.it/yyih6qys3b071.gif?width=216&crop=smart&format=png8&s=e8b72bd3f0d77cc1eac296079eaf1223fa0e6727"
      }
    },
    "2021_05_17_en_reddit_reddit__r--nextfuckinglevel--comments--nehy8o--host_calls_out_audience_for_laughing_at_male": {
      "id": "2021_05_17_en_reddit_reddit__r--nextfuckinglevel--comments--nehy8o--host_calls_out_audience_for_laughing_at_male",
      "url": "https://old.reddit.com/r/nextfuckinglevel/comments/nehy8o/host_calls_out_audience_for_laughing_at_male/",
      "date_published": "2021-05-17T20:48:42.000Z",
      "date_modified": "2021-05-17T20:48:42.000Z",
      "_original_published": "2021-05-17T14:37:28.000Z",
      "_original_language": "en",
      "_translations": {
        "en": {
          "title": "Host calls out audience for laughing at male domestic violence victim"
        },
        "ja": {
          "title": "DV被害者の男性を笑っていた観客を司会者が罵倒"
        },
        "zh-Hans": {
          "title": "主持人指责观众嘲笑男性家暴受害者"
        },
        "zh-Hant": {
          "title": "主持人指責觀衆嘲笑男性家暴受害者"
        }
      },
      "tags": [
        "nextfuckinglevel"
      ],
      "authors": [
        {
          "name": "d3333p7",
          "url": "https://old.reddit.com/user/d3333p7"
        }
      ],
      "_links": [
        {
          "url": "https://old.reddit.com/r/nextfuckinglevel/comments/nehy8o/host_calls_out_audience_for_laughing_at_male/",
          "name": "&uarr;119814 votes"
        }
      ],
      "image": "https://external-preview.redd.it/IG-yjWX7IO7LP07VRyHm9_CM2NBIuxIe0owbYePr1AE.png?width=960&crop=smart&format=pjpg&auto=webp&s=c2f2acb9fe1d06f8a8256bc29def248d5153c0a5",
      "_video": {
        "sources": [
          {
            "url": "https://v.redd.it/jh2jlc0izoz61/DASH_720.mp4?source=fallback"
          }
        ],
        "width": 1280,
        "height": 720,
        "poster": "https://external-preview.redd.it/IG-yjWX7IO7LP07VRyHm9_CM2NBIuxIe0owbYePr1AE.png?width=960&crop=smart&format=pjpg&auto=webp&s=c2f2acb9fe1d06f8a8256bc29def248d5153c0a5"
      }
    },
    "2021_05_16_en_reddit_reddit__r--HolUp--comments--ndkrrc--this_game_is_too_realistic": {
      "id": "2021_05_16_en_reddit_reddit__r--HolUp--comments--ndkrrc--this_game_is_too_realistic",
      "url": "https://old.reddit.com/r/HolUp/comments/ndkrrc/this_game_is_too_realistic/",
      "date_published": "2021-05-16T18:15:51.000Z",
      "date_modified": "2021-05-16T18:15:51.000Z",
      "_original_published": "2021-05-16T09:40:15.000Z",
      "_original_language": "en",
      "_translations": {
        "en": {
          "title": "This game is too realistic..."
        },
        "ja": {
          "title": "このゲームは、あまりにもリアルすぎて...。"
        },
        "zh-Hans": {
          "title": "这个游戏太现实了..."
        },
        "zh-Hant": {
          "title": "這個遊戲太現實了..."
        }
      },
      "tags": [
        "HolUp"
      ],
      "authors": [
        {
          "name": "Lotterywinner81820",
          "url": "https://old.reddit.com/user/Lotterywinner81820"
        }
      ],
      "_links": [
        {
          "url": "https://old.reddit.com/r/HolUp/comments/ndkrrc/this_game_is_too_realistic/",
          "name": "&uarr;116266 votes"
        }
      ],
      "image": "https://external-preview.redd.it/FwwY_ofjPkfbu5ny_4cxmpzTTjr7mCeKRIDuQtO0QLg.png?width=640&crop=smart&format=pjpg&auto=webp&s=55c1fb732acf0d0bda7aaf85f29546a2f6d29054",
      "_video": {
        "sources": [
          {
            "url": "https://v.redd.it/62ajlrnccgz61/DASH_240.mp4?source=fallback"
          }
        ],
        "width": 426,
        "height": 234,
        "poster": "https://external-preview.redd.it/FwwY_ofjPkfbu5ny_4cxmpzTTjr7mCeKRIDuQtO0QLg.png?width=640&crop=smart&format=pjpg&auto=webp&s=55c1fb732acf0d0bda7aaf85f29546a2f6d29054"
      }
    },
    "2021_05_18_en_reddit_reddit__r--aww--comments--newclm--thats_probably_the_best_day_that_mouse_has_had_or": {
      "id": "2021_05_18_en_reddit_reddit__r--aww--comments--newclm--thats_probably_the_best_day_that_mouse_has_had_or",
      "url": "https://old.reddit.com/r/aww/comments/newclm/thats_probably_the_best_day_that_mouse_has_had_or/",
      "date_published": "2021-05-18T07:34:06.000Z",
      "date_modified": "2021-05-18T07:34:06.000Z",
      "_original_published": "2021-05-18T00:26:41.000Z",
      "_original_language": "en",
      "_translations": {
        "en": {
          "title": "That’s probably the best day that mouse has had or will have in its life."
        },
        "ja": {
          "title": "これまでのマウスの人生で、あるいはこれからのマウスの人生で、最高の日になるだろう。"
        },
        "zh-Hans": {
          "title": "这可能是那只老鼠一生中经历过或将要经历的最好的一天。"
        },
        "zh-Hant": {
          "title": "這可能是那隻老鼠一生中經歷過或將要經歷的最好的一天。"
        }
      },
      "tags": [
        "aww"
      ],
      "authors": [
        {
          "name": "jackennethfn",
          "url": "https://old.reddit.com/user/jackennethfn"
        }
      ],
      "_links": [
        {
          "url": "https://old.reddit.com/r/aww/comments/newclm/thats_probably_the_best_day_that_mouse_has_had_or/",
          "name": "&uarr;115853 votes"
        }
      ],
      "image": "https://external-preview.redd.it/xZA2m1GdaJQNvi-7zLtaMBLPpnR13K70jxdUgowC_TU.png?width=320&crop=smart&format=pjpg&auto=webp&s=29555b210a850ba774009f9dbb6b37afdea5e4c5",
      "_video": {
        "sources": [
          {
            "url": "https://v.redd.it/wlle3q7kwrz61/DASH_720.mp4?source=fallback"
          }
        ],
        "width": 405,
        "height": 720,
        "poster": "https://external-preview.redd.it/xZA2m1GdaJQNvi-7zLtaMBLPpnR13K70jxdUgowC_TU.png?width=320&crop=smart&format=pjpg&auto=webp&s=29555b210a850ba774009f9dbb6b37afdea5e4c5"
      }
    },
    "2021_05_14_en_reddit_reddit__r--nextfuckinglevel--comments--ncjf1w--bees_swarming_in_the_morning_credit_texasbeeworks": {
      "id": "2021_05_14_en_reddit_reddit__r--nextfuckinglevel--comments--ncjf1w--bees_swarming_in_the_morning_credit_texasbeeworks",
      "url": "https://old.reddit.com/r/nextfuckinglevel/comments/ncjf1w/bees_swarming_in_the_morning_credit_texasbeeworks/",
      "date_published": "2021-05-15T04:49:00.000Z",
      "date_modified": "2021-05-15T04:49:00.000Z",
      "_original_published": "2021-05-14T21:24:30.000Z",
      "_original_language": "en",
      "_translations": {
        "en": {
          "title": "Bees Swarming in the Morning! Credit: @texasbeeworks on tiktok"
        },
        "ja": {
          "title": "朝からミツバチが群がる！？単位：百万円 テキサス・ビーワークスのサイト"
        },
        "zh-Hans": {
          "title": "蜜蜂在早晨蜂拥而至! 信用。@texasbeeworks on tiktok"
        },
        "zh-Hant": {
          "title": "蜜蜂在早晨蜂擁而至! 信用。@texasbeeworks on tiktok"
        }
      },
      "tags": [
        "nextfuckinglevel"
      ],
      "authors": [
        {
          "name": "ftejadal",
          "url": "https://old.reddit.com/user/ftejadal"
        }
      ],
      "_links": [
        {
          "url": "https://old.reddit.com/r/nextfuckinglevel/comments/ncjf1w/bees_swarming_in_the_morning_credit_texasbeeworks/",
          "name": "&uarr;115427 votes"
        }
      ],
      "image": "https://external-preview.redd.it/WVhKPoK6HmSU_CUjcYQy0tLlAH0YgNOyfq-zPKfZ1TE.png?width=320&crop=smart&format=pjpg&auto=webp&s=571ad104cfcb227edf114a930602d84e6ef4b04a",
      "_video": {
        "sources": [
          {
            "url": "https://v.redd.it/ecu73eoel5z61/DASH_720.mp4?source=fallback"
          }
        ],
        "width": 405,
        "height": 720,
        "poster": "https://external-preview.redd.it/WVhKPoK6HmSU_CUjcYQy0tLlAH0YgNOyfq-zPKfZ1TE.png?width=320&crop=smart&format=pjpg&auto=webp&s=571ad104cfcb227edf114a930602d84e6ef4b04a"
      }
    },
    "2021_05_14_en_reddit_reddit__r--gaming--comments--nc5db5--this_guy_made_a_working_vr_shoes_allowing_you_to": {
      "id": "2021_05_14_en_reddit_reddit__r--gaming--comments--nc5db5--this_guy_made_a_working_vr_shoes_allowing_you_to",
      "url": "https://old.reddit.com/r/gaming/comments/nc5db5/this_guy_made_a_working_vr_shoes_allowing_you_to/",
      "date_published": "2021-05-14T17:34:59.000Z",
      "date_modified": "2021-05-14T17:34:59.000Z",
      "_original_published": "2021-05-14T10:25:39.000Z",
      "_original_language": "en",
      "_translations": {
        "en": {
          "title": "This guy made a working VR shoes. Allowing you to walk in the game but stay in the same spot in real life. He's playing No Man's Sky here."
        },
        "ja": {
          "title": "この人は、動くVRシューズを作った。ゲームの中では歩いていても、現実では同じ場所に留まることができます。彼はここで「No Man's Sky」をプレイしています。"
        },
        "zh-Hans": {
          "title": "这个人做了一个可以工作的VR鞋。允许你在游戏中行走，但在现实生活中停留在同一地点。他在这里玩《无人区》。"
        },
        "zh-Hant": {
          "title": "這個人做了一個可以工作的VR鞋。允許你在遊戲中行走，但在現實生活中停留在同一地點。他在這裏玩《無人區》。"
        }
      },
      "tags": [
        "gaming"
      ],
      "authors": [
        {
          "name": "delpratvh",
          "url": "https://old.reddit.com/user/delpratvh"
        }
      ],
      "_links": [
        {
          "url": "https://old.reddit.com/r/gaming/comments/nc5db5/this_guy_made_a_working_vr_shoes_allowing_you_to/",
          "name": "&uarr;114984 votes"
        }
      ],
      "image": "https://preview.redd.it/kwmbbnerb2z61.gif?width=320&crop=smart&format=png8&s=49ae034105d75d54a3cb615a6800d605f376204a",
      "_video": {
        "sources": [
          {
            "url": "https://preview.redd.it/kwmbbnerb2z61.gif?format=mp4&s=45ffa79ff782b35bdae7df81102783eb73295dea"
          }
        ],
        "width": 600,
        "height": 338,
        "poster": "https://preview.redd.it/kwmbbnerb2z61.gif?width=320&crop=smart&format=png8&s=49ae034105d75d54a3cb615a6800d605f376204a"
      }
    },
    "2021_05_18_en_reddit_reddit__r--memes--comments--nfjtto--poor_guy": {
      "id": "2021_05_18_en_reddit_reddit__r--memes--comments--nfjtto--poor_guy",
      "url": "https://old.reddit.com/r/memes/comments/nfjtto/poor_guy/",
      "date_published": "2021-05-19T01:45:39.000Z",
      "date_modified": "2021-05-19T01:45:39.000Z",
      "_original_published": "2021-05-18T19:30:10.000Z",
      "_original_language": "en",
      "_translations": {
        "en": {
          "title": "Poor guy"
        },
        "ja": {
          "title": "貧乏人"
        },
        "zh-Hans": {
          "title": "可怜的家伙"
        },
        "zh-Hant": {
          "title": "可憐的傢伙"
        }
      },
      "tags": [
        "memes"
      ],
      "authors": [
        {
          "name": "mistermuesli",
          "url": "https://old.reddit.com/user/mistermuesli"
        }
      ],
      "_links": [
        {
          "url": "https://old.reddit.com/r/memes/comments/nfjtto/poor_guy/",
          "name": "&uarr;114514 votes"
        }
      ],
      "image": "https://preview.redd.it/u4nqculmkxz61.png?width=320&crop=smart&auto=webp&s=e6ba6167935728e2ed44541525dd45a10a929414"
    },
    "2021_05_17_en_reddit_reddit__r--dankmemes--comments--nesdj4--yall_know_this_is_true_lmao": {
      "id": "2021_05_17_en_reddit_reddit__r--dankmemes--comments--nesdj4--yall_know_this_is_true_lmao",
      "url": "https://old.reddit.com/r/dankmemes/comments/nesdj4/yall_know_this_is_true_lmao/",
      "date_published": "2021-05-18T05:19:10.000Z",
      "date_modified": "2021-05-18T05:19:10.000Z",
      "_original_published": "2021-05-17T21:26:26.000Z",
      "_original_language": "en",
      "_translations": {
        "en": {
          "title": "Y’all know this is true lmao"
        },
        "ja": {
          "title": "これは本当のことです。"
        },
        "zh-Hans": {
          "title": "你们都知道这是真的。"
        },
        "zh-Hant": {
          "title": "你們都知道這是真的。"
        }
      },
      "tags": [
        "dankmemes"
      ],
      "authors": [
        {
          "name": "ExtensionTraditional",
          "url": "https://old.reddit.com/user/ExtensionTraditional"
        }
      ],
      "_links": [
        {
          "url": "https://old.reddit.com/r/dankmemes/comments/nesdj4/yall_know_this_is_true_lmao/",
          "name": "&uarr;113613 votes"
        }
      ],
      "image": "https://preview.redd.it/1hvksoph0rz61.jpg?width=1080&crop=smart&auto=webp&s=7ebd5ebfc9c38a04aaf723cbd199d4bd542ed04e"
    }
  }
}
