{
  "items": {
    "2022_07_20_en_reddit_reddit__r--MadeMeSmile--comments--w3ue76--love_is_the_greatest_medicine": {
      "id": "2022_07_20_en_reddit_reddit__r--MadeMeSmile--comments--w3ue76--love_is_the_greatest_medicine",
      "url": "https://old.reddit.com/r/MadeMeSmile/comments/w3ue76/love_is_the_greatest_medicine/",
      "date_published": "2022-07-21T05:46:57.000Z",
      "date_modified": "2022-07-21T05:46:57.000Z",
      "_original_published": "2022-07-20T18:57:38.000Z",
      "_original_language": "en",
      "_translations": {
        "en": {
          "title": "Love is the greatest medicine"
        },
        "ja": {
          "title": "愛は最大の薬"
        },
        "zh-Hans": {
          "title": "爱是最大的药"
        },
        "zh-Hant": {
          "title": "愛是最大的藥"
        }
      },
      "tags": [
        "MadeMeSmile"
      ],
      "authors": [
        {
          "name": "PacmanTheHitman",
          "url": "https://old.reddit.com/user/PacmanTheHitman"
        }
      ],
      "_links": [
        {
          "url": "https://old.reddit.com/r/MadeMeSmile/comments/w3ue76/love_is_the_greatest_medicine/",
          "name": "&uarr;85887 votes"
        }
      ],
      "image": "https://external-preview.redd.it/AyjH6qT7CBsJPqBZuJTW0wg58Ao95wcCd-3ic9sL_EQ.png?width=320&amp;crop=smart&amp;format=pjpg&amp;auto=webp&amp;s=9367e46b1f2013dbf75c038d4986926d0e500119",
      "_video": {
        "sources": [
          {
            "url": "https://v.redd.it/3g53hbdhatc91/DASH_720.mp4?source=fallback"
          }
        ],
        "width": 405,
        "height": 720,
        "poster": "https://external-preview.redd.it/AyjH6qT7CBsJPqBZuJTW0wg58Ao95wcCd-3ic9sL_EQ.png?width=320&amp;crop=smart&amp;format=pjpg&amp;auto=webp&amp;s=9367e46b1f2013dbf75c038d4986926d0e500119"
      }
    },
    "2022_07_20_en_reddit_reddit__r--MadeMeSmile--comments--w3s6q2--relationship_milestones": {
      "id": "2022_07_20_en_reddit_reddit__r--MadeMeSmile--comments--w3s6q2--relationship_milestones",
      "url": "https://old.reddit.com/r/MadeMeSmile/comments/w3s6q2/relationship_milestones/",
      "date_published": "2022-07-20T22:27:10.000Z",
      "date_modified": "2022-07-20T22:27:10.000Z",
      "_original_published": "2022-07-20T17:28:06.000Z",
      "_original_language": "en",
      "_translations": {
        "en": {
          "title": "Relationship Milestones❤"
        },
        "ja": {
          "title": "リレーションシップ・マイルストーン❤」。"
        },
        "zh-Hans": {
          "title": "关系里程碑❤"
        },
        "zh-Hant": {
          "title": "關係里程碑❤"
        }
      },
      "tags": [
        "MadeMeSmile"
      ],
      "authors": [
        {
          "name": "BOSSBABY33",
          "url": "https://old.reddit.com/user/BOSSBABY33"
        }
      ],
      "_links": [
        {
          "url": "https://old.reddit.com/r/MadeMeSmile/comments/w3s6q2/relationship_milestones/",
          "name": "&uarr;84824 votes"
        }
      ],
      "image": "https://preview.redd.it/ylkusxpycrc91.jpg?width=1080&amp;crop=smart&amp;auto=webp&amp;s=fa54b0f27b6493586e4381e8d8c71a10230b65e6"
    },
    "2022_07_16_en_reddit_reddit__r--meirl--comments--w0j96l--meirl": {
      "id": "2022_07_16_en_reddit_reddit__r--meirl--comments--w0j96l--meirl",
      "url": "https://old.reddit.com/r/meirl/comments/w0j96l/meirl/",
      "date_published": "2022-07-17T02:30:32.000Z",
      "date_modified": "2022-07-17T02:30:32.000Z",
      "_original_published": "2022-07-16T15:31:40.000Z",
      "_original_language": "en",
      "_translations": {
        "en": {
          "title": "meirl"
        },
        "ja": {
          "title": "ミール"
        },
        "zh-Hans": {
          "title": "我的女孩"
        },
        "zh-Hant": {
          "title": "我的女孩"
        }
      },
      "tags": [
        "meirl"
      ],
      "authors": [
        {
          "name": "smoked0utwill",
          "url": "https://old.reddit.com/user/smoked0utwill"
        }
      ],
      "_links": [
        {
          "url": "https://old.reddit.com/r/meirl/comments/w0j96l/meirl/",
          "name": "&uarr;81769 votes"
        }
      ],
      "image": "https://preview.redd.it/zo1zpjyl8yb91.jpg?width=640&amp;crop=smart&amp;auto=webp&amp;s=5b9dde99b51aaf2cee1308dc51936f2f5a81f908"
    },
    "2022_07_16_en_reddit_reddit__r--gaming--comments--w0q6ez--kind_of_a_dumb_post_but_do_you_ever_just_wanna": {
      "id": "2022_07_16_en_reddit_reddit__r--gaming--comments--w0q6ez--kind_of_a_dumb_post_but_do_you_ever_just_wanna",
      "url": "https://old.reddit.com/r/gaming/comments/w0q6ez/kind_of_a_dumb_post_but_do_you_ever_just_wanna/",
      "date_published": "2022-07-17T03:51:58.000Z",
      "date_modified": "2022-07-17T03:51:58.000Z",
      "_original_published": "2022-07-16T20:53:53.000Z",
      "_original_language": "en",
      "_translations": {
        "en": {
          "title": "Kind of a dumb post, but do you ever just wanna play video games but once you have a chance to play you have zero motivation bc you’re just too tired mentally and physically lol"
        },
        "ja": {
          "title": "ちょっと間抜けな投稿ですが、ゲームをやりたいけど、いざやるとなると心身ともに疲れてやる気ゼロになること、ありませんか(笑)"
        },
        "zh-Hans": {
          "title": "这是个愚蠢的帖子，但你是否曾经只想玩视频游戏，但一旦有机会玩，你就没有动力，因为你在精神和身体上都太累了。"
        },
        "zh-Hant": {
          "title": "這是個愚蠢的帖子，但你是否曾經只想玩視頻遊戲，但一旦有機會玩，你就沒有動力，因爲你在精神和身體上都太累了。"
        }
      },
      "tags": [
        "gaming"
      ],
      "authors": [
        {
          "name": "Bromar08",
          "url": "https://old.reddit.com/user/Bromar08"
        }
      ],
      "_links": [
        {
          "url": "https://old.reddit.com/r/gaming/comments/w0q6ez/kind_of_a_dumb_post_but_do_you_ever_just_wanna/",
          "name": "&uarr;80934 votes"
        }
      ]
    },
    "2022_07_21_en_reddit_reddit__r--MadeMeSmile--comments--w4nqvk--grandpa": {
      "id": "2022_07_21_en_reddit_reddit__r--MadeMeSmile--comments--w4nqvk--grandpa",
      "url": "https://old.reddit.com/r/MadeMeSmile/comments/w4nqvk/grandpa/",
      "date_published": "2022-07-21T23:05:25.000Z",
      "date_modified": "2022-07-21T23:05:25.000Z",
      "_original_published": "2022-07-21T18:20:35.000Z",
      "_original_language": "en",
      "_translations": {
        "en": {
          "title": "Grandpa"
        },
        "ja": {
          "title": "おじいちゃん"
        },
        "zh-Hans": {
          "title": "爷爷"
        },
        "zh-Hant": {
          "title": "爺爺"
        }
      },
      "tags": [
        "MadeMeSmile"
      ],
      "authors": [
        {
          "name": "pietradolce",
          "url": "https://old.reddit.com/user/pietradolce"
        }
      ],
      "_links": [
        {
          "url": "https://old.reddit.com/r/MadeMeSmile/comments/w4nqvk/grandpa/",
          "name": "&uarr;80683 votes"
        }
      ],
      "image": "https://preview.redd.it/zxwtqdtaryc91.jpg?width=1080&amp;crop=smart&amp;auto=webp&amp;s=e77f09b7b8bdb42efeed6c115738854369338461"
    },
    "2022_07_21_en_reddit_reddit__r--nextfuckinglevel--comments--w46rul--a_16yearold_mexican_teenager_was_murdered_his": {
      "id": "2022_07_21_en_reddit_reddit__r--nextfuckinglevel--comments--w46rul--a_16yearold_mexican_teenager_was_murdered_his",
      "url": "https://old.reddit.com/r/nextfuckinglevel/comments/w46rul/a_16yearold_mexican_teenager_was_murdered_his/",
      "date_published": "2022-07-21T11:36:27.000Z",
      "date_modified": "2022-07-21T11:36:27.000Z",
      "_original_published": "2022-07-21T04:03:32.000Z",
      "_original_language": "en",
      "_translations": {
        "en": {
          "title": "A 16-year-old Mexican teenager was murdered... His friends brought his coffin to the place where he always played football and made him score one last goal💙"
        },
        "ja": {
          "title": "16歳のメキシコ人青年が殺された...。彼の友人たちは、彼がいつもサッカーをしていた場所に棺を運び、最後にゴールを決めさせた💙。"
        },
        "zh-Hans": {
          "title": "一个16岁的墨西哥少年被谋杀了。他的朋友将他的棺材带到他经常踢足球的地方，让他打进最后一个球💙。"
        },
        "zh-Hant": {
          "title": "一個16歲的墨西哥少年被謀殺了。他的朋友將他的棺材帶到他經常踢足球的地方，讓他打進最後一個球💙。"
        }
      },
      "tags": [
        "nextfuckinglevel"
      ],
      "authors": [
        {
          "name": "dorianwoods311",
          "url": "https://old.reddit.com/user/dorianwoods311"
        }
      ],
      "_links": [
        {
          "url": "https://old.reddit.com/r/nextfuckinglevel/comments/w46rul/a_16yearold_mexican_teenager_was_murdered_his/",
          "name": "&uarr;80080 votes"
        }
      ],
      "image": "https://external-preview.redd.it/2o0cGhxyVvsUxkxiJaAd1JWgs4fFg8TGILEuU1dp2Ls.png?width=640&amp;crop=smart&amp;format=pjpg&amp;auto=webp&amp;s=6210355178eb3a7cdd14f362642c68f06180ef89",
      "_video": {
        "sources": [
          {
            "url": "https://v.redd.it/muoom06yhuc91/DASH_360.mp4?source=fallback"
          }
        ],
        "width": 640,
        "height": 360,
        "poster": "https://external-preview.redd.it/2o0cGhxyVvsUxkxiJaAd1JWgs4fFg8TGILEuU1dp2Ls.png?width=640&amp;crop=smart&amp;format=pjpg&amp;auto=webp&amp;s=6210355178eb3a7cdd14f362642c68f06180ef89"
      }
    },
    "2022_07_18_en_reddit_reddit__r--Unexpected--comments--w1vzmd--special_operations_unit_breaching_a_compound": {
      "id": "2022_07_18_en_reddit_reddit__r--Unexpected--comments--w1vzmd--special_operations_unit_breaching_a_compound",
      "url": "https://old.reddit.com/r/Unexpected/comments/w1vzmd/special_operations_unit_breaching_a_compound/",
      "date_published": "2022-07-19T02:20:37.000Z",
      "date_modified": "2022-07-19T02:20:37.000Z",
      "_original_published": "2022-07-18T10:30:15.000Z",
      "_original_language": "en",
      "_translations": {
        "en": {
          "title": "Special operations unit breaching a compound."
        },
        "ja": {
          "title": "屋敷を突破する特殊作戦部隊。"
        },
        "zh-Hans": {
          "title": "特别行动小组突破了一个院落。"
        },
        "zh-Hant": {
          "title": "特別行動小組突破了一個院落。"
        }
      },
      "tags": [
        "Unexpected"
      ],
      "authors": [
        {
          "name": "spain095",
          "url": "https://old.reddit.com/user/spain095"
        }
      ],
      "_links": [
        {
          "url": "https://old.reddit.com/r/Unexpected/comments/w1vzmd/special_operations_unit_breaching_a_compound/",
          "name": "&uarr;79490 votes"
        }
      ],
      "image": "https://external-preview.redd.it/t52-mMZpbKgkgEOzsBrK_icdWmEfMmEomeV34c1vre0.png?width=320&amp;crop=smart&amp;format=pjpg&amp;auto=webp&amp;s=81fc0b66c55f2a42bb8e124755b7e3c6467289ca",
      "_video": {
        "sources": [
          {
            "url": "https://v.redd.it/4ye43k7h0bc91/DASH_240.mp4?source=fallback"
          }
        ],
        "width": 426,
        "height": 238,
        "poster": "https://external-preview.redd.it/t52-mMZpbKgkgEOzsBrK_icdWmEfMmEomeV34c1vre0.png?width=320&amp;crop=smart&amp;format=pjpg&amp;auto=webp&amp;s=81fc0b66c55f2a42bb8e124755b7e3c6467289ca"
      }
    },
    "2022_07_20_en_reddit_reddit__r--Unexpected--comments--w3sb1h--mans_response": {
      "id": "2022_07_20_en_reddit_reddit__r--Unexpected--comments--w3sb1h--mans_response",
      "url": "https://old.reddit.com/r/Unexpected/comments/w3sb1h/mans_response/",
      "date_published": "2022-07-21T05:46:57.000Z",
      "date_modified": "2022-07-21T05:46:57.000Z",
      "_original_published": "2022-07-20T17:32:52.000Z",
      "_original_language": "en",
      "_translations": {
        "en": {
          "title": "Man’s response!"
        },
        "ja": {
          "title": "男の反応！？"
        },
        "zh-Hans": {
          "title": "男人的反应!"
        },
        "zh-Hant": {
          "title": "男人的反應!"
        }
      },
      "tags": [
        "Unexpected"
      ],
      "authors": [
        {
          "name": "Visible_Property_146",
          "url": "https://old.reddit.com/user/Visible_Property_146"
        }
      ],
      "_links": [
        {
          "url": "https://old.reddit.com/r/Unexpected/comments/w3sb1h/mans_response/",
          "name": "&uarr;79402 votes"
        }
      ],
      "image": "https://external-preview.redd.it/oZ2V8dnucgq-C25jhhNRFZ2V2OwPWfZtSKYzeOxGrmU.png?width=640&amp;crop=smart&amp;format=pjpg&amp;auto=webp&amp;s=cb0198a971086c417c32dd556cce3cbb091838e3",
      "_video": {
        "sources": [
          {
            "url": "https://v.redd.it/c1iijqcevsc91/DASH_480.mp4?source=fallback"
          }
        ],
        "width": 480,
        "height": 480,
        "poster": "https://external-preview.redd.it/oZ2V8dnucgq-C25jhhNRFZ2V2OwPWfZtSKYzeOxGrmU.png?width=640&amp;crop=smart&amp;format=pjpg&amp;auto=webp&amp;s=cb0198a971086c417c32dd556cce3cbb091838e3"
      }
    },
    "2022_07_18_en_reddit_reddit__r--FunnyAnimals--comments--w1xtn3--hahahaha": {
      "id": "2022_07_18_en_reddit_reddit__r--FunnyAnimals--comments--w1xtn3--hahahaha",
      "url": "https://old.reddit.com/r/FunnyAnimals/comments/w1xtn3/hahahaha/",
      "date_published": "2022-07-19T02:20:37.000Z",
      "date_modified": "2022-07-19T02:20:37.000Z",
      "_original_published": "2022-07-18T12:13:00.000Z",
      "_original_language": "en",
      "_translations": {
        "en": {
          "title": "HAHAHAHA!"
        },
        "ja": {
          "title": "HAHAHAHA!"
        },
        "zh-Hans": {
          "title": "哈哈哈哈!"
        },
        "zh-Hant": {
          "title": "哈哈哈哈!"
        }
      },
      "tags": [
        "FunnyAnimals"
      ],
      "authors": [
        {
          "name": "Axel_luis01",
          "url": "https://old.reddit.com/user/Axel_luis01"
        }
      ],
      "_links": [
        {
          "url": "https://old.reddit.com/r/FunnyAnimals/comments/w1xtn3/hahahaha/",
          "name": "&uarr;79265 votes"
        }
      ],
      "image": "https://preview.redd.it/mrnfro1zibc91.png?width=320&amp;crop=smart&amp;auto=webp&amp;s=89dd10ca19e9852ee7cc07f344898e92b990a9a0"
    },
    "2022_07_16_en_reddit_reddit__r--meirl--comments--w0l27u--meirl": {
      "id": "2022_07_16_en_reddit_reddit__r--meirl--comments--w0l27u--meirl",
      "url": "https://old.reddit.com/r/meirl/comments/w0l27u/meirl/",
      "date_published": "2022-07-17T03:51:58.000Z",
      "date_modified": "2022-07-17T03:51:58.000Z",
      "_original_published": "2022-07-16T16:56:09.000Z",
      "_original_language": "en",
      "_translations": {
        "en": {
          "title": "meirl"
        },
        "ja": {
          "title": "ミール"
        },
        "zh-Hans": {
          "title": "我的女孩"
        },
        "zh-Hant": {
          "title": "我的女孩"
        }
      },
      "tags": [
        "meirl"
      ],
      "authors": [
        {
          "name": "Oxygen_01",
          "url": "https://old.reddit.com/user/Oxygen_01"
        }
      ],
      "_links": [
        {
          "url": "https://old.reddit.com/r/meirl/comments/w0l27u/meirl/",
          "name": "&uarr;79263 votes"
        }
      ],
      "image": "https://preview.redd.it/pfvr39eonyb91.jpg?width=1080&amp;crop=smart&amp;auto=webp&amp;s=15018ba291f4d1fd28bb81acfeac0b0fc49159b6"
    },
    "2022_07_19_en_reddit_reddit__r--nextfuckinglevel--comments--w2jy4k--25_yo_pizza_delivery_man_runs_into_burning_house": {
      "id": "2022_07_19_en_reddit_reddit__r--nextfuckinglevel--comments--w2jy4k--25_yo_pizza_delivery_man_runs_into_burning_house",
      "url": "https://old.reddit.com/r/nextfuckinglevel/comments/w2jy4k/25_yo_pizza_delivery_man_runs_into_burning_house/",
      "date_published": "2022-07-19T12:21:40.000Z",
      "date_modified": "2022-07-19T12:21:40.000Z",
      "_original_published": "2022-07-19T04:44:31.000Z",
      "_original_language": "en",
      "_translations": {
        "en": {
          "title": "25 yo pizza delivery man runs into burning house, saves four children who tell him another might be in the house. He goes back in, finds the girl, jumps out a window with her, and carries her to a cop who captures the moment on his bodycam"
        },
        "ja": {
          "title": "25歳のピザ配達員が燃えている家に飛び込み、4人の子供を助ける。その子供たちは、もう一人いるかもしれないと言う。彼は再び家に入り、少女を見つけ、彼女と一緒に窓から飛び降り、その瞬間をボディカムで撮影している警官のところに彼女を運ぶ。"
        },
        "zh-Hans": {
          "title": "25岁的披萨送餐员跑进着火的房子，救了四个孩子，他们告诉他另一个人可能在房子里。他回到屋内，找到那个女孩，带着她跳出窗户，并把她抱给一个警察，警察用他的摄像机拍下了这一时刻。"
        },
        "zh-Hant": {
          "title": "25歲的披薩送餐員跑進着火的房子，救了四個孩子，他們告訴他另一個人可能在房子裏。他回到屋內，找到那個女孩，帶着她跳出窗戶，並把她抱給一個警察，警察用他的攝像機拍下了這一時刻。"
        }
      },
      "tags": [
        "nextfuckinglevel"
      ],
      "authors": [
        {
          "name": "habichuelacondulce",
          "url": "https://old.reddit.com/user/habichuelacondulce"
        }
      ],
      "_links": [
        {
          "url": "https://old.reddit.com/r/nextfuckinglevel/comments/w2jy4k/25_yo_pizza_delivery_man_runs_into_burning_house/",
          "name": "&uarr;78910 votes"
        }
      ],
      "image": "https://external-preview.redd.it/empSrgkoo_LAAvPSj6ZXdUSQK5Nzo7YQP9BBkzHprQU.png?width=1080&amp;crop=smart&amp;format=pjpg&amp;auto=webp&amp;s=9b82903f2dd5fc44226ca0c35ac5c8780eee97b4",
      "_video": {
        "sources": [
          {
            "url": "https://v.redd.it/4gwzapvofgc91/DASH_720.mp4?source=fallback"
          }
        ],
        "width": 1280,
        "height": 720,
        "poster": "https://external-preview.redd.it/empSrgkoo_LAAvPSj6ZXdUSQK5Nzo7YQP9BBkzHprQU.png?width=1080&amp;crop=smart&amp;format=pjpg&amp;auto=webp&amp;s=9b82903f2dd5fc44226ca0c35ac5c8780eee97b4"
      }
    },
    "2022_07_18_en_reddit_reddit__r--AdviceAnimals--comments--w242q0--out_with_the_creeper_and_in_with_the_keeper": {
      "id": "2022_07_18_en_reddit_reddit__r--AdviceAnimals--comments--w242q0--out_with_the_creeper_and_in_with_the_keeper",
      "url": "https://old.reddit.com/r/AdviceAnimals/comments/w242q0/out_with_the_creeper_and_in_with_the_keeper/",
      "date_published": "2022-07-19T04:08:46.000Z",
      "date_modified": "2022-07-19T04:08:46.000Z",
      "_original_published": "2022-07-18T16:47:48.000Z",
      "_original_language": "en",
      "_translations": {
        "en": {
          "title": "Out with the creeper and in with the keeper"
        },
        "ja": {
          "title": "クリーパーを捨て去り、キーパーを入れる"
        },
        "zh-Hans": {
          "title": "淘汰了爬山虎，换上了守门员"
        },
        "zh-Hant": {
          "title": "淘汰了爬山虎，換上了守門員"
        }
      },
      "tags": [
        "AdviceAnimals"
      ],
      "authors": [
        {
          "name": "badpie99",
          "url": "https://old.reddit.com/user/badpie99"
        }
      ],
      "_links": [
        {
          "url": "https://old.reddit.com/r/AdviceAnimals/comments/w242q0/out_with_the_creeper_and_in_with_the_keeper/",
          "name": "&uarr;78723 votes"
        }
      ],
      "image": "https://preview.redd.it/bmfa6jloucc91.png?width=960&amp;crop=smart&amp;auto=webp&amp;s=1a3021955619a7a06e57bedeba01cc025debfbf2"
    },
    "2022_07_16_en_reddit_reddit__r--FunnyAnimals--comments--w0fbwz--fat_fred": {
      "id": "2022_07_16_en_reddit_reddit__r--FunnyAnimals--comments--w0fbwz--fat_fred",
      "url": "https://old.reddit.com/r/FunnyAnimals/comments/w0fbwz/fat_fred/",
      "date_published": "2022-07-17T02:30:32.000Z",
      "date_modified": "2022-07-17T02:30:32.000Z",
      "_original_published": "2022-07-16T12:15:44.000Z",
      "_original_language": "en",
      "_translations": {
        "en": {
          "title": "Fat Fred"
        },
        "ja": {
          "title": "ファット・フレッド"
        },
        "zh-Hans": {
          "title": "胖子弗雷德"
        },
        "zh-Hant": {
          "title": "胖子弗雷德"
        }
      },
      "tags": [
        "FunnyAnimals"
      ],
      "authors": [
        {
          "name": "liltopnotch",
          "url": "https://old.reddit.com/user/liltopnotch"
        }
      ],
      "_links": [
        {
          "url": "https://old.reddit.com/r/FunnyAnimals/comments/w0fbwz/fat_fred/",
          "name": "&uarr;78301 votes"
        }
      ],
      "image": "https://preview.redd.it/vkahdgvm9xb91.jpg?width=640&amp;crop=smart&amp;auto=webp&amp;s=a0d64a10c7e733bd5a56de7e82f9424f582c88b9"
    },
    "2022_07_20_en_reddit_reddit__r--nextfuckinglevel--comments--w3rcli--creating_a_self_portrait_using_midi_keyboard": {
      "id": "2022_07_20_en_reddit_reddit__r--nextfuckinglevel--comments--w3rcli--creating_a_self_portrait_using_midi_keyboard",
      "url": "https://old.reddit.com/r/nextfuckinglevel/comments/w3rcli/creating_a_self_portrait_using_midi_keyboard/",
      "date_published": "2022-07-21T03:19:23.000Z",
      "date_modified": "2022-07-21T03:19:23.000Z",
      "_original_published": "2022-07-20T16:54:52.000Z",
      "_original_language": "en",
      "_translations": {
        "en": {
          "title": "Creating a self portrait using MIDI keyboard"
        },
        "ja": {
          "title": "MIDIキーボードによる自画像の作成"
        },
        "zh-Hans": {
          "title": "用MIDI键盘创作自画像"
        },
        "zh-Hant": {
          "title": "用MIDI鍵盤創作自畫像"
        }
      },
      "tags": [
        "nextfuckinglevel"
      ],
      "authors": [
        {
          "name": "GrilledCheeser",
          "url": "https://old.reddit.com/user/GrilledCheeser"
        }
      ],
      "_links": [
        {
          "url": "https://old.reddit.com/r/nextfuckinglevel/comments/w3rcli/creating_a_self_portrait_using_midi_keyboard/",
          "name": "&uarr;78211 votes"
        }
      ],
      "image": "https://external-preview.redd.it/Dxump-z4PYxoPlUbYlP-PGmDV637aHEKEZ-EW2jfkxc.png?width=320&amp;crop=smart&amp;format=pjpg&amp;auto=webp&amp;s=839f742c9a439e4c0c2c6ba8bb3c084d20fb3678",
      "_video": {
        "sources": [
          {
            "url": "https://v.redd.it/84n3f07mosc91/DASH_720.mp4?source=fallback"
          }
        ],
        "width": 405,
        "height": 720,
        "poster": "https://external-preview.redd.it/Dxump-z4PYxoPlUbYlP-PGmDV637aHEKEZ-EW2jfkxc.png?width=320&amp;crop=smart&amp;format=pjpg&amp;auto=webp&amp;s=839f742c9a439e4c0c2c6ba8bb3c084d20fb3678"
      }
    },
    "2022_07_19_en_reddit_reddit__r--mildlyinfuriating--comments--w2zl5x--someone_replace_this_receptionist": {
      "id": "2022_07_19_en_reddit_reddit__r--mildlyinfuriating--comments--w2zl5x--someone_replace_this_receptionist",
      "url": "https://old.reddit.com/r/mildlyinfuriating/comments/w2zl5x/someone_replace_this_receptionist/",
      "date_published": "2022-07-20T03:33:02.000Z",
      "date_modified": "2022-07-20T03:33:02.000Z",
      "_original_published": "2022-07-19T18:21:59.000Z",
      "_original_language": "en",
      "_translations": {
        "en": {
          "title": "Someone replace this receptionist"
        },
        "ja": {
          "title": "誰かこの受付嬢を変えてくれ"
        },
        "zh-Hans": {
          "title": "谁来替换这个接待员"
        },
        "zh-Hant": {
          "title": "誰來替換這個接待員"
        }
      },
      "tags": [
        "mildlyinfuriating"
      ],
      "authors": [
        {
          "name": "Dineshcena",
          "url": "https://old.reddit.com/user/Dineshcena"
        }
      ],
      "_links": [
        {
          "url": "https://old.reddit.com/r/mildlyinfuriating/comments/w2zl5x/someone_replace_this_receptionist/",
          "name": "&uarr;77853 votes"
        }
      ],
      "image": "https://preview.redd.it/x97d7rqcgkc91.jpg?width=1080&amp;crop=smart&amp;auto=webp&amp;s=703f2ef21bf50fd5beacc4423ef677e80b57e263"
    },
    "2022_07_18_en_reddit_reddit__r--funny--comments--w1w4tw--curious_for_cat_terrifying_for_us": {
      "id": "2022_07_18_en_reddit_reddit__r--funny--comments--w1w4tw--curious_for_cat_terrifying_for_us",
      "url": "https://old.reddit.com/r/funny/comments/w1w4tw/curious_for_cat_terrifying_for_us/",
      "date_published": "2022-07-19T02:20:37.000Z",
      "date_modified": "2022-07-19T02:20:37.000Z",
      "_original_published": "2022-07-18T10:39:03.000Z",
      "_original_language": "en",
      "_translations": {
        "en": {
          "title": "curious for cat... terrifying for us."
        },
        "ja": {
          "title": "猫にとっては不思議なことだが、我々にとっては恐ろしいことだ。"
        },
        "zh-Hans": {
          "title": "对猫来说很好奇......对我们来说很可怕。"
        },
        "zh-Hant": {
          "title": "對貓來說很好奇......對我們來說很可怕。"
        }
      },
      "tags": [
        "funny"
      ],
      "authors": [
        {
          "name": "supermanistaken",
          "url": "https://old.reddit.com/user/supermanistaken"
        }
      ],
      "_links": [
        {
          "url": "https://old.reddit.com/r/funny/comments/w1w4tw/curious_for_cat_terrifying_for_us/",
          "name": "&uarr;77845 votes"
        }
      ],
      "image": "https://external-preview.redd.it/HHzH6DxuVdAfvpIeeWIBqG5bE_mOBwURRukCaDzgpNQ.png?width=640&amp;crop=smart&amp;format=pjpg&amp;auto=webp&amp;s=fdab82d4f994bc443e3ead619ff700f40d1de8e2",
      "_video": {
        "sources": [
          {
            "url": "https://v.redd.it/b7777tv72bc91/DASH_1080.mp4?source=fallback"
          }
        ],
        "width": 607,
        "height": 1080,
        "poster": "https://external-preview.redd.it/HHzH6DxuVdAfvpIeeWIBqG5bE_mOBwURRukCaDzgpNQ.png?width=640&amp;crop=smart&amp;format=pjpg&amp;auto=webp&amp;s=fdab82d4f994bc443e3ead619ff700f40d1de8e2"
      }
    },
    "2022_07_21_en_reddit_reddit__r--antiwork--comments--w43htj--im_still_in_shock": {
      "id": "2022_07_21_en_reddit_reddit__r--antiwork--comments--w43htj--im_still_in_shock",
      "url": "https://old.reddit.com/r/antiwork/comments/w43htj/im_still_in_shock/",
      "date_published": "2022-07-21T08:27:55.000Z",
      "date_modified": "2022-07-21T08:27:55.000Z",
      "_original_published": "2022-07-21T01:27:23.000Z",
      "_original_language": "en",
      "_translations": {
        "en": {
          "title": "I’m still in shock.."
        },
        "ja": {
          "title": "まだショックが残っています。"
        },
        "zh-Hans": {
          "title": "我还在震惊中..."
        },
        "zh-Hant": {
          "title": "我還在震驚中..."
        }
      },
      "tags": [
        "antiwork"
      ],
      "authors": [
        {
          "name": "ScooterBobb",
          "url": "https://old.reddit.com/user/ScooterBobb"
        }
      ],
      "_links": [
        {
          "url": "https://old.reddit.com/r/antiwork/comments/w43htj/im_still_in_shock/",
          "name": "&uarr;77710 votes"
        }
      ],
      "image": "https://preview.redd.it/ves7qndjqtc91.jpg?width=640&amp;crop=smart&amp;auto=webp&amp;s=7bdfa0c9b91e57686f30d9270a712380af7e5f55"
    },
    "2022_07_15_en_reddit_reddit__r--FunnyAnimals--comments--vzmcwo--he_can_do_anything": {
      "id": "2022_07_15_en_reddit_reddit__r--FunnyAnimals--comments--vzmcwo--he_can_do_anything",
      "url": "https://old.reddit.com/r/FunnyAnimals/comments/vzmcwo/he_can_do_anything/",
      "date_published": "2022-07-15T19:11:32.000Z",
      "date_modified": "2022-07-15T19:11:32.000Z",
      "_original_published": "2022-07-15T11:27:47.000Z",
      "_original_language": "en",
      "_translations": {
        "en": {
          "title": "He can do anything"
        },
        "ja": {
          "title": "彼は何でもできる"
        },
        "zh-Hans": {
          "title": "他可以做任何事情"
        },
        "zh-Hant": {
          "title": "他可以做任何事情"
        }
      },
      "tags": [
        "FunnyAnimals"
      ],
      "authors": [
        {
          "name": "Nameless_dread_13",
          "url": "https://old.reddit.com/user/Nameless_dread_13"
        }
      ],
      "_links": [
        {
          "url": "https://old.reddit.com/r/FunnyAnimals/comments/vzmcwo/he_can_do_anything/",
          "name": "&uarr;77686 votes"
        }
      ],
      "image": "https://preview.redd.it/lh812566wpb91.jpg?width=1080&amp;crop=smart&amp;auto=webp&amp;s=6e30ef0c41a3cfead24533176aa1efe5564c31bc"
    },
    "2022_07_19_en_reddit_reddit__r--me_irl--comments--w2rfh7--me_irl": {
      "id": "2022_07_19_en_reddit_reddit__r--me_irl--comments--w2rfh7--me_irl",
      "url": "https://old.reddit.com/r/me_irl/comments/w2rfh7/me_irl/",
      "date_published": "2022-07-20T01:46:38.000Z",
      "date_modified": "2022-07-20T01:46:38.000Z",
      "_original_published": "2022-07-19T12:22:10.000Z",
      "_original_language": "en",
      "_translations": {
        "en": {
          "title": "me_irl"
        },
        "ja": {
          "title": "ミーハー"
        },
        "zh-Hans": {
          "title": "我_女孩"
        },
        "zh-Hant": {
          "title": "我_女孩"
        }
      },
      "tags": [
        "me_irl"
      ],
      "authors": [
        {
          "name": "rwxdan",
          "url": "https://old.reddit.com/user/rwxdan"
        }
      ],
      "_links": [
        {
          "url": "https://old.reddit.com/r/me_irl/comments/w2rfh7/me_irl/",
          "name": "&uarr;77610 votes"
        }
      ],
      "image": "https://preview.redd.it/dh3mrvzhpic91.png?width=640&amp;crop=smart&amp;auto=webp&amp;s=fa4a99b6fb04833f6482a1fb880d839911c28bb5"
    },
    "2022_07_18_en_reddit_reddit__r--wholesomememes--comments--w2bly7--relatable": {
      "id": "2022_07_18_en_reddit_reddit__r--wholesomememes--comments--w2bly7--relatable",
      "url": "https://old.reddit.com/r/wholesomememes/comments/w2bly7/relatable/",
      "date_published": "2022-07-19T06:45:04.000Z",
      "date_modified": "2022-07-19T06:45:04.000Z",
      "_original_published": "2022-07-18T22:04:11.000Z",
      "_original_language": "en",
      "_translations": {
        "en": {
          "title": "relatable :)"
        },
        "ja": {
          "title": "親近感）"
        },
        "zh-Hans": {
          "title": "亲切的 :)"
        },
        "zh-Hant": {
          "title": "親切的 :)"
        }
      },
      "tags": [
        "wholesomememes"
      ],
      "authors": [
        {
          "name": "Sweet_guy9",
          "url": "https://old.reddit.com/user/Sweet_guy9"
        }
      ],
      "_links": [
        {
          "url": "https://old.reddit.com/r/wholesomememes/comments/w2bly7/relatable/",
          "name": "&uarr;77479 votes"
        }
      ],
      "image": "https://preview.redd.it/lzrrwo1ggec91.gif?width=320&amp;crop=smart&amp;format=png8&amp;s=2aa847d252e6172825718ada13087b9e94eaa59d",
      "_video": {
        "sources": [
          {
            "url": "https://preview.redd.it/lzrrwo1ggec91.gif?format=mp4&amp;s=e0a3ec9bccdc86a555bf8323e87c4c2b3978b1ec"
          }
        ],
        "width": 418,
        "height": 418,
        "poster": "https://preview.redd.it/lzrrwo1ggec91.gif?width=320&amp;crop=smart&amp;format=png8&amp;s=2aa847d252e6172825718ada13087b9e94eaa59d"
      }
    }
  }
}
