{
  "meta": {
    "name": "meirl"
  },
  "items": {
    "2022_08_08_en_reddit_reddit__r--me_irl--comments--wjeuxs--me_irl": {
      "id": "2022_08_08_en_reddit_reddit__r--me_irl--comments--wjeuxs--me_irl",
      "url": "https://old.reddit.com/r/me_irl/comments/wjeuxs/me_irl/",
      "date_published": "2022-08-09T11:26:50.000Z",
      "date_modified": "2022-08-09T11:26:50.000Z",
      "_original_published": "2022-08-08T17:33:15.000Z",
      "_original_language": "en",
      "_translations": {
        "en": {
          "title": "me_irl"
        },
        "ja": {
          "title": "ミーハー"
        },
        "zh-Hans": {
          "title": "我_女孩"
        },
        "zh-Hant": {
          "title": "我_女孩"
        }
      },
      "tags": [
        "me_irl"
      ],
      "authors": [
        {
          "name": "voxapins_",
          "url": "https://old.reddit.com/user/voxapins_"
        }
      ],
      "_links": [
        {
          "url": "https://old.reddit.com/r/me_irl/comments/wjeuxs/me_irl/",
          "name": "&uarr;75190 votes"
        }
      ],
      "image": "https://preview.redd.it/5wfg7lm9zig91.jpg?width=320&amp;crop=smart&amp;auto=webp&amp;s=d90ab74fb6d5fce4c4c1fd019ed23506a710e8c3"
    },
    "2022_08_06_en_reddit_reddit__r--meirl--comments--whd1mh--me_irl": {
      "id": "2022_08_06_en_reddit_reddit__r--meirl--comments--whd1mh--me_irl",
      "url": "https://old.reddit.com/r/meirl/comments/whd1mh/me_irl/",
      "date_published": "2022-08-06T18:37:34.000Z",
      "date_modified": "2022-08-06T18:37:34.000Z",
      "_original_published": "2022-08-06T02:20:43.000Z",
      "_original_language": "en",
      "_translations": {
        "en": {
          "title": "me_irl"
        },
        "ja": {
          "title": "ミーハー"
        },
        "zh-Hans": {
          "title": "我_女孩"
        },
        "zh-Hant": {
          "title": "我_女孩"
        }
      },
      "tags": [
        "meirl"
      ],
      "authors": [
        {
          "name": "AmazingIce6215",
          "url": "https://old.reddit.com/user/AmazingIce6215"
        }
      ],
      "_links": [
        {
          "url": "https://old.reddit.com/r/meirl/comments/whd1mh/me_irl/",
          "name": "&uarr;75890 votes"
        }
      ],
      "image": "https://preview.redd.it/ko7xsqam60g91.jpg?width=320&amp;crop=smart&amp;auto=webp&amp;s=85e5775b823d87b7230bbb7aa5765bb6047578cf"
    },
    "2022_06_06_en_reddit_reddit__r--meirl--comments--v60vs2--meirl": {
      "id": "2022_06_06_en_reddit_reddit__r--meirl--comments--v60vs2--meirl",
      "url": "https://old.reddit.com/r/meirl/comments/v60vs2/meirl/",
      "date_published": "2022-06-07T03:48:26.000Z",
      "date_modified": "2022-06-07T03:48:26.000Z",
      "_original_published": "2022-06-06T11:01:32.000Z",
      "_original_language": "en",
      "_translations": {
        "en": {
          "title": "meirl"
        },
        "ja": {
          "title": "ミール"
        },
        "zh-Hans": {
          "title": "我的女孩"
        },
        "zh-Hant": {
          "title": "我的女孩"
        }
      },
      "tags": [
        "meirl"
      ],
      "authors": [
        {
          "name": "americanthaiguy",
          "url": "https://old.reddit.com/user/americanthaiguy"
        }
      ],
      "_links": [
        {
          "url": "https://old.reddit.com/r/meirl/comments/v60vs2/meirl/",
          "name": "&uarr;75324 votes"
        }
      ],
      "image": "https://preview.redd.it/n130334yfz391.jpg?width=640&amp;crop=smart&amp;auto=webp&amp;s=1b24a57a102c6b8090fca8cd7936219091a7306a"
    },
    "2022_05_16_en_reddit_reddit__r--meirl--comments--uqn8wr--meirl": {
      "id": "2022_05_16_en_reddit_reddit__r--meirl--comments--uqn8wr--meirl",
      "url": "https://old.reddit.com/r/meirl/comments/uqn8wr/meirl/",
      "date_published": "2022-05-16T18:26:50.000Z",
      "date_modified": "2022-05-16T18:26:50.000Z",
      "_original_published": "2022-05-16T04:06:03.000Z",
      "_original_language": "en",
      "_translations": {
        "en": {
          "title": "meirl"
        },
        "ja": {
          "title": "ミール"
        },
        "zh-Hans": {
          "title": "我的女孩"
        },
        "zh-Hant": {
          "title": "我的女孩"
        }
      },
      "tags": [
        "meirl"
      ],
      "authors": [
        {
          "name": "TwasAnChild",
          "url": "https://old.reddit.com/user/TwasAnChild"
        }
      ],
      "_links": [
        {
          "url": "https://old.reddit.com/r/meirl/comments/uqn8wr/meirl/",
          "name": "&uarr;75522 votes"
        }
      ],
      "image": "https://preview.redd.it/5u1ha4goirz81.jpg?width=1080&amp;crop=smart&amp;auto=webp&amp;s=102c1132e29c078a7cb4da5e202d87b0560673a0"
    },
    "2022_04_07_en_reddit_reddit__r--meirl--comments--ty8mpe--meirl": {
      "id": "2022_04_07_en_reddit_reddit__r--meirl--comments--ty8mpe--meirl",
      "url": "https://old.reddit.com/r/meirl/comments/ty8mpe/meirl/",
      "date_published": "2022-04-07T21:18:43.000Z",
      "date_modified": "2022-04-07T21:18:43.000Z",
      "_original_published": "2022-04-07T08:43:59.000Z",
      "_original_language": "en",
      "_translations": {
        "en": {
          "title": "meirl"
        },
        "ja": {
          "title": "ミール"
        },
        "zh-Hans": {
          "title": "我的女孩"
        },
        "zh-Hant": {
          "title": "我的女孩"
        }
      },
      "tags": [
        "meirl"
      ],
      "authors": [
        {
          "name": "kuroi_sny",
          "url": "https://old.reddit.com/user/kuroi_sny"
        }
      ],
      "_links": [
        {
          "url": "https://old.reddit.com/r/meirl/comments/ty8mpe/meirl/",
          "name": "&uarr;76563 votes"
        }
      ],
      "image": "https://preview.redd.it/miaebkkpk2s81.png?width=640&amp;crop=smart&amp;auto=webp&amp;s=c97902d5a3efd3c8121e79068697230195d4b097"
    },
    "2021_12_06_en_reddit_reddit__r--me_irl--comments--ra7i8i--me_irl": {
      "id": "2021_12_06_en_reddit_reddit__r--me_irl--comments--ra7i8i--me_irl",
      "url": "https://old.reddit.com/r/me_irl/comments/ra7i8i/me_irl/",
      "date_published": "2021-12-07T08:55:42.000Z",
      "date_modified": "2021-12-07T08:55:42.000Z",
      "_original_published": "2021-12-06T13:39:43.000Z",
      "_original_language": "en",
      "_translations": {
        "en": {
          "title": "Me_irl"
        },
        "ja": {
          "title": "Me_Girl"
        },
        "zh-Hans": {
          "title": "我_女孩"
        },
        "zh-Hant": {
          "title": "我_女孩"
        }
      },
      "tags": [
        "me_irl"
      ],
      "authors": [
        {
          "name": "SeasonTechnical1256",
          "url": "https://old.reddit.com/user/SeasonTechnical1256"
        }
      ],
      "_links": [
        {
          "url": "https://old.reddit.com/r/me_irl/comments/ra7i8i/me_irl/",
          "name": "&uarr;75045 votes"
        }
      ],
      "image": "https://preview.redd.it/yrmy5q89ex381.jpg?width=640&amp;crop=smart&amp;auto=webp&amp;s=aeadce4ddfb45c601afa103643937b915025655f"
    },
    "2021_11_19_en_reddit_reddit__r--me_irl--comments--qxeadb--meirl": {
      "id": "2021_11_19_en_reddit_reddit__r--me_irl--comments--qxeadb--meirl",
      "url": "https://old.reddit.com/r/me_irl/comments/qxeadb/meirl/",
      "date_published": "2021-11-20T02:05:30.000Z",
      "date_modified": "2021-11-20T02:05:30.000Z",
      "_original_published": "2021-11-19T11:29:21.000Z",
      "_original_language": "en",
      "_translations": {
        "en": {
          "title": "me@irl"
        },
        "ja": {
          "title": "私"
        },
        "zh-Hans": {
          "title": "me@irl"
        },
        "zh-Hant": {
          "title": "me@irl"
        }
      },
      "tags": [
        "me_irl"
      ],
      "authors": [
        {
          "name": "Keyboard_North",
          "url": "https://old.reddit.com/user/Keyboard_North"
        }
      ],
      "_links": [
        {
          "url": "https://old.reddit.com/r/me_irl/comments/qxeadb/meirl/",
          "name": "&uarr;75462 votes"
        }
      ],
      "image": "https://preview.redd.it/jd1kw0e5fj081.jpg?width=320&crop=smart&auto=webp&s=20c8aaf572b7fe756ff3b911755a21692301dff4"
    },
    "2021_10_20_en_reddit_reddit__r--me_irl--comments--qbwyd3--me_irl": {
      "id": "2021_10_20_en_reddit_reddit__r--me_irl--comments--qbwyd3--me_irl",
      "url": "https://old.reddit.com/r/me_irl/comments/qbwyd3/me_irl/",
      "date_published": "2021-10-20T21:26:36.000Z",
      "date_modified": "2021-10-20T21:26:36.000Z",
      "_original_published": "2021-10-20T09:30:03.000Z",
      "_original_language": "en",
      "_translations": {
        "en": {
          "title": "me_irl"
        },
        "ja": {
          "title": "me_girl"
        },
        "zh-Hans": {
          "title": "我_女孩"
        },
        "zh-Hant": {
          "title": "我_女孩"
        }
      },
      "tags": [
        "me_irl"
      ],
      "authors": [
        {
          "name": "Master_Le_Monke",
          "url": "https://old.reddit.com/user/Master_Le_Monke"
        }
      ],
      "_links": [
        {
          "url": "https://old.reddit.com/r/me_irl/comments/qbwyd3/me_irl/",
          "name": "&uarr;75600 votes"
        }
      ],
      "image": "https://external-preview.redd.it/Z1YaOMjptxGsq4XZYIRoupNSYFGsdE4srB8-nlvOVwc.png?width=320&crop=smart&format=pjpg&auto=webp&s=e9eecffd5a7fdeaa279bd02fd872e205e26bcae3",
      "_video": {
        "sources": [
          {
            "url": "https://v.redd.it/vplshrkvqku71/DASH_720.mp4?source=fallback"
          }
        ],
        "width": 405,
        "height": 720,
        "poster": "https://external-preview.redd.it/Z1YaOMjptxGsq4XZYIRoupNSYFGsdE4srB8-nlvOVwc.png?width=320&crop=smart&format=pjpg&auto=webp&s=e9eecffd5a7fdeaa279bd02fd872e205e26bcae3"
      }
    }
  }
}
