{
  "meta": {
    "name": "MovieDetails"
  },
  "items": {
    "2020_11_16_en_reddit_reddit__r--MovieDetails--comments--jurvyw--for_the_dodgeball_scene_of_billy_madison_1995": {
      "id": "2020_11_16_en_reddit_reddit__r--MovieDetails--comments--jurvyw--for_the_dodgeball_scene_of_billy_madison_1995",
      "url": "https://old.reddit.com/r/MovieDetails/comments/jurvyw/for_the_dodgeball_scene_of_billy_madison_1995/",
      "date_published": "2020-11-16T18:24:29.000Z",
      "date_modified": "2020-11-16T18:24:29.000Z",
      "_original_published": "2020-11-16T18:24:29.000Z",
      "_original_language": "en",
      "_translations": {
        "en": {
          "title": "For the dodgeball scene of Billy Madison (1995), Adam was really hitting the kids as hard as he could, because \"hurting kids is funny\". The director cut right before they started crying. Some of the parents got upset with him."
        },
        "zh-Hans": {
          "title": "在比利·麦迪逊(1995)的躲避球场景中，亚当真的是尽其所能地打孩子们，因为“伤害孩子很有趣”。就在他们开始哭之前，导演剪了片子。一些家长对他感到不安。"
        },
        "zh-Hant": {
          "title": "在比利·麥迪遜(1995)的躲避球場景中，亞當真的是盡其所能地打孩子們，因為“傷害孩子很有趣”。就在他們開始哭之前，導演剪了片子。壹些家長對他感到不安。"
        }
      },
      "tags": [
        "MovieDetails"
      ],
      "authors": [
        {
          "name": "klsi832",
          "url": "https://old.reddit.com/user/klsi832"
        }
      ],
      "_links": [
        {
          "url": "https://old.reddit.com/r/MovieDetails/comments/jurvyw/for_the_dodgeball_scene_of_billy_madison_1995/",
          "name": "&uarr;68445 votes"
        }
      ],
      "image": "https://preview.redd.it/24vb7t5yhgz51.png?width=640&crop=smart&auto=webp&s=58a81b5c43e09b8b8f5bae5d182b4e3cf92eb238"
    }
  }
}
