{
  "id": "2022_05_17_en_reddit_reddit__r--funny--comments--uros90--i_hate_planks",
  "url": "https://old.reddit.com/r/funny/comments/uros90/i_hate_planks/",
  "date_published": "2022-05-17T22:01:32.000Z",
  "date_modified": "2022-05-17T22:01:32.000Z",
  "_original_published": "2022-05-17T15:19:35.000Z",
  "_original_language": "en",
  "_translations": {
    "en": {
      "title": "I hate planks"
    },
    "ja": {
      "title": "プランク嫌い"
    },
    "zh-Hans": {
      "title": "我讨厌木板"
    },
    "zh-Hant": {
      "title": "我討厭木板"
    }
  },
  "tags": [
    "funny"
  ],
  "authors": [
    {
      "name": "ManagerOfLove",
      "url": "https://old.reddit.com/user/ManagerOfLove"
    }
  ],
  "_links": [
    {
      "url": "https://old.reddit.com/r/funny/comments/uros90/i_hate_planks/",
      "name": "&uarr;75251 votes"
    }
  ],
  "image": "https://external-preview.redd.it/093NY5tQhI36kr-As81MOc939xIOao6AaX8PhY2bdkg.png?width=640&amp;crop=smart&amp;format=pjpg&amp;auto=webp&amp;s=ccf65bf960ad8c7bfe4ab500693593a6addbe635",
  "_video": {
    "sources": [
      {
        "url": "https://v.redd.it/zup3kcwqz1091/DASH_1080.mp4?source=fallback"
      }
    ],
    "width": 596,
    "height": 1080,
    "poster": "https://external-preview.redd.it/093NY5tQhI36kr-As81MOc939xIOao6AaX8PhY2bdkg.png?width=640&amp;crop=smart&amp;format=pjpg&amp;auto=webp&amp;s=ccf65bf960ad8c7bfe4ab500693593a6addbe635"
  }
}
