{
  "id": "2022_05_17_en_reddit_reddit__r--aww--comments--urtusn--tiny_floof_with_tiny_claws",
  "url": "https://old.reddit.com/r/aww/comments/urtusn/tiny_floof_with_tiny_claws/",
  "date_published": "2022-05-18T15:45:33.000Z",
  "date_modified": "2022-05-18T15:45:33.000Z",
  "_original_published": "2022-05-17T19:11:21.000Z",
  "_original_language": "en",
  "_translations": {
    "en": {
      "title": "Tiny floof with tiny claws"
    },
    "ja": {
      "title": "小さな爪の小さなフーフー"
    },
    "zh-Hans": {
      "title": "有小爪子的小花猫"
    },
    "zh-Hant": {
      "title": "有小爪子的小花貓"
    }
  },
  "tags": [
    "aww"
  ],
  "authors": [
    {
      "name": "orchid_breeder",
      "url": "https://old.reddit.com/user/orchid_breeder"
    }
  ],
  "_links": [
    {
      "url": "https://old.reddit.com/r/aww/comments/urtusn/tiny_floof_with_tiny_claws/",
      "name": "&uarr;75241 votes"
    }
  ],
  "image": "https://preview.redd.it/odmb8zu353091.jpg?width=1080&amp;crop=smart&amp;auto=webp&amp;s=8f881e3a446bc313424ad65829fed6bb85acd617"
}
