{
  "id": "2022_05_17_en_reddit_reddit__r--aww--comments--urm2yb--oc_im_a_volunteer_animal_shelter_photographer",
  "url": "https://old.reddit.com/r/aww/comments/urm2yb/oc_im_a_volunteer_animal_shelter_photographer/",
  "date_published": "2022-05-17T22:01:32.000Z",
  "date_modified": "2022-05-17T22:01:32.000Z",
  "_original_published": "2022-05-17T13:08:21.000Z",
  "_original_language": "en",
  "_translations": {
    "en": {
      "title": "[OC] I’m a volunteer animal shelter photographer. Black dogs are often the last to be adopted, so I try to make sure that every black dog in the shelter gets a good photograph!"
    },
    "ja": {
      "title": "[OC] ボランティアでアニマルシェルターの写真家をしています。黒い犬は最後に引き取られることが多いので、シェルターにいるすべての黒い犬が良い写真を撮れるように心がけています！」。"
    },
    "zh-Hans": {
      "title": "[OC] 我是一名志愿的动物收容所摄影师。黑狗往往是最后被收养的，所以我努力确保收容所里的每只黑狗都能得到一张好照片"
    },
    "zh-Hant": {
      "title": "[OC] 我是一名志願的動物收容所攝影師。黑狗往往是最後被收養的，所以我努力確保收容所裏的每隻黑狗都能得到一張好照片"
    }
  },
  "tags": [
    "aww"
  ],
  "authors": [
    {
      "name": "magpiephotos",
      "url": "https://old.reddit.com/user/magpiephotos"
    }
  ],
  "_links": [
    {
      "url": "https://old.reddit.com/r/aww/comments/urm2yb/oc_im_a_volunteer_animal_shelter_photographer/",
      "name": "&uarr;75340 votes"
    }
  ]
}
