{
  "id": "2022_05_17_en_reddit_reddit__r--interestingasfuck--comments--ur9zl2--a_ring_that_once_belonged_to_roman_emperor",
  "url": "https://old.reddit.com/r/interestingasfuck/comments/ur9zl2/a_ring_that_once_belonged_to_roman_emperor/",
  "date_published": "2022-05-17T13:55:02.000Z",
  "date_modified": "2022-05-17T13:55:02.000Z",
  "_original_published": "2022-05-17T00:18:16.000Z",
  "_original_language": "en",
  "_translations": {
    "en": {
      "title": "A ring that once belonged to Roman emperor Caligula. The blue part was carved from a single sapphire."
    },
    "ja": {
      "title": "かつてローマ皇帝カリグラが所有していた指輪。T"
    },
    "zh-Hans": {
      "title": "一枚曾经属于罗马皇帝卡里古拉的戒指。蓝色部分是由一颗蓝宝石雕刻而成。"
    },
    "zh-Hant": {
      "title": "一枚曾經屬於羅馬皇帝卡里古拉的戒指。藍色部分是由一顆藍寶石雕刻而成。"
    }
  },
  "tags": [
    "interestingasfuck"
  ],
  "authors": [
    {
      "name": "AlphaWolfKane",
      "url": "https://old.reddit.com/user/AlphaWolfKane"
    }
  ],
  "_links": [
    {
      "url": "https://old.reddit.com/r/interestingasfuck/comments/ur9zl2/a_ring_that_once_belonged_to_roman_emperor/",
      "name": "&uarr;76510 votes"
    }
  ],
  "image": "https://preview.redd.it/hna0t8eyixz81.jpg?width=640&amp;crop=smart&amp;auto=webp&amp;s=b0f5f7097ceae8c73eef9e80469a5824472a5dc9"
}
