{
  "id": "2022_05_17_en_reddit_reddit__r--Unexpected--comments--urg1k2--uno_reverse_card",
  "url": "https://old.reddit.com/r/Unexpected/comments/urg1k2/uno_reverse_card/",
  "date_published": "2022-05-17T18:31:29.000Z",
  "date_modified": "2022-05-17T18:31:29.000Z",
  "_original_published": "2022-05-17T06:17:18.000Z",
  "_original_language": "en",
  "_translations": {
    "en": {
      "title": "uno reverse card"
    },
    "ja": {
      "title": "ウノリバースカード"
    },
    "zh-Hans": {
      "title": "uno反向卡"
    },
    "zh-Hant": {
      "title": "uno反向卡"
    }
  },
  "tags": [
    "Unexpected"
  ],
  "authors": [
    {
      "name": "v4vanky",
      "url": "https://old.reddit.com/user/v4vanky"
    }
  ],
  "_links": [
    {
      "url": "https://old.reddit.com/r/Unexpected/comments/urg1k2/uno_reverse_card/",
      "name": "&uarr;75766 votes"
    }
  ],
  "image": "https://external-preview.redd.it/Uos54fXDfL53UGvlSHAoVSqU-9y_Wb0ntLKuNZAysEA.png?width=320&amp;crop=smart&amp;format=pjpg&amp;auto=webp&amp;s=8d2206e7cf73cc192e45be999b86acda7d5d4bcb",
  "_video": {
    "sources": [
      {
        "url": "https://v.redd.it/9g1gihe0bzz81/DASH_480.mp4?source=fallback"
      }
    ],
    "width": 405,
    "height": 480,
    "poster": "https://external-preview.redd.it/Uos54fXDfL53UGvlSHAoVSqU-9y_Wb0ntLKuNZAysEA.png?width=320&amp;crop=smart&amp;format=pjpg&amp;auto=webp&amp;s=8d2206e7cf73cc192e45be999b86acda7d5d4bcb"
  }
}
