{
  "id": "2022_05_17_en_reddit_reddit__r--oddlyterrifying--comments--urgvoo--filters_recognized_these_three_holes_as_a_face",
  "url": "https://old.reddit.com/r/oddlyterrifying/comments/urgvoo/filters_recognized_these_three_holes_as_a_face/",
  "date_published": "2022-05-17T18:56:18.000Z",
  "date_modified": "2022-05-17T18:56:18.000Z",
  "_original_published": "2022-05-17T07:17:49.000Z",
  "_original_language": "en",
  "_translations": {
    "en": {
      "title": "Filters recognized these three holes as a face..."
    },
    "ja": {
      "title": "フィルターは、この3つの穴を顔として認識し......。"
    },
    "zh-Hans": {
      "title": "过滤器认出这三个孔是一张脸..."
    },
    "zh-Hant": {
      "title": "過濾器認出這三個孔是一張臉..."
    }
  },
  "tags": [
    "oddlyterrifying"
  ],
  "authors": [
    {
      "name": "Ciarellirl",
      "url": "https://old.reddit.com/user/Ciarellirl"
    }
  ],
  "_links": [
    {
      "url": "https://old.reddit.com/r/oddlyterrifying/comments/urgvoo/filters_recognized_these_three_holes_as_a_face/",
      "name": "&uarr;75011 votes"
    }
  ],
  "image": "https://preview.redd.it/293bvbpnlzz81.gif?width=320&amp;crop=smart&amp;format=png8&amp;s=91a9adf2cd802847bc1efa7a56b23f704bfe4b10",
  "_video": {
    "sources": [
      {
        "url": "https://preview.redd.it/293bvbpnlzz81.gif?format=mp4&amp;s=66a5937f251a6a518838e782aadd622167206b87"
      }
    ],
    "width": 526,
    "height": 772,
    "poster": "https://preview.redd.it/293bvbpnlzz81.gif?width=320&amp;crop=smart&amp;format=png8&amp;s=91a9adf2cd802847bc1efa7a56b23f704bfe4b10"
  }
}
