{
  "id": "2022_05_17_en_reddit_reddit__r--nextfuckinglevel--comments--urssgj--the_worlds_largest_floating_crane_hyundai_10000",
  "url": "https://old.reddit.com/r/nextfuckinglevel/comments/urssgj/the_worlds_largest_floating_crane_hyundai_10000/",
  "date_published": "2022-05-18T04:47:35.000Z",
  "date_modified": "2022-05-18T04:47:35.000Z",
  "_original_published": "2022-05-17T18:21:59.000Z",
  "_original_language": "en",
  "_translations": {
    "en": {
      "title": "The world's largest floating crane Hyundai 10000 carrying a giant ship"
    },
    "ja": {
      "title": "世界最大の浮体式クレーン「ヒュンダイ10000」が巨大船を運ぶ"
    },
    "zh-Hans": {
      "title": "世界上最大的浮式起重机现代10000型承载着一艘巨轮"
    },
    "zh-Hant": {
      "title": "世界上最大的浮式起重機現代10000型承載着一艘巨輪"
    }
  },
  "tags": [
    "nextfuckinglevel"
  ],
  "authors": [
    {
      "name": "Life_Pomegranate_845",
      "url": "https://old.reddit.com/user/Life_Pomegranate_845"
    }
  ],
  "_links": [
    {
      "url": "https://old.reddit.com/r/nextfuckinglevel/comments/urssgj/the_worlds_largest_floating_crane_hyundai_10000/",
      "name": "&uarr;76947 votes"
    }
  ],
  "image": "https://external-preview.redd.it/e4yj3clUHokOhwcdHiQwcV4mwhA6CBE5CrJRYVmdxPs.png?width=320&amp;crop=smart&amp;format=pjpg&amp;auto=webp&amp;s=a291006963ecaa7b32258ea2e495d5a5f9033ce3",
  "_video": {
    "sources": [
      {
        "url": "https://v.redd.it/jchm3u89w2091/DASH_240.mp4?source=fallback"
      }
    ],
    "width": 238,
    "height": 240,
    "poster": "https://external-preview.redd.it/e4yj3clUHokOhwcdHiQwcV4mwhA6CBE5CrJRYVmdxPs.png?width=320&amp;crop=smart&amp;format=pjpg&amp;auto=webp&amp;s=a291006963ecaa7b32258ea2e495d5a5f9033ce3"
  }
}
