{
  "id": "2022_05_17_en_reddit_reddit__r--MadeMeSmile--comments--urqykz--worker_with_the_clutch_assist",
  "url": "https://old.reddit.com/r/MadeMeSmile/comments/urqykz/worker_with_the_clutch_assist/",
  "date_published": "2022-05-17T23:13:48.000Z",
  "date_modified": "2022-05-17T23:13:48.000Z",
  "_original_published": "2022-05-17T16:59:45.000Z",
  "_original_language": "en",
  "_translations": {
    "en": {
      "title": "Worker with the clutch assist"
    },
    "ja": {
      "title": "クラッチアシストで働く人"
    },
    "zh-Hans": {
      "title": "带有离合器辅助装置的工人"
    },
    "zh-Hant": {
      "title": "帶有離合器輔助裝置的工人"
    }
  },
  "tags": [
    "MadeMeSmile"
  ],
  "authors": [
    {
      "name": "Palifaith",
      "url": "https://old.reddit.com/user/Palifaith"
    }
  ],
  "_links": [
    {
      "url": "https://old.reddit.com/r/MadeMeSmile/comments/urqykz/worker_with_the_clutch_assist/",
      "name": "&uarr;76210 votes"
    }
  ],
  "image": "https://preview.redd.it/l1vg1qpmh2091.jpg?width=1080&amp;crop=smart&amp;auto=webp&amp;s=e0212dc6880025bf048672a63b99bd3d639d9617"
}
