{
  "id": "2022_05_17_en_reddit_reddit__r--funny--comments--urao0n--theres_a_yard_sale",
  "url": "https://old.reddit.com/r/funny/comments/urao0n/theres_a_yard_sale/",
  "date_published": "2022-05-17T11:23:22.000Z",
  "date_modified": "2022-05-17T11:23:22.000Z",
  "_original_published": "2022-05-17T00:55:23.000Z",
  "_original_language": "en",
  "_translations": {
    "en": {
      "title": "There’s a yard sale!"
    },
    "ja": {
      "title": "ヤードセールがあるんだ！"
    },
    "zh-Hans": {
      "title": "有一个旧货市场!"
    },
    "zh-Hant": {
      "title": "有一箇舊貨市場!"
    }
  },
  "tags": [
    "funny"
  ],
  "authors": [
    {
      "name": "SupermanRR1980",
      "url": "https://old.reddit.com/user/SupermanRR1980"
    }
  ],
  "_links": [
    {
      "url": "https://old.reddit.com/r/funny/comments/urao0n/theres_a_yard_sale/",
      "name": "&uarr;75401 votes"
    }
  ],
  "image": "https://preview.redd.it/bm5xgqtkpxz81.jpg?width=1080&amp;crop=smart&amp;auto=webp&amp;s=d1f1538ac67f430a7a39b53ed41eef8caacbd38e"
}
