{
  "id": "2022_05_17_en_reddit_reddit__r--antiwork--comments--urx1l3--hot_take_that_needs_to_be_said",
  "url": "https://old.reddit.com/r/antiwork/comments/urx1l3/hot_take_that_needs_to_be_said/",
  "date_published": "2022-05-18T15:21:45.000Z",
  "date_modified": "2022-05-18T15:21:45.000Z",
  "_original_published": "2022-05-17T21:36:00.000Z",
  "_original_language": "en",
  "_translations": {
    "en": {
      "title": "Hot take that needs to be said"
    },
    "ja": {
      "title": "言うべきことは言うホットテイク"
    },
    "zh-Hans": {
      "title": "需要说的热门话题"
    },
    "zh-Hant": {
      "title": "需要說的熱門話題"
    }
  },
  "tags": [
    "antiwork"
  ],
  "authors": [
    {
      "name": "ADignifiedLife",
      "url": "https://old.reddit.com/user/ADignifiedLife"
    }
  ],
  "_links": [
    {
      "url": "https://old.reddit.com/r/antiwork/comments/urx1l3/hot_take_that_needs_to_be_said/",
      "name": "&uarr;75235 votes"
    }
  ],
  "image": "https://preview.redd.it/a2bkdqmtu3091.jpg?width=640&amp;crop=smart&amp;auto=webp&amp;s=d5b99301c335014058d6966439d75ec01cb0e61b"
}
