{
  "id": "2022_05_17_en_reddit_reddit__r--worldnews--comments--urjbc6--swedens_foreign_minister_signs_official_nato",
  "url": "https://old.reddit.com/r/worldnews/comments/urjbc6/swedens_foreign_minister_signs_official_nato/",
  "date_published": "2022-05-18T03:39:33.000Z",
  "date_modified": "2022-05-18T03:39:33.000Z",
  "_original_published": "2022-05-17T10:23:04.000Z",
  "_original_language": "en",
  "_translations": {
    "en": {
      "title": "Sweden's foreign minister signs official NATO membership application"
    },
    "ja": {
      "title": "スウェーデン外相、NATOへの正式加盟申請書に署名"
    },
    "zh-Hans": {
      "title": "瑞典外长签署正式的北约成员申请书"
    },
    "zh-Hant": {
      "title": "瑞典外長簽署正式的北約成員申請書"
    }
  },
  "tags": [
    "worldnews"
  ],
  "authors": [
    {
      "name": "Brann62",
      "url": "https://old.reddit.com/user/Brann62"
    }
  ],
  "_links": [
    {
      "url": "https://old.reddit.com/r/worldnews/comments/urjbc6/swedens_foreign_minister_signs_official_nato/",
      "name": "&uarr;75574 votes"
    }
  ],
  "image": "https://external-preview.redd.it/jttaQVPOE_8fY6wZS52gWVLe2uzXqLretkYdWg3k3dc.jpg?width=640&amp;crop=smart&amp;auto=webp&amp;s=f35d828c36fc9168279e32b22a90a639dd8d19ca"
}
