{
  "id": "2022_05_17_en_reddit_reddit__r--antiwork--comments--urlp70--leftists_are_going_to_make_your_life_better",
  "url": "https://old.reddit.com/r/antiwork/comments/urlp70/leftists_are_going_to_make_your_life_better/",
  "date_published": "2022-05-18T02:23:13.000Z",
  "date_modified": "2022-05-18T02:23:13.000Z",
  "_original_published": "2022-05-17T12:48:03.000Z",
  "_original_language": "en",
  "_translations": {
    "en": {
      "title": "Leftists are going to make your life better whether you like it or not"
    },
    "ja": {
      "title": "左翼は、あなたが好むと好まざるとにかかわらず、あなたの人生をより良くするつもりです。"
    },
    "zh-Hans": {
      "title": "无论你是否喜欢，左派都会让你的生活变得更好"
    },
    "zh-Hant": {
      "title": "無論你是否喜歡，左派都會讓你的生活變得更好"
    }
  },
  "tags": [
    "antiwork"
  ],
  "authors": [
    {
      "name": "RAR_Birdman",
      "url": "https://old.reddit.com/user/RAR_Birdman"
    }
  ],
  "_links": [
    {
      "url": "https://old.reddit.com/r/antiwork/comments/urlp70/leftists_are_going_to_make_your_life_better/",
      "name": "&uarr;75635 votes"
    }
  ],
  "image": "https://preview.redd.it/deqdxpnp81091.jpg?width=320&amp;crop=smart&amp;auto=webp&amp;s=d5fc154e61ebf400b864c7e1ee149d6fa769e54f"
}
