{
  "id": "2022_05_17_en_reddit_reddit__r--memes--comments--urf3ao--he_do_be_walkin",
  "url": "https://old.reddit.com/r/memes/comments/urf3ao/he_do_be_walkin/",
  "date_published": "2022-05-17T13:55:02.000Z",
  "date_modified": "2022-05-17T13:55:02.000Z",
  "_original_published": "2022-05-17T05:12:10.000Z",
  "_original_language": "en",
  "_translations": {
    "en": {
      "title": "He do be walkin"
    },
    "ja": {
      "title": "彼は歩いている"
    },
    "zh-Hans": {
      "title": "他确实在行走"
    },
    "zh-Hant": {
      "title": "他確實在行走"
    }
  },
  "tags": [
    "memes"
  ],
  "authors": [
    {
      "name": "itzkroyyy",
      "url": "https://old.reddit.com/user/itzkroyyy"
    }
  ],
  "_links": [
    {
      "url": "https://old.reddit.com/r/memes/comments/urf3ao/he_do_be_walkin/",
      "name": "&uarr;76992 votes"
    }
  ],
  "image": "https://preview.redd.it/9fscrqu8zyz81.gif?width=1080&amp;crop=smart&amp;format=png8&amp;s=dbef27c546cbc4ac656cf23c33a1d17ca9a9fd7c",
  "_video": {
    "sources": [
      {
        "url": "https://preview.redd.it/9fscrqu8zyz81.gif?format=mp4&amp;s=4aa6182a20360abf842007afdac6eaf72ae81720"
      }
    ],
    "width": 1248,
    "height": 1248,
    "poster": "https://preview.redd.it/9fscrqu8zyz81.gif?width=1080&amp;crop=smart&amp;format=png8&amp;s=dbef27c546cbc4ac656cf23c33a1d17ca9a9fd7c"
  }
}
