{
  "meta": {
    "name": "TikTokCringe"
  },
  "items": {
    "2021_02_23_en_reddit_reddit__r--TikTokCringe--comments--lqjo7r--built_different": {
      "id": "2021_02_23_en_reddit_reddit__r--TikTokCringe--comments--lqjo7r--built_different",
      "url": "https://old.reddit.com/r/TikTokCringe/comments/lqjo7r/built_different/",
      "date_published": "2021-02-24T02:52:19.000Z",
      "date_modified": "2021-02-24T02:52:19.000Z",
      "_original_published": "2021-02-23T14:30:01.000Z",
      "_original_language": "en",
      "_translations": {
        "en": {
          "title": "Built Different"
        },
        "zh-Hans": {
          "title": "建造不同的"
        },
        "zh-Hant": {
          "title": "建造不同的"
        }
      },
      "tags": [
        "TikTokCringe"
      ],
      "authors": [
        {
          "name": "sus_asf",
          "url": "https://old.reddit.com/user/sus_asf"
        }
      ],
      "_links": [
        {
          "url": "https://old.reddit.com/r/TikTokCringe/comments/lqjo7r/built_different/",
          "name": "&uarr;86776 votes"
        }
      ],
      "image": "https://external-preview.redd.it/1J21AkuA318cAVwXsy5W5a9ieMTb56AXsvEnBezusZE.png?width=320&crop=smart&format=pjpg&auto=webp&s=aef6acd7ff2b8eb944f756874554a83579e8d778",
      "_video": {
        "sources": [
          {
            "url": "https://v.redd.it/avjyi3vfm8j61/DASH_720.mp4?source=fallback"
          }
        ],
        "width": 405,
        "height": 720,
        "poster": "https://external-preview.redd.it/1J21AkuA318cAVwXsy5W5a9ieMTb56AXsvEnBezusZE.png?width=320&crop=smart&format=pjpg&auto=webp&s=aef6acd7ff2b8eb944f756874554a83579e8d778"
      }
    }
  }
}
