{
  "meta": {
    "name": "Bad_Cop_No_Donut"
  },
  "items": {
    "2020_11_28_en_reddit_reddit__r--Bad_Cop_No_Donut--comments--k2nf6k--they_never_even_gave_this_man_a_chance_to_comply": {
      "id": "2020_11_28_en_reddit_reddit__r--Bad_Cop_No_Donut--comments--k2nf6k--they_never_even_gave_this_man_a_chance_to_comply",
      "url": "https://old.reddit.com/r/Bad_Cop_No_Donut/comments/k2nf6k/they_never_even_gave_this_man_a_chance_to_comply/",
      "date_published": "2020-11-29T04:50:32.000Z",
      "date_modified": "2020-11-29T04:50:32.000Z",
      "_original_published": "2020-11-28T13:12:16.000Z",
      "_original_language": "en",
      "_translations": {
        "en": {
          "title": "They never even gave this man a chance to comply before gunning him down!"
        },
        "zh-Hans": {
          "title": "他们甚至没有给这个人一个机会在枪杀他之前顺从他！"
        },
        "zh-Hant": {
          "title": "他們甚至沒有給這個人壹個機會在槍殺他之前順從他！"
        }
      },
      "tags": [
        "Bad_Cop_No_Donut"
      ],
      "authors": [
        {
          "name": "benmeroff89",
          "url": "https://old.reddit.com/user/benmeroff89"
        }
      ],
      "_links": [
        {
          "url": "https://old.reddit.com/r/Bad_Cop_No_Donut/comments/k2nf6k/they_never_even_gave_this_man_a_chance_to_comply/",
          "name": "&uarr;87689 votes"
        }
      ],
      "image": "https://preview.redd.it/gfkpf1ncdz161.jpg?width=1080&crop=smart&auto=webp&s=28ba1da167f4e46bb848563d13cde718fe2ca456"
    }
  }
}
