{
  "id": "2022_05_28_en_reddit_reddit__r--news--comments--uzssqd--police_inaction_moves_to_center_of_uvalde",
  "url": "https://old.reddit.com/r/news/comments/uzssqd/police_inaction_moves_to_center_of_uvalde/",
  "date_published": "2022-05-29T10:32:08.000Z",
  "date_modified": "2022-05-29T10:32:08.000Z",
  "_original_published": "2022-05-28T18:07:11.000Z",
  "_original_language": "en",
  "_translations": {
    "en": {
      "title": "Police inaction moves to center of Uvalde shooting probe"
    },
    "ja": {
      "title": "警察の不作為が、ユバルデ銃乱射事件の捜査の中心へ"
    },
    "zh-Hans": {
      "title": "警方的不作为成为乌瓦尔德枪击案调查的焦点"
    },
    "zh-Hant": {
      "title": "警方的不作爲成爲烏瓦爾德槍擊案調查的焦點"
    }
  },
  "tags": [
    "news"
  ],
  "authors": [
    {
      "name": "AmethystOrator",
      "url": "https://old.reddit.com/user/AmethystOrator"
    }
  ],
  "_links": [
    {
      "url": "https://old.reddit.com/r/news/comments/uzssqd/police_inaction_moves_to_center_of_uvalde/",
      "name": "&uarr;75176 votes"
    }
  ],
  "image": "https://external-preview.redd.it/tjF_OOw4mfKm8hYk8zYewqXiWpI1HVbd_D7tmz8Ch-o.jpg?width=1080&amp;crop=smart&amp;auto=webp&amp;s=b2257c35b5b8ac118fc6423064c94cac65f4d271"
}
