{
  "id": "2022_05_28_en_reddit_reddit__r--memes--comments--uzko1t--mom_is_proudly_watching_keep_it_together",
  "url": "https://old.reddit.com/r/memes/comments/uzko1t/mom_is_proudly_watching_keep_it_together/",
  "date_published": "2022-05-29T00:00:05.000Z",
  "date_modified": "2022-05-29T00:00:05.000Z",
  "_original_published": "2022-05-28T10:36:01.000Z",
  "_original_language": "en",
  "_translations": {
    "en": {
      "title": "Mom is proudly watching, keep it together"
    },
    "ja": {
      "title": "ママは誇らしげに見ている、一緒に頑張ろう"
    },
    "zh-Hans": {
      "title": "妈妈正自豪地看着，保持团结"
    },
    "zh-Hant": {
      "title": "媽媽正自豪地看着，保持團結"
    }
  },
  "tags": [
    "memes"
  ],
  "authors": [
    {
      "name": "NarcissisticEyes",
      "url": "https://old.reddit.com/user/NarcissisticEyes"
    }
  ],
  "_links": [
    {
      "url": "https://old.reddit.com/r/memes/comments/uzko1t/mom_is_proudly_watching_keep_it_together/",
      "name": "&uarr;75681 votes"
    }
  ],
  "image": "https://preview.redd.it/ag9evg4237291.gif?width=320&amp;crop=smart&amp;format=png8&amp;s=645a3f8ff16fce3f65432f3d0dc4aaf850c3165b",
  "_video": {
    "sources": [
      {
        "url": "https://preview.redd.it/ag9evg4237291.gif?format=mp4&amp;s=7962a172cad4f5b8f8958c0121ac518dd884c36a"
      }
    ],
    "width": 600,
    "height": 802,
    "poster": "https://preview.redd.it/ag9evg4237291.gif?width=320&amp;crop=smart&amp;format=png8&amp;s=645a3f8ff16fce3f65432f3d0dc4aaf850c3165b"
  }
}
