{
  "id": "2022_05_28_en_reddit_reddit__r--facepalm--comments--uzl9hn--the_press_and_its_euphemisms",
  "url": "https://old.reddit.com/r/facepalm/comments/uzl9hn/the_press_and_its_euphemisms/",
  "date_published": "2022-05-29T02:59:20.000Z",
  "date_modified": "2022-05-29T02:59:20.000Z",
  "_original_published": "2022-05-28T11:20:16.000Z",
  "_original_language": "en",
  "_translations": {
    "en": {
      "title": "The press and its euphemisms"
    },
    "ja": {
      "title": "報道とその婉曲表現"
    },
    "zh-Hans": {
      "title": "新闻界和它的委婉语"
    },
    "zh-Hant": {
      "title": "新聞界和它的委婉語"
    }
  },
  "tags": [
    "facepalm"
  ],
  "authors": [
    {
      "name": "AnnualEvacuation",
      "url": "https://old.reddit.com/user/AnnualEvacuation"
    }
  ],
  "_links": [
    {
      "url": "https://old.reddit.com/r/facepalm/comments/uzl9hn/the_press_and_its_euphemisms/",
      "name": "&uarr;75890 votes"
    }
  ],
  "image": "https://preview.redd.it/uzteq582b7291.jpg?width=960&amp;crop=smart&amp;auto=webp&amp;s=beadfcda5a41bfc612588861e8a6a6926e241010"
}
