{
  "id": "2022_05_28_en_reddit_reddit__r--mildlyinfuriating--comments--uzn0h9--welcome_to_america",
  "url": "https://old.reddit.com/r/mildlyinfuriating/comments/uzn0h9/welcome_to_america/",
  "date_published": "2022-05-28T22:03:55.000Z",
  "date_modified": "2022-05-28T22:03:55.000Z",
  "_original_published": "2022-05-28T13:08:50.000Z",
  "_original_language": "en",
  "_translations": {
    "en": {
      "title": "Welcome to America"
    },
    "ja": {
      "title": "アメリカへようこそ"
    },
    "zh-Hans": {
      "title": "欢迎来到美国"
    },
    "zh-Hant": {
      "title": "歡迎來到美國"
    }
  },
  "tags": [
    "mildlyinfuriating"
  ],
  "authors": [
    {
      "name": "Sayl0",
      "url": "https://old.reddit.com/user/Sayl0"
    }
  ],
  "_links": [
    {
      "url": "https://old.reddit.com/r/mildlyinfuriating/comments/uzn0h9/welcome_to_america/",
      "name": "&uarr;76313 votes"
    }
  ],
  "image": "https://preview.redd.it/s6fwn5ngu7291.jpg?width=1080&amp;crop=smart&amp;auto=webp&amp;s=69b07e46d8a39af802b7c1112e3ce1e8413dcbe3"
}
