{
  "id": "2022_05_28_en_reddit_reddit__r--funny--comments--uzwk33--so_costco_apparently_doesnt_retake_membership",
  "url": "https://old.reddit.com/r/funny/comments/uzwk33/so_costco_apparently_doesnt_retake_membership/",
  "date_published": "2022-05-29T03:51:40.000Z",
  "date_modified": "2022-05-29T03:51:40.000Z",
  "_original_published": "2022-05-28T21:28:11.000Z",
  "_original_language": "en",
  "_translations": {
    "en": {
      "title": "So Costco apparently doesn't re-take membership card photos if you sneeze"
    },
    "ja": {
      "title": "コストコはくしゃみをしても会員証の写真を撮り直さないようだ"
    },
    "zh-Hans": {
      "title": "所以好市多显然不会在你打喷嚏时重新拍摄会员卡照片"
    },
    "zh-Hant": {
      "title": "所以好市多顯然不會在你打噴嚏時重新拍攝會員卡照片"
    }
  },
  "tags": [
    "funny"
  ],
  "authors": [
    {
      "name": "BabyJesusAnalingus",
      "url": "https://old.reddit.com/user/BabyJesusAnalingus"
    }
  ],
  "_links": [
    {
      "url": "https://old.reddit.com/r/funny/comments/uzwk33/so_costco_apparently_doesnt_retake_membership/",
      "name": "&uarr;77208 votes"
    }
  ],
  "image": "https://external-preview.redd.it/oQNOvLJWH5gOLSl5MuZyCNJ1avmDBXNJS8bLFKDMdxI.jpg?width=1080&amp;crop=smart&amp;auto=webp&amp;s=7e69fb40e83b5a84c017dfaaf691956fe5acc2a1"
}
