{
  "id": "2022_05_28_en_reddit_reddit__r--CasualUK--comments--uznqgo--this_is_what_happens_when_you_block_the_tram_in",
  "url": "https://old.reddit.com/r/CasualUK/comments/uznqgo/this_is_what_happens_when_you_block_the_tram_in/",
  "date_published": "2022-05-29T06:41:20.000Z",
  "date_modified": "2022-05-29T06:41:20.000Z",
  "_original_published": "2022-05-28T13:49:42.000Z",
  "_original_language": "en",
  "_translations": {
    "en": {
      "title": "This is what happens when you block the tram in Sheffield"
    },
    "ja": {
      "title": "シェフィールドでトラムを封鎖するとこうなる"
    },
    "zh-Hans": {
      "title": "这就是在谢菲尔德堵住有轨电车的后果"
    },
    "zh-Hant": {
      "title": "這就是在謝菲爾德堵住有軌電車的後果"
    }
  },
  "tags": [
    "CasualUK"
  ],
  "authors": [
    {
      "name": "Sgrcgjff",
      "url": "https://old.reddit.com/user/Sgrcgjff"
    }
  ],
  "_links": [
    {
      "url": "https://old.reddit.com/r/CasualUK/comments/uznqgo/this_is_what_happens_when_you_block_the_tram_in/",
      "name": "&uarr;75423 votes"
    }
  ],
  "image": "https://external-preview.redd.it/c7FypVjmE1j7ph_Dv8v0iI98oYSiAjpQ6coEPKa_SjM.png?width=640&amp;crop=smart&amp;format=pjpg&amp;auto=webp&amp;s=180beda8c15d28b6202a102936c2e0c84a13ce84",
  "_video": {
    "sources": [
      {
        "url": "https://v.redd.it/9hyp7aij18291/DASH_1080.mp4?source=fallback"
      }
    ],
    "width": 607,
    "height": 1080,
    "poster": "https://external-preview.redd.it/c7FypVjmE1j7ph_Dv8v0iI98oYSiAjpQ6coEPKa_SjM.png?width=640&amp;crop=smart&amp;format=pjpg&amp;auto=webp&amp;s=180beda8c15d28b6202a102936c2e0c84a13ce84"
  }
}
