{
  "meta": {
    "name": "WatchPeopleDieInside"
  },
  "items": {
    "2022_03_19_en_reddit_reddit__r--WatchPeopleDieInside--comments--ti1sdf--if_i_cant_see_them_they_cant_see_me": {
      "id": "2022_03_19_en_reddit_reddit__r--WatchPeopleDieInside--comments--ti1sdf--if_i_cant_see_them_they_cant_see_me",
      "url": "https://old.reddit.com/r/WatchPeopleDieInside/comments/ti1sdf/if_i_cant_see_them_they_cant_see_me/",
      "date_published": "2022-03-20T13:32:02.000Z",
      "date_modified": "2022-03-20T13:32:02.000Z",
      "_original_published": "2022-03-19T18:41:49.000Z",
      "_original_language": "en",
      "_translations": {
        "en": {
          "title": "If I can't see them, they can't see me"
        },
        "ja": {
          "title": "私が相手を見なければ、相手も私を見れない"
        },
        "zh-Hans": {
          "title": "如果我看不到他们，他们也看不到我"
        },
        "zh-Hant": {
          "title": "如果我看不到他們，他們也看不到我"
        }
      },
      "tags": [
        "WatchPeopleDieInside"
      ],
      "authors": [
        {
          "name": "AristonD",
          "url": "https://old.reddit.com/user/AristonD"
        }
      ],
      "_links": [
        {
          "url": "https://old.reddit.com/r/WatchPeopleDieInside/comments/ti1sdf/if_i_cant_see_them_they_cant_see_me/",
          "name": "&uarr;75429 votes"
        }
      ],
      "image": "https://external-preview.redd.it/1_LoXEQKMz0rUONFEVPhyiZDF4hB3I4WKR1kFj0-nLg.jpg?width=216&amp;crop=smart&amp;auto=webp&amp;s=667efd3fad38ff6b16b56dd19f23f7c677b9624a",
      "_video": {
        "sources": [
          {
            "url": "https://v.redd.it/5356abh2ydo81/DASH_720.mp4"
          }
        ],
        "width": 405,
        "height": 720,
        "poster": "https://external-preview.redd.it/1_LoXEQKMz0rUONFEVPhyiZDF4hB3I4WKR1kFj0-nLg.jpg?width=216&amp;crop=smart&amp;auto=webp&amp;s=667efd3fad38ff6b16b56dd19f23f7c677b9624a"
      }
    },
    "2022_02_02_en_reddit_reddit__r--WatchPeopleDieInside--comments--sios57--friend_gave_him_a_cookie_joke": {
      "id": "2022_02_02_en_reddit_reddit__r--WatchPeopleDieInside--comments--sios57--friend_gave_him_a_cookie_joke",
      "url": "https://old.reddit.com/r/WatchPeopleDieInside/comments/sios57/friend_gave_him_a_cookie_joke/",
      "date_published": "2022-02-03T08:08:46.000Z",
      "date_modified": "2022-02-03T08:08:46.000Z",
      "_original_published": "2022-02-02T13:32:33.000Z",
      "_original_language": "en",
      "_translations": {
        "en": {
          "title": "Friend gave him a cookie #joke"
        },
        "ja": {
          "title": "友達がクッキーをくれた #joke"
        },
        "zh-Hans": {
          "title": "朋友给了他一块饼干#笑话"
        },
        "zh-Hant": {
          "title": "朋友給了他一塊餅乾#笑話"
        }
      },
      "tags": [
        "WatchPeopleDieInside"
      ],
      "authors": [
        {
          "name": "FACTORthebeast",
          "url": "https://old.reddit.com/user/FACTORthebeast"
        }
      ],
      "_links": [
        {
          "url": "https://old.reddit.com/r/WatchPeopleDieInside/comments/sios57/friend_gave_him_a_cookie_joke/",
          "name": "&uarr;75160 votes"
        }
      ],
      "image": "https://external-preview.redd.it/MV1IJijkJfTwh46ynKgemwW5mMvlJ0-v3t8jnxQw330.jpg?width=216&amp;crop=smart&amp;auto=webp&amp;s=3ddc4af630eec5e5dbc31c012b104da16ddda9f8",
      "_video": {
        "sources": [
          {
            "url": "https://v.redd.it/o7ag9sfv9ff81/DASH_720.mp4"
          }
        ],
        "width": 439,
        "height": 720,
        "poster": "https://external-preview.redd.it/MV1IJijkJfTwh46ynKgemwW5mMvlJ0-v3t8jnxQw330.jpg?width=216&amp;crop=smart&amp;auto=webp&amp;s=3ddc4af630eec5e5dbc31c012b104da16ddda9f8"
      }
    },
    "2020_12_08_en_reddit_reddit__r--WatchPeopleDieInside--comments--k907tb--rest_in_peace_to_omegle_stranger": {
      "id": "2020_12_08_en_reddit_reddit__r--WatchPeopleDieInside--comments--k907tb--rest_in_peace_to_omegle_stranger",
      "url": "https://old.reddit.com/r/WatchPeopleDieInside/comments/k907tb/rest_in_peace_to_omegle_stranger/",
      "date_published": "2020-12-08T16:49:19.000Z",
      "date_modified": "2020-12-08T16:49:19.000Z",
      "_original_published": "2020-12-08T07:53:57.000Z",
      "_original_language": "en",
      "_translations": {
        "en": {
          "title": "Rest In Peace to Omegle stranger"
        },
        "zh-Hans": {
          "title": "和平中的睡觉给陌生的欧姆格尔"
        },
        "zh-Hant": {
          "title": "和平中的睡覺給陌生的歐姆格爾"
        }
      },
      "tags": [
        "WatchPeopleDieInside"
      ],
      "authors": [
        {
          "name": "uhhsamurai",
          "url": "https://old.reddit.com/user/uhhsamurai"
        }
      ],
      "_links": [
        {
          "url": "https://old.reddit.com/r/WatchPeopleDieInside/comments/k907tb/rest_in_peace_to_omegle_stranger/",
          "name": "&uarr;92390 votes"
        }
      ],
      "image": "https://external-preview.redd.it/QFK1GveDA4NsVzM2G_Rpy2VdfAUATT3gD_6qOvf9UIc.png?width=640&crop=smart&format=pjpg&auto=webp&s=64523152e309f8a12e6a75dd4674c1000b5e6a55",
      "_video": {
        "sources": [
          {
            "url": "https://v.redd.it/122o2o8n5x361/DASH_360.mp4?source=fallback"
          }
        ],
        "width": 640,
        "height": 360,
        "poster": "https://external-preview.redd.it/QFK1GveDA4NsVzM2G_Rpy2VdfAUATT3gD_6qOvf9UIc.png?width=640&crop=smart&format=pjpg&auto=webp&s=64523152e309f8a12e6a75dd4674c1000b5e6a55"
      }
    }
  }
}
