{
  "items": {
    "2021_05_07_en_reddit_reddit__r--memes--comments--n6yyzb--my_teacher_made_a_meme_and_ngl_its_pretty_accurate": {
      "id": "2021_05_07_en_reddit_reddit__r--memes--comments--n6yyzb--my_teacher_made_a_meme_and_ngl_its_pretty_accurate",
      "url": "https://old.reddit.com/r/memes/comments/n6yyzb/my_teacher_made_a_meme_and_ngl_its_pretty_accurate/",
      "date_published": "2021-05-07T18:42:57.000Z",
      "date_modified": "2021-05-07T18:42:57.000Z",
      "_original_published": "2021-05-07T13:51:30.000Z",
      "_original_language": "en",
      "_translations": {
        "en": {
          "title": "My teacher made a meme and ngl it's pretty accurate"
        },
        "ja": {
          "title": "私の先生がミームを作ってくれましたが、nglはかなり正確です。"
        },
        "zh-Hans": {
          "title": "我的老师做了一个备忘录，非常准确。"
        },
        "zh-Hant": {
          "title": "我的老師做了一個備忘錄，非常準確。"
        }
      },
      "tags": [
        "memes"
      ],
      "authors": [
        {
          "name": "turtlegamer420",
          "url": "https://old.reddit.com/user/turtlegamer420"
        }
      ],
      "_links": [
        {
          "url": "https://old.reddit.com/r/memes/comments/n6yyzb/my_teacher_made_a_meme_and_ngl_its_pretty_accurate/",
          "name": "&uarr;154130 votes"
        }
      ],
      "image": "https://preview.redd.it/vtd81ij7epx61.jpg?width=1080&crop=smart&auto=webp&s=1c7c6fafcd1360311ae08a42fc94e6bc1034e735"
    },
    "2021_05_10_en_reddit_reddit__r--memes--comments--n9606v--celebrities_foool": {
      "id": "2021_05_10_en_reddit_reddit__r--memes--comments--n9606v--celebrities_foool",
      "url": "https://old.reddit.com/r/memes/comments/n9606v/celebrities_foool/",
      "date_published": "2021-05-10T19:31:52.000Z",
      "date_modified": "2021-05-10T19:31:52.000Z",
      "_original_published": "2021-05-10T14:29:37.000Z",
      "_original_language": "en",
      "_translations": {
        "en": {
          "title": "Celebrities foool"
        },
        "ja": {
          "title": "セレブリティ フール"
        },
        "zh-Hans": {
          "title": "名人foool"
        },
        "zh-Hant": {
          "title": "名人foool"
        }
      },
      "tags": [
        "memes"
      ],
      "authors": [
        {
          "name": "jubu_jubu",
          "url": "https://old.reddit.com/user/jubu_jubu"
        }
      ],
      "_links": [
        {
          "url": "https://old.reddit.com/r/memes/comments/n9606v/celebrities_foool/",
          "name": "&uarr;151055 votes"
        }
      ],
      "image": "https://preview.redd.it/hc30d9qpzay61.jpg?width=640&crop=smart&auto=webp&s=a2e227b8f021039617339a05ba4fa2ed41c22fab"
    },
    "2021_05_09_en_reddit_reddit__r--memes--comments--n8gpo4--buy_him_a_fucking_tool": {
      "id": "2021_05_09_en_reddit_reddit__r--memes--comments--n8gpo4--buy_him_a_fucking_tool",
      "url": "https://old.reddit.com/r/memes/comments/n8gpo4/buy_him_a_fucking_tool/",
      "date_published": "2021-05-09T21:23:30.000Z",
      "date_modified": "2021-05-09T21:23:30.000Z",
      "_original_published": "2021-05-09T15:38:19.000Z",
      "_original_language": "en",
      "_translations": {
        "en": {
          "title": "BUY HIM A FUCKING TOOL"
        },
        "ja": {
          "title": "道具を買ってあげて"
        },
        "zh-Hans": {
          "title": "给他买个他妈的工具"
        },
        "zh-Hant": {
          "title": "給他買個他媽的工具"
        }
      },
      "tags": [
        "memes"
      ],
      "authors": [
        {
          "name": "Nekrubbobby64",
          "url": "https://old.reddit.com/user/Nekrubbobby64"
        }
      ],
      "_links": [
        {
          "url": "https://old.reddit.com/r/memes/comments/n8gpo4/buy_him_a_fucking_tool/",
          "name": "&uarr;145345 votes"
        }
      ],
      "image": "https://preview.redd.it/a39gti1274y61.png?width=320&crop=smart&auto=webp&s=4ce1173f57ffbf61dd3e8c70bb1929f2c61839e0"
    },
    "2021_05_13_en_reddit_reddit__r--nextfuckinglevel--comments--nbkdb1--the_internets_dad": {
      "id": "2021_05_13_en_reddit_reddit__r--nextfuckinglevel--comments--nbkdb1--the_internets_dad",
      "url": "https://old.reddit.com/r/nextfuckinglevel/comments/nbkdb1/the_internets_dad/",
      "date_published": "2021-05-13T21:25:59.000Z",
      "date_modified": "2021-05-13T21:25:59.000Z",
      "_original_published": "2021-05-13T16:15:34.000Z",
      "_original_language": "en",
      "_translations": {
        "en": {
          "title": "The Internet's Dad"
        },
        "ja": {
          "title": "インターネットのお父さん"
        },
        "zh-Hans": {
          "title": "互联网的爸爸"
        },
        "zh-Hant": {
          "title": "互聯網的爸爸"
        }
      },
      "tags": [
        "nextfuckinglevel"
      ],
      "authors": [
        {
          "name": "tokeningwaiknessw7",
          "url": "https://old.reddit.com/user/tokeningwaiknessw7"
        }
      ],
      "_links": [
        {
          "url": "https://old.reddit.com/r/nextfuckinglevel/comments/nbkdb1/the_internets_dad/",
          "name": "&uarr;149892 votes"
        }
      ],
      "image": "https://external-preview.redd.it/X7N6wiLeQv1yWGkybgCDrbs3hwSviw7mHcM2088-x1I.png?width=320&crop=smart&format=pjpg&auto=webp&s=0a472fb497747839b9da5dacb14f010622b34528",
      "_video": {
        "sources": [
          {
            "url": "https://v.redd.it/da8a1nbbxwy61/DASH_360.mp4?source=fallback"
          }
        ],
        "width": 360,
        "height": 360,
        "poster": "https://external-preview.redd.it/X7N6wiLeQv1yWGkybgCDrbs3hwSviw7mHcM2088-x1I.png?width=320&crop=smart&format=pjpg&auto=webp&s=0a472fb497747839b9da5dacb14f010622b34528"
      }
    },
    "2021_05_07_en_reddit_reddit__r--memes--comments--n6vjp6--half_windows": {
      "id": "2021_05_07_en_reddit_reddit__r--memes--comments--n6vjp6--half_windows",
      "url": "https://old.reddit.com/r/memes/comments/n6vjp6/half_windows/",
      "date_published": "2021-05-07T15:39:30.000Z",
      "date_modified": "2021-05-07T15:39:30.000Z",
      "_original_published": "2021-05-07T10:39:47.000Z",
      "_original_language": "en",
      "_translations": {
        "en": {
          "title": "Half Windows"
        },
        "ja": {
          "title": "ハーフウィンドウ"
        },
        "zh-Hans": {
          "title": "半边窗"
        },
        "zh-Hant": {
          "title": "半邊窗"
        }
      },
      "tags": [
        "memes"
      ],
      "authors": [
        {
          "name": "gabenika",
          "url": "https://old.reddit.com/user/gabenika"
        }
      ],
      "_links": [
        {
          "url": "https://old.reddit.com/r/memes/comments/n6vjp6/half_windows/",
          "name": "&uarr;142870 votes"
        }
      ],
      "image": "https://preview.redd.it/aprgyvyvfox61.png?width=640&crop=smart&auto=webp&s=2351e9722cc76f0143f6dbe5af73e0f86c0f1787"
    },
    "2021_05_09_en_reddit_reddit__r--MurderedByWords--comments--n8dk32--am_i_so_out_of_touch_no_its_the_children_who_are": {
      "id": "2021_05_09_en_reddit_reddit__r--MurderedByWords--comments--n8dk32--am_i_so_out_of_touch_no_its_the_children_who_are",
      "url": "https://old.reddit.com/r/MurderedByWords/comments/n8dk32/am_i_so_out_of_touch_no_its_the_children_who_are/",
      "date_published": "2021-05-09T18:20:28.000Z",
      "date_modified": "2021-05-09T18:20:28.000Z",
      "_original_published": "2021-05-09T12:47:06.000Z",
      "_original_language": "en",
      "_translations": {
        "en": {
          "title": "Am I so out of touch? No, it's the children who are wrong."
        },
        "ja": {
          "title": "私はそんなに世間知らずなのか？いや、間違っているのは子どもたちの方だ。"
        },
        "zh-Hans": {
          "title": "我是如此不合群吗？不，是孩子们错了。"
        },
        "zh-Hant": {
          "title": "我是如此不合羣嗎？不，是孩子們錯了。"
        }
      },
      "tags": [
        "MurderedByWords"
      ],
      "authors": [
        {
          "name": "beerbellybegone",
          "url": "https://old.reddit.com/user/beerbellybegone"
        }
      ],
      "_links": [
        {
          "url": "https://old.reddit.com/r/MurderedByWords/comments/n8dk32/am_i_so_out_of_touch_no_its_the_children_who_are/",
          "name": "&uarr;141052 votes"
        }
      ],
      "image": "https://preview.redd.it/4vaag64ac3y61.png?width=320&crop=smart&auto=webp&s=efb3252282dd392abb0f76add6d51d6898a17771"
    },
    "2021_05_12_en_reddit_reddit__r--nextfuckinglevel--comments--nankc9--zimbabwe_wasnt_on_google_street_view_until_this": {
      "id": "2021_05_12_en_reddit_reddit__r--nextfuckinglevel--comments--nankc9--zimbabwe_wasnt_on_google_street_view_until_this",
      "url": "https://old.reddit.com/r/nextfuckinglevel/comments/nankc9/zimbabwe_wasnt_on_google_street_view_until_this/",
      "date_published": "2021-05-12T18:03:26.000Z",
      "date_modified": "2021-05-12T18:03:26.000Z",
      "_original_published": "2021-05-12T12:33:08.000Z",
      "_original_language": "en",
      "_translations": {
        "en": {
          "title": "Zimbabwe wasn’t on Google Street View until this man volunteered to map it himself"
        },
        "ja": {
          "title": "ジンバブエはGoogleストリートビューに登録されていませんでしたが、この男性が自ら進んで地図を作成しました。"
        },
        "zh-Hans": {
          "title": "津巴布韦不在谷歌街景上，直到这个人自愿自己绘制地图"
        },
        "zh-Hant": {
          "title": "津巴布韋不在谷歌街景上，直到這個人自願自己繪製地圖"
        }
      },
      "tags": [
        "nextfuckinglevel"
      ],
      "authors": [
        {
          "name": "infinitiumvortex",
          "url": "https://old.reddit.com/user/infinitiumvortex"
        }
      ],
      "_links": [
        {
          "url": "https://old.reddit.com/r/nextfuckinglevel/comments/nankc9/zimbabwe_wasnt_on_google_street_view_until_this/",
          "name": "&uarr;140521 votes"
        }
      ],
      "image": "https://external-preview.redd.it/dmaCOiVXmPCUxlUqsVSasvJHTHZ7IMh9YIlJ_nWIQ3k.png?width=1080&crop=smart&format=pjpg&auto=webp&s=074a4878907ebd9f0772b3cf86bea16a42934a55",
      "_video": {
        "sources": [
          {
            "url": "https://v.redd.it/h134j07rooy61/DASH_480.mp4?source=fallback"
          }
        ],
        "width": 854,
        "height": 433,
        "poster": "https://external-preview.redd.it/dmaCOiVXmPCUxlUqsVSasvJHTHZ7IMh9YIlJ_nWIQ3k.png?width=1080&crop=smart&format=pjpg&auto=webp&s=074a4878907ebd9f0772b3cf86bea16a42934a55"
      }
    },
    "2021_05_11_en_reddit_reddit__r--MurderedByWords--comments--na04ae--i_like_the_second_guys_energy": {
      "id": "2021_05_11_en_reddit_reddit__r--MurderedByWords--comments--na04ae--i_like_the_second_guys_energy",
      "url": "https://old.reddit.com/r/MurderedByWords/comments/na04ae/i_like_the_second_guys_energy/",
      "date_published": "2021-05-11T23:30:15.000Z",
      "date_modified": "2021-05-11T23:30:15.000Z",
      "_original_published": "2021-05-11T15:50:04.000Z",
      "_original_language": "en",
      "_translations": {
        "en": {
          "title": "I like the second guy’s energy"
        },
        "ja": {
          "title": "2番目の男のエネルギーが好きだ"
        },
        "zh-Hans": {
          "title": "我喜欢第二个人的能量"
        },
        "zh-Hant": {
          "title": "我喜歡第二個人的能量"
        }
      },
      "tags": [
        "MurderedByWords"
      ],
      "authors": [
        {
          "name": "dreamycinnamonroll",
          "url": "https://old.reddit.com/user/dreamycinnamonroll"
        }
      ],
      "_links": [
        {
          "url": "https://old.reddit.com/r/MurderedByWords/comments/na04ae/i_like_the_second_guys_energy/",
          "name": "&uarr;140009 votes"
        }
      ],
      "image": "https://preview.redd.it/q5sg2ic0jiy61.jpg?width=320&crop=smart&auto=webp&s=5e25e7f7adb4cd4e537a8bb94ce071eae0621d45"
    },
    "2021_05_10_en_reddit_reddit__r--memes--comments--n9cbek--my_physics_teacher_isnt_being_very_realistic": {
      "id": "2021_05_10_en_reddit_reddit__r--memes--comments--n9cbek--my_physics_teacher_isnt_being_very_realistic",
      "url": "https://old.reddit.com/r/memes/comments/n9cbek/my_physics_teacher_isnt_being_very_realistic/",
      "date_published": "2021-05-10T23:27:25.000Z",
      "date_modified": "2021-05-10T23:27:25.000Z",
      "_original_published": "2021-05-10T18:28:46.000Z",
      "_original_language": "en",
      "_translations": {
        "en": {
          "title": "My physics teacher isn't being very realistic"
        },
        "ja": {
          "title": "物理学の先生はあまり現実的ではない"
        },
        "zh-Hans": {
          "title": "我的物理老师并不太现实"
        },
        "zh-Hant": {
          "title": "我的物理老師並不太現實"
        }
      },
      "tags": [
        "memes"
      ],
      "authors": [
        {
          "name": "Hayasaka_Best_Girl",
          "url": "https://old.reddit.com/user/Hayasaka_Best_Girl"
        }
      ],
      "_links": [
        {
          "url": "https://old.reddit.com/r/memes/comments/n9cbek/my_physics_teacher_isnt_being_very_realistic/",
          "name": "&uarr;135853 votes"
        }
      ],
      "image": "https://external-preview.redd.it/shPkga52OTum6HkvKZUNS6DYhizRO-VVP4rvfe2vfdc.png?width=640&crop=smart&format=pjpg&auto=webp&s=0d480b6e33d5a31c109ee69c9329d6b3e67b1f05",
      "_video": {
        "sources": [
          {
            "url": "https://v.redd.it/9r35si6y5cy61/DASH_1080.mp4?source=fallback"
          }
        ],
        "width": 517,
        "height": 1080,
        "poster": "https://external-preview.redd.it/shPkga52OTum6HkvKZUNS6DYhizRO-VVP4rvfe2vfdc.png?width=640&crop=smart&format=pjpg&auto=webp&s=0d480b6e33d5a31c109ee69c9329d6b3e67b1f05"
      }
    },
    "2021_05_07_en_reddit_reddit__r--memes--comments--n75nvu--hulllllk_smaaaaash": {
      "id": "2021_05_07_en_reddit_reddit__r--memes--comments--n75nvu--hulllllk_smaaaaash",
      "url": "https://old.reddit.com/r/memes/comments/n75nvu/hulllllk_smaaaaash/",
      "date_published": "2021-05-07T23:54:54.000Z",
      "date_modified": "2021-05-07T23:54:54.000Z",
      "_original_published": "2021-05-07T18:41:38.000Z",
      "_original_language": "en",
      "_translations": {
        "en": {
          "title": "HULLLLLK SMAAAAASH"
        },
        "ja": {
          "title": "hulllllk smaaaaash"
        },
        "zh-Hans": {
          "title": "浩浩荡荡，浩浩荡荡，浩浩荡荡，浩浩荡荡，浩浩荡荡，浩浩荡荡，浩浩荡荡。"
        },
        "zh-Hant": {
          "title": "浩浩蕩蕩，浩浩蕩蕩，浩浩蕩蕩，浩浩蕩蕩，浩浩蕩蕩，浩浩蕩蕩，浩浩蕩蕩。"
        }
      },
      "tags": [
        "memes"
      ],
      "authors": [
        {
          "name": "IcyFlameCoc",
          "url": "https://old.reddit.com/user/IcyFlameCoc"
        }
      ],
      "_links": [
        {
          "url": "https://old.reddit.com/r/memes/comments/n75nvu/hulllllk_smaaaaash/",
          "name": "&uarr;134997 votes"
        }
      ],
      "image": "https://preview.redd.it/lcvdajsutqx61.png?width=1080&crop=smart&auto=webp&s=09a5d33be03a3cb5ceb400f5747e79cc7dddb39b"
    },
    "2021_05_10_en_reddit_reddit__r--funny--comments--n9dq73--my_daughter_won_our_towns_name_the_street_sweeper": {
      "id": "2021_05_10_en_reddit_reddit__r--funny--comments--n9dq73--my_daughter_won_our_towns_name_the_street_sweeper",
      "url": "https://old.reddit.com/r/funny/comments/n9dq73/my_daughter_won_our_towns_name_the_street_sweeper/",
      "date_published": "2021-05-11T01:20:13.000Z",
      "date_modified": "2021-05-11T01:20:13.000Z",
      "_original_published": "2021-05-10T19:26:48.000Z",
      "_original_language": "en",
      "_translations": {
        "en": {
          "title": "My daughter won our town's \"Name the Street Sweeper\" contest."
        },
        "ja": {
          "title": "私の娘は、町の「道路清掃員の名前」コンテストで優勝しました。"
        },
        "zh-Hans": {
          "title": "我女儿赢得了我们镇上的 \"扫街者姓名 \"比赛。"
        },
        "zh-Hant": {
          "title": "我女兒贏得了我們鎮上的 \"掃街者姓名 \"比賽。"
        }
      },
      "tags": [
        "funny"
      ],
      "authors": [
        {
          "name": "LordRupertEverton84",
          "url": "https://old.reddit.com/user/LordRupertEverton84"
        }
      ],
      "_links": [
        {
          "url": "https://old.reddit.com/r/funny/comments/n9dq73/my_daughter_won_our_towns_name_the_street_sweeper/",
          "name": "&uarr;133126 votes"
        }
      ],
      "image": "https://preview.redd.it/isbqfdsqgcy61.jpg?width=1080&crop=smart&auto=webp&s=a6a259354e7405439d15de9561fdf5cfc036ea4b"
    },
    "2021_05_11_en_reddit_reddit__r--nextfuckinglevel--comments--na7qfy--this_guy_talking_about_pushups_fitness_is_a": {
      "id": "2021_05_11_en_reddit_reddit__r--nextfuckinglevel--comments--na7qfy--this_guy_talking_about_pushups_fitness_is_a",
      "url": "https://old.reddit.com/r/nextfuckinglevel/comments/na7qfy/this_guy_talking_about_pushups_fitness_is_a/",
      "date_published": "2021-05-12T02:30:05.000Z",
      "date_modified": "2021-05-12T02:30:05.000Z",
      "_original_published": "2021-05-11T21:06:22.000Z",
      "_original_language": "en",
      "_translations": {
        "en": {
          "title": "This guy talking about pushups. Fitness is a journey and we all start somewhere."
        },
        "ja": {
          "title": "腕立て伏せについて語るこの男。フィットネスは旅のようなもので、誰もがどこかからスタートします。"
        },
        "zh-Hans": {
          "title": "这个人在谈论俯卧撑。健身是一个旅程，我们都从某个地方开始。"
        },
        "zh-Hant": {
          "title": "這個人在談論俯臥撐。健身是一個旅程，我們都從某個地方開始。"
        }
      },
      "tags": [
        "nextfuckinglevel"
      ],
      "authors": [
        {
          "name": "d3333p7",
          "url": "https://old.reddit.com/user/d3333p7"
        }
      ],
      "_links": [
        {
          "url": "https://old.reddit.com/r/nextfuckinglevel/comments/na7qfy/this_guy_talking_about_pushups_fitness_is_a/",
          "name": "&uarr;131598 votes"
        }
      ],
      "image": "https://external-preview.redd.it/oW8bt6eoEO7GLqlewW3ieHahLUgYSy0wMSsUsJQuK7s.png?width=320&crop=smart&format=pjpg&auto=webp&s=ee6a54f8e71487d565c80318024250f2e8bbc08a",
      "_video": {
        "sources": [
          {
            "url": "https://v.redd.it/cyqtq3ff3ky61/DASH_720.mp4?source=fallback"
          }
        ],
        "width": 406,
        "height": 720,
        "poster": "https://external-preview.redd.it/oW8bt6eoEO7GLqlewW3ieHahLUgYSy0wMSsUsJQuK7s.png?width=320&crop=smart&format=pjpg&auto=webp&s=ee6a54f8e71487d565c80318024250f2e8bbc08a"
      }
    },
    "2021_05_08_en_reddit_reddit__r--memes--comments--n7ry7k--jokes_aside_this_is_probably_the_most_amazing": {
      "id": "2021_05_08_en_reddit_reddit__r--memes--comments--n7ry7k--jokes_aside_this_is_probably_the_most_amazing",
      "url": "https://old.reddit.com/r/memes/comments/n7ry7k/jokes_aside_this_is_probably_the_most_amazing/",
      "date_published": "2021-05-08T21:31:43.000Z",
      "date_modified": "2021-05-08T21:31:43.000Z",
      "_original_published": "2021-05-08T15:46:34.000Z",
      "_original_language": "en",
      "_translations": {
        "en": {
          "title": "Jokes aside, this is probably the most amazing fucking lamp I've ever saw in my entire life."
        },
        "ja": {
          "title": "冗談はさておき、このランプは私が今まで見てきた中で最も素晴らしいものでしょう。"
        },
        "zh-Hans": {
          "title": "玩笑归玩笑，这可能是我这辈子见过的最神奇的他妈的灯。"
        },
        "zh-Hant": {
          "title": "玩笑歸玩笑，這可能是我這輩子見過的最神奇的他媽的燈。"
        }
      },
      "tags": [
        "memes"
      ],
      "authors": [
        {
          "name": "Bajin_Shonen7020",
          "url": "https://old.reddit.com/user/Bajin_Shonen7020"
        }
      ],
      "_links": [
        {
          "url": "https://old.reddit.com/r/memes/comments/n7ry7k/jokes_aside_this_is_probably_the_most_amazing/",
          "name": "&uarr;124125 votes"
        }
      ],
      "image": "https://external-preview.redd.it/fD0qdihkgUiEaQLai9-uV-lUm2Xg0oFoFBhGnb1TSq4.png?width=320&crop=smart&format=pjpg&auto=webp&s=47f6a050e2aa91e0a1ce73146ecdb4d3633fa4f4",
      "_video": {
        "sources": [
          {
            "url": "https://v.redd.it/yywjh53m3xx61/DASH_480.mp4?source=fallback"
          }
        ],
        "width": 480,
        "height": 480,
        "poster": "https://external-preview.redd.it/fD0qdihkgUiEaQLai9-uV-lUm2Xg0oFoFBhGnb1TSq4.png?width=320&crop=smart&format=pjpg&auto=webp&s=47f6a050e2aa91e0a1ce73146ecdb4d3633fa4f4"
      }
    },
    "2021_05_12_en_reddit_reddit__r--memes--comments--naxcmt--witness_me": {
      "id": "2021_05_12_en_reddit_reddit__r--memes--comments--naxcmt--witness_me",
      "url": "https://old.reddit.com/r/memes/comments/naxcmt/witness_me/",
      "date_published": "2021-05-13T02:37:04.000Z",
      "date_modified": "2021-05-13T02:37:04.000Z",
      "_original_published": "2021-05-12T19:37:09.000Z",
      "_original_language": "en",
      "_translations": {
        "en": {
          "title": "WITNESS ME"
        },
        "ja": {
          "title": "ウィットネス・ミー"
        },
        "zh-Hans": {
          "title": "见证我"
        },
        "zh-Hant": {
          "title": "見證我"
        }
      },
      "tags": [
        "memes"
      ],
      "authors": [
        {
          "name": "DrSamsquantch",
          "url": "https://old.reddit.com/user/DrSamsquantch"
        }
      ],
      "_links": [
        {
          "url": "https://old.reddit.com/r/memes/comments/naxcmt/witness_me/",
          "name": "&uarr;123720 votes"
        }
      ],
      "image": "https://preview.redd.it/o58awotfsqy61.jpg?width=320&crop=smart&auto=webp&s=dd4827ad293fbb6c78c45d34494e1a24aa2cd611"
    },
    "2021_05_13_en_reddit_reddit__r--pics--comments--nbkg64--50_and_finally_got_my_masters_super_stoked_i_am": {
      "id": "2021_05_13_en_reddit_reddit__r--pics--comments--nbkg64--50_and_finally_got_my_masters_super_stoked_i_am",
      "url": "https://old.reddit.com/r/pics/comments/nbkg64/50_and_finally_got_my_masters_super_stoked_i_am/",
      "date_published": "2021-05-13T21:25:59.000Z",
      "date_modified": "2021-05-13T21:25:59.000Z",
      "_original_published": "2021-05-13T16:18:51.000Z",
      "_original_language": "en",
      "_translations": {
        "en": {
          "title": "50 and finally got my Masters... Super stoked I am..."
        },
        "ja": {
          "title": "50歳にしてようやく修士号を取得しました。すごく興奮しているよ...。"
        },
        "zh-Hans": {
          "title": "50岁了，终于拿到了我的硕士学位... 我超级兴奋..."
        },
        "zh-Hant": {
          "title": "50歲了，終於拿到了我的碩士學位... 我超級興奮..."
        }
      },
      "tags": [
        "pics"
      ],
      "authors": [
        {
          "name": "TheJonnieP",
          "url": "https://old.reddit.com/user/TheJonnieP"
        }
      ],
      "_links": [
        {
          "url": "https://old.reddit.com/r/pics/comments/nbkg64/50_and_finally_got_my_masters_super_stoked_i_am/",
          "name": "&uarr;127758 votes"
        }
      ],
      "image": "https://preview.redd.it/khn5urinxwy61.jpg?width=1080&crop=smart&auto=webp&s=fbfa4ab48e77f0ec8016d5c98aed118fcbf4c6db"
    },
    "2021_05_08_en_reddit_reddit__r--nextfuckinglevel--comments--n7los7--david_attenborough_turns_95_today_this_is_his": {
      "id": "2021_05_08_en_reddit_reddit__r--nextfuckinglevel--comments--n7los7--david_attenborough_turns_95_today_this_is_his",
      "url": "https://old.reddit.com/r/nextfuckinglevel/comments/n7los7/david_attenborough_turns_95_today_this_is_his/",
      "date_published": "2021-05-08T15:30:24.000Z",
      "date_modified": "2021-05-08T15:30:24.000Z",
      "_original_published": "2021-05-08T09:40:05.000Z",
      "_original_language": "en",
      "_translations": {
        "en": {
          "title": "David Attenborough turns 95 today. This is his incredible life in 95 seconds."
        },
        "ja": {
          "title": "デービッド・アッテンボローは今日で95歳。彼の素晴らしい人生を95秒で紹介します。"
        },
        "zh-Hans": {
          "title": "大卫-爱登堡今天95岁了。这是他令人难以置信的95秒生活。"
        },
        "zh-Hant": {
          "title": "大衛-愛登堡今天95歲了。這是他令人難以置信的95秒生活。"
        }
      },
      "tags": [
        "nextfuckinglevel"
      ],
      "authors": [
        {
          "name": "beluuuuuuga",
          "url": "https://old.reddit.com/user/beluuuuuuga"
        }
      ],
      "_links": [
        {
          "url": "https://old.reddit.com/r/nextfuckinglevel/comments/n7los7/david_attenborough_turns_95_today_this_is_his/",
          "name": "&uarr;119153 votes"
        }
      ],
      "image": "https://external-preview.redd.it/0c6YqfjIiLUAy6jBByVsaF5pLDJbjj1I-ZjcwqfS9M0.png?width=1080&crop=smart&format=pjpg&auto=webp&s=c772b63533c3c93cd11a7568a30aff03207e8f29",
      "_video": {
        "sources": [
          {
            "url": "https://v.redd.it/v11z2s14avx61/DASH_720.mp4?source=fallback"
          }
        ],
        "width": 1280,
        "height": 720,
        "poster": "https://external-preview.redd.it/0c6YqfjIiLUAy6jBByVsaF5pLDJbjj1I-ZjcwqfS9M0.png?width=1080&crop=smart&format=pjpg&auto=webp&s=c772b63533c3c93cd11a7568a30aff03207e8f29"
      }
    },
    "2021_05_13_en_reddit_reddit__r--IdiotsInCars--comments--nbf59k--idiot_in_hummer_filled_5_gas_cans_expecting": {
      "id": "2021_05_13_en_reddit_reddit__r--IdiotsInCars--comments--nbf59k--idiot_in_hummer_filled_5_gas_cans_expecting",
      "url": "https://old.reddit.com/r/IdiotsInCars/comments/nbf59k/idiot_in_hummer_filled_5_gas_cans_expecting/",
      "date_published": "2021-05-13T19:13:31.000Z",
      "date_modified": "2021-05-13T19:13:31.000Z",
      "_original_published": "2021-05-13T12:10:03.000Z",
      "_original_language": "en",
      "_translations": {
        "en": {
          "title": "Idiot in Hummer filled 5 gas cans expecting shortages. Put them in his car and lit up a cigarette. Hummer destroyed. Swipe to see gas cans."
        },
        "ja": {
          "title": "ハマーに乗ったバカは、ガス不足を予想してガソリンを5缶入れた。それを車に積んでタバコを吸った。ハマーが破壊される。スワイプしてガス缶を見る。"
        },
        "zh-Hans": {
          "title": "开着悍马的白痴装了5个汽油罐，以为会出现短缺。把它们放进他的车里，然后点上一支烟。悍马被毁。扫一扫就能看到煤气罐。"
        },
        "zh-Hant": {
          "title": "開着悍馬的白癡裝了5個汽油罐，以爲會出現短缺。把它們放進他的車裏，然後點上一支菸。悍馬被毀。掃一掃就能看到煤氣罐。"
        }
      },
      "tags": [
        "IdiotsInCars"
      ],
      "authors": [
        {
          "name": "meister2a",
          "url": "https://old.reddit.com/user/meister2a"
        }
      ],
      "_links": [
        {
          "url": "https://old.reddit.com/r/IdiotsInCars/comments/nbf59k/idiot_in_hummer_filled_5_gas_cans_expecting/",
          "name": "&uarr;121899 votes"
        }
      ]
    },
    "2021_05_10_en_reddit_reddit__r--MadeMeSmile--comments--n9cn6f--dominos_delivery_asked_if_there_were_any_special": {
      "id": "2021_05_10_en_reddit_reddit__r--MadeMeSmile--comments--n9cn6f--dominos_delivery_asked_if_there_were_any_special",
      "url": "https://old.reddit.com/r/MadeMeSmile/comments/n9cn6f/dominos_delivery_asked_if_there_were_any_special/",
      "date_published": "2021-05-11T01:20:13.000Z",
      "date_modified": "2021-05-11T01:20:13.000Z",
      "_original_published": "2021-05-10T18:42:23.000Z",
      "_original_language": "en",
      "_translations": {
        "en": {
          "title": "Domino's delivery asked if there were any special delivery instructions. \"Place pizza on the table. Kick the door 3 times, give camera virtual high five, runaway!!"
        },
        "ja": {
          "title": "ドミノの配達で「特別な配達指示はありますか？\"ピザをテーブルの上に置く。ドアを3回蹴って、カメラに向かってハイタッチして、逃げて！」。"
        },
        "zh-Hans": {
          "title": "多米诺的送货员问道，是否有任何特别的送货指示。\"把披萨放在桌子上。踢门3次，对着摄像头虚拟击掌，逃跑！\"。"
        },
        "zh-Hant": {
          "title": "多米諾的送貨員問道，是否有任何特別的送貨指示。\"把披薩放在桌子上。踢門3次，對着攝像頭虛擬擊掌，逃跑！\"。"
        }
      },
      "tags": [
        "MadeMeSmile"
      ],
      "authors": [
        {
          "name": "Dull_Tonight",
          "url": "https://old.reddit.com/user/Dull_Tonight"
        }
      ],
      "_links": [
        {
          "url": "https://old.reddit.com/r/MadeMeSmile/comments/n9cn6f/dominos_delivery_asked_if_there_were_any_special/",
          "name": "&uarr;117922 votes"
        }
      ],
      "image": "https://external-preview.redd.it/-IA7NFOmVyB8NdDarR73HUOTiJ2_p_JJSFzHkyBPVjA.png?width=640&crop=smart&format=pjpg&auto=webp&s=8180a4c6f3bb2beb6b19ab65516ee4ef499a5723",
      "_video": {
        "sources": [
          {
            "url": "https://v.redd.it/h88rxw9p8cy61/DASH_480.mp4?source=fallback"
          }
        ],
        "width": 852,
        "height": 480,
        "poster": "https://external-preview.redd.it/-IA7NFOmVyB8NdDarR73HUOTiJ2_p_JJSFzHkyBPVjA.png?width=640&crop=smart&format=pjpg&auto=webp&s=8180a4c6f3bb2beb6b19ab65516ee4ef499a5723"
      }
    },
    "2021_05_13_en_reddit_reddit__r--nextfuckinglevel--comments--nbb7hb--this_guy_at_my_school_has_cerebral_palsy_and": {
      "id": "2021_05_13_en_reddit_reddit__r--nextfuckinglevel--comments--nbb7hb--this_guy_at_my_school_has_cerebral_palsy_and",
      "url": "https://old.reddit.com/r/nextfuckinglevel/comments/nbb7hb/this_guy_at_my_school_has_cerebral_palsy_and/",
      "date_published": "2021-05-13T12:37:48.000Z",
      "date_modified": "2021-05-13T12:37:48.000Z",
      "_original_published": "2021-05-13T07:44:02.000Z",
      "_original_language": "en",
      "_translations": {
        "en": {
          "title": "This guy at my school has cerebral palsy and walked the school 5 KM marathon finishing in 23 hours"
        },
        "ja": {
          "title": "私の学校にいる脳性麻痺の男性は、学校の5kmマラソンを23時間で完走しました。"
        },
        "zh-Hans": {
          "title": "我学校的这个人有脑瘫，走完了学校的5公里马拉松，用了23小时完成。"
        },
        "zh-Hant": {
          "title": "我學校的這個人有腦癱，走完了學校的5公里馬拉松，用了23小時完成。"
        }
      },
      "tags": [
        "nextfuckinglevel"
      ],
      "authors": [
        {
          "name": "kj_gamer2614",
          "url": "https://old.reddit.com/user/kj_gamer2614"
        }
      ],
      "_links": [
        {
          "url": "https://old.reddit.com/r/nextfuckinglevel/comments/nbb7hb/this_guy_at_my_school_has_cerebral_palsy_and/",
          "name": "&uarr;116449 votes"
        }
      ],
      "image": "https://preview.redd.it/mg3cyba4euy61.jpg?width=640&crop=smart&auto=webp&s=4833e880aef74a9fedb2daafa9f9100762d6b047"
    },
    "2021_05_09_en_reddit_reddit__r--MadeMeSmile--comments--n8q92p--meer_seconds_after_she_said_yes": {
      "id": "2021_05_09_en_reddit_reddit__r--MadeMeSmile--comments--n8q92p--meer_seconds_after_she_said_yes",
      "url": "https://old.reddit.com/r/MadeMeSmile/comments/n8q92p/meer_seconds_after_she_said_yes/",
      "date_published": "2021-05-10T05:31:39.000Z",
      "date_modified": "2021-05-10T05:31:39.000Z",
      "_original_published": "2021-05-09T23:18:48.000Z",
      "_original_language": "en",
      "_translations": {
        "en": {
          "title": "Meer seconds after she said yes."
        },
        "ja": {
          "title": "彼女が「はい」と言った数秒後には、「Meer」。"
        },
        "zh-Hans": {
          "title": "在她说 \"是 \"之后的几秒钟，梅尔。"
        },
        "zh-Hant": {
          "title": "在她說 \"是 \"之後的幾秒鐘，梅爾。"
        }
      },
      "tags": [
        "MadeMeSmile"
      ],
      "authors": [
        {
          "name": "beast1267",
          "url": "https://old.reddit.com/user/beast1267"
        }
      ],
      "_links": [
        {
          "url": "https://old.reddit.com/r/MadeMeSmile/comments/n8q92p/meer_seconds_after_she_said_yes/",
          "name": "&uarr;116349 votes"
        }
      ],
      "image": "https://preview.redd.it/llcl91g8h6y61.jpg?width=1080&crop=smart&auto=webp&s=7f5ea4e2ab0bff4d4d30387a1b948145a6f6e217"
    }
  }
}
