{
  "id": "2022_05_20_en_reddit_reddit__r--MadeMeSmile--comments--uu36rr--brotherly_love",
  "url": "https://old.reddit.com/r/MadeMeSmile/comments/uu36rr/brotherly_love/",
  "date_published": "2022-05-21T05:18:29.000Z",
  "date_modified": "2022-05-21T05:18:29.000Z",
  "_original_published": "2022-05-20T17:33:45.000Z",
  "_original_language": "en",
  "_translations": {
    "en": {
      "title": "Brotherly Love 🐥"
    },
    "ja": {
      "title": "兄弟愛🐥」。"
    },
    "zh-Hans": {
      "title": "兄弟之爱 🐥"
    },
    "zh-Hant": {
      "title": "兄弟之愛 🐥"
    }
  },
  "tags": [
    "MadeMeSmile"
  ],
  "authors": [
    {
      "name": "Crafty-Yoghurt-6296",
      "url": "https://old.reddit.com/user/Crafty-Yoghurt-6296"
    }
  ],
  "_links": [
    {
      "url": "https://old.reddit.com/r/MadeMeSmile/comments/uu36rr/brotherly_love/",
      "name": "&uarr;75496 votes"
    }
  ],
  "image": "https://external-preview.redd.it/TdeNQirARQsdnh3-o4p0bdMBQC1GPs9x1rG27LV-F9M.png?width=320&amp;crop=smart&amp;format=pjpg&amp;auto=webp&amp;s=a78fbf40c0df22a2a2725fd3167bcfe126baf828",
  "_video": {
    "sources": [
      {
        "url": "https://v.redd.it/rpw57cbf2o091/DASH_720.mp4?source=fallback"
      }
    ],
    "width": 404,
    "height": 720,
    "poster": "https://external-preview.redd.it/TdeNQirARQsdnh3-o4p0bdMBQC1GPs9x1rG27LV-F9M.png?width=320&amp;crop=smart&amp;format=pjpg&amp;auto=webp&amp;s=a78fbf40c0df22a2a2725fd3167bcfe126baf828"
  }
}
