{
  "id": "2022_05_20_en_reddit_reddit__r--dankmemes--comments--uu8vha--let_me_just",
  "url": "https://old.reddit.com/r/dankmemes/comments/uu8vha/let_me_just/",
  "date_published": "2022-05-21T12:20:59.000Z",
  "date_modified": "2022-05-21T12:20:59.000Z",
  "_original_published": "2022-05-20T22:01:51.000Z",
  "_original_language": "en",
  "_translations": {
    "en": {
      "title": "Let me just."
    },
    "ja": {
      "title": "ちょっといいですか。"
    },
    "zh-Hans": {
      "title": "让我来。"
    },
    "zh-Hant": {
      "title": "讓我來。"
    }
  },
  "tags": [
    "dankmemes"
  ],
  "authors": [
    {
      "name": "Wheyprotein200",
      "url": "https://old.reddit.com/user/Wheyprotein200"
    }
  ],
  "_links": [
    {
      "url": "https://old.reddit.com/r/dankmemes/comments/uu8vha/let_me_just/",
      "name": "&uarr;75520 votes"
    }
  ],
  "image": "https://preview.redd.it/mjtshmg9ep091.gif?width=320&amp;crop=smart&amp;format=png8&amp;s=3f15aaec21377346757944ddde2a2ad358d51847",
  "_video": {
    "sources": [
      {
        "url": "https://preview.redd.it/mjtshmg9ep091.gif?format=mp4&amp;s=d35644214a006767f80b0e90414cbe519a92f222"
      }
    ],
    "width": 602,
    "height": 720,
    "poster": "https://preview.redd.it/mjtshmg9ep091.gif?width=320&amp;crop=smart&amp;format=png8&amp;s=3f15aaec21377346757944ddde2a2ad358d51847"
  }
}
