{
  "id": "2022_05_20_en_reddit_reddit__r--antiwork--comments--utj7eu--ridiculous",
  "url": "https://old.reddit.com/r/antiwork/comments/utj7eu/ridiculous/",
  "date_published": "2022-05-20T14:59:12.000Z",
  "date_modified": "2022-05-20T14:59:12.000Z",
  "_original_published": "2022-05-20T02:23:57.000Z",
  "_original_language": "en",
  "_translations": {
    "en": {
      "title": "Ridiculous"
    },
    "ja": {
      "title": "バカバカしい"
    },
    "zh-Hans": {
      "title": "可笑的"
    },
    "zh-Hant": {
      "title": "可笑的"
    }
  },
  "tags": [
    "antiwork"
  ],
  "authors": [
    {
      "name": "Straight_Jackfruit",
      "url": "https://old.reddit.com/user/Straight_Jackfruit"
    }
  ],
  "_links": [
    {
      "url": "https://old.reddit.com/r/antiwork/comments/utj7eu/ridiculous/",
      "name": "&uarr;77059 votes"
    }
  ],
  "image": "https://preview.redd.it/jzewdr14kj091.jpg?width=1080&amp;crop=smart&amp;auto=webp&amp;s=f610f174b425bef452b0f201cf6680a90a06c144"
}
