{
  "id": "2022_05_20_en_reddit_reddit__r--lotrmemes--comments--uts7zd--the_meaning_of_haste",
  "url": "https://old.reddit.com/r/lotrmemes/comments/uts7zd/the_meaning_of_haste/",
  "date_published": "2022-05-20T20:23:40.000Z",
  "date_modified": "2022-05-20T20:23:40.000Z",
  "_original_published": "2022-05-20T11:11:15.000Z",
  "_original_language": "en",
  "_translations": {
    "en": {
      "title": "The meaning of haste"
    },
    "ja": {
      "title": "hasteの意味"
    },
    "zh-Hans": {
      "title": "匆忙的含义"
    },
    "zh-Hant": {
      "title": "匆忙的含義"
    }
  },
  "tags": [
    "lotrmemes"
  ],
  "authors": [
    {
      "name": "Agent4777",
      "url": "https://old.reddit.com/user/Agent4777"
    }
  ],
  "_links": [
    {
      "url": "https://old.reddit.com/r/lotrmemes/comments/uts7zd/the_meaning_of_haste/",
      "name": "&uarr;76340 votes"
    }
  ],
  "image": "https://preview.redd.it/nwx43ht66m091.jpg?width=640&amp;crop=smart&amp;auto=webp&amp;s=24f8152e7a600c36546b2f0e5c07d412f1cf3bb5"
}
