{
  "id": "2022_05_20_en_reddit_reddit__r--memes--comments--utkjk0--food_with_a_stick_shall_survive_for_today",
  "url": "https://old.reddit.com/r/memes/comments/utkjk0/food_with_a_stick_shall_survive_for_today/",
  "date_published": "2022-05-20T13:29:38.000Z",
  "date_modified": "2022-05-20T13:29:38.000Z",
  "_original_published": "2022-05-20T03:41:03.000Z",
  "_original_language": "en",
  "_translations": {
    "en": {
      "title": "food with a stick shall survive for today"
    },
    "ja": {
      "title": "いっすんぼうし"
    },
    "zh-Hans": {
      "title": "苟延残喘"
    },
    "zh-Hant": {
      "title": "苟延殘喘"
    }
  },
  "tags": [
    "memes"
  ],
  "authors": [
    {
      "name": "ludicrosity548",
      "url": "https://old.reddit.com/user/ludicrosity548"
    }
  ],
  "_links": [
    {
      "url": "https://old.reddit.com/r/memes/comments/utkjk0/food_with_a_stick_shall_survive_for_today/",
      "name": "&uarr;75105 votes"
    }
  ],
  "image": "https://preview.redd.it/ozbo9jvsxj091.gif?width=1080&amp;crop=smart&amp;format=png8&amp;s=cf59dd46b0c12385d972566a8fbd497b0bf3c167",
  "_video": {
    "sources": [
      {
        "url": "https://preview.redd.it/ozbo9jvsxj091.gif?format=mp4&amp;s=345faa7b0d4c121572993d143689d6f1b5b32c28"
      }
    ],
    "width": 1080,
    "height": 890,
    "poster": "https://preview.redd.it/ozbo9jvsxj091.gif?width=1080&amp;crop=smart&amp;format=png8&amp;s=cf59dd46b0c12385d972566a8fbd497b0bf3c167"
  }
}
