{
  "id": "2022_05_20_en_reddit_reddit__r--interestingasfuck--comments--uu9f57--its_not_unusual_for_silverbacks_to_be",
  "url": "https://old.reddit.com/r/interestingasfuck/comments/uu9f57/its_not_unusual_for_silverbacks_to_be/",
  "date_published": "2022-05-21T16:08:38.000Z",
  "date_modified": "2022-05-21T16:08:38.000Z",
  "_original_published": "2022-05-20T22:28:39.000Z",
  "_original_language": "en",
  "_translations": {
    "en": {
      "title": "It's not unusual for Silverbacks to be affectionate father figures. Shabani just takes that up to 11"
    },
    "ja": {
      "title": "シルバーバックは、愛情深い父親のような存在であることも珍しくない。シャバーニはそれを11倍にもしている"
    },
    "zh-Hans": {
      "title": "银背动物成为亲切的父亲形象是很正常的。沙巴尼只是把这一点提高到了11"
    },
    "zh-Hant": {
      "title": "銀背動物成爲親切的父親形象是很正常的。沙巴尼只是把這一點提高到了11"
    }
  },
  "tags": [
    "interestingasfuck"
  ],
  "authors": [
    {
      "name": "AgedMango",
      "url": "https://old.reddit.com/user/AgedMango"
    }
  ],
  "_links": [
    {
      "url": "https://old.reddit.com/r/interestingasfuck/comments/uu9f57/its_not_unusual_for_silverbacks_to_be/",
      "name": "&uarr;75475 votes"
    }
  ],
  "image": "https://external-preview.redd.it/cbq4EZoeemLNteVk7kH1eBffPwIphw4nCRbATelcrV0.jpg?width=640&amp;crop=smart&amp;auto=webp&amp;s=25cf7a7e088ff301249eb105d228d70b902b4de8",
  "_video": {
    "sources": [
      {
        "url": "https://v.redd.it/638psd02jp091/DASH_480.mp4"
      }
    ],
    "width": 853,
    "height": 480,
    "poster": "https://external-preview.redd.it/cbq4EZoeemLNteVk7kH1eBffPwIphw4nCRbATelcrV0.jpg?width=640&amp;crop=smart&amp;auto=webp&amp;s=25cf7a7e088ff301249eb105d228d70b902b4de8"
  }
}
