{
  "id": "2022_05_20_en_reddit_reddit__r--meirl--comments--uu2rkg--meirl",
  "url": "https://old.reddit.com/r/meirl/comments/uu2rkg/meirl/",
  "date_published": "2022-05-21T03:31:48.000Z",
  "date_modified": "2022-05-21T03:31:48.000Z",
  "_original_published": "2022-05-20T17:19:39.000Z",
  "_original_language": "en",
  "_translations": {
    "en": {
      "title": "meirl"
    },
    "ja": {
      "title": "ミール"
    },
    "zh-Hans": {
      "title": "我的女孩"
    },
    "zh-Hant": {
      "title": "我的女孩"
    }
  },
  "tags": [
    "meirl"
  ],
  "authors": [
    {
      "name": "Aztery",
      "url": "https://old.reddit.com/user/Aztery"
    }
  ],
  "_links": [
    {
      "url": "https://old.reddit.com/r/meirl/comments/uu2rkg/meirl/",
      "name": "&uarr;76841 votes"
    }
  ],
  "image": "https://preview.redd.it/63cqkddwzn091.png?width=640&amp;crop=smart&amp;auto=webp&amp;s=e45eee08f8f79b18409402909c811f609052dfc5"
}
