{
  "id": "2022_05_20_en_reddit_reddit__r--antiwork--comments--uu1xv8--i_dont_care_how_bad_government_healthcare_could",
  "url": "https://old.reddit.com/r/antiwork/comments/uu1xv8/i_dont_care_how_bad_government_healthcare_could/",
  "date_published": "2022-05-21T14:45:59.000Z",
  "date_modified": "2022-05-21T14:45:59.000Z",
  "_original_published": "2022-05-20T16:52:24.000Z",
  "_original_language": "en",
  "_translations": {
    "en": {
      "title": "I don't care how bad \"government healthcare\" could be. The doctor death panels could accidentally infect me with megaherpes and I'd still prefer that to Aetna."
    },
    "ja": {
      "title": "政府医療」がどれほどひどいものであってもかまわない。医師が死角になって、誤ってメガヘルペスに感染してしまうかもしれないが、それでもAetnaよりましだ。"
    },
    "zh-Hans": {
      "title": "我不在乎 \"政府医疗保健 \"可能有多糟糕。医生的死亡小组可能会不小心让我感染上巨型疱疹，而我仍然喜欢这样，而不是Aetna。"
    },
    "zh-Hant": {
      "title": "我不在乎 \"政府醫療保健 \"可能有多糟糕。醫生的死亡小組可能會不小心讓我感染上巨型皰疹，而我仍然喜歡這樣，而不是Aetna。"
    }
  },
  "tags": [
    "antiwork"
  ],
  "authors": [
    {
      "name": "a-horse-has-no-name",
      "url": "https://old.reddit.com/user/a-horse-has-no-name"
    }
  ],
  "_links": [
    {
      "url": "https://old.reddit.com/r/antiwork/comments/uu1xv8/i_dont_care_how_bad_government_healthcare_could/",
      "name": "&uarr;75141 votes"
    }
  ],
  "image": "https://preview.redd.it/uhzqziayun091.jpg?width=320&amp;crop=smart&amp;auto=webp&amp;s=1c9d21c4e7205fea378b93d1422d90ead211cc67"
}
