{
  "id": "2022_05_20_en_reddit_reddit__r--mildlyinfuriating--comments--utwftf--player_got_kicked_from_a_professional_esports",
  "url": "https://old.reddit.com/r/mildlyinfuriating/comments/utwftf/player_got_kicked_from_a_professional_esports/",
  "date_published": "2022-05-20T18:42:30.000Z",
  "date_modified": "2022-05-20T18:42:30.000Z",
  "_original_published": "2022-05-20T13:47:05.000Z",
  "_original_language": "en",
  "_translations": {
    "en": {
      "title": "Player got kicked from a professional esports team because his mom was in the final stages of her cancer."
    },
    "ja": {
      "title": "母親が癌の末期であることを理由に、プロesportsチームから蹴られたプレイヤー。"
    },
    "zh-Hans": {
      "title": "玩家被职业电竞队踢出，因为他的母亲处于癌症的最后阶段。"
    },
    "zh-Hant": {
      "title": "玩家被職業電競隊踢出，因爲他的母親處於癌症的最後階段。"
    }
  },
  "tags": [
    "mildlyinfuriating"
  ],
  "authors": [
    {
      "name": "MursalMir",
      "url": "https://old.reddit.com/user/MursalMir"
    }
  ],
  "_links": [
    {
      "url": "https://old.reddit.com/r/mildlyinfuriating/comments/utwftf/player_got_kicked_from_a_professional_esports/",
      "name": "&uarr;83792 votes"
    }
  ],
  "image": "https://preview.redd.it/96ddaelzxm091.jpg?width=1080&amp;crop=smart&amp;auto=webp&amp;s=84a0af25c2ecb20fe586fc29104e5127d3bdcb44"
}
