{
  "id": "2022_05_20_en_reddit_reddit__r--news--comments--uthxkw--report_elon_musk_exposed_himself_to_spacex_flight",
  "url": "https://old.reddit.com/r/news/comments/uthxkw/report_elon_musk_exposed_himself_to_spacex_flight/",
  "date_published": "2022-05-20T14:59:12.000Z",
  "date_modified": "2022-05-20T14:59:12.000Z",
  "_original_published": "2022-05-20T01:12:51.000Z",
  "_original_language": "en",
  "_translations": {
    "en": {
      "title": "Report: Elon Musk exposed himself to SpaceX flight attendant, according to documents"
    },
    "ja": {
      "title": "報告書 イーロン・マスクがスペースXの客室乗務員に露出したとの資料が公開される"
    },
    "zh-Hans": {
      "title": "报告。文件显示，埃隆-马斯克向SpaceX的空姐暴露自己的身份"
    },
    "zh-Hant": {
      "title": "報告。文件顯示，埃隆-馬斯克向SpaceX的空姐暴露自己的身份"
    }
  },
  "tags": [
    "news"
  ],
  "authors": [
    {
      "name": "StarshipSentinel",
      "url": "https://old.reddit.com/user/StarshipSentinel"
    }
  ],
  "_links": [
    {
      "url": "https://old.reddit.com/r/news/comments/uthxkw/report_elon_musk_exposed_himself_to_spacex_flight/",
      "name": "&uarr;75501 votes"
    }
  ],
  "image": "https://external-preview.redd.it/ve3J3wMNyV4_jVG_QQOgXoE4KLcvVNR90Iqzytnw1u8.jpg?width=1080&amp;crop=smart&amp;auto=webp&amp;s=48f129787a2f9e32085f20e8587d88676547dd89"
}
