{
  "id": "2022_05_20_en_reddit_reddit__r--news--comments--uu6bdg--entire_maine_town_forced_to_shut_after_its_only",
  "url": "https://old.reddit.com/r/news/comments/uu6bdg/entire_maine_town_forced_to_shut_after_its_only/",
  "date_published": "2022-05-21T09:34:26.000Z",
  "date_modified": "2022-05-21T09:34:26.000Z",
  "_original_published": "2022-05-20T19:58:17.000Z",
  "_original_language": "en",
  "_translations": {
    "en": {
      "title": "Entire Maine town forced to shut after its only clerk quits over denied vacation"
    },
    "ja": {
      "title": "メイン州の町全体が、唯一の事務員が休暇を拒否されたことで辞め、閉鎖を余儀なくされる"
    },
    "zh-Hans": {
      "title": "缅因州唯一的书记员因被拒绝休假而辞职，整个缅因州的城镇被迫关闭"
    },
    "zh-Hant": {
      "title": "緬因州唯一的書記員因被拒絕休假而辭職，整個緬因州的城鎮被迫關閉"
    }
  },
  "tags": [
    "news"
  ],
  "authors": [
    {
      "name": "getBusyChild",
      "url": "https://old.reddit.com/user/getBusyChild"
    }
  ],
  "_links": [
    {
      "url": "https://old.reddit.com/r/news/comments/uu6bdg/entire_maine_town_forced_to_shut_after_its_only/",
      "name": "&uarr;75287 votes"
    }
  ],
  "image": "https://external-preview.redd.it/LMacGXEvuvi6sYXXyFS3kGrfLQpumfwjzDyzxSyRkmQ.jpg?width=1080&amp;crop=smart&amp;auto=webp&amp;s=b6ecb7cf76c98dd8a036f6b5fb839bcb3280492b"
}
