{
  "id": "2022_05_20_en_reddit_reddit__r--funny--comments--uu5bef--what_does_it_mean_when_this_light_comes_on",
  "url": "https://old.reddit.com/r/funny/comments/uu5bef/what_does_it_mean_when_this_light_comes_on/",
  "date_published": "2022-05-21T04:14:34.000Z",
  "date_modified": "2022-05-21T04:14:34.000Z",
  "_original_published": "2022-05-20T19:09:22.000Z",
  "_original_language": "en",
  "_translations": {
    "en": {
      "title": "What does it mean when this light comes on?"
    },
    "ja": {
      "title": "このランプが点灯するのはどういう意味ですか？"
    },
    "zh-Hans": {
      "title": "当这个灯亮起时是什么意思？"
    },
    "zh-Hant": {
      "title": "當這個燈亮起時是什麼意思？"
    }
  },
  "tags": [
    "funny"
  ],
  "authors": [
    {
      "name": "SoDakZak",
      "url": "https://old.reddit.com/user/SoDakZak"
    }
  ],
  "_links": [
    {
      "url": "https://old.reddit.com/r/funny/comments/uu5bef/what_does_it_mean_when_this_light_comes_on/",
      "name": "&uarr;75963 votes"
    }
  ],
  "image": "https://preview.redd.it/29jlvknhjo091.jpg?width=640&amp;crop=smart&amp;auto=webp&amp;s=2210f3791982ca7f2845ad79fd2c9a4810f2759b"
}
