{
  "meta": {
    "name": "MadeMeSmile"
  },
  "items": {
    "2022_08_08_en_reddit_reddit__r--MadeMeSmile--comments--wj6xce--priceless_reaction": {
      "id": "2022_08_08_en_reddit_reddit__r--MadeMeSmile--comments--wj6xce--priceless_reaction",
      "url": "https://old.reddit.com/r/MadeMeSmile/comments/wj6xce/priceless_reaction/",
      "date_published": "2022-08-08T22:33:58.000Z",
      "date_modified": "2022-08-08T22:33:58.000Z",
      "_original_published": "2022-08-08T11:52:49.000Z",
      "_original_language": "en",
      "_translations": {
        "en": {
          "title": "Priceless reaction"
        },
        "ja": {
          "title": "プライスレス反応"
        },
        "zh-Hans": {
          "title": "无价的反应"
        },
        "zh-Hant": {
          "title": "無價的反應"
        }
      },
      "tags": [
        "MadeMeSmile"
      ],
      "authors": [
        {
          "name": "Inside_Pattern9488",
          "url": "https://old.reddit.com/user/Inside_Pattern9488"
        }
      ],
      "_links": [
        {
          "url": "https://old.reddit.com/r/MadeMeSmile/comments/wj6xce/priceless_reaction/",
          "name": "&uarr;76757 votes"
        }
      ],
      "image": "https://external-preview.redd.it/difC5v6JjBbleCFDK0PAlE_U1yTHThSPbQSaG5xEkvU.png?width=640&amp;crop=smart&amp;format=pjpg&amp;auto=webp&amp;s=5dc56cc86a53a5e43944086c3936239f57ff835b",
      "_video": {
        "sources": [
          {
            "url": "https://v.redd.it/awywa36bahg91/DASH_1080.mp4?source=fallback"
          }
        ],
        "width": 607,
        "height": 1080,
        "poster": "https://external-preview.redd.it/difC5v6JjBbleCFDK0PAlE_U1yTHThSPbQSaG5xEkvU.png?width=640&amp;crop=smart&amp;format=pjpg&amp;auto=webp&amp;s=5dc56cc86a53a5e43944086c3936239f57ff835b"
      }
    },
    "2022_08_02_en_reddit_reddit__r--MadeMeSmile--comments--wefcsj--not_everyone_gets_to_experience_the_game": {
      "id": "2022_08_02_en_reddit_reddit__r--MadeMeSmile--comments--wefcsj--not_everyone_gets_to_experience_the_game",
      "url": "https://old.reddit.com/r/MadeMeSmile/comments/wefcsj/not_everyone_gets_to_experience_the_game/",
      "date_published": "2022-08-03T03:05:52.000Z",
      "date_modified": "2022-08-03T03:05:52.000Z",
      "_original_published": "2022-08-02T15:56:21.000Z",
      "_original_language": "en",
      "_translations": {
        "en": {
          "title": "Not everyone gets to experience the game"
        },
        "ja": {
          "title": "誰もがゲームを体験できるわけではない"
        },
        "zh-Hans": {
          "title": "不是每个人都能体验到这一游戏"
        },
        "zh-Hant": {
          "title": "不是每個人都能體驗到這一遊戲"
        }
      },
      "tags": [
        "MadeMeSmile"
      ],
      "authors": [
        {
          "name": "RevertBackwards",
          "url": "https://old.reddit.com/user/RevertBackwards"
        }
      ],
      "_links": [
        {
          "url": "https://old.reddit.com/r/MadeMeSmile/comments/wefcsj/not_everyone_gets_to_experience_the_game/",
          "name": "&uarr;82339 votes"
        }
      ],
      "image": "https://external-preview.redd.it/wk_v_mw-nOr6x8VW1pQWVBdp-ZW8C-Mv2_XGSFhX9aY.png?width=320&amp;crop=smart&amp;format=pjpg&amp;auto=webp&amp;s=4a5bc41efa0d95040f60bb1ab2fe4e9dc2ab3b2c",
      "_video": {
        "sources": [
          {
            "url": "https://v.redd.it/4vq7pznhobf91/DASH_480.mp4?source=fallback"
          }
        ],
        "width": 467,
        "height": 480,
        "poster": "https://external-preview.redd.it/wk_v_mw-nOr6x8VW1pQWVBdp-ZW8C-Mv2_XGSFhX9aY.png?width=320&amp;crop=smart&amp;format=pjpg&amp;auto=webp&amp;s=4a5bc41efa0d95040f60bb1ab2fe4e9dc2ab3b2c"
      }
    },
    "2022_07_10_en_reddit_reddit__r--MadeMeSmile--comments--vvffbz--this_mothers_reaction_when_she_sees_her_son_after": {
      "id": "2022_07_10_en_reddit_reddit__r--MadeMeSmile--comments--vvffbz--this_mothers_reaction_when_she_sees_her_son_after",
      "url": "https://old.reddit.com/r/MadeMeSmile/comments/vvffbz/this_mothers_reaction_when_she_sees_her_son_after/",
      "date_published": "2022-07-10T10:06:18.000Z",
      "date_modified": "2022-07-10T10:06:18.000Z",
      "_original_published": "2022-07-10T00:40:50.000Z",
      "_original_language": "en",
      "_translations": {
        "en": {
          "title": "This Mothers Reaction when she sees her son after a long time is so adorable."
        },
        "ja": {
          "title": "久しぶりに息子に会ったときのお母さんの反応がとてもかわいいです。"
        },
        "zh-Hans": {
          "title": "这位母亲在很久之后看到儿子时的反应是如此可爱。"
        },
        "zh-Hant": {
          "title": "這位母親在很久之後看到兒子時的反應是如此可愛。"
        }
      },
      "tags": [
        "MadeMeSmile"
      ],
      "authors": [
        {
          "name": "Ramboryback",
          "url": "https://old.reddit.com/user/Ramboryback"
        }
      ],
      "_links": [
        {
          "url": "https://old.reddit.com/r/MadeMeSmile/comments/vvffbz/this_mothers_reaction_when_she_sees_her_son_after/",
          "name": "&uarr;75892 votes"
        }
      ],
      "image": "https://external-preview.redd.it/mFb4hJcMa8lhEwWnIQNzQsrhdM8kmeQxZYTQI1fv20s.png?width=640&amp;crop=smart&amp;format=pjpg&amp;auto=webp&amp;s=5dfb4c5e378914bf94516b0767bb626e5c9b1c0d",
      "_video": {
        "sources": [
          {
            "url": "https://v.redd.it/00ynop470na91/DASH_1080.mp4?source=fallback"
          }
        ],
        "width": 607,
        "height": 1080,
        "poster": "https://external-preview.redd.it/mFb4hJcMa8lhEwWnIQNzQsrhdM8kmeQxZYTQI1fv20s.png?width=640&amp;crop=smart&amp;format=pjpg&amp;auto=webp&amp;s=5dfb4c5e378914bf94516b0767bb626e5c9b1c0d"
      }
    },
    "2022_07_05_en_reddit_reddit__r--MadeMeSmile--comments--vs2oxr--i_couldnt_be_happier_reading_this": {
      "id": "2022_07_05_en_reddit_reddit__r--MadeMeSmile--comments--vs2oxr--i_couldnt_be_happier_reading_this",
      "url": "https://old.reddit.com/r/MadeMeSmile/comments/vs2oxr/i_couldnt_be_happier_reading_this/",
      "date_published": "2022-07-06T03:07:40.000Z",
      "date_modified": "2022-07-06T03:07:40.000Z",
      "_original_published": "2022-07-05T17:03:14.000Z",
      "_original_language": "en",
      "_translations": {
        "en": {
          "title": "I couldn't be happier reading this"
        },
        "ja": {
          "title": "これほど嬉しいことはありません。"
        },
        "zh-Hans": {
          "title": "读到这里，我不能再高兴了"
        },
        "zh-Hant": {
          "title": "讀到這裏，我不能再高興了"
        }
      },
      "tags": [
        "MadeMeSmile"
      ],
      "authors": [
        {
          "name": "DavidRolands",
          "url": "https://old.reddit.com/user/DavidRolands"
        }
      ],
      "_links": [
        {
          "url": "https://old.reddit.com/r/MadeMeSmile/comments/vs2oxr/i_couldnt_be_happier_reading_this/",
          "name": "&uarr;81839 votes"
        }
      ],
      "image": "https://preview.redd.it/5sgd0mkr6s991.jpg?width=640&amp;crop=smart&amp;auto=webp&amp;s=7623986eb9c20795cff8363f05975214439955e8"
    },
    "2022_06_10_en_reddit_reddit__r--MadeMeSmile--comments--v9jw9q--the_hat_throw": {
      "id": "2022_06_10_en_reddit_reddit__r--MadeMeSmile--comments--v9jw9q--the_hat_throw",
      "url": "https://old.reddit.com/r/MadeMeSmile/comments/v9jw9q/the_hat_throw/",
      "date_published": "2022-06-11T14:28:05.000Z",
      "date_modified": "2022-06-11T14:28:05.000Z",
      "_original_published": "2022-06-10T22:56:52.000Z",
      "_original_language": "en",
      "_translations": {
        "en": {
          "title": "The hat throw"
        },
        "ja": {
          "title": "帽子投げ"
        },
        "zh-Hans": {
          "title": "扔帽子"
        },
        "zh-Hant": {
          "title": "扔帽子"
        }
      },
      "tags": [
        "MadeMeSmile"
      ],
      "authors": [
        {
          "name": "nevinatx",
          "url": "https://old.reddit.com/user/nevinatx"
        }
      ],
      "_links": [
        {
          "url": "https://old.reddit.com/r/MadeMeSmile/comments/v9jw9q/the_hat_throw/",
          "name": "&uarr;75539 votes"
        }
      ],
      "image": "https://external-preview.redd.it/WQggiEGBwk3MM3rslUr8WD9T5Dgnw79FYLOgHUFAqos.png?width=640&amp;crop=smart&amp;format=pjpg&amp;auto=webp&amp;s=ca1df216af2f2289c96b1625cddef273bd1bd8dd",
      "_video": {
        "sources": [
          {
            "url": "https://v.redd.it/ln5c7h08jv491/DASH_720.mp4?source=fallback"
          }
        ],
        "width": 720,
        "height": 720,
        "poster": "https://external-preview.redd.it/WQggiEGBwk3MM3rslUr8WD9T5Dgnw79FYLOgHUFAqos.png?width=640&amp;crop=smart&amp;format=pjpg&amp;auto=webp&amp;s=ca1df216af2f2289c96b1625cddef273bd1bd8dd"
      }
    },
    "2022_06_06_en_reddit_reddit__r--MadeMeSmile--comments--v623of--this_is_so_pure": {
      "id": "2022_06_06_en_reddit_reddit__r--MadeMeSmile--comments--v623of--this_is_so_pure",
      "url": "https://old.reddit.com/r/MadeMeSmile/comments/v623of/this_is_so_pure/",
      "date_published": "2022-06-06T17:50:15.000Z",
      "date_modified": "2022-06-06T17:50:15.000Z",
      "_original_published": "2022-06-06T12:12:16.000Z",
      "_original_language": "en",
      "_translations": {
        "en": {
          "title": "This is so pure"
        },
        "ja": {
          "title": "これはとても純粋です"
        },
        "zh-Hans": {
          "title": "这是如此纯粹"
        },
        "zh-Hant": {
          "title": "這是如此純粹"
        }
      },
      "tags": [
        "MadeMeSmile"
      ],
      "authors": [
        {
          "name": "prashant_peekay",
          "url": "https://old.reddit.com/user/prashant_peekay"
        }
      ],
      "_links": [
        {
          "url": "https://old.reddit.com/r/MadeMeSmile/comments/v623of/this_is_so_pure/",
          "name": "&uarr;78877 votes"
        }
      ],
      "image": "https://external-preview.redd.it/2rgVABnijm58Q7G3Ejtoz8Wf5z18JQ40hPp9uLVV8Sc.png?width=640&amp;crop=smart&amp;format=pjpg&amp;auto=webp&amp;s=a4b40a787bfad6f37e54bc8318a6862c116e150c",
      "_video": {
        "sources": [
          {
            "url": "https://v.redd.it/90q03ybksz391/DASH_1080.mp4?source=fallback"
          }
        ],
        "width": 607,
        "height": 1080,
        "poster": "https://external-preview.redd.it/2rgVABnijm58Q7G3Ejtoz8Wf5z18JQ40hPp9uLVV8Sc.png?width=640&amp;crop=smart&amp;format=pjpg&amp;auto=webp&amp;s=a4b40a787bfad6f37e54bc8318a6862c116e150c"
      }
    },
    "2022_05_03_en_reddit_reddit__r--MadeMeSmile--comments--uhhevi--this_is_adorable": {
      "id": "2022_05_03_en_reddit_reddit__r--MadeMeSmile--comments--uhhevi--this_is_adorable",
      "url": "https://old.reddit.com/r/MadeMeSmile/comments/uhhevi/this_is_adorable/",
      "date_published": "2022-05-03T21:10:31.000Z",
      "date_modified": "2022-05-03T21:10:31.000Z",
      "_original_published": "2022-05-03T14:31:04.000Z",
      "_original_language": "en",
      "_translations": {
        "en": {
          "title": "This is adorable"
        },
        "ja": {
          "title": "これはかわいい"
        },
        "zh-Hans": {
          "title": "这是很可爱的"
        },
        "zh-Hant": {
          "title": "這是很可愛的"
        }
      },
      "tags": [
        "MadeMeSmile"
      ],
      "authors": [
        {
          "name": "Kaos2018",
          "url": "https://old.reddit.com/user/Kaos2018"
        }
      ],
      "_links": [
        {
          "url": "https://old.reddit.com/r/MadeMeSmile/comments/uhhevi/this_is_adorable/",
          "name": "&uarr;101537 votes"
        }
      ],
      "image": "https://preview.redd.it/7frcemxbu9x81.jpg?width=1080&amp;crop=smart&amp;auto=webp&amp;s=3c665834c364d4584fcef3c3a82017c81a0f3f75"
    },
    "2022_04_17_en_reddit_reddit__r--MadeMeSmile--comments--u5vko9--1_day_old_sea_otter_trying_to_sleep_on_mom": {
      "id": "2022_04_17_en_reddit_reddit__r--MadeMeSmile--comments--u5vko9--1_day_old_sea_otter_trying_to_sleep_on_mom",
      "url": "https://old.reddit.com/r/MadeMeSmile/comments/u5vko9/1_day_old_sea_otter_trying_to_sleep_on_mom/",
      "date_published": "2022-04-18T03:33:53.000Z",
      "date_modified": "2022-04-18T03:33:53.000Z",
      "_original_published": "2022-04-17T20:33:36.000Z",
      "_original_language": "en",
      "_translations": {
        "en": {
          "title": "1 day old sea otter trying to sleep on mom"
        },
        "ja": {
          "title": "お母さんの上で寝ようとする生後1日のラッコさん"
        },
        "zh-Hans": {
          "title": "1天大的海獭试图在妈妈身上睡觉"
        },
        "zh-Hant": {
          "title": "1天大的海獺試圖在媽媽身上睡覺"
        }
      },
      "tags": [
        "MadeMeSmile"
      ],
      "authors": [
        {
          "name": "dump_acc_91",
          "url": "https://old.reddit.com/user/dump_acc_91"
        }
      ],
      "_links": [
        {
          "url": "https://old.reddit.com/r/MadeMeSmile/comments/u5vko9/1_day_old_sea_otter_trying_to_sleep_on_mom/",
          "name": "&uarr;78035 votes"
        }
      ],
      "image": "https://external-preview.redd.it/qkMu0T1lywwwtaMC8AG_Mzg9TBkUFuI2iC9vpSVG6tc.png?width=1080&amp;crop=smart&amp;format=pjpg&amp;auto=webp&amp;s=454e0e538f5a9e7bf19c8bf1ebf53d0d6092c309",
      "_video": {
        "sources": [
          {
            "url": "https://v.redd.it/lklk2p3eg5u81/DASH_1080.mp4?source=fallback"
          }
        ],
        "width": 1920,
        "height": 1080,
        "poster": "https://external-preview.redd.it/qkMu0T1lywwwtaMC8AG_Mzg9TBkUFuI2iC9vpSVG6tc.png?width=1080&amp;crop=smart&amp;format=pjpg&amp;auto=webp&amp;s=454e0e538f5a9e7bf19c8bf1ebf53d0d6092c309"
      }
    },
    "2022_04_02_en_reddit_reddit__r--MadeMeSmile--comments--tumx46--just_some_art_stuff": {
      "id": "2022_04_02_en_reddit_reddit__r--MadeMeSmile--comments--tumx46--just_some_art_stuff",
      "url": "https://old.reddit.com/r/MadeMeSmile/comments/tumx46/just_some_art_stuff/",
      "date_published": "2022-04-03T08:40:10.000Z",
      "date_modified": "2022-04-03T08:40:10.000Z",
      "_original_published": "2022-04-02T16:33:16.000Z",
      "_original_language": "en",
      "_translations": {
        "en": {
          "title": "Just some art stuff"
        },
        "ja": {
          "title": "アートなものばかり"
        },
        "zh-Hans": {
          "title": "只是一些艺术方面的东西"
        },
        "zh-Hant": {
          "title": "只是一些藝術方面的東西"
        }
      },
      "tags": [
        "MadeMeSmile"
      ],
      "authors": [
        {
          "name": "KIFF_82",
          "url": "https://old.reddit.com/user/KIFF_82"
        }
      ],
      "_links": [
        {
          "url": "https://old.reddit.com/r/MadeMeSmile/comments/tumx46/just_some_art_stuff/",
          "name": "&uarr;75278 votes"
        }
      ],
      "image": "https://preview.redd.it/qjdx2gvv75r81.jpg?width=640&amp;crop=smart&amp;auto=webp&amp;s=da541189b8c58b8282d96e27f6ede118b3c80d08"
    },
    "2022_03_10_en_reddit_reddit__r--MadeMeSmile--comments--tay6fo--a_ukrainian_little_girl_in_moldova_smiling_and": {
      "id": "2022_03_10_en_reddit_reddit__r--MadeMeSmile--comments--tay6fo--a_ukrainian_little_girl_in_moldova_smiling_and",
      "url": "https://old.reddit.com/r/MadeMeSmile/comments/tay6fo/a_ukrainian_little_girl_in_moldova_smiling_and/",
      "date_published": "2022-03-10T18:57:38.000Z",
      "date_modified": "2022-03-10T18:57:38.000Z",
      "_original_published": "2022-03-10T13:01:44.000Z",
      "_original_language": "en",
      "_translations": {
        "en": {
          "title": "A Ukrainian little girl in Moldova smiling and offering her food to the cameraman"
        },
        "ja": {
          "title": "モルドバのウクライナ人少女が笑顔でカメラマンに食べ物を提供する様子"
        },
        "zh-Hans": {
          "title": "摩尔多瓦的一个乌克兰小女孩微笑着向摄像师提供食物"
        },
        "zh-Hant": {
          "title": "摩爾多瓦的一個烏克蘭小女孩微笑着向攝像師提供食物"
        }
      },
      "tags": [
        "MadeMeSmile"
      ],
      "authors": [
        {
          "name": "irishrugby2015",
          "url": "https://old.reddit.com/user/irishrugby2015"
        }
      ],
      "_links": [
        {
          "url": "https://old.reddit.com/r/MadeMeSmile/comments/tay6fo/a_ukrainian_little_girl_in_moldova_smiling_and/",
          "name": "&uarr;76417 votes"
        }
      ],
      "image": "https://external-preview.redd.it/9AfxYmsU8YHpZusuQPPqulKMi7Oek4R05eBWupYMvK8.png?width=1080&amp;crop=smart&amp;format=pjpg&amp;auto=webp&amp;s=fea707c86d07a1da594c5531351b29bac28ed925",
      "_video": {
        "sources": [
          {
            "url": "https://v.redd.it/3qm7a6d61km81/DASH_720.mp4?source=fallback"
          }
        ],
        "width": 1280,
        "height": 720,
        "poster": "https://external-preview.redd.it/9AfxYmsU8YHpZusuQPPqulKMi7Oek4R05eBWupYMvK8.png?width=1080&amp;crop=smart&amp;format=pjpg&amp;auto=webp&amp;s=fea707c86d07a1da594c5531351b29bac28ed925"
      }
    },
    "2022_03_09_en_reddit_reddit__r--MadeMeSmile--comments--ta6usk--retirement": {
      "id": "2022_03_09_en_reddit_reddit__r--MadeMeSmile--comments--ta6usk--retirement",
      "url": "https://old.reddit.com/r/MadeMeSmile/comments/ta6usk/retirement/",
      "date_published": "2022-03-09T18:50:53.000Z",
      "date_modified": "2022-03-09T18:50:53.000Z",
      "_original_published": "2022-03-09T12:35:59.000Z",
      "_original_language": "en",
      "_translations": {
        "en": {
          "title": "Retirement"
        },
        "ja": {
          "title": "退任"
        },
        "zh-Hans": {
          "title": "退休"
        },
        "zh-Hant": {
          "title": "退休"
        }
      },
      "tags": [
        "MadeMeSmile"
      ],
      "authors": [
        {
          "name": "Master1718",
          "url": "https://old.reddit.com/user/Master1718"
        }
      ],
      "_links": [
        {
          "url": "https://old.reddit.com/r/MadeMeSmile/comments/ta6usk/retirement/",
          "name": "&uarr;79396 votes"
        }
      ],
      "image": "https://external-preview.redd.it/CZ8TQhcunI7d4b4qUxw2d9OBQCowG-JjAA7Vc5UEjO0.jpg?width=320&amp;crop=smart&amp;auto=webp&amp;s=8a0af9e8e658fe1169c929a00fd30212d608b264",
      "_video": {
        "sources": [
          {
            "url": "https://v.redd.it/zb0xyikg9cm81/DASH_360.mp4"
          }
        ],
        "width": 403,
        "height": 360,
        "poster": "https://external-preview.redd.it/CZ8TQhcunI7d4b4qUxw2d9OBQCowG-JjAA7Vc5UEjO0.jpg?width=320&amp;crop=smart&amp;auto=webp&amp;s=8a0af9e8e658fe1169c929a00fd30212d608b264"
      }
    },
    "2022_02_22_en_reddit_reddit__r--MadeMeSmile--comments--syy2rg--after_this_mans_wife_passed_away_his_children": {
      "id": "2022_02_22_en_reddit_reddit__r--MadeMeSmile--comments--syy2rg--after_this_mans_wife_passed_away_his_children",
      "url": "https://old.reddit.com/r/MadeMeSmile/comments/syy2rg/after_this_mans_wife_passed_away_his_children/",
      "date_published": "2022-02-23T00:58:36.000Z",
      "date_modified": "2022-02-23T00:58:36.000Z",
      "_original_published": "2022-02-22T20:55:25.000Z",
      "_original_language": "en",
      "_translations": {
        "en": {
          "title": "After this man's wife passed away, his children adopted a shelter dog for him to keep him company. Best decision in the world"
        },
        "ja": {
          "title": "この男性の奥さんが亡くなった後、彼の子供たちが彼の相手をするために保護犬を採用したのです。世界一の決断"
        },
        "zh-Hans": {
          "title": "这个人的妻子去世后，他的孩子为他收养了一只收容所的狗来陪伴他。世界上最好的决定"
        },
        "zh-Hant": {
          "title": "這個人的妻子去世後，他的孩子爲他收養了一隻收容所的狗來陪伴他。世界上最好的決定"
        }
      },
      "tags": [
        "MadeMeSmile"
      ],
      "authors": [
        {
          "name": "kenezmaa",
          "url": "https://old.reddit.com/user/kenezmaa"
        }
      ],
      "_links": [
        {
          "url": "https://old.reddit.com/r/MadeMeSmile/comments/syy2rg/after_this_mans_wife_passed_away_his_children/",
          "name": "&uarr;90707 votes"
        }
      ],
      "image": "https://external-preview.redd.it/MoelvHU-tUQYPnajPnNhMUvZljKNZb77VBr5urKQ38A.png?width=1080&amp;crop=smart&amp;format=pjpg&amp;auto=webp&amp;s=b71dc5414f79acfb984c38b2638c7e48c96ed4d2",
      "_video": {
        "sources": [
          {
            "url": "https://v.redd.it/yd7q1o0t6gj81/DASH_720.mp4?source=fallback"
          }
        ],
        "width": 960,
        "height": 720,
        "poster": "https://external-preview.redd.it/MoelvHU-tUQYPnajPnNhMUvZljKNZb77VBr5urKQ38A.png?width=1080&amp;crop=smart&amp;format=pjpg&amp;auto=webp&amp;s=b71dc5414f79acfb984c38b2638c7e48c96ed4d2"
      }
    },
    "2022_02_09_en_reddit_reddit__r--MadeMeSmile--comments--so3st5--make_sure_the_human_is_following_our_group_we": {
      "id": "2022_02_09_en_reddit_reddit__r--MadeMeSmile--comments--so3st5--make_sure_the_human_is_following_our_group_we",
      "url": "https://old.reddit.com/r/MadeMeSmile/comments/so3st5/make_sure_the_human_is_following_our_group_we/",
      "date_published": "2022-02-09T11:23:31.000Z",
      "date_modified": "2022-02-09T11:23:31.000Z",
      "_original_published": "2022-02-09T03:50:07.000Z",
      "_original_language": "en",
      "_translations": {
        "en": {
          "title": "Make sure the human is following our group, we must keep it alive and safe"
        },
        "ja": {
          "title": "人間が我々のグループに従っていることを確認し、我々はそれを維持し、安全でなければなりません。"
        },
        "zh-Hans": {
          "title": "确保人类跟随我们的团队，我们必须保证它的生命和安全"
        },
        "zh-Hant": {
          "title": "確保人類跟隨我們的團隊，我們必須保證它的生命和安全"
        }
      },
      "tags": [
        "MadeMeSmile"
      ],
      "authors": [
        {
          "name": "LunaGirl_0709",
          "url": "https://old.reddit.com/user/LunaGirl_0709"
        }
      ],
      "_links": [
        {
          "url": "https://old.reddit.com/r/MadeMeSmile/comments/so3st5/make_sure_the_human_is_following_our_group_we/",
          "name": "&uarr;75093 votes"
        }
      ],
      "image": "https://external-preview.redd.it/89FW5F2GG4T6J2gyzXrcjnYq8Qq_Oq7ms8EsZfSDMx8.png?width=320&amp;crop=smart&amp;format=pjpg&amp;auto=webp&amp;s=14f5b09aac63d21da3f39beba07d3705a1da7682",
      "_video": {
        "sources": [
          {
            "url": "https://v.redd.it/gmmvlmcxbqg81/DASH_720.mp4?source=fallback"
          }
        ],
        "width": 408,
        "height": 720,
        "poster": "https://external-preview.redd.it/89FW5F2GG4T6J2gyzXrcjnYq8Qq_Oq7ms8EsZfSDMx8.png?width=320&amp;crop=smart&amp;format=pjpg&amp;auto=webp&amp;s=14f5b09aac63d21da3f39beba07d3705a1da7682"
      }
    },
    "2022_02_08_en_reddit_reddit__r--MadeMeSmile--comments--snk6wa--this_brings_a_tear_to_my_eye": {
      "id": "2022_02_08_en_reddit_reddit__r--MadeMeSmile--comments--snk6wa--this_brings_a_tear_to_my_eye",
      "url": "https://old.reddit.com/r/MadeMeSmile/comments/snk6wa/this_brings_a_tear_to_my_eye/",
      "date_published": "2022-02-09T04:27:29.000Z",
      "date_modified": "2022-02-09T04:27:29.000Z",
      "_original_published": "2022-02-08T13:25:28.000Z",
      "_original_language": "en",
      "_translations": {
        "en": {
          "title": "This brings a tear to my eye"
        },
        "ja": {
          "title": "涙が出るほど嬉しい"
        },
        "zh-Hans": {
          "title": "这让我泪流满面"
        },
        "zh-Hant": {
          "title": "這讓我淚流滿面"
        }
      },
      "tags": [
        "MadeMeSmile"
      ],
      "authors": [
        {
          "name": "B-L-O-C-K-S",
          "url": "https://old.reddit.com/user/B-L-O-C-K-S"
        }
      ],
      "_links": [
        {
          "url": "https://old.reddit.com/r/MadeMeSmile/comments/snk6wa/this_brings_a_tear_to_my_eye/",
          "name": "&uarr;75022 votes"
        }
      ],
      "image": "https://external-preview.redd.it/37BFZH9KEP2tIQY21jGb7v2x-qVW68nodqW3DvefAX0.png?width=640&amp;crop=smart&amp;format=pjpg&amp;auto=webp&amp;s=a7cb5259e4436530f4905c369dfc0c8583b16b15",
      "_video": {
        "sources": [
          {
            "url": "https://v.redd.it/b4ecvx022mg81/DASH_1080.mp4?source=fallback"
          }
        ],
        "width": 779,
        "height": 1080,
        "poster": "https://external-preview.redd.it/37BFZH9KEP2tIQY21jGb7v2x-qVW68nodqW3DvefAX0.png?width=640&amp;crop=smart&amp;format=pjpg&amp;auto=webp&amp;s=a7cb5259e4436530f4905c369dfc0c8583b16b15"
      }
    },
    "2021_11_25_en_reddit_reddit__r--MadeMeSmile--comments--r2354m--stan_lee_on_spidermans_costume": {
      "id": "2021_11_25_en_reddit_reddit__r--MadeMeSmile--comments--r2354m--stan_lee_on_spidermans_costume",
      "url": "https://old.reddit.com/r/MadeMeSmile/comments/r2354m/stan_lee_on_spidermans_costume/",
      "date_published": "2021-11-26T07:43:01.000Z",
      "date_modified": "2021-11-26T07:43:01.000Z",
      "_original_published": "2021-11-25T18:33:40.000Z",
      "_original_language": "en",
      "_translations": {
        "en": {
          "title": "Stan Lee on Spiderman's costume"
        },
        "ja": {
          "title": "スパイダーマンの衣装についてのスタン・リー"
        },
        "zh-Hans": {
          "title": "斯坦-李谈蜘蛛侠的服装"
        },
        "zh-Hant": {
          "title": "斯坦-李談蜘蛛俠的服裝"
        }
      },
      "tags": [
        "MadeMeSmile"
      ],
      "authors": [
        {
          "name": "Sanskari_Balak",
          "url": "https://old.reddit.com/user/Sanskari_Balak"
        }
      ],
      "_links": [
        {
          "url": "https://old.reddit.com/r/MadeMeSmile/comments/r2354m/stan_lee_on_spidermans_costume/",
          "name": "&uarr;75731 votes"
        }
      ],
      "image": "https://external-preview.redd.it/1hK6TvkGYYfLRB2d5reV1rc6P1erEppUTFvdcixRtKI.png?width=1080&crop=smart&format=pjpg&auto=webp&s=56c6367bc8d582a831f2706f3be8c423c55b4dde",
      "_video": {
        "sources": [
          {
            "url": "https://v.redd.it/itjs7a7ocs181/DASH_1080.mp4?source=fallback"
          }
        ],
        "width": 607,
        "height": 1080,
        "poster": "https://external-preview.redd.it/1hK6TvkGYYfLRB2d5reV1rc6P1erEppUTFvdcixRtKI.png?width=1080&crop=smart&format=pjpg&auto=webp&s=56c6367bc8d582a831f2706f3be8c423c55b4dde"
      }
    },
    "2021_10_21_en_reddit_reddit__r--MadeMeSmile--comments--qcff0o--_": {
      "id": "2021_10_21_en_reddit_reddit__r--MadeMeSmile--comments--qcff0o--_",
      "url": "https://old.reddit.com/r/MadeMeSmile/comments/qcff0o/_/",
      "date_published": "2021-10-21T20:26:02.000Z",
      "date_modified": "2021-10-21T20:26:02.000Z",
      "_original_published": "2021-10-21T00:44:18.000Z",
      "_original_language": "en",
      "_translations": {
        "en": {
          "title": "☺️"
        },
        "ja": {
          "title": "☺️"
        },
        "zh-Hans": {
          "title": "☺️"
        },
        "zh-Hant": {
          "title": "☺️"
        }
      },
      "tags": [
        "MadeMeSmile"
      ],
      "authors": [
        {
          "name": "Briraz10",
          "url": "https://old.reddit.com/user/Briraz10"
        }
      ],
      "_links": [
        {
          "url": "https://old.reddit.com/r/MadeMeSmile/comments/qcff0o/_/",
          "name": "&uarr;75373 votes"
        }
      ],
      "image": "https://external-preview.redd.it/8n8RnQrwsgrOwJVH7hlDjq-HwZui_12RTqIWlqBhDiY.png?width=640&crop=smart&format=pjpg&auto=webp&s=fd32bc6bf98aef34ea0658631867a19316c428ff",
      "_video": {
        "sources": [
          {
            "url": "https://v.redd.it/nefvzunz9pu71/DASH_720.mp4?source=fallback"
          }
        ],
        "width": 576,
        "height": 720,
        "poster": "https://external-preview.redd.it/8n8RnQrwsgrOwJVH7hlDjq-HwZui_12RTqIWlqBhDiY.png?width=640&crop=smart&format=pjpg&auto=webp&s=fd32bc6bf98aef34ea0658631867a19316c428ff"
      }
    },
    "2021_10_21_en_reddit_reddit__r--MadeMeSmile--comments--qcot8y--my_wife_doesnt_want_me_snacking_late_at_night_but": {
      "id": "2021_10_21_en_reddit_reddit__r--MadeMeSmile--comments--qcot8y--my_wife_doesnt_want_me_snacking_late_at_night_but",
      "url": "https://old.reddit.com/r/MadeMeSmile/comments/qcot8y/my_wife_doesnt_want_me_snacking_late_at_night_but/",
      "date_published": "2021-10-21T16:26:54.000Z",
      "date_modified": "2021-10-21T16:26:54.000Z",
      "_original_published": "2021-10-21T10:33:04.000Z",
      "_original_language": "en",
      "_translations": {
        "en": {
          "title": "My wife doesn't want me snacking late at night, but here are these two goons CAUGHT RED HANDED eating MY noodles behind my back. Took this picture as evidence right before I called the police. I hope they have chopsticks in JAIL."
        },
        "ja": {
          "title": "妻は私が夜遅くにおやつを食べることを望んでいませんが、ここにいる2人のチンピラは私に隠れて私の麺を食べているところを現行犯逮捕しました。警察に通報する直前に証拠として撮った写真です。刑務所でも箸を持っていて欲しいものだ。"
        },
        "zh-Hans": {
          "title": "我的妻子不希望我在深夜吃零食，但这两个歹徒在我背后吃我的面条，被当场抓获。在我报警之前，拍下了这张照片作为证据。我希望他们在监狱里有筷子。"
        },
        "zh-Hant": {
          "title": "我的妻子不希望我在深夜喫零食，但這兩個歹徒在我背後喫我的麪條，被當場抓獲。在我報警之前，拍下了這張照片作爲證據。我希望他們在監獄裏有筷子。"
        }
      },
      "tags": [
        "MadeMeSmile"
      ],
      "authors": [
        {
          "name": "Rpark888",
          "url": "https://old.reddit.com/user/Rpark888"
        }
      ],
      "_links": [
        {
          "url": "https://old.reddit.com/r/MadeMeSmile/comments/qcot8y/my_wife_doesnt_want_me_snacking_late_at_night_but/",
          "name": "&uarr;78887 votes"
        }
      ],
      "image": "https://preview.redd.it/vze8g9d17su71.jpg?width=1080&crop=smart&auto=webp&s=769233b8b1591165a85d82e32dd6f18f044d8cb2"
    },
    "2021_09_25_en_reddit_reddit__r--MadeMeSmile--comments--pve0cd--my_first_published_coloring_book_got_its_first": {
      "id": "2021_09_25_en_reddit_reddit__r--MadeMeSmile--comments--pve0cd--my_first_published_coloring_book_got_its_first",
      "url": "https://old.reddit.com/r/MadeMeSmile/comments/pve0cd/my_first_published_coloring_book_got_its_first/",
      "date_published": "2021-09-26T12:50:08.000Z",
      "date_modified": "2021-09-26T12:50:08.000Z",
      "_original_published": "2021-09-25T19:41:18.000Z",
      "_original_language": "en",
      "_translations": {
        "en": {
          "title": "My first published coloring book got its first review on Amazon and I’m over here crying my eyes out."
        },
        "ja": {
          "title": "初めて出版した塗り絵がアマゾンで初めてレビューされ、私はここで泣いています。"
        },
        "zh-Hans": {
          "title": "我的第一本出版的着色书在亚马逊上得到了第一个评论，我在这里哭得稀里哗啦。"
        },
        "zh-Hant": {
          "title": "我的第一本出版的着色書在亞馬遜上得到了第一個評論，我在這裏哭得稀里嘩啦。"
        }
      },
      "tags": [
        "MadeMeSmile"
      ],
      "authors": [
        {
          "name": "someonerezcody",
          "url": "https://old.reddit.com/user/someonerezcody"
        }
      ],
      "_links": [
        {
          "url": "https://old.reddit.com/r/MadeMeSmile/comments/pve0cd/my_first_published_coloring_book_got_its_first/",
          "name": "&uarr;75091 votes"
        }
      ],
      "image": "https://preview.redd.it/ytb6lof5dpp71.jpg?width=1080&crop=smart&auto=webp&s=321ac3810ca54ba77a5ebf083666112b490d7f8c"
    },
    "2021_09_21_en_reddit_reddit__r--MadeMeSmile--comments--pskoaz--in_the_2016_olympics_flavia_oliveria_ended_the": {
      "id": "2021_09_21_en_reddit_reddit__r--MadeMeSmile--comments--pskoaz--in_the_2016_olympics_flavia_oliveria_ended_the",
      "url": "https://old.reddit.com/r/MadeMeSmile/comments/pskoaz/in_the_2016_olympics_flavia_oliveria_ended_the/",
      "date_published": "2021-09-21T23:33:20.000Z",
      "date_modified": "2021-09-21T23:33:20.000Z",
      "_original_published": "2021-09-21T15:08:38.000Z",
      "_original_language": "en",
      "_translations": {
        "en": {
          "title": "In the 2016 olympics, Flavia Oliveria ended the cycling race in 7th place. Even though that's the best placing that Brazil ever got, almost no one, not even from the Brazilian Cycling Confederation, appeared to celebrate the result with her... and then her cousin showed up."
        },
        "ja": {
          "title": "2016年のオリンピックでは、フラビア・オリヴェリアは自転車レースを7位で終えました。それはブラジルが獲得した最高の順位であるにもかかわらず、ブラジル自転車競技連盟からもほとんど誰も現れず、彼女と一緒に結果を祝うことができませんでした...そして、彼女のいとこが現れました。"
        },
        "zh-Hans": {
          "title": "在2016年奥运会上，弗拉维亚-奥利维拉以第七名结束了自行车比赛。尽管这是巴西有史以来得到的最好名次，但几乎没有人，甚至没有来自巴西自行车联合会的人出现，与她一起庆祝这一结果......然后她的表妹出现了。"
        },
        "zh-Hant": {
          "title": "在2016年奧運會上，弗拉維亞-奧利維拉以第七名結束了自行車比賽。儘管這是巴西有史以來得到的最好名次，但幾乎沒有人，甚至沒有來自巴西自行車聯合會的人出現，與她一起慶祝這一結果......然後她的表妹出現了。"
        }
      },
      "tags": [
        "MadeMeSmile"
      ],
      "authors": [
        {
          "name": "AnimalPedophile",
          "url": "https://old.reddit.com/user/AnimalPedophile"
        }
      ],
      "_links": [
        {
          "url": "https://old.reddit.com/r/MadeMeSmile/comments/pskoaz/in_the_2016_olympics_flavia_oliveria_ended_the/",
          "name": "&uarr;75862 votes"
        }
      ],
      "image": "https://external-preview.redd.it/LHdW7qeNyFjfVW5U3zr8MDEAoKxVSwh6rCMFXMK9d-M.png?width=320&crop=smart&format=pjpg&auto=webp&s=4c6a037061c4766e2275c8efc540112c61973b09",
      "_video": {
        "sources": [
          {
            "url": "https://v.redd.it/fjd6njtpgvo71/DASH_240.mp4?source=fallback"
          }
        ],
        "width": 400,
        "height": 222,
        "poster": "https://external-preview.redd.it/LHdW7qeNyFjfVW5U3zr8MDEAoKxVSwh6rCMFXMK9d-M.png?width=320&crop=smart&format=pjpg&auto=webp&s=4c6a037061c4766e2275c8efc540112c61973b09"
      }
    },
    "2021_09_06_en_reddit_reddit__r--MadeMeSmile--comments--piwl5y--because_thats_what_heroes_do": {
      "id": "2021_09_06_en_reddit_reddit__r--MadeMeSmile--comments--piwl5y--because_thats_what_heroes_do",
      "url": "https://old.reddit.com/r/MadeMeSmile/comments/piwl5y/because_thats_what_heroes_do/",
      "date_published": "2021-09-06T17:05:34.000Z",
      "date_modified": "2021-09-06T17:05:34.000Z",
      "_original_published": "2021-09-06T10:08:35.000Z",
      "_original_language": "en",
      "_translations": {
        "en": {
          "title": "Because that's what heroes do"
        },
        "ja": {
          "title": "それがヒーローの仕事だから"
        },
        "zh-Hans": {
          "title": "因为这就是英雄所做的事"
        },
        "zh-Hant": {
          "title": "因爲這就是英雄所做的事"
        }
      },
      "tags": [
        "MadeMeSmile"
      ],
      "authors": [
        {
          "name": "jayy8143",
          "url": "https://old.reddit.com/user/jayy8143"
        }
      ],
      "_links": [
        {
          "url": "https://old.reddit.com/r/MadeMeSmile/comments/piwl5y/because_thats_what_heroes_do/",
          "name": "&uarr;75559 votes"
        }
      ],
      "image": "https://preview.redd.it/sgnwt5wmxul71.jpg?width=640&crop=smart&auto=webp&s=d09322c129fe2221a8267eae23856681956abd34"
    },
    "2021_09_03_en_reddit_reddit__r--MadeMeSmile--comments--phejqn--meeting_a_new_bestfriend": {
      "id": "2021_09_03_en_reddit_reddit__r--MadeMeSmile--comments--phejqn--meeting_a_new_bestfriend",
      "url": "https://old.reddit.com/r/MadeMeSmile/comments/phejqn/meeting_a_new_bestfriend/",
      "date_published": "2021-09-04T15:49:33.000Z",
      "date_modified": "2021-09-04T15:49:33.000Z",
      "_original_published": "2021-09-03T21:43:24.000Z",
      "_original_language": "en",
      "_translations": {
        "en": {
          "title": "Meeting a new bestfriend"
        },
        "ja": {
          "title": "新しいベストフレンドとの出会い"
        },
        "zh-Hans": {
          "title": "认识一个新的好朋友"
        },
        "zh-Hant": {
          "title": "認識一個新的好朋友"
        }
      },
      "tags": [
        "MadeMeSmile"
      ],
      "authors": [
        {
          "name": "jayy8143",
          "url": "https://old.reddit.com/user/jayy8143"
        }
      ],
      "_links": [
        {
          "url": "https://old.reddit.com/r/MadeMeSmile/comments/phejqn/meeting_a_new_bestfriend/",
          "name": "&uarr;75062 votes"
        }
      ],
      "image": "https://external-preview.redd.it/qalSAvbt109vbKad4BDaxcyVll1toTS6ZLewaQGjg1o.png?width=1080&crop=smart&format=pjpg&auto=webp&s=c3b98f7fe40ec117a706e12d08549db7edf32bbe",
      "_video": {
        "sources": [
          {
            "url": "https://v.redd.it/8hqtm49kycl71/DASH_1080.mp4?source=fallback"
          }
        ],
        "width": 1080,
        "height": 1080,
        "poster": "https://external-preview.redd.it/qalSAvbt109vbKad4BDaxcyVll1toTS6ZLewaQGjg1o.png?width=1080&crop=smart&format=pjpg&auto=webp&s=c3b98f7fe40ec117a706e12d08549db7edf32bbe"
      }
    },
    "2021_08_31_en_reddit_reddit__r--MadeMeSmile--comments--pfg2tm--my_mom_beat_cancer": {
      "id": "2021_08_31_en_reddit_reddit__r--MadeMeSmile--comments--pfg2tm--my_mom_beat_cancer",
      "url": "https://old.reddit.com/r/MadeMeSmile/comments/pfg2tm/my_mom_beat_cancer/",
      "date_published": "2021-09-01T05:30:22.000Z",
      "date_modified": "2021-09-01T05:30:22.000Z",
      "_original_published": "2021-08-31T22:08:51.000Z",
      "_original_language": "en",
      "_translations": {
        "en": {
          "title": "My mom beat cancer!"
        },
        "ja": {
          "title": "私の母は癌を克服しました。"
        },
        "zh-Hans": {
          "title": "我妈妈战胜了癌症!"
        },
        "zh-Hant": {
          "title": "我媽媽戰勝了癌症!"
        }
      },
      "tags": [
        "MadeMeSmile"
      ],
      "authors": [
        {
          "name": "BastardGardenGnome",
          "url": "https://old.reddit.com/user/BastardGardenGnome"
        }
      ],
      "_links": [
        {
          "url": "https://old.reddit.com/r/MadeMeSmile/comments/pfg2tm/my_mom_beat_cancer/",
          "name": "&uarr;75512 votes"
        }
      ],
      "image": "https://preview.redd.it/t3ddnmnoork71.jpg?width=1080&crop=smart&auto=webp&s=034910265e6a20e51f20273c4c46a3461d5d7811"
    },
    "2021_08_13_en_reddit_reddit__r--MadeMeSmile--comments--p3gc5h--husband_surprises_bride_by_flying_her_parents": {
      "id": "2021_08_13_en_reddit_reddit__r--MadeMeSmile--comments--p3gc5h--husband_surprises_bride_by_flying_her_parents",
      "url": "https://old.reddit.com/r/MadeMeSmile/comments/p3gc5h/husband_surprises_bride_by_flying_her_parents/",
      "date_published": "2021-08-13T17:05:39.000Z",
      "date_modified": "2021-08-13T17:05:39.000Z",
      "_original_published": "2021-08-13T04:30:24.000Z",
      "_original_language": "en",
      "_translations": {
        "en": {
          "title": "Husband surprises bride by flying her parents from Brazil to their wedding"
        },
        "ja": {
          "title": "夫がブラジルからの両親を結婚式に招待し、花嫁を驚かせる"
        },
        "zh-Hans": {
          "title": "丈夫从巴西飞来新娘的父母参加他们的婚礼，给新娘带来惊喜"
        },
        "zh-Hant": {
          "title": "丈夫從巴西飛來新娘的父母參加他們的婚禮，給新娘帶來驚喜"
        }
      },
      "tags": [
        "MadeMeSmile"
      ],
      "authors": [
        {
          "name": "Pazluz",
          "url": "https://old.reddit.com/user/Pazluz"
        }
      ],
      "_links": [
        {
          "url": "https://old.reddit.com/r/MadeMeSmile/comments/p3gc5h/husband_surprises_bride_by_flying_her_parents/",
          "name": "&uarr;76225 votes"
        }
      ],
      "image": "https://external-preview.redd.it/opYAyptoV1mTZMzAOf-nrYuO3HxiyMGcWK1IylGcSvQ.png?width=320&crop=smart&format=pjpg&auto=webp&s=e5eb71e5c81cf05085d8595d1d8111e2f85c8ca6",
      "_video": {
        "sources": [
          {
            "url": "https://v.redd.it/anlu76a7z1h71/DASH_480.mp4?source=fallback"
          }
        ],
        "width": 384,
        "height": 480,
        "poster": "https://external-preview.redd.it/opYAyptoV1mTZMzAOf-nrYuO3HxiyMGcWK1IylGcSvQ.png?width=320&crop=smart&format=pjpg&auto=webp&s=e5eb71e5c81cf05085d8595d1d8111e2f85c8ca6"
      }
    },
    "2021_07_31_en_reddit_reddit__r--MadeMeSmile--comments--ov5p8s--the_internet_can_be_wholesome_at_times": {
      "id": "2021_07_31_en_reddit_reddit__r--MadeMeSmile--comments--ov5p8s--the_internet_can_be_wholesome_at_times",
      "url": "https://old.reddit.com/r/MadeMeSmile/comments/ov5p8s/the_internet_can_be_wholesome_at_times/",
      "date_published": "2021-07-31T21:41:06.000Z",
      "date_modified": "2021-07-31T21:41:06.000Z",
      "_original_published": "2021-07-31T11:44:43.000Z",
      "_original_language": "en",
      "_translations": {
        "en": {
          "title": "The Internet can be wholesome at times"
        },
        "ja": {
          "title": "インターネットは時に健全なものである"
        },
        "zh-Hans": {
          "title": "互联网有时也可以是健康的"
        },
        "zh-Hant": {
          "title": "互聯網有時也可以是健康的"
        }
      },
      "tags": [
        "MadeMeSmile"
      ],
      "authors": [
        {
          "name": "regian24",
          "url": "https://old.reddit.com/user/regian24"
        }
      ],
      "_links": [
        {
          "url": "https://old.reddit.com/r/MadeMeSmile/comments/ov5p8s/the_internet_can_be_wholesome_at_times/",
          "name": "&uarr;75445 votes"
        }
      ],
      "image": "https://external-preview.redd.it/Ev-x3u3WTqGji13b8Qam88ZFwSfYqSk4m8QG2VdAQpk.png?width=216&crop=smart&format=pjpg&auto=webp&s=16024949695b25df3419de05028941b13be6f19a",
      "_video": {
        "sources": [
          {
            "url": "https://v.redd.it/xnjlxdlxcje71/DASH_240.mp4?source=fallback"
          }
        ],
        "width": 258,
        "height": 240,
        "poster": "https://external-preview.redd.it/Ev-x3u3WTqGji13b8Qam88ZFwSfYqSk4m8QG2VdAQpk.png?width=216&crop=smart&format=pjpg&auto=webp&s=16024949695b25df3419de05028941b13be6f19a"
      }
    },
    "2021_06_29_en_reddit_reddit__r--MadeMeSmile--comments--oa5x2f--apparently_its_a_tradition_in_brazil_to_give_the": {
      "id": "2021_06_29_en_reddit_reddit__r--MadeMeSmile--comments--oa5x2f--apparently_its_a_tradition_in_brazil_to_give_the",
      "url": "https://old.reddit.com/r/MadeMeSmile/comments/oa5x2f/apparently_its_a_tradition_in_brazil_to_give_the/",
      "date_published": "2021-06-29T21:17:23.000Z",
      "date_modified": "2021-06-29T21:17:23.000Z",
      "_original_published": "2021-06-29T10:56:46.000Z",
      "_original_language": "en",
      "_translations": {
        "en": {
          "title": "Apparently, it's a tradition in Brazil to give the first slice of your birthday cake to the person you love/care for the most ❤️"
        },
        "ja": {
          "title": "ブラジルでは、自分の誕生日ケーキの最初の一切れを、一番好きな人・大切な人にあげるという伝統があるらしいです❤️。"
        },
        "zh-Hans": {
          "title": "显然，在巴西，把第一片生日蛋糕给你最爱/最关心的人，是一种传统❤️。"
        },
        "zh-Hant": {
          "title": "顯然，在巴西，把第一片生日蛋糕給你最愛/最關心的人，是一種傳統❤️。"
        }
      },
      "tags": [
        "MadeMeSmile"
      ],
      "authors": [
        {
          "name": "LostWalkingHouse",
          "url": "https://old.reddit.com/user/LostWalkingHouse"
        }
      ],
      "_links": [
        {
          "url": "https://old.reddit.com/r/MadeMeSmile/comments/oa5x2f/apparently_its_a_tradition_in_brazil_to_give_the/",
          "name": "&uarr;80450 votes"
        }
      ],
      "image": "https://external-preview.redd.it/4XeO8aQdtrmPqdMmknnUHHHpxMR5eyXlzObQLJFWY5Q.png?width=640&crop=smart&format=pjpg&auto=webp&s=0c402a390df8209a5d53db83f0986c4100f80732",
      "_video": {
        "sources": [
          {
            "url": "https://v.redd.it/0xpr7gs2r6871/DASH_480.mp4?source=fallback"
          }
        ],
        "width": 480,
        "height": 480,
        "poster": "https://external-preview.redd.it/4XeO8aQdtrmPqdMmknnUHHHpxMR5eyXlzObQLJFWY5Q.png?width=640&crop=smart&format=pjpg&auto=webp&s=0c402a390df8209a5d53db83f0986c4100f80732"
      }
    },
    "2021_06_28_en_reddit_reddit__r--MadeMeSmile--comments--o9infd--not_a_selfmade_man": {
      "id": "2021_06_28_en_reddit_reddit__r--MadeMeSmile--comments--o9infd--not_a_selfmade_man",
      "url": "https://old.reddit.com/r/MadeMeSmile/comments/o9infd/not_a_selfmade_man/",
      "date_published": "2021-06-28T17:22:09.000Z",
      "date_modified": "2021-06-28T17:22:09.000Z",
      "_original_published": "2021-06-28T11:49:36.000Z",
      "_original_language": "en",
      "_translations": {
        "en": {
          "title": "Not a self-made man"
        },
        "ja": {
          "title": "自作自演ではない"
        },
        "zh-Hans": {
          "title": "不是自作主张的人"
        },
        "zh-Hant": {
          "title": "不是自作主張的人"
        }
      },
      "tags": [
        "MadeMeSmile"
      ],
      "authors": [
        {
          "name": "__Dawn__Amber__",
          "url": "https://old.reddit.com/user/__Dawn__Amber__"
        }
      ],
      "_links": [
        {
          "url": "https://old.reddit.com/r/MadeMeSmile/comments/o9infd/not_a_selfmade_man/",
          "name": "&uarr;84599 votes"
        }
      ],
      "image": "https://external-preview.redd.it/hjTXArkTCapXlhzdpH183fSZItOz_zEdxz80Nc41d8E.png?width=640&crop=smart&format=pjpg&auto=webp&s=94420afb2dfc053f4d53858d7077e75d9a232f45",
      "_video": {
        "sources": [
          {
            "url": "https://v.redd.it/sofhp9jtvz771/DASH_480.mp4?source=fallback"
          }
        ],
        "width": 480,
        "height": 480,
        "poster": "https://external-preview.redd.it/hjTXArkTCapXlhzdpH183fSZItOz_zEdxz80Nc41d8E.png?width=640&crop=smart&format=pjpg&auto=webp&s=94420afb2dfc053f4d53858d7077e75d9a232f45"
      }
    },
    "2021_05_12_en_reddit_reddit__r--MadeMeSmile--comments--nagofk--gamer_boys": {
      "id": "2021_05_12_en_reddit_reddit__r--MadeMeSmile--comments--nagofk--gamer_boys",
      "url": "https://old.reddit.com/r/MadeMeSmile/comments/nagofk/gamer_boys/",
      "date_published": "2021-05-12T15:52:26.000Z",
      "date_modified": "2021-05-12T15:52:26.000Z",
      "_original_published": "2021-05-12T04:47:49.000Z",
      "_original_language": "en",
      "_translations": {
        "en": {
          "title": "Gamer boys"
        },
        "ja": {
          "title": "ゲーマー男子"
        },
        "zh-Hans": {
          "title": "游戏玩家男孩"
        },
        "zh-Hant": {
          "title": "遊戲玩家男孩"
        }
      },
      "tags": [
        "MadeMeSmile"
      ],
      "authors": [
        {
          "name": "LOLMAN2318",
          "url": "https://old.reddit.com/user/LOLMAN2318"
        }
      ],
      "_links": [
        {
          "url": "https://old.reddit.com/r/MadeMeSmile/comments/nagofk/gamer_boys/",
          "name": "&uarr;92783 votes"
        }
      ],
      "image": "https://external-preview.redd.it/AN_6JjOYaI0rpAllBEpckq3eUAyQaMHNp-EtDyOa2Hw.png?width=320&crop=smart&format=pjpg&auto=webp&s=4304d3c71dd166d789a61a1a5b3235602de1d982",
      "_video": {
        "sources": [
          {
            "url": "https://v.redd.it/od61gbiqdmy61/DASH_720.mp4?source=fallback"
          }
        ],
        "width": 405,
        "height": 720,
        "poster": "https://external-preview.redd.it/AN_6JjOYaI0rpAllBEpckq3eUAyQaMHNp-EtDyOa2Hw.png?width=320&crop=smart&format=pjpg&auto=webp&s=4304d3c71dd166d789a61a1a5b3235602de1d982"
      }
    },
    "2021_05_02_en_reddit_reddit__r--MadeMeSmile--comments--n33zbf--incredible_work": {
      "id": "2021_05_02_en_reddit_reddit__r--MadeMeSmile--comments--n33zbf--incredible_work",
      "url": "https://old.reddit.com/r/MadeMeSmile/comments/n33zbf/incredible_work/",
      "date_published": "2021-05-02T18:04:41.000Z",
      "date_modified": "2021-05-02T18:04:41.000Z",
      "_original_published": "2021-05-02T10:56:12.000Z",
      "_original_language": "en",
      "_translations": {
        "en": {
          "title": "incredible work"
        },
        "ja": {
          "title": "すごい作品"
        },
        "zh-Hans": {
          "title": "令人难以置信的工作"
        },
        "zh-Hant": {
          "title": "令人難以置信的工作"
        }
      },
      "tags": [
        "MadeMeSmile"
      ],
      "authors": [
        {
          "name": "Chirovu",
          "url": "https://old.reddit.com/user/Chirovu"
        }
      ],
      "_links": [
        {
          "url": "https://old.reddit.com/r/MadeMeSmile/comments/n33zbf/incredible_work/",
          "name": "&uarr;106764 votes"
        }
      ],
      "image": "https://preview.redd.it/skwuppgduow61.jpg?width=640&crop=smart&auto=webp&s=e0b8e7db65f3879684045031985314e920f710db"
    },
    "2021_04_05_en_reddit_reddit__r--MadeMeSmile--comments--mkkna9--6_days_ago_my_best_friend_was_released_from": {
      "id": "2021_04_05_en_reddit_reddit__r--MadeMeSmile--comments--mkkna9--6_days_ago_my_best_friend_was_released_from",
      "url": "https://old.reddit.com/r/MadeMeSmile/comments/mkkna9/6_days_ago_my_best_friend_was_released_from/",
      "date_published": "2021-04-06T08:06:14.000Z",
      "date_modified": "2021-04-06T08:06:14.000Z",
      "_original_published": "2021-04-05T13:25:26.000Z",
      "_original_language": "en",
      "_translations": {
        "en": {
          "title": "6 days ago my best friend was released from prison after 5 years. We had only saw each other 2 times in those 5 years. Now we’re both recovering and making a difference in the lives of those around us."
        },
        "ja-JA": {
          "title": "6日前、私の親友が5年ぶりに刑務所から出所しました。その5年間で2回しか会っていませんでした。今では二人とも回復して、周りの人たちの生活に貢献しています。"
        },
        "zh-Hans": {
          "title": "6天前，我最好的朋友在5年后出狱了。在这5年里，我们只见过对方2次。现在，我们都在康复中，并使我们周围的人的生活有所改变。"
        },
        "zh-Hant": {
          "title": "6天前，我最好的朋友在5年後出獄了。在這5年裏，我們只見過對方2次。現在，我們都在康復中，並使我們周圍的人的生活有所改變。"
        },
        "ja": {
          "title": "6日前、私の親友が5年ぶりに刑務所から出所しました。その5年間で2回しか会っていませんでした。今では二人とも回復して、周りの人たちの生活に貢献しています。"
        }
      },
      "tags": [
        "MadeMeSmile"
      ],
      "authors": [
        {
          "name": "huntervsaddiction",
          "url": "https://old.reddit.com/user/huntervsaddiction"
        }
      ],
      "_links": [
        {
          "url": "https://old.reddit.com/r/MadeMeSmile/comments/mkkna9/6_days_ago_my_best_friend_was_released_from/",
          "name": "&uarr;86217 votes"
        }
      ],
      "image": "https://preview.redd.it/keaul42ewcr61.jpg?width=1080&crop=smart&auto=webp&s=a03268f2b95f8d918c945322c455cca473e2a819"
    },
    "2021_02_27_en_reddit_reddit__r--MadeMeSmile--comments--ltfnie--you_can_do_better": {
      "id": "2021_02_27_en_reddit_reddit__r--MadeMeSmile--comments--ltfnie--you_can_do_better",
      "url": "https://old.reddit.com/r/MadeMeSmile/comments/ltfnie/you_can_do_better/",
      "date_published": "2021-02-27T15:51:16.000Z",
      "date_modified": "2021-02-27T15:51:16.000Z",
      "_original_published": "2021-02-27T03:55:37.000Z",
      "_original_language": "en",
      "_translations": {
        "en": {
          "title": "You can do better"
        },
        "zh-Hans": {
          "title": "你可以做得更好"
        },
        "zh-Hant": {
          "title": "你可以做得更好"
        }
      },
      "tags": [
        "MadeMeSmile"
      ],
      "authors": [
        {
          "name": "memezzer",
          "url": "https://old.reddit.com/user/memezzer"
        }
      ],
      "_links": [
        {
          "url": "https://old.reddit.com/r/MadeMeSmile/comments/ltfnie/you_can_do_better/",
          "name": "&uarr;78215 votes"
        }
      ],
      "image": "https://preview.redd.it/mi9s5tzz0yj61.jpg?width=640&crop=smart&auto=webp&s=32a54a72104b3ed9cc7727a652ed76509b6af22e"
    },
    "2021_01_11_en_reddit_reddit__r--MadeMeSmile--comments--kv1pk2--boss_baby_as_a_middle_schooler": {
      "id": "2021_01_11_en_reddit_reddit__r--MadeMeSmile--comments--kv1pk2--boss_baby_as_a_middle_schooler",
      "url": "https://old.reddit.com/r/MadeMeSmile/comments/kv1pk2/boss_baby_as_a_middle_schooler/",
      "date_published": "2021-01-11T18:23:22.000Z",
      "date_modified": "2021-01-11T18:23:22.000Z",
      "_original_published": "2021-01-11T12:29:06.000Z",
      "_original_language": "en",
      "_translations": {
        "en": {
          "title": "Boss baby as a middle schooler."
        },
        "zh-Hans": {
          "title": "初中生时的老板宝贝。"
        },
        "zh-Hant": {
          "title": "初中生時的老闆寶貝。"
        }
      },
      "tags": [
        "MadeMeSmile"
      ],
      "authors": [
        {
          "name": "msalaar_",
          "url": "https://old.reddit.com/user/msalaar_"
        }
      ],
      "_links": [
        {
          "url": "https://old.reddit.com/r/MadeMeSmile/comments/kv1pk2/boss_baby_as_a_middle_schooler/",
          "name": "&uarr;97798 votes"
        }
      ],
      "image": "https://preview.redd.it/dlr9ezhr5pa61.jpg?width=1080&crop=smart&auto=webp&s=b3feba66206a0b04e09f132a72bd48c3c56894c9"
    },
    "2020_12_31_en_reddit_reddit__r--MadeMeSmile--comments--knzkv7--you_think_your_dad_is_cool": {
      "id": "2020_12_31_en_reddit_reddit__r--MadeMeSmile--comments--knzkv7--you_think_your_dad_is_cool",
      "url": "https://old.reddit.com/r/MadeMeSmile/comments/knzkv7/you_think_your_dad_is_cool/",
      "date_published": "2021-01-01T12:54:58.000Z",
      "date_modified": "2021-01-01T12:54:58.000Z",
      "_original_published": "2020-12-31T22:33:08.000Z",
      "_original_language": "en",
      "_translations": {
        "en": {
          "title": "You think your dad is cool?"
        },
        "zh-Hans": {
          "title": "你觉得你爸爸很酷吗？"
        },
        "zh-Hant": {
          "title": "你覺得你爸爸很酷嗎？"
        }
      },
      "tags": [
        "MadeMeSmile"
      ],
      "authors": [
        {
          "name": "SarcasmBasterd",
          "url": "https://old.reddit.com/user/SarcasmBasterd"
        }
      ],
      "_links": [
        {
          "url": "https://old.reddit.com/r/MadeMeSmile/comments/knzkv7/you_think_your_dad_is_cool/",
          "name": "&uarr;82474 votes"
        }
      ],
      "image": "https://external-preview.redd.it/NQGxiSYUx-rtrJxRUPCITg42MOK8-TNgAnb2eMXxddc.png?width=320&crop=smart&format=pjpg&auto=webp&s=bcb45cefd62e869eaee7d4b40b7184c6eb94ea35",
      "_video": {
        "sources": [
          {
            "url": "https://v.redd.it/ubejq67enl861/DASH_480.mp4?source=fallback"
          }
        ],
        "width": 270,
        "height": 480,
        "poster": "https://external-preview.redd.it/NQGxiSYUx-rtrJxRUPCITg42MOK8-TNgAnb2eMXxddc.png?width=320&crop=smart&format=pjpg&auto=webp&s=bcb45cefd62e869eaee7d4b40b7184c6eb94ea35"
      }
    },
    "2020_12_24_en_reddit_reddit__r--MadeMeSmile--comments--kj7dm0--12_years_ago_i_was_homeless_today_im_a_homeowner": {
      "id": "2020_12_24_en_reddit_reddit__r--MadeMeSmile--comments--kj7dm0--12_years_ago_i_was_homeless_today_im_a_homeowner",
      "url": "https://old.reddit.com/r/MadeMeSmile/comments/kj7dm0/12_years_ago_i_was_homeless_today_im_a_homeowner/",
      "date_published": "2020-12-24T14:38:57.000Z",
      "date_modified": "2020-12-24T14:38:57.000Z",
      "_original_published": "2020-12-24T03:01:44.000Z",
      "_original_language": "en",
      "_translations": {
        "en": {
          "title": "12 years ago I was homeless. Today I'm a homeowner."
        },
        "zh-Hans": {
          "title": "12年前我无家可归。今天我是房主了。"
        },
        "zh-Hant": {
          "title": "12年前我無家可歸。今天我是房主了。"
        }
      },
      "tags": [
        "MadeMeSmile"
      ],
      "authors": [
        {
          "name": "BetteMoxie",
          "url": "https://old.reddit.com/user/BetteMoxie"
        }
      ],
      "_links": [
        {
          "url": "https://old.reddit.com/r/MadeMeSmile/comments/kj7dm0/12_years_ago_i_was_homeless_today_im_a_homeowner/",
          "name": "&uarr;85962 votes"
        }
      ],
      "image": "https://preview.redd.it/45mjvn64w1761.jpg?width=1080&crop=smart&auto=webp&s=863e3c43fdd125ec4aba5fa41abf79cca5e42d47"
    },
    "2020_12_22_en_reddit_reddit__r--MadeMeSmile--comments--ki22sn--what_a_champ": {
      "id": "2020_12_22_en_reddit_reddit__r--MadeMeSmile--comments--ki22sn--what_a_champ",
      "url": "https://old.reddit.com/r/MadeMeSmile/comments/ki22sn/what_a_champ/",
      "date_published": "2020-12-22T19:49:46.000Z",
      "date_modified": "2020-12-22T19:49:46.000Z",
      "_original_published": "2020-12-22T09:27:28.000Z",
      "_original_language": "en",
      "_translations": {
        "en": {
          "title": "What a champ!"
        },
        "zh-Hans": {
          "title": "多棒的冠军啊！"
        },
        "zh-Hant": {
          "title": "多棒的冠軍啊！"
        }
      },
      "tags": [
        "MadeMeSmile"
      ],
      "authors": [
        {
          "name": "Timmyg98",
          "url": "https://old.reddit.com/user/Timmyg98"
        }
      ],
      "_links": [
        {
          "url": "https://old.reddit.com/r/MadeMeSmile/comments/ki22sn/what_a_champ/",
          "name": "&uarr;80539 votes"
        }
      ],
      "image": "https://preview.redd.it/svarxfv4jp661.jpg?width=1080&crop=smart&auto=webp&s=037b764b4a0db5b9f6df59af65f516e6b4e46b89"
    },
    "2020_12_15_en_reddit_reddit__r--MadeMeSmile--comments--kdm4l9--today_is_the_day_this_little_lady_becomes_my": {
      "id": "2020_12_15_en_reddit_reddit__r--MadeMeSmile--comments--kdm4l9--today_is_the_day_this_little_lady_becomes_my",
      "url": "https://old.reddit.com/r/MadeMeSmile/comments/kdm4l9/today_is_the_day_this_little_lady_becomes_my/",
      "date_published": "2020-12-15T20:58:05.000Z",
      "date_modified": "2020-12-15T20:58:05.000Z",
      "_original_published": "2020-12-15T13:54:55.000Z",
      "_original_language": "en",
      "_translations": {
        "en": {
          "title": "Today is the day this little lady becomes my daughter. Happy adoption day!!!"
        },
        "zh-Hans": {
          "title": "今天是这位小姑娘成为我女儿的日子。领养日快乐！"
        },
        "zh-Hant": {
          "title": "今天是這位小姑娘成爲我女兒的日子。領養日快樂！"
        }
      },
      "tags": [
        "MadeMeSmile"
      ],
      "authors": [
        {
          "name": "Sdoeden87",
          "url": "https://old.reddit.com/user/Sdoeden87"
        }
      ],
      "_links": [
        {
          "url": "https://old.reddit.com/r/MadeMeSmile/comments/kdm4l9/today_is_the_day_this_little_lady_becomes_my/",
          "name": "&uarr;99725 votes"
        }
      ],
      "image": "https://preview.redd.it/ct902vwgwc561.jpg?width=640&crop=smart&auto=webp&s=953452adf0d0d0305cf65248838f27a7d53ec310"
    },
    "2020_11_22_en_reddit_reddit__r--MadeMeSmile--comments--jyirhp--peanut_butter_mms": {
      "id": "2020_11_22_en_reddit_reddit__r--MadeMeSmile--comments--jyirhp--peanut_butter_mms",
      "url": "https://old.reddit.com/r/MadeMeSmile/comments/jyirhp/peanut_butter_mms/",
      "date_published": "2020-11-22T16:14:25.000Z",
      "date_modified": "2020-11-22T16:14:25.000Z",
      "_original_published": "2020-11-22T16:14:25.000Z",
      "_original_language": "en",
      "_translations": {
        "en": {
          "title": "Peanut Butter M&M's"
        },
        "zh-Hans": {
          "title": "花生酱M&M‘s"
        },
        "zh-Hant": {
          "title": "花生醬M&M‘s"
        }
      },
      "tags": [
        "MadeMeSmile"
      ],
      "authors": [
        {
          "name": "ExpertAccident",
          "url": "https://old.reddit.com/user/ExpertAccident"
        }
      ],
      "_links": [
        {
          "url": "https://old.reddit.com/r/MadeMeSmile/comments/jyirhp/peanut_butter_mms/",
          "name": "&uarr;68623 votes"
        }
      ],
      "image": "https://preview.redd.it/xwyx9i9htn061.png?width=320&crop=smart&auto=webp&s=3eb8d6e8d83822fe42b87b887e5c22c848b6dca2"
    }
  }
}
