{
  "meta": {
    "name": "LeopardsAteMyFace"
  },
  "items": {
    "2021_01_13_en_reddit_reddit__r--LeopardsAteMyFace--comments--kwgxlk--good_thing_the_stimulus_passed": {
      "id": "2021_01_13_en_reddit_reddit__r--LeopardsAteMyFace--comments--kwgxlk--good_thing_the_stimulus_passed",
      "url": "https://old.reddit.com/r/LeopardsAteMyFace/comments/kwgxlk/good_thing_the_stimulus_passed/",
      "date_published": "2021-01-13T23:08:11.000Z",
      "date_modified": "2021-01-13T23:08:11.000Z",
      "_original_published": "2021-01-13T13:59:49.000Z",
      "_original_language": "en",
      "_translations": {
        "en": {
          "title": "Good thing the stimulus passed."
        },
        "zh-Hans": {
          "title": "Gut, dass das Konjunkturprogramm verabschiedet wurde."
        },
        "zh-Hant": {
          "title": "Gut, dass das Konjunkturprogramm verabschiedet wurde."
        }
      },
      "tags": [
        "LeopardsAteMyFace"
      ],
      "authors": [
        {
          "name": "SpynyNormyn",
          "url": "https://old.reddit.com/user/SpynyNormyn"
        }
      ],
      "_links": [
        {
          "url": "https://old.reddit.com/r/LeopardsAteMyFace/comments/kwgxlk/good_thing_the_stimulus_passed/",
          "name": "&uarr;113539 votes"
        }
      ],
      "image": "https://preview.redd.it/tmlgsk2sv3b61.jpg?width=1080&crop=smart&auto=webp&s=74942bd3eb229a29677e504cb566a1d82127cd91"
    },
    "2020_12_29_en_reddit_reddit__r--LeopardsAteMyFace--comments--kmp3cs--i_never_thought_theyd_name_a_virus_after_my": {
      "id": "2020_12_29_en_reddit_reddit__r--LeopardsAteMyFace--comments--kmp3cs--i_never_thought_theyd_name_a_virus_after_my",
      "url": "https://old.reddit.com/r/LeopardsAteMyFace/comments/kmp3cs/i_never_thought_theyd_name_a_virus_after_my/",
      "date_published": "2020-12-30T14:52:20.000Z",
      "date_modified": "2020-12-30T14:52:20.000Z",
      "_original_published": "2020-12-29T22:56:45.000Z",
      "_original_language": "en",
      "_translations": {
        "en": {
          "title": "I never thought they'd name a virus after MY country!"
        },
        "zh-Hans": {
          "title": "我从没想过他们会以我的国家命名一种病毒！"
        },
        "zh-Hant": {
          "title": "我從沒想過他們會以我的國家命名一種病毒！"
        }
      },
      "tags": [
        "LeopardsAteMyFace"
      ],
      "authors": [
        {
          "name": "tequilanoodles",
          "url": "https://old.reddit.com/user/tequilanoodles"
        }
      ],
      "_links": [
        {
          "url": "https://old.reddit.com/r/LeopardsAteMyFace/comments/kmp3cs/i_never_thought_theyd_name_a_virus_after_my/",
          "name": "&uarr;80339 votes"
        }
      ],
      "image": "https://preview.redd.it/mr79epmvh7861.jpg?width=1080&crop=smart&auto=webp&s=3d538df020ad5030c985c7fb358f2434b9f76610"
    }
  }
}
