{
  "items": {
    "2022_03_11_en_reddit_reddit__r--worldnews--comments--tbwvqu--putin_places_head_of_the_fsbs_foreign": {
      "id": "2022_03_11_en_reddit_reddit__r--worldnews--comments--tbwvqu--putin_places_head_of_the_fsbs_foreign",
      "url": "https://old.reddit.com/r/worldnews/comments/tbwvqu/putin_places_head_of_the_fsbs_foreign/",
      "date_published": "2022-03-12T01:07:30.000Z",
      "date_modified": "2022-03-12T01:07:30.000Z",
      "_original_published": "2022-03-11T18:35:04.000Z",
      "_original_language": "en",
      "_translations": {
        "en": {
          "title": "Putin places head of the FSB's foreign intelligence branch under house arrest for failing to warn him that Ukraine could fiercely resist invasion"
        },
        "ja": {
          "title": "プーチンは、ウクライナが侵略に激しく抵抗する可能性があることを警告しなかったとして、FSBの対外情報部部長を自宅軟禁に処する。"
        },
        "zh-Hans": {
          "title": "普京软禁俄罗斯联邦安全局外国情报处处长，因为他没有警告他乌克兰可能激烈抵抗入侵"
        },
        "zh-Hant": {
          "title": "普京軟禁俄羅斯聯邦安全局外國情報處處長，因爲他沒有警告他烏克蘭可能激烈抵抗入侵"
        }
      },
      "tags": [
        "worldnews"
      ],
      "authors": [
        {
          "name": "QuirkyQuarQ",
          "url": "https://old.reddit.com/user/QuirkyQuarQ"
        }
      ],
      "_links": [
        {
          "url": "https://old.reddit.com/r/worldnews/comments/tbwvqu/putin_places_head_of_the_fsbs_foreign/",
          "name": "&uarr;82739 votes"
        }
      ],
      "image": "https://external-preview.redd.it/O1Skkial7E0WM68z93Q7RuLTr96145kQPt0yoYu5SgM.jpg?width=320&amp;crop=smart&amp;auto=webp&amp;s=2a244f1baa46c128cf19fda11eae853f73a51788"
    },
    "2022_03_16_en_reddit_reddit__r--interestingasfuck--comments--tfrmca--ukrainian_president_zelensky_confirms_that": {
      "id": "2022_03_16_en_reddit_reddit__r--interestingasfuck--comments--tfrmca--ukrainian_president_zelensky_confirms_that",
      "url": "https://old.reddit.com/r/interestingasfuck/comments/tfrmca/ukrainian_president_zelensky_confirms_that/",
      "date_published": "2022-03-17T02:28:55.000Z",
      "date_modified": "2022-03-17T02:28:55.000Z",
      "_original_published": "2022-03-16T19:56:41.000Z",
      "_original_language": "en",
      "_translations": {
        "en": {
          "title": "Ukrainian President Zelensky confirms that Ukrainian forces managed to extract the mayor of Melitopol, Ivan Fedorov, from Russian captivity."
        },
        "ja": {
          "title": "ウクライナのゼレンスキー大統領は、ウクライナ軍がロシアの捕虜となっていたメリトポリ市長のイワン・フェドロフを救い出すことに成功したことを確認しました。"
        },
        "zh-Hans": {
          "title": "乌克兰总统泽伦斯基证实，乌克兰军队成功地从俄罗斯人的囚禁中救出了梅利托波尔市市长伊万-费多罗夫。"
        },
        "zh-Hant": {
          "title": "烏克蘭總統澤倫斯基證實，烏克蘭軍隊成功地從俄羅斯人的囚禁中救出了梅利托波爾市市長伊萬-費多羅夫。"
        }
      },
      "tags": [
        "interestingasfuck"
      ],
      "authors": [
        {
          "name": "lonely_fucker69",
          "url": "https://old.reddit.com/user/lonely_fucker69"
        }
      ],
      "_links": [
        {
          "url": "https://old.reddit.com/r/interestingasfuck/comments/tfrmca/ukrainian_president_zelensky_confirms_that/",
          "name": "&uarr;81302 votes"
        }
      ],
      "image": "https://external-preview.redd.it/uoVbRj1DAncR7d6N_JfTUttSNwhs9Ge4uXiP52DEXIY.png?width=320&amp;crop=smart&amp;format=pjpg&amp;auto=webp&amp;s=59605efc5bef42b36ffab0f72129a3675dddc1d9",
      "_video": {
        "sources": [
          {
            "url": "https://v.redd.it/ivwb5zynwsn81/DASH_720.mp4?source=fallback"
          }
        ],
        "width": 380,
        "height": 720,
        "poster": "https://external-preview.redd.it/uoVbRj1DAncR7d6N_JfTUttSNwhs9Ge4uXiP52DEXIY.png?width=320&amp;crop=smart&amp;format=pjpg&amp;auto=webp&amp;s=59605efc5bef42b36ffab0f72129a3675dddc1d9"
      }
    },
    "2022_03_13_en_reddit_reddit__r--nextfuckinglevel--comments--td5wgj--iraq_war_veteran_confronts_george_bush": {
      "id": "2022_03_13_en_reddit_reddit__r--nextfuckinglevel--comments--td5wgj--iraq_war_veteran_confronts_george_bush",
      "url": "https://old.reddit.com/r/nextfuckinglevel/comments/td5wgj/iraq_war_veteran_confronts_george_bush/",
      "date_published": "2022-03-13T17:28:50.000Z",
      "date_modified": "2022-03-13T17:28:50.000Z",
      "_original_published": "2022-03-13T12:27:17.000Z",
      "_original_language": "en",
      "_translations": {
        "en": {
          "title": "Iraq War veteran confronts George Bush."
        },
        "ja": {
          "title": "イラク戦争帰還兵がジョージ・ブッシュに立ち向かう。"
        },
        "zh-Hans": {
          "title": "伊拉克战争老兵与乔治-布什对峙。"
        },
        "zh-Hant": {
          "title": "伊拉克戰爭老兵與喬治-布什對峙。"
        }
      },
      "tags": [
        "nextfuckinglevel"
      ],
      "authors": [
        {
          "name": "_Xyreo_",
          "url": "https://old.reddit.com/user/_Xyreo_"
        }
      ],
      "_links": [
        {
          "url": "https://old.reddit.com/r/nextfuckinglevel/comments/td5wgj/iraq_war_veteran_confronts_george_bush/",
          "name": "&uarr;81198 votes"
        }
      ],
      "image": "https://external-preview.redd.it/4dkCK8sgvP1dWFp0hza1WZmR6sTfaXP15KmHFZH5qU8.png?width=320&amp;crop=smart&amp;format=pjpg&amp;auto=webp&amp;s=294e8ed8bc0bc80c0b713b2a8e3f7b281ac0ab8e",
      "_video": {
        "sources": [
          {
            "url": "https://v.redd.it/f27c6ipk95n81/DASH_720.mp4?source=fallback"
          }
        ],
        "width": 576,
        "height": 720,
        "poster": "https://external-preview.redd.it/4dkCK8sgvP1dWFp0hza1WZmR6sTfaXP15KmHFZH5qU8.png?width=320&amp;crop=smart&amp;format=pjpg&amp;auto=webp&amp;s=294e8ed8bc0bc80c0b713b2a8e3f7b281ac0ab8e"
      }
    },
    "2022_03_13_en_reddit_reddit__r--MadeMeSmile--comments--td70mh--dads_reaction_to_babies_fake_eyebrows": {
      "id": "2022_03_13_en_reddit_reddit__r--MadeMeSmile--comments--td70mh--dads_reaction_to_babies_fake_eyebrows",
      "url": "https://old.reddit.com/r/MadeMeSmile/comments/td70mh/dads_reaction_to_babies_fake_eyebrows/",
      "date_published": "2022-03-13T17:48:13.000Z",
      "date_modified": "2022-03-13T17:48:13.000Z",
      "_original_published": "2022-03-13T13:33:49.000Z",
      "_original_language": "en",
      "_translations": {
        "en": {
          "title": "Dad's reaction to babies fake eyebrows"
        },
        "ja": {
          "title": "赤ちゃんのつけまを見たお父さんの反応"
        },
        "zh-Hans": {
          "title": "爸爸对婴儿假眉毛的反应"
        },
        "zh-Hant": {
          "title": "爸爸對嬰兒假眉毛的反應"
        }
      },
      "tags": [
        "MadeMeSmile"
      ],
      "authors": [
        {
          "name": "Yerawizzardarry",
          "url": "https://old.reddit.com/user/Yerawizzardarry"
        }
      ],
      "_links": [
        {
          "url": "https://old.reddit.com/r/MadeMeSmile/comments/td70mh/dads_reaction_to_babies_fake_eyebrows/",
          "name": "&uarr;80293 votes"
        }
      ],
      "image": "https://external-preview.redd.it/RT11CBog4TS1xIHxKCVLQAGYupH__m7bJkQXJJSa6E4.png?width=320&amp;crop=smart&amp;format=pjpg&amp;auto=webp&amp;s=6153b98599972646f979ffc9319292bc24712843",
      "_video": {
        "sources": [
          {
            "url": "https://v.redd.it/cbki0y2ml5n81/DASH_1080.mp4?source=fallback"
          }
        ],
        "width": 608,
        "height": 1080,
        "poster": "https://external-preview.redd.it/RT11CBog4TS1xIHxKCVLQAGYupH__m7bJkQXJJSa6E4.png?width=320&amp;crop=smart&amp;format=pjpg&amp;auto=webp&amp;s=6153b98599972646f979ffc9319292bc24712843"
      }
    },
    "2022_03_13_en_reddit_reddit__r--interestingasfuck--comments--td7adx--20_years_ago_someone_impaled_a_60_pound_pumpkin": {
      "id": "2022_03_13_en_reddit_reddit__r--interestingasfuck--comments--td7adx--20_years_ago_someone_impaled_a_60_pound_pumpkin",
      "url": "https://old.reddit.com/r/interestingasfuck/comments/td7adx/20_years_ago_someone_impaled_a_60_pound_pumpkin/",
      "date_published": "2022-03-13T18:12:08.000Z",
      "date_modified": "2022-03-13T18:12:08.000Z",
      "_original_published": "2022-03-13T13:48:27.000Z",
      "_original_language": "en",
      "_translations": {
        "en": {
          "title": "20 years ago, someone impaled a 60 pound pumpkin on the top of a spire at Cornell University in the middle of the night. It was over 170 feet off the ground. To this day, no one is really sure how this was accomplished without anyone noticing."
        },
        "ja": {
          "title": "20年前、夜中に誰かがコーネル大学の尖塔のてっぺんに60ポンドのカボチャを突き刺した。地上から170フィート以上離れていた。今日に至るまで、誰にも気づかれることなく、どのようにしてこれを達成したのか、誰も本当のところは知らない。"
        },
        "zh-Hans": {
          "title": "20年前，有人在半夜将一个60磅重的南瓜钉在康奈尔大学的一个尖顶上。它离地面有170多英尺。时至今日，没有人真正确定这是如何在没有人注意的情况下完成的。"
        },
        "zh-Hant": {
          "title": "20年前，有人在半夜將一個60磅重的南瓜釘在康奈爾大學的一個尖頂上。它離地面有170多英尺。時至今日，沒有人真正確定這是如何在沒有人注意的情況下完成的。"
        }
      },
      "tags": [
        "interestingasfuck"
      ],
      "authors": [
        {
          "name": "neroina",
          "url": "https://old.reddit.com/user/neroina"
        }
      ],
      "_links": [
        {
          "url": "https://old.reddit.com/r/interestingasfuck/comments/td7adx/20_years_ago_someone_impaled_a_60_pound_pumpkin/",
          "name": "&uarr;80194 votes"
        }
      ],
      "image": "https://preview.redd.it/q9a91nu8o5n81.jpg?width=640&amp;crop=smart&amp;auto=webp&amp;s=b027556a188796564d44d96a2631d27afcdd0d92"
    },
    "2022_03_16_en_reddit_reddit__r--oddlysatisfying--comments--tfh6as--who_remembers_these_bad_boys_best_feature_on_a": {
      "id": "2022_03_16_en_reddit_reddit__r--oddlysatisfying--comments--tfh6as--who_remembers_these_bad_boys_best_feature_on_a",
      "url": "https://old.reddit.com/r/oddlysatisfying/comments/tfh6as/who_remembers_these_bad_boys_best_feature_on_a/",
      "date_published": "2022-03-16T18:38:12.000Z",
      "date_modified": "2022-03-16T18:38:12.000Z",
      "_original_published": "2022-03-16T13:02:31.000Z",
      "_original_language": "en",
      "_translations": {
        "en": {
          "title": "Who remembers these bad boys? Best feature on a calculator."
        },
        "ja": {
          "title": "この悪ガキを覚えている人はいるだろうか？電卓の最高の機能です。"
        },
        "zh-Hans": {
          "title": "谁还记得这些坏小子？计算器上的最佳功能。"
        },
        "zh-Hant": {
          "title": "誰還記得這些壞小子？計算器上的最佳功能。"
        }
      },
      "tags": [
        "oddlysatisfying"
      ],
      "authors": [
        {
          "name": "_Xyreo_",
          "url": "https://old.reddit.com/user/_Xyreo_"
        }
      ],
      "_links": [
        {
          "url": "https://old.reddit.com/r/oddlysatisfying/comments/tfh6as/who_remembers_these_bad_boys_best_feature_on_a/",
          "name": "&uarr;79837 votes"
        }
      ],
      "image": "https://external-preview.redd.it/T2PmT_AbLeTkWQtJ8FBn1A1ZWDLHwulS_GzFQfvSnsE.png?width=1080&amp;crop=smart&amp;format=pjpg&amp;auto=webp&amp;s=ec1a9fe4649edc0ae8fd31459035679fbced8a85",
      "_video": {
        "sources": [
          {
            "url": "https://v.redd.it/eu7rssqpuqn81/DASH_1080.mp4?source=fallback"
          }
        ],
        "width": 1920,
        "height": 1080,
        "poster": "https://external-preview.redd.it/T2PmT_AbLeTkWQtJ8FBn1A1ZWDLHwulS_GzFQfvSnsE.png?width=1080&amp;crop=smart&amp;format=pjpg&amp;auto=webp&amp;s=ec1a9fe4649edc0ae8fd31459035679fbced8a85"
      }
    },
    "2022_03_14_en_reddit_reddit__r--nextfuckinglevel--comments--te5ky7--main_propaganda_channel_sabotaged_by_an_employee": {
      "id": "2022_03_14_en_reddit_reddit__r--nextfuckinglevel--comments--te5ky7--main_propaganda_channel_sabotaged_by_an_employee",
      "url": "https://old.reddit.com/r/nextfuckinglevel/comments/te5ky7/main_propaganda_channel_sabotaged_by_an_employee/",
      "date_published": "2022-03-14T23:35:13.000Z",
      "date_modified": "2022-03-14T23:35:13.000Z",
      "_original_published": "2022-03-14T19:27:23.000Z",
      "_original_language": "en",
      "_translations": {
        "en": {
          "title": "Main propaganda channel sabotaged by an employee on live TV"
        },
        "ja": {
          "title": "主要なプロパガンダチャンネルが生放送で従業員によって妨害された。"
        },
        "zh-Hans": {
          "title": "主要宣传频道被一名雇员在电视直播中破坏了"
        },
        "zh-Hant": {
          "title": "主要宣傳頻道被一名僱員在電視直播中破壞了"
        }
      },
      "tags": [
        "nextfuckinglevel"
      ],
      "authors": [
        {
          "name": "shakhanovich",
          "url": "https://old.reddit.com/user/shakhanovich"
        }
      ],
      "_links": [
        {
          "url": "https://old.reddit.com/r/nextfuckinglevel/comments/te5ky7/main_propaganda_channel_sabotaged_by_an_employee/",
          "name": "&uarr;79462 votes"
        }
      ],
      "image": "https://external-preview.redd.it/QyXrxXGgGWR819j55pcadAogxInCC4k926zd9zwRgIY.png?width=1080&amp;crop=smart&amp;format=pjpg&amp;auto=webp&amp;s=18187c21fae839cc0e3eadbf4b005afb20a09cf6",
      "_video": {
        "sources": [
          {
            "url": "https://v.redd.it/fzko4wolhen81/DASH_480.mp4?source=fallback"
          }
        ],
        "width": 854,
        "height": 384,
        "poster": "https://external-preview.redd.it/QyXrxXGgGWR819j55pcadAogxInCC4k926zd9zwRgIY.png?width=1080&amp;crop=smart&amp;format=pjpg&amp;auto=webp&amp;s=18187c21fae839cc0e3eadbf4b005afb20a09cf6"
      }
    },
    "2022_03_14_en_reddit_reddit__r--WatchPeopleDieInside--comments--tdxgcy--times_when_putin_tried_to_shake_someones_hand": {
      "id": "2022_03_14_en_reddit_reddit__r--WatchPeopleDieInside--comments--tdxgcy--times_when_putin_tried_to_shake_someones_hand",
      "url": "https://old.reddit.com/r/WatchPeopleDieInside/comments/tdxgcy/times_when_putin_tried_to_shake_someones_hand/",
      "date_published": "2022-03-14T17:17:25.000Z",
      "date_modified": "2022-03-14T17:17:25.000Z",
      "_original_published": "2022-03-14T13:25:30.000Z",
      "_original_language": "en",
      "_translations": {
        "en": {
          "title": "Times when Putin tried to shake someone's hand"
        },
        "ja": {
          "title": "プーチンが握手しようとした回数"
        },
        "zh-Hans": {
          "title": "普京试图与人握手的次数"
        },
        "zh-Hant": {
          "title": "普京試圖與人握手的次數"
        }
      },
      "tags": [
        "WatchPeopleDieInside"
      ],
      "authors": [
        {
          "name": "Hayasaka_Best_Girl",
          "url": "https://old.reddit.com/user/Hayasaka_Best_Girl"
        }
      ],
      "_links": [
        {
          "url": "https://old.reddit.com/r/WatchPeopleDieInside/comments/tdxgcy/times_when_putin_tried_to_shake_someones_hand/",
          "name": "&uarr;79367 votes"
        }
      ],
      "image": "https://external-preview.redd.it/cky9Yd0tg4g6g71key54cbyCtScGJYBjBuiakW4T6NA.jpg?width=320&amp;crop=smart&amp;auto=webp&amp;s=c5aa25855d304511b179858fda8a636040b1555e",
      "_video": {
        "sources": [
          {
            "url": "https://v.redd.it/ltbxymy2pcn81/DASH_240.mp4"
          }
        ],
        "width": 426,
        "height": 238,
        "poster": "https://external-preview.redd.it/cky9Yd0tg4g6g71key54cbyCtScGJYBjBuiakW4T6NA.jpg?width=320&amp;crop=smart&amp;auto=webp&amp;s=c5aa25855d304511b179858fda8a636040b1555e"
      }
    },
    "2022_03_11_en_reddit_reddit__r--nextfuckinglevel--comments--tbsimf--didnt_hesitate_for_a_moment": {
      "id": "2022_03_11_en_reddit_reddit__r--nextfuckinglevel--comments--tbsimf--didnt_hesitate_for_a_moment",
      "url": "https://old.reddit.com/r/nextfuckinglevel/comments/tbsimf/didnt_hesitate_for_a_moment/",
      "date_published": "2022-03-11T20:16:06.000Z",
      "date_modified": "2022-03-11T20:16:06.000Z",
      "_original_published": "2022-03-11T15:26:37.000Z",
      "_original_language": "en",
      "_translations": {
        "en": {
          "title": "Didn't hesitate for a moment"
        },
        "ja": {
          "title": "一瞬の躊躇もなかった"
        },
        "zh-Hans": {
          "title": "一刻也没有犹豫"
        },
        "zh-Hant": {
          "title": "一刻也沒有猶豫"
        }
      },
      "tags": [
        "nextfuckinglevel"
      ],
      "authors": [
        {
          "name": "Chasith",
          "url": "https://old.reddit.com/user/Chasith"
        }
      ],
      "_links": [
        {
          "url": "https://old.reddit.com/r/nextfuckinglevel/comments/tbsimf/didnt_hesitate_for_a_moment/",
          "name": "&uarr;78133 votes"
        }
      ],
      "image": "https://external-preview.redd.it/5hDdIxXtUJunU-6WZ3-RJGqQNXq-3SKkUBD7Z8BrnD8.png?width=640&amp;crop=smart&amp;format=pjpg&amp;auto=webp&amp;s=1aaeb68b7cf617a4df5d24c943dedaccf7b030f4",
      "_video": {
        "sources": [
          {
            "url": "https://v.redd.it/5sw3e61vvrm81/DASH_360.mp4?source=fallback"
          }
        ],
        "width": 640,
        "height": 360,
        "poster": "https://external-preview.redd.it/5hDdIxXtUJunU-6WZ3-RJGqQNXq-3SKkUBD7Z8BrnD8.png?width=640&amp;crop=smart&amp;format=pjpg&amp;auto=webp&amp;s=1aaeb68b7cf617a4df5d24c943dedaccf7b030f4"
      }
    },
    "2022_03_15_en_reddit_reddit__r--interestingasfuck--comments--teu568--fire_ants_paving_a_sticky_surface": {
      "id": "2022_03_15_en_reddit_reddit__r--interestingasfuck--comments--teu568--fire_ants_paving_a_sticky_surface",
      "url": "https://old.reddit.com/r/interestingasfuck/comments/teu568/fire_ants_paving_a_sticky_surface/",
      "date_published": "2022-03-16T02:00:54.000Z",
      "date_modified": "2022-03-16T02:00:54.000Z",
      "_original_published": "2022-03-15T17:15:08.000Z",
      "_original_language": "en",
      "_translations": {
        "en": {
          "title": "Fire ants \"paving\" a sticky surface"
        },
        "ja": {
          "title": "ヒアリの粘着面を \"舗装 \"する様子"
        },
        "zh-Hans": {
          "title": "火蚁 \"铺设 \"粘稠的表面"
        },
        "zh-Hant": {
          "title": "火蟻 \"鋪設 \"粘稠的表面"
        }
      },
      "tags": [
        "interestingasfuck"
      ],
      "authors": [
        {
          "name": "KaamDeveloper",
          "url": "https://old.reddit.com/user/KaamDeveloper"
        }
      ],
      "_links": [
        {
          "url": "https://old.reddit.com/r/interestingasfuck/comments/teu568/fire_ants_paving_a_sticky_surface/",
          "name": "&uarr;78082 votes"
        }
      ],
      "image": "https://external-preview.redd.it/QRc5K4kgRaAA4B6JS5RU0UAibacq6sr9gv-mJkYiMGc.png?width=640&amp;crop=smart&amp;format=pjpg&amp;auto=webp&amp;s=2a094844752668024bdbf2fe298d9280237f57ed",
      "_video": {
        "sources": [
          {
            "url": "https://v.redd.it/ws6gs8pxykn81/DASH_720.mp4?source=fallback"
          }
        ],
        "width": 720,
        "height": 720,
        "poster": "https://external-preview.redd.it/QRc5K4kgRaAA4B6JS5RU0UAibacq6sr9gv-mJkYiMGc.png?width=640&amp;crop=smart&amp;format=pjpg&amp;auto=webp&amp;s=2a094844752668024bdbf2fe298d9280237f57ed"
      }
    },
    "2022_03_13_en_reddit_reddit__r--Unexpected--comments--tddlnc--two_words_moscov_2022": {
      "id": "2022_03_13_en_reddit_reddit__r--Unexpected--comments--tddlnc--two_words_moscov_2022",
      "url": "https://old.reddit.com/r/Unexpected/comments/tddlnc/two_words_moscov_2022/",
      "date_published": "2022-03-13T23:29:37.000Z",
      "date_modified": "2022-03-13T23:29:37.000Z",
      "_original_published": "2022-03-13T18:52:17.000Z",
      "_original_language": "en",
      "_translations": {
        "en": {
          "title": "\"Two Words\", Moscov, 2022."
        },
        "ja": {
          "title": "\"二つの言葉\"、モスコフ、2022年。"
        },
        "zh-Hans": {
          "title": "\"两句话\"，莫斯克夫，2022年。"
        },
        "zh-Hant": {
          "title": "\"兩句話\"，莫斯克夫，2022年。"
        }
      },
      "tags": [
        "Unexpected"
      ],
      "authors": [
        {
          "name": "Accomplished-Owl-963",
          "url": "https://old.reddit.com/user/Accomplished-Owl-963"
        }
      ],
      "_links": [
        {
          "url": "https://old.reddit.com/r/Unexpected/comments/tddlnc/two_words_moscov_2022/",
          "name": "&uarr;78030 votes"
        }
      ],
      "image": "https://external-preview.redd.it/p_GTIiG0PDCfcFDWd_7aPOH8gGCKEjo9bqxpUROfP9I.png?width=1080&amp;crop=smart&amp;format=pjpg&amp;auto=webp&amp;s=cf45b07b4eeacba1eacd65a2979ef4d6b18fbe8e",
      "_video": {
        "sources": [
          {
            "url": "https://v.redd.it/86lr528a67n81/DASH_480.mp4?source=fallback"
          }
        ],
        "width": 854,
        "height": 469,
        "poster": "https://external-preview.redd.it/p_GTIiG0PDCfcFDWd_7aPOH8gGCKEjo9bqxpUROfP9I.png?width=1080&amp;crop=smart&amp;format=pjpg&amp;auto=webp&amp;s=cf45b07b4eeacba1eacd65a2979ef4d6b18fbe8e"
      }
    },
    "2022_03_12_en_reddit_reddit__r--BeAmazed--comments--tcihvu--hi_everyone_im_from_ukraine_my_daughter_and_i": {
      "id": "2022_03_12_en_reddit_reddit__r--BeAmazed--comments--tcihvu--hi_everyone_im_from_ukraine_my_daughter_and_i",
      "url": "https://old.reddit.com/r/BeAmazed/comments/tcihvu/hi_everyone_im_from_ukraine_my_daughter_and_i/",
      "date_published": "2022-03-12T20:20:59.000Z",
      "date_modified": "2022-03-12T20:20:59.000Z",
      "_original_published": "2022-03-12T15:17:53.000Z",
      "_original_language": "en",
      "_translations": {
        "en": {
          "title": "Hi everyone! I'm from Ukraine. My daughter and I have been hiding in bomb shelters for two weeks now because we can't move on. She's a little tired but holding up well! She thinks we just went for a long walk and doesn't realize that our home is already destroyed"
        },
        "ja": {
          "title": "みなさん、こんにちは。私はウクライナから来ました。娘と私は、先に進むことができないので、2週間前から防空壕に隠れています。娘は少し疲れていますが、よく持ちこたえていますよ。娘は、私たちが長い間散歩に行っただけだと思っていて、私たちの家がすでに破壊されていることに気づいていません。"
        },
        "zh-Hans": {
          "title": "大家好! 我来自乌克兰。我的女儿和我已经在防空洞里躲了两个星期了，因为我们不能继续前进。她有点累，但坚持得很好! 她认为我们只是去散步，并没有意识到我们的家已经被摧毁了。"
        },
        "zh-Hant": {
          "title": "大家好! 我來自烏克蘭。我的女兒和我已經在防空洞裏躲了兩個星期了，因爲我們不能繼續前進。她有點累，但堅持得很好! 她認爲我們只是去散步，並沒有意識到我們的家已經被摧毀了。"
        }
      },
      "tags": [
        "BeAmazed"
      ],
      "authors": [
        {
          "name": "SkrinT4",
          "url": "https://old.reddit.com/user/SkrinT4"
        }
      ],
      "_links": [
        {
          "url": "https://old.reddit.com/r/BeAmazed/comments/tcihvu/hi_everyone_im_from_ukraine_my_daughter_and_i/",
          "name": "&uarr;77777 votes"
        }
      ],
      "image": "https://preview.redd.it/sn2dcdmvyym81.jpg?width=1080&amp;crop=smart&amp;auto=webp&amp;s=f38809b78bb3241951320e2a0bbac94b05ff7b57"
    },
    "2022_03_11_en_reddit_reddit__r--interestingasfuck--comments--tbzdoe--russian_column_gets_ambushed_from_point_blank": {
      "id": "2022_03_11_en_reddit_reddit__r--interestingasfuck--comments--tbzdoe--russian_column_gets_ambushed_from_point_blank",
      "url": "https://old.reddit.com/r/interestingasfuck/comments/tbzdoe/russian_column_gets_ambushed_from_point_blank/",
      "date_published": "2022-03-12T02:09:29.000Z",
      "date_modified": "2022-03-12T02:09:29.000Z",
      "_original_published": "2022-03-11T20:31:42.000Z",
      "_original_language": "en",
      "_translations": {
        "en": {
          "title": "Russian column gets ambushed from point blank range near Kyiv"
        },
        "ja": {
          "title": "キエフ近郊でロシアの隊列が至近距離から待ち伏せされる。"
        },
        "zh-Hans": {
          "title": "俄罗斯纵队在基辅附近遭到点射伏击"
        },
        "zh-Hant": {
          "title": "俄羅斯縱隊在基輔附近遭到點射伏擊"
        }
      },
      "tags": [
        "interestingasfuck"
      ],
      "authors": [
        {
          "name": "jiuma21",
          "url": "https://old.reddit.com/user/jiuma21"
        }
      ],
      "_links": [
        {
          "url": "https://old.reddit.com/r/interestingasfuck/comments/tbzdoe/russian_column_gets_ambushed_from_point_blank/",
          "name": "&uarr;77744 votes"
        }
      ],
      "image": "https://external-preview.redd.it/4XVgTfkricae-Erv-NL1acP14iWN5XCh_z9db_ljST0.png?width=1080&amp;crop=smart&amp;format=pjpg&amp;auto=webp&amp;s=92b1cf77947ccdd547d0b07d9da026cae8f22481",
      "_video": {
        "sources": [
          {
            "url": "https://v.redd.it/ddh612ucetm81/DASH_720.mp4?source=fallback"
          }
        ],
        "width": 1280,
        "height": 720,
        "poster": "https://external-preview.redd.it/4XVgTfkricae-Erv-NL1acP14iWN5XCh_z9db_ljST0.png?width=1080&amp;crop=smart&amp;format=pjpg&amp;auto=webp&amp;s=92b1cf77947ccdd547d0b07d9da026cae8f22481"
      }
    },
    "2022_03_12_en_reddit_reddit__r--meirl--comments--tc7ft1--meirl": {
      "id": "2022_03_12_en_reddit_reddit__r--meirl--comments--tc7ft1--meirl",
      "url": "https://old.reddit.com/r/meirl/comments/tc7ft1/meirl/",
      "date_published": "2022-03-12T13:30:15.000Z",
      "date_modified": "2022-03-12T13:30:15.000Z",
      "_original_published": "2022-03-12T03:31:08.000Z",
      "_original_language": "en",
      "_translations": {
        "en": {
          "title": "meirl"
        },
        "ja": {
          "title": "ミール"
        },
        "zh-Hans": {
          "title": "我的女孩"
        },
        "zh-Hant": {
          "title": "我的女孩"
        }
      },
      "tags": [
        "meirl"
      ],
      "authors": [
        {
          "name": "Aztery",
          "url": "https://old.reddit.com/user/Aztery"
        }
      ],
      "_links": [
        {
          "url": "https://old.reddit.com/r/meirl/comments/tc7ft1/meirl/",
          "name": "&uarr;77686 votes"
        }
      ],
      "image": "https://preview.redd.it/ag6up4x2hvm81.png?width=320&amp;crop=smart&amp;auto=webp&amp;s=6d5644025c6e1e67bd45cea721c3299522cd20e4"
    },
    "2022_03_12_en_reddit_reddit__r--interestingasfuck--comments--tcpq4h--protests_grow_in_russia_where_they_are_being": {
      "id": "2022_03_12_en_reddit_reddit__r--interestingasfuck--comments--tcpq4h--protests_grow_in_russia_where_they_are_being",
      "url": "https://old.reddit.com/r/interestingasfuck/comments/tcpq4h/protests_grow_in_russia_where_they_are_being/",
      "date_published": "2022-03-13T01:25:32.000Z",
      "date_modified": "2022-03-13T01:25:32.000Z",
      "_original_published": "2022-03-12T20:10:01.000Z",
      "_original_language": "en",
      "_translations": {
        "en": {
          "title": "Protests grow in Russia where they are being arrested for holding blank paper signs"
        },
        "ja": {
          "title": "白紙の看板を持っただけで逮捕されるロシアで抗議デモが拡大"
        },
        "zh-Hans": {
          "title": "俄罗斯的抗议活动日益增多，他们因持有空白纸牌而被逮捕"
        },
        "zh-Hant": {
          "title": "俄羅斯的抗議活動日益增多，他們因持有空白紙牌而被逮捕"
        }
      },
      "tags": [
        "interestingasfuck"
      ],
      "authors": [
        {
          "name": "noahstemann",
          "url": "https://old.reddit.com/user/noahstemann"
        }
      ],
      "_links": [
        {
          "url": "https://old.reddit.com/r/interestingasfuck/comments/tcpq4h/protests_grow_in_russia_where_they_are_being/",
          "name": "&uarr;77682 votes"
        }
      ],
      "image": "https://external-preview.redd.it/cRrhJkKIclyOU3wqxTmyINZmTeSrXCJBQKlPaAueQms.png?width=320&amp;crop=smart&amp;format=pjpg&amp;auto=webp&amp;s=5788682bc8b5b4f81e2468b1425302b7eb37bb61",
      "_video": {
        "sources": [
          {
            "url": "https://v.redd.it/rcpzoboef0n81/DASH_720.mp4?source=fallback"
          }
        ],
        "width": 407,
        "height": 720,
        "poster": "https://external-preview.redd.it/cRrhJkKIclyOU3wqxTmyINZmTeSrXCJBQKlPaAueQms.png?width=320&amp;crop=smart&amp;format=pjpg&amp;auto=webp&amp;s=5788682bc8b5b4f81e2468b1425302b7eb37bb61"
      }
    },
    "2022_03_16_en_reddit_reddit__r--MadeMeSmile--comments--tfmx73--mother_i_require_animation": {
      "id": "2022_03_16_en_reddit_reddit__r--MadeMeSmile--comments--tfmx73--mother_i_require_animation",
      "url": "https://old.reddit.com/r/MadeMeSmile/comments/tfmx73/mother_i_require_animation/",
      "date_published": "2022-03-17T02:28:55.000Z",
      "date_modified": "2022-03-17T02:28:55.000Z",
      "_original_published": "2022-03-16T17:10:00.000Z",
      "_original_language": "en",
      "_translations": {
        "en": {
          "title": "MOTHER, I REQUIRE ANIMATION"
        },
        "ja": {
          "title": "母よ、私はアニメーションを必要とします。"
        },
        "zh-Hans": {
          "title": "母亲，我需要动画"
        },
        "zh-Hant": {
          "title": "母親，我需要動畫"
        }
      },
      "tags": [
        "MadeMeSmile"
      ],
      "authors": [
        {
          "name": "Nayib_Ozzy",
          "url": "https://old.reddit.com/user/Nayib_Ozzy"
        }
      ],
      "_links": [
        {
          "url": "https://old.reddit.com/r/MadeMeSmile/comments/tfmx73/mother_i_require_animation/",
          "name": "&uarr;77676 votes"
        }
      ],
      "image": "https://external-preview.redd.it/Y0lpKGGpY1lOMsKxheMiX61l70TKyRYQCWpfsndx-f4.png?width=320&amp;crop=smart&amp;format=pjpg&amp;auto=webp&amp;s=3817f7f4c90b29b27df05f5cd3397a110d7ed10b",
      "_video": {
        "sources": [
          {
            "url": "https://v.redd.it/1bm9r7jx2sn81/DASH_720.mp4?source=fallback"
          }
        ],
        "width": 405,
        "height": 720,
        "poster": "https://external-preview.redd.it/Y0lpKGGpY1lOMsKxheMiX61l70TKyRYQCWpfsndx-f4.png?width=320&amp;crop=smart&amp;format=pjpg&amp;auto=webp&amp;s=3817f7f4c90b29b27df05f5cd3397a110d7ed10b"
      }
    },
    "2022_03_16_en_reddit_reddit__r--worldnews--comments--tfqpm4--koch_industries_stays_in_russia_backs_groups": {
      "id": "2022_03_16_en_reddit_reddit__r--worldnews--comments--tfqpm4--koch_industries_stays_in_russia_backs_groups",
      "url": "https://old.reddit.com/r/worldnews/comments/tfqpm4/koch_industries_stays_in_russia_backs_groups/",
      "date_published": "2022-03-17T02:28:55.000Z",
      "date_modified": "2022-03-17T02:28:55.000Z",
      "_original_published": "2022-03-16T19:25:12.000Z",
      "_original_language": "en",
      "_translations": {
        "en": {
          "title": "Koch Industries stays in Russia, backs groups opposing U.S. sanctions"
        },
        "ja": {
          "title": "コーク・インダストリーズ社はロシアに留まり、米国の制裁に反対する団体を支援する。"
        },
        "zh-Hans": {
          "title": "科氏工业留在俄罗斯，支持反对美国制裁的团体"
        },
        "zh-Hant": {
          "title": "科氏工業留在俄羅斯，支持反對美國製裁的團體"
        }
      },
      "tags": [
        "worldnews"
      ],
      "authors": [
        {
          "name": "musicroyaldrop",
          "url": "https://old.reddit.com/user/musicroyaldrop"
        }
      ],
      "_links": [
        {
          "url": "https://old.reddit.com/r/worldnews/comments/tfqpm4/koch_industries_stays_in_russia_backs_groups/",
          "name": "&uarr;77451 votes"
        }
      ],
      "image": "https://external-preview.redd.it/fCnnjaGJEiQ9mpaVuRObpcb85iQhNAdJvSweXldsxeg.jpg?width=1080&amp;crop=smart&amp;auto=webp&amp;s=472c6dead334e26371b0ac9394c424675a1235ce"
    },
    "2022_03_17_en_reddit_reddit__r--nextfuckinglevel--comments--tgiwo1--woman_pretends_to_wash_dishes_to_hide_from_the": {
      "id": "2022_03_17_en_reddit_reddit__r--nextfuckinglevel--comments--tgiwo1--woman_pretends_to_wash_dishes_to_hide_from_the",
      "url": "https://old.reddit.com/r/nextfuckinglevel/comments/tgiwo1/woman_pretends_to_wash_dishes_to_hide_from_the/",
      "date_published": "2022-03-18T02:35:10.000Z",
      "date_modified": "2022-03-18T02:35:10.000Z",
      "_original_published": "2022-03-17T20:03:03.000Z",
      "_original_language": "en",
      "_translations": {
        "en": {
          "title": "Woman pretends to wash dishes to hide from the police"
        },
        "ja": {
          "title": "警察から隠れるために皿洗いをするふりをする女性"
        },
        "zh-Hans": {
          "title": "女子为躲避警察而假装洗碗"
        },
        "zh-Hant": {
          "title": "女子爲躲避警察而假裝洗碗"
        }
      },
      "tags": [
        "nextfuckinglevel"
      ],
      "authors": [
        {
          "name": "tivifozylos",
          "url": "https://old.reddit.com/user/tivifozylos"
        }
      ],
      "_links": [
        {
          "url": "https://old.reddit.com/r/nextfuckinglevel/comments/tgiwo1/woman_pretends_to_wash_dishes_to_hide_from_the/",
          "name": "&uarr;77393 votes"
        }
      ],
      "image": "https://external-preview.redd.it/yAHFQttLCkGS6oQ58xL_5CURsqEfSu_kSq0ON-yeHZg.png?width=320&amp;crop=smart&amp;format=pjpg&amp;auto=webp&amp;s=84d1fb51845bfc8b9d20aa0e8f6800d008e699eb",
      "_video": {
        "sources": [
          {
            "url": "https://v.redd.it/776d308720o81/DASH_240.mp4?source=fallback"
          }
        ],
        "width": 426,
        "height": 238,
        "poster": "https://external-preview.redd.it/yAHFQttLCkGS6oQ58xL_5CURsqEfSu_kSq0ON-yeHZg.png?width=320&amp;crop=smart&amp;format=pjpg&amp;auto=webp&amp;s=84d1fb51845bfc8b9d20aa0e8f6800d008e699eb"
      }
    },
    "2022_03_16_en_reddit_reddit__r--MadeMeSmile--comments--tfgq73--temar_boggs_is_a_real_hero": {
      "id": "2022_03_16_en_reddit_reddit__r--MadeMeSmile--comments--tfgq73--temar_boggs_is_a_real_hero",
      "url": "https://old.reddit.com/r/MadeMeSmile/comments/tfgq73/temar_boggs_is_a_real_hero/",
      "date_published": "2022-03-16T20:21:46.000Z",
      "date_modified": "2022-03-16T20:21:46.000Z",
      "_original_published": "2022-03-16T12:39:04.000Z",
      "_original_language": "en",
      "_translations": {
        "en": {
          "title": "Temar Boggs is a real hero."
        },
        "ja": {
          "title": "テマール・ボッグスは真の英雄だ。"
        },
        "zh-Hans": {
          "title": "特马尔-博格斯是一个真正的英雄。"
        },
        "zh-Hant": {
          "title": "特馬爾-博格斯是一個真正的英雄。"
        }
      },
      "tags": [
        "MadeMeSmile"
      ],
      "authors": [
        {
          "name": "_Xyreo_",
          "url": "https://old.reddit.com/user/_Xyreo_"
        }
      ],
      "_links": [
        {
          "url": "https://old.reddit.com/r/MadeMeSmile/comments/tfgq73/temar_boggs_is_a_real_hero/",
          "name": "&uarr;77283 votes"
        }
      ],
      "image": "https://preview.redd.it/b0hi34riqqn81.png?width=320&amp;crop=smart&amp;auto=webp&amp;s=05c385ea663a7c806b3b2b650397fa2f09ae8024"
    },
    "2022_03_17_en_reddit_reddit__r--shitposting--comments--tg6bpz--endel_ring": {
      "id": "2022_03_17_en_reddit_reddit__r--shitposting--comments--tg6bpz--endel_ring",
      "url": "https://old.reddit.com/r/shitposting/comments/tg6bpz/endel_ring/",
      "date_published": "2022-03-17T15:45:29.000Z",
      "date_modified": "2022-03-17T15:45:29.000Z",
      "_original_published": "2022-03-17T09:34:58.000Z",
      "_original_language": "en",
      "_translations": {
        "en": {
          "title": "endel ring"
        },
        "ja": {
          "title": "エンドレスリング"
        },
        "zh-Hans": {
          "title": "内尔环"
        },
        "zh-Hant": {
          "title": "內爾環"
        }
      },
      "tags": [
        "shitposting"
      ],
      "authors": [
        {
          "name": "l_ur_ker",
          "url": "https://old.reddit.com/user/l_ur_ker"
        }
      ],
      "_links": [
        {
          "url": "https://old.reddit.com/r/shitposting/comments/tg6bpz/endel_ring/",
          "name": "&uarr;77225 votes"
        }
      ],
      "image": "https://preview.redd.it/7cwhx3t0ywn81.gif?width=640&amp;crop=smart&amp;format=png8&amp;s=23aa4353c459635664e8b72c9ebd0fc56c7d12f9",
      "_video": {
        "sources": [
          {
            "url": "https://preview.redd.it/7cwhx3t0ywn81.gif?format=mp4&amp;s=fa72557e2990c2961e740887d3f368ad2f857693"
          }
        ],
        "width": 640,
        "height": 524,
        "poster": "https://preview.redd.it/7cwhx3t0ywn81.gif?width=640&amp;crop=smart&amp;format=png8&amp;s=23aa4353c459635664e8b72c9ebd0fc56c7d12f9"
      }
    }
  }
}
