{
  "items": {
    "2022_05_20_en_reddit_reddit__r--Unexpected--comments--uu3kuq--close_it_close_it_close_it": {
      "id": "2022_05_20_en_reddit_reddit__r--Unexpected--comments--uu3kuq--close_it_close_it_close_it",
      "url": "https://old.reddit.com/r/Unexpected/comments/uu3kuq/close_it_close_it_close_it/",
      "date_published": "2022-05-21T02:08:11.000Z",
      "date_modified": "2022-05-21T02:08:11.000Z",
      "_original_published": "2022-05-20T17:46:51.000Z",
      "_original_language": "en",
      "_translations": {
        "en": {
          "title": "Close it! close it! close it!"
        },
        "ja": {
          "title": "閉めろ！閉めろ！閉めろ！閉めろ！閉めろ！閉めろ！閉めろ！閉めろ！閉めろ！閉めろ！閉めろ！閉めろ"
        },
        "zh-Hans": {
          "title": "关闭它！关闭它！关闭它"
        },
        "zh-Hant": {
          "title": "關閉它！關閉它！關閉它"
        }
      },
      "tags": [
        "Unexpected"
      ],
      "authors": [
        {
          "name": "ChrisPChicken04",
          "url": "https://old.reddit.com/user/ChrisPChicken04"
        }
      ],
      "_links": [
        {
          "url": "https://old.reddit.com/r/Unexpected/comments/uu3kuq/close_it_close_it_close_it/",
          "name": "&uarr;90989 votes"
        }
      ],
      "image": "https://external-preview.redd.it/FYnYSlF55bmLIFFGUbap25ldYYLdNN431OdNywGEfwE.png?width=640&amp;crop=smart&amp;format=pjpg&amp;auto=webp&amp;s=b61b6a906915d8b9c08617fbbc0a4e0424c958e2",
      "_video": {
        "sources": [
          {
            "url": "https://v.redd.it/v4jk4ior4o091/DASH_720.mp4?source=fallback"
          }
        ],
        "width": 733,
        "height": 720,
        "poster": "https://external-preview.redd.it/FYnYSlF55bmLIFFGUbap25ldYYLdNN431OdNywGEfwE.png?width=640&amp;crop=smart&amp;format=pjpg&amp;auto=webp&amp;s=b61b6a906915d8b9c08617fbbc0a4e0424c958e2"
      }
    },
    "2022_05_26_en_reddit_reddit__r--BeAmazed--comments--uy8u8k--the_man_climbed_out_of_his_eighth_floor_apartment": {
      "id": "2022_05_26_en_reddit_reddit__r--BeAmazed--comments--uy8u8k--the_man_climbed_out_of_his_eighth_floor_apartment",
      "url": "https://old.reddit.com/r/BeAmazed/comments/uy8u8k/the_man_climbed_out_of_his_eighth_floor_apartment/",
      "date_published": "2022-05-27T03:10:47.000Z",
      "date_modified": "2022-05-27T03:10:47.000Z",
      "_original_published": "2022-05-26T14:26:55.000Z",
      "_original_language": "en",
      "_translations": {
        "en": {
          "title": "The man climbed out of his eighth floor apartment window to catch the helpless three-year-old girl."
        },
        "ja": {
          "title": "男は8階のアパートの窓から外に出て、無力な3歳の女の子を捕らえた。"
        },
        "zh-Hans": {
          "title": "这名男子从八楼的公寓窗户爬出来，抓住了这个无助的三岁女孩。"
        },
        "zh-Hant": {
          "title": "這名男子從八樓的公寓窗戶爬出來，抓住了這個無助的三歲女孩。"
        }
      },
      "tags": [
        "BeAmazed"
      ],
      "authors": [
        {
          "name": "WorldHub995",
          "url": "https://old.reddit.com/user/WorldHub995"
        }
      ],
      "_links": [
        {
          "url": "https://old.reddit.com/r/BeAmazed/comments/uy8u8k/the_man_climbed_out_of_his_eighth_floor_apartment/",
          "name": "&uarr;85521 votes"
        }
      ],
      "image": "https://external-preview.redd.it/6GcuStUS1JmS1F-spMEWA5-JKE1UfcDGy8cfgk4PSL0.png?width=320&amp;crop=smart&amp;format=pjpg&amp;auto=webp&amp;s=c0f66119975cea4719123a8b8bff7279d2599159",
      "_video": {
        "sources": [
          {
            "url": "https://v.redd.it/8zurxuwgyt191/DASH_720.mp4?source=fallback"
          }
        ],
        "width": 405,
        "height": 720,
        "poster": "https://external-preview.redd.it/6GcuStUS1JmS1F-spMEWA5-JKE1UfcDGy8cfgk4PSL0.png?width=320&amp;crop=smart&amp;format=pjpg&amp;auto=webp&amp;s=c0f66119975cea4719123a8b8bff7279d2599159"
      }
    },
    "2022_05_23_en_reddit_reddit__r--memes--comments--uw4z20--grandma_keeping_the_crew_fed": {
      "id": "2022_05_23_en_reddit_reddit__r--memes--comments--uw4z20--grandma_keeping_the_crew_fed",
      "url": "https://old.reddit.com/r/memes/comments/uw4z20/grandma_keeping_the_crew_fed/",
      "date_published": "2022-05-24T02:51:10.000Z",
      "date_modified": "2022-05-24T02:51:10.000Z",
      "_original_published": "2022-05-23T17:04:32.000Z",
      "_original_language": "en",
      "_translations": {
        "en": {
          "title": "Grandma keeping the crew fed"
        },
        "ja": {
          "title": "クルーに食事を提供するおばあちゃん"
        },
        "zh-Hans": {
          "title": "祖母让船员们吃饱"
        },
        "zh-Hant": {
          "title": "祖母讓船員們喫飽"
        }
      },
      "tags": [
        "memes"
      ],
      "authors": [
        {
          "name": "deadstar420",
          "url": "https://old.reddit.com/user/deadstar420"
        }
      ],
      "_links": [
        {
          "url": "https://old.reddit.com/r/memes/comments/uw4z20/grandma_keeping_the_crew_fed/",
          "name": "&uarr;84835 votes"
        }
      ],
      "image": "https://preview.redd.it/aayqxg1lb9191.gif?width=320&amp;crop=smart&amp;format=png8&amp;s=ff3265775e7a0875780b86d7352c26e6deef774c",
      "_video": {
        "sources": [
          {
            "url": "https://preview.redd.it/aayqxg1lb9191.gif?format=mp4&amp;s=2c1b2d9d614849357abdc4824b553fd8cd8a6df2"
          }
        ],
        "width": 621,
        "height": 750,
        "poster": "https://preview.redd.it/aayqxg1lb9191.gif?width=320&amp;crop=smart&amp;format=png8&amp;s=ff3265775e7a0875780b86d7352c26e6deef774c"
      }
    },
    "2022_05_20_en_reddit_reddit__r--mildlyinfuriating--comments--utwftf--player_got_kicked_from_a_professional_esports": {
      "id": "2022_05_20_en_reddit_reddit__r--mildlyinfuriating--comments--utwftf--player_got_kicked_from_a_professional_esports",
      "url": "https://old.reddit.com/r/mildlyinfuriating/comments/utwftf/player_got_kicked_from_a_professional_esports/",
      "date_published": "2022-05-20T18:42:30.000Z",
      "date_modified": "2022-05-20T18:42:30.000Z",
      "_original_published": "2022-05-20T13:47:05.000Z",
      "_original_language": "en",
      "_translations": {
        "en": {
          "title": "Player got kicked from a professional esports team because his mom was in the final stages of her cancer."
        },
        "ja": {
          "title": "母親が癌の末期であることを理由に、プロesportsチームから蹴られたプレイヤー。"
        },
        "zh-Hans": {
          "title": "玩家被职业电竞队踢出，因为他的母亲处于癌症的最后阶段。"
        },
        "zh-Hant": {
          "title": "玩家被職業電競隊踢出，因爲他的母親處於癌症的最後階段。"
        }
      },
      "tags": [
        "mildlyinfuriating"
      ],
      "authors": [
        {
          "name": "MursalMir",
          "url": "https://old.reddit.com/user/MursalMir"
        }
      ],
      "_links": [
        {
          "url": "https://old.reddit.com/r/mildlyinfuriating/comments/utwftf/player_got_kicked_from_a_professional_esports/",
          "name": "&uarr;83792 votes"
        }
      ],
      "image": "https://preview.redd.it/96ddaelzxm091.jpg?width=1080&amp;crop=smart&amp;auto=webp&amp;s=84a0af25c2ecb20fe586fc29104e5127d3bdcb44"
    },
    "2022_05_25_en_reddit_reddit__r--MadeMeSmile--comments--uxnjit--this_is_so_pure": {
      "id": "2022_05_25_en_reddit_reddit__r--MadeMeSmile--comments--uxnjit--this_is_so_pure",
      "url": "https://old.reddit.com/r/MadeMeSmile/comments/uxnjit/this_is_so_pure/",
      "date_published": "2022-05-26T03:03:44.000Z",
      "date_modified": "2022-05-26T03:03:44.000Z",
      "_original_published": "2022-05-25T18:18:32.000Z",
      "_original_language": "en",
      "_translations": {
        "en": {
          "title": "This is so pure."
        },
        "ja": {
          "title": "これはとてもピュアなことです。"
        },
        "zh-Hans": {
          "title": "这是如此纯粹。"
        },
        "zh-Hant": {
          "title": "這是如此純粹。"
        }
      },
      "tags": [
        "MadeMeSmile"
      ],
      "authors": [
        {
          "name": "TwasAnChild",
          "url": "https://old.reddit.com/user/TwasAnChild"
        }
      ],
      "_links": [
        {
          "url": "https://old.reddit.com/r/MadeMeSmile/comments/uxnjit/this_is_so_pure/",
          "name": "&uarr;83495 votes"
        }
      ],
      "image": "https://external-preview.redd.it/Fl3SFy5BLYjLAL57ATvVYgfjtKUbRyQKyfAj23k7wws.png?width=320&amp;crop=smart&amp;format=pjpg&amp;auto=webp&amp;s=c1ba27570444d7709b2114a2fed355d09acc8459",
      "_video": {
        "sources": [
          {
            "url": "https://v.redd.it/92rn2ikyyn191/DASH_720.mp4?source=fallback"
          }
        ],
        "width": 406,
        "height": 720,
        "poster": "https://external-preview.redd.it/Fl3SFy5BLYjLAL57ATvVYgfjtKUbRyQKyfAj23k7wws.png?width=320&amp;crop=smart&amp;format=pjpg&amp;auto=webp&amp;s=c1ba27570444d7709b2114a2fed355d09acc8459"
      }
    },
    "2022_05_26_en_reddit_reddit__r--PoliticalHumor--comments--uycor8--these_colors_dont_run": {
      "id": "2022_05_26_en_reddit_reddit__r--PoliticalHumor--comments--uycor8--these_colors_dont_run",
      "url": "https://old.reddit.com/r/PoliticalHumor/comments/uycor8/these_colors_dont_run/",
      "date_published": "2022-05-27T03:10:47.000Z",
      "date_modified": "2022-05-27T03:10:47.000Z",
      "_original_published": "2022-05-26T17:22:58.000Z",
      "_original_language": "en",
      "_translations": {
        "en": {
          "title": "These colors don't run*"
        },
        "ja": {
          "title": "この色は流れない*。"
        },
        "zh-Hans": {
          "title": "这些颜色不会跑*。"
        },
        "zh-Hant": {
          "title": "這些顏色不會跑*。"
        }
      },
      "tags": [
        "PoliticalHumor"
      ],
      "authors": [
        {
          "name": "BmoreInformed",
          "url": "https://old.reddit.com/user/BmoreInformed"
        }
      ],
      "_links": [
        {
          "url": "https://old.reddit.com/r/PoliticalHumor/comments/uycor8/these_colors_dont_run/",
          "name": "&uarr;82086 votes"
        }
      ],
      "image": "https://external-preview.redd.it/yBGLiaQIUXsRCQpy__ekKkyL4Hue-64R94RdZtSqhvA.jpg?width=640&amp;crop=smart&amp;auto=webp&amp;s=0beacfb4fa16b0c81dd5b67274b8b6f50aa87173"
    },
    "2022_05_23_en_reddit_reddit__r--interestingasfuck--comments--uw4uuh--the_rubber_hand_illusion_to_deceive_the_brain": {
      "id": "2022_05_23_en_reddit_reddit__r--interestingasfuck--comments--uw4uuh--the_rubber_hand_illusion_to_deceive_the_brain",
      "url": "https://old.reddit.com/r/interestingasfuck/comments/uw4uuh/the_rubber_hand_illusion_to_deceive_the_brain/",
      "date_published": "2022-05-24T02:51:10.000Z",
      "date_modified": "2022-05-24T02:51:10.000Z",
      "_original_published": "2022-05-23T16:59:36.000Z",
      "_original_language": "en",
      "_translations": {
        "en": {
          "title": "The Rubber Hand Illusion to deceive the brain"
        },
        "ja": {
          "title": "脳を欺く「ラバーハンドイリュージョン"
        },
        "zh-Hans": {
          "title": "欺骗大脑的橡胶手幻觉"
        },
        "zh-Hant": {
          "title": "欺騙大腦的橡膠手幻覺"
        }
      },
      "tags": [
        "interestingasfuck"
      ],
      "authors": [
        {
          "name": "karrantt",
          "url": "https://old.reddit.com/user/karrantt"
        }
      ],
      "_links": [
        {
          "url": "https://old.reddit.com/r/interestingasfuck/comments/uw4uuh/the_rubber_hand_illusion_to_deceive_the_brain/",
          "name": "&uarr;80816 votes"
        }
      ],
      "image": "https://external-preview.redd.it/QQBz57FmECB-u-InRiV1AVi5dZhxN4PbB2aHq6WJlso.png?width=320&amp;crop=smart&amp;format=pjpg&amp;auto=webp&amp;s=30da46682216c97fa55f210a9fcabc5200ba8b47",
      "_video": {
        "sources": [
          {
            "url": "https://v.redd.it/hm5ro2w1b9191/DASH_1080.mp4?source=fallback"
          }
        ],
        "width": 608,
        "height": 1080,
        "poster": "https://external-preview.redd.it/QQBz57FmECB-u-InRiV1AVi5dZhxN4PbB2aHq6WJlso.png?width=320&amp;crop=smart&amp;format=pjpg&amp;auto=webp&amp;s=30da46682216c97fa55f210a9fcabc5200ba8b47"
      }
    },
    "2022_05_22_en_reddit_reddit__r--WhitePeopleTwitter--comments--uvh8kd--owning_the_libs_comes_at_a_price": {
      "id": "2022_05_22_en_reddit_reddit__r--WhitePeopleTwitter--comments--uvh8kd--owning_the_libs_comes_at_a_price",
      "url": "https://old.reddit.com/r/WhitePeopleTwitter/comments/uvh8kd/owning_the_libs_comes_at_a_price/",
      "date_published": "2022-05-23T02:34:23.000Z",
      "date_modified": "2022-05-23T02:34:23.000Z",
      "_original_published": "2022-05-22T18:42:04.000Z",
      "_original_language": "en",
      "_translations": {
        "en": {
          "title": "\"Owning the libs\" comes at a price"
        },
        "ja": {
          "title": "\"リブの支配 \"には代償がある"
        },
        "zh-Hans": {
          "title": "\"拥有自由派 \"是有代价的"
        },
        "zh-Hant": {
          "title": "\"擁有自由派 \"是有代價的"
        }
      },
      "tags": [
        "WhitePeopleTwitter"
      ],
      "authors": [
        {
          "name": "canebus",
          "url": "https://old.reddit.com/user/canebus"
        }
      ],
      "_links": [
        {
          "url": "https://old.reddit.com/r/WhitePeopleTwitter/comments/uvh8kd/owning_the_libs_comes_at_a_price/",
          "name": "&uarr;79933 votes"
        }
      ],
      "image": "https://external-preview.redd.it/Zo8HPmlquBuJvn0s2WFXV6kGv5B4kbzrSMnOkKyWanM.jpg?width=960&amp;crop=smart&amp;auto=webp&amp;s=7d97b8eedccb3da32a16bd838d736e8ef42487ca"
    },
    "2022_05_25_en_reddit_reddit__r--nextfuckinglevel--comments--uxcuwl--guy_catches_tear_gas_shell_mid_air_during_protest": {
      "id": "2022_05_25_en_reddit_reddit__r--nextfuckinglevel--comments--uxcuwl--guy_catches_tear_gas_shell_mid_air_during_protest",
      "url": "https://old.reddit.com/r/nextfuckinglevel/comments/uxcuwl/guy_catches_tear_gas_shell_mid_air_during_protest/",
      "date_published": "2022-05-25T16:39:26.000Z",
      "date_modified": "2022-05-25T16:39:26.000Z",
      "_original_published": "2022-05-25T08:34:35.000Z",
      "_original_language": "en",
      "_translations": {
        "en": {
          "title": "Guy Catches Tear Gas Shell Mid Air During Protest In Lahore, Pakistan"
        },
        "ja": {
          "title": "パキスタン、ラホールでの抗議活動中に催涙弾をキャッチした男性。"
        },
        "zh-Hans": {
          "title": "在巴基斯坦拉合尔的抗议活动中，有人在半空中被催泪弹击中。"
        },
        "zh-Hant": {
          "title": "在巴基斯坦拉合爾的抗議活動中，有人在半空中被催淚彈擊中。"
        }
      },
      "tags": [
        "nextfuckinglevel"
      ],
      "authors": [
        {
          "name": "WaajibUlCuddle",
          "url": "https://old.reddit.com/user/WaajibUlCuddle"
        }
      ],
      "_links": [
        {
          "url": "https://old.reddit.com/r/nextfuckinglevel/comments/uxcuwl/guy_catches_tear_gas_shell_mid_air_during_protest/",
          "name": "&uarr;79456 votes"
        }
      ],
      "image": "https://external-preview.redd.it/tLaf65spq4V0Y99nCJ2sAMZaw7H4u-pBRHhDuRmNke8.png?width=1080&amp;crop=smart&amp;format=pjpg&amp;auto=webp&amp;s=1fb9567b4da83013f438f4dec7b071a658e5e0ae",
      "_video": {
        "sources": [
          {
            "url": "https://v.redd.it/24kkktgs2l191/DASH_720.mp4?source=fallback"
          }
        ],
        "width": 1280,
        "height": 720,
        "poster": "https://external-preview.redd.it/tLaf65spq4V0Y99nCJ2sAMZaw7H4u-pBRHhDuRmNke8.png?width=1080&amp;crop=smart&amp;format=pjpg&amp;auto=webp&amp;s=1fb9567b4da83013f438f4dec7b071a658e5e0ae"
      }
    },
    "2022_05_25_en_reddit_reddit__r--nextfuckinglevel--comments--uxrdhn--the_onion_homepage_right_now": {
      "id": "2022_05_25_en_reddit_reddit__r--nextfuckinglevel--comments--uxrdhn--the_onion_homepage_right_now",
      "url": "https://old.reddit.com/r/nextfuckinglevel/comments/uxrdhn/the_onion_homepage_right_now/",
      "date_published": "2022-05-26T03:56:45.000Z",
      "date_modified": "2022-05-26T03:56:45.000Z",
      "_original_published": "2022-05-25T21:17:38.000Z",
      "_original_language": "en",
      "_translations": {
        "en": {
          "title": "The Onion homepage right now"
        },
        "ja": {
          "title": "今すぐOnionのホームページを見る"
        },
        "zh-Hans": {
          "title": "洋葱》的主页现在"
        },
        "zh-Hant": {
          "title": "洋蔥》的主頁現在"
        }
      },
      "tags": [
        "nextfuckinglevel"
      ],
      "authors": [
        {
          "name": "papersupplies",
          "url": "https://old.reddit.com/user/papersupplies"
        }
      ],
      "_links": [
        {
          "url": "https://old.reddit.com/r/nextfuckinglevel/comments/uxrdhn/the_onion_homepage_right_now/",
          "name": "&uarr;79396 votes"
        }
      ],
      "image": "https://external-preview.redd.it/IX865rFfmdLvoKcf96c7-ekt5PjvQwgSFHzpnfuZ6VU.png?width=640&amp;crop=smart&amp;format=pjpg&amp;auto=webp&amp;s=5e92fb0e6a69a19071b753ed89e3436e32dbec01",
      "_video": {
        "sources": [
          {
            "url": "https://v.redd.it/dzjz8qavuo191/DASH_480.mp4?source=fallback"
          }
        ],
        "width": 698,
        "height": 480,
        "poster": "https://external-preview.redd.it/IX865rFfmdLvoKcf96c7-ekt5PjvQwgSFHzpnfuZ6VU.png?width=640&amp;crop=smart&amp;format=pjpg&amp;auto=webp&amp;s=5e92fb0e6a69a19071b753ed89e3436e32dbec01"
      }
    },
    "2022_05_24_en_reddit_reddit__r--WhitePeopleTwitter--comments--uwxk2e--perfect_analogy": {
      "id": "2022_05_24_en_reddit_reddit__r--WhitePeopleTwitter--comments--uwxk2e--perfect_analogy",
      "url": "https://old.reddit.com/r/WhitePeopleTwitter/comments/uwxk2e/perfect_analogy/",
      "date_published": "2022-05-25T01:01:44.000Z",
      "date_modified": "2022-05-25T01:01:44.000Z",
      "_original_published": "2022-05-24T18:30:10.000Z",
      "_original_language": "en",
      "_translations": {
        "en": {
          "title": "Perfect analogy"
        },
        "ja": {
          "title": "完全な類似性"
        },
        "zh-Hans": {
          "title": "完美的比喻"
        },
        "zh-Hant": {
          "title": "完美的比喻"
        }
      },
      "tags": [
        "WhitePeopleTwitter"
      ],
      "authors": [
        {
          "name": "suckontits",
          "url": "https://old.reddit.com/user/suckontits"
        }
      ],
      "_links": [
        {
          "url": "https://old.reddit.com/r/WhitePeopleTwitter/comments/uwxk2e/perfect_analogy/",
          "name": "&uarr;79377 votes"
        }
      ],
      "image": "https://preview.redd.it/rho4k935wg191.jpg?width=640&amp;crop=smart&amp;auto=webp&amp;s=bcca5263d4cf4574c020e26a1154d4dcd929b8e2"
    },
    "2022_05_24_en_reddit_reddit__r--BikiniBottomTwitter--comments--uwvxkp--aw_man": {
      "id": "2022_05_24_en_reddit_reddit__r--BikiniBottomTwitter--comments--uwvxkp--aw_man",
      "url": "https://old.reddit.com/r/BikiniBottomTwitter/comments/uwvxkp/aw_man/",
      "date_published": "2022-05-25T03:02:47.000Z",
      "date_modified": "2022-05-25T03:02:47.000Z",
      "_original_published": "2022-05-24T17:18:28.000Z",
      "_original_language": "en",
      "_translations": {
        "en": {
          "title": "aw man"
        },
        "ja": {
          "title": "飴屋"
        },
        "zh-Hans": {
          "title": "嗷嗷叫的人"
        },
        "zh-Hant": {
          "title": "嗷嗷叫的人"
        }
      },
      "tags": [
        "BikiniBottomTwitter"
      ],
      "authors": [
        {
          "name": "AdventurousAd5447",
          "url": "https://old.reddit.com/user/AdventurousAd5447"
        }
      ],
      "_links": [
        {
          "url": "https://old.reddit.com/r/BikiniBottomTwitter/comments/uwvxkp/aw_man/",
          "name": "&uarr;79138 votes"
        }
      ],
      "image": "https://preview.redd.it/ecwpqu4cjg191.gif?width=320&amp;crop=smart&amp;format=png8&amp;s=09afeebe7531157dd70256891a32dd0a7c741607",
      "_video": {
        "sources": [
          {
            "url": "https://preview.redd.it/ecwpqu4cjg191.gif?format=mp4&amp;s=ed1f5a0f8b2388ab2a1036bac11c2bd8433d2677"
          }
        ],
        "width": 600,
        "height": 551,
        "poster": "https://preview.redd.it/ecwpqu4cjg191.gif?width=320&amp;crop=smart&amp;format=png8&amp;s=09afeebe7531157dd70256891a32dd0a7c741607"
      }
    },
    "2022_05_22_en_reddit_reddit__r--Unexpected--comments--uvmuyx--what_a_view": {
      "id": "2022_05_22_en_reddit_reddit__r--Unexpected--comments--uvmuyx--what_a_view",
      "url": "https://old.reddit.com/r/Unexpected/comments/uvmuyx/what_a_view/",
      "date_published": "2022-05-23T07:01:44.000Z",
      "date_modified": "2022-05-23T07:01:44.000Z",
      "_original_published": "2022-05-22T23:20:03.000Z",
      "_original_language": "en",
      "_translations": {
        "en": {
          "title": "What a view!"
        },
        "ja": {
          "title": "なんという眺めでしょう。"
        },
        "zh-Hans": {
          "title": "多么壮观的景色啊!"
        },
        "zh-Hant": {
          "title": "多麼壯觀的景色啊!"
        }
      },
      "tags": [
        "Unexpected"
      ],
      "authors": [
        {
          "name": "QuicklyThisWay",
          "url": "https://old.reddit.com/user/QuicklyThisWay"
        }
      ],
      "_links": [
        {
          "url": "https://old.reddit.com/r/Unexpected/comments/uvmuyx/what_a_view/",
          "name": "&uarr;79092 votes"
        }
      ],
      "image": "https://external-preview.redd.it/sUBkLfPLL8wWhSdOUXL6ZX2o24B48kCN32Q7R4OTMWM.png?width=320&amp;crop=smart&amp;format=pjpg&amp;auto=webp&amp;s=105ed236cda6fb3f2e8fc39b46c3953c847bbde8",
      "_video": {
        "sources": [
          {
            "url": "https://v.redd.it/3je4ki1124191/DASH_480.mp4?source=fallback"
          }
        ],
        "width": 401,
        "height": 480,
        "poster": "https://external-preview.redd.it/sUBkLfPLL8wWhSdOUXL6ZX2o24B48kCN32Q7R4OTMWM.png?width=320&amp;crop=smart&amp;format=pjpg&amp;auto=webp&amp;s=105ed236cda6fb3f2e8fc39b46c3953c847bbde8"
      }
    },
    "2022_05_22_en_reddit_reddit__r--aww--comments--uvdl9o--sometimes_he_gives_me_his_baby_when_i_come_home": {
      "id": "2022_05_22_en_reddit_reddit__r--aww--comments--uvdl9o--sometimes_he_gives_me_his_baby_when_i_come_home",
      "url": "https://old.reddit.com/r/aww/comments/uvdl9o/sometimes_he_gives_me_his_baby_when_i_come_home/",
      "date_published": "2022-05-23T03:44:49.000Z",
      "date_modified": "2022-05-23T03:44:49.000Z",
      "_original_published": "2022-05-22T15:45:57.000Z",
      "_original_language": "en",
      "_translations": {
        "en": {
          "title": "Sometimes he gives me his baby when I come home from work"
        },
        "ja": {
          "title": "私が仕事から帰ってくると、時々、彼の赤ん坊をくれる"
        },
        "zh-Hans": {
          "title": "有时我下班回家后，他把他的孩子给我。"
        },
        "zh-Hant": {
          "title": "有時我下班回家後，他把他的孩子給我。"
        }
      },
      "tags": [
        "aww"
      ],
      "authors": [
        {
          "name": "CollieflowersBark",
          "url": "https://old.reddit.com/user/CollieflowersBark"
        }
      ],
      "_links": [
        {
          "url": "https://old.reddit.com/r/aww/comments/uvdl9o/sometimes_he_gives_me_his_baby_when_i_come_home/",
          "name": "&uarr;78861 votes"
        }
      ],
      "image": "https://external-preview.redd.it/msF_p89pRimWvxxJkMnhvJh5A_-m532Xh6H6uBDF7b0.png?width=1080&amp;crop=smart&amp;format=pjpg&amp;auto=webp&amp;s=0a1627a9134b49272c949e4609d5f30d623b7ebf",
      "_video": {
        "sources": [
          {
            "url": "https://v.redd.it/2kcovrqqs1191/DASH_1080.mp4?source=fallback"
          }
        ],
        "width": 607,
        "height": 1080,
        "poster": "https://external-preview.redd.it/msF_p89pRimWvxxJkMnhvJh5A_-m532Xh6H6uBDF7b0.png?width=1080&amp;crop=smart&amp;format=pjpg&amp;auto=webp&amp;s=0a1627a9134b49272c949e4609d5f30d623b7ebf"
      }
    },
    "2022_05_26_en_reddit_reddit__r--news--comments--uxz8eh--victims_families_urged_armed_police_officers_to": {
      "id": "2022_05_26_en_reddit_reddit__r--news--comments--uxz8eh--victims_families_urged_armed_police_officers_to",
      "url": "https://old.reddit.com/r/news/comments/uxz8eh/victims_families_urged_armed_police_officers_to/",
      "date_published": "2022-05-26T13:52:05.000Z",
      "date_modified": "2022-05-26T13:52:05.000Z",
      "_original_published": "2022-05-26T04:12:14.000Z",
      "_original_language": "en",
      "_translations": {
        "en": {
          "title": "Victims' families urged armed police officers to charge into Uvalde school while massacre carried on for upwards of 40 minutes"
        },
        "ja": {
          "title": "犠牲者の家族は武装警察官にウバルデの学校への突撃を促し、虐殺は40分以上続きました。"
        },
        "zh-Hans": {
          "title": "受害者家属敦促武装警察冲进乌瓦尔德学校，而大屠杀持续了40多分钟"
        },
        "zh-Hant": {
          "title": "受害者家屬敦促武裝警察衝進烏瓦爾德學校，而大屠殺持續了40多分鐘"
        }
      },
      "tags": [
        "news"
      ],
      "authors": [
        {
          "name": "parkernorwood",
          "url": "https://old.reddit.com/user/parkernorwood"
        }
      ],
      "_links": [
        {
          "url": "https://old.reddit.com/r/news/comments/uxz8eh/victims_families_urged_armed_police_officers_to/",
          "name": "&uarr;78840 votes"
        }
      ],
      "image": "https://external-preview.redd.it/Vv_n5XkbRIoACscSfwOsCtSnxmlY0nxNME3xmDoNyc8.jpg?width=1080&amp;crop=smart&amp;auto=webp&amp;s=6391502fd1686ee25417216342bb88cf48eb492f"
    },
    "2022_05_23_en_reddit_reddit__r--funny--comments--uwbwtc--this_clip_just_became_12_years_old": {
      "id": "2022_05_23_en_reddit_reddit__r--funny--comments--uwbwtc--this_clip_just_became_12_years_old",
      "url": "https://old.reddit.com/r/funny/comments/uwbwtc/this_clip_just_became_12_years_old/",
      "date_published": "2022-05-24T05:20:21.000Z",
      "date_modified": "2022-05-24T05:20:21.000Z",
      "_original_published": "2022-05-23T22:16:46.000Z",
      "_original_language": "en",
      "_translations": {
        "en": {
          "title": "This clip just became 12 years old"
        },
        "ja": {
          "title": "このクリップは12歳になったばかりです。"
        },
        "zh-Hans": {
          "title": "这个片段刚刚成为12年的历史"
        },
        "zh-Hant": {
          "title": "這個片段剛剛成爲12年的歷史"
        }
      },
      "tags": [
        "funny"
      ],
      "authors": [
        {
          "name": "AntixWazHere",
          "url": "https://old.reddit.com/user/AntixWazHere"
        }
      ],
      "_links": [
        {
          "url": "https://old.reddit.com/r/funny/comments/uwbwtc/this_clip_just_became_12_years_old/",
          "name": "&uarr;78626 votes"
        }
      ],
      "image": "https://external-preview.redd.it/vPpAGCeP6HTDHunS33ruNfLWWwg8V878Zt08k8fD8ns.png?width=640&amp;crop=smart&amp;format=pjpg&amp;auto=webp&amp;s=e70accad5328a5a9799cb9f7c0359470bfa7c6d9",
      "_video": {
        "sources": [
          {
            "url": "https://v.redd.it/97frb98nva191/DASH_360.mp4?source=fallback"
          }
        ],
        "width": 640,
        "height": 341,
        "poster": "https://external-preview.redd.it/vPpAGCeP6HTDHunS33ruNfLWWwg8V878Zt08k8fD8ns.png?width=640&amp;crop=smart&amp;format=pjpg&amp;auto=webp&amp;s=e70accad5328a5a9799cb9f7c0359470bfa7c6d9"
      }
    },
    "2022_05_26_en_reddit_reddit__r--MadeMeSmile--comments--uy58ze--dadits_like_a_ballcute_kid": {
      "id": "2022_05_26_en_reddit_reddit__r--MadeMeSmile--comments--uy58ze--dadits_like_a_ballcute_kid",
      "url": "https://old.reddit.com/r/MadeMeSmile/comments/uy58ze/dadits_like_a_ballcute_kid/",
      "date_published": "2022-05-26T17:21:13.000Z",
      "date_modified": "2022-05-26T17:21:13.000Z",
      "_original_published": "2022-05-26T11:15:36.000Z",
      "_original_language": "en",
      "_translations": {
        "en": {
          "title": "dad..it's like a ball..cute kid"
        },
        "ja": {
          "title": "お父さん、ボールみたいでかわいい。"
        },
        "zh-Hans": {
          "title": "爸爸......这就像一个球......可爱的孩子"
        },
        "zh-Hant": {
          "title": "爸爸......這就像一個球......可愛的孩子"
        }
      },
      "tags": [
        "MadeMeSmile"
      ],
      "authors": [
        {
          "name": "wx-1",
          "url": "https://old.reddit.com/user/wx-1"
        }
      ],
      "_links": [
        {
          "url": "https://old.reddit.com/r/MadeMeSmile/comments/uy58ze/dadits_like_a_ballcute_kid/",
          "name": "&uarr;78546 votes"
        }
      ],
      "image": "https://external-preview.redd.it/DNaY1BhiH1MIZ-643oef5k5er4jeLmgiWsHqeAIXdxI.png?width=320&amp;crop=smart&amp;format=pjpg&amp;auto=webp&amp;s=f8a940f04d3eda7c96a4432741d68bfaafb20ac4",
      "_video": {
        "sources": [
          {
            "url": "https://v.redd.it/c2cudhye0t191/DASH_480.mp4?source=fallback"
          }
        ],
        "width": 480,
        "height": 480,
        "poster": "https://external-preview.redd.it/DNaY1BhiH1MIZ-643oef5k5er4jeLmgiWsHqeAIXdxI.png?width=320&amp;crop=smart&amp;format=pjpg&amp;auto=webp&amp;s=f8a940f04d3eda7c96a4432741d68bfaafb20ac4"
      }
    },
    "2022_05_23_en_reddit_reddit__r--MadeMeSmile--comments--uvyrw4--teachers_like_this": {
      "id": "2022_05_23_en_reddit_reddit__r--MadeMeSmile--comments--uvyrw4--teachers_like_this",
      "url": "https://old.reddit.com/r/MadeMeSmile/comments/uvyrw4/teachers_like_this/",
      "date_published": "2022-05-24T02:51:10.000Z",
      "date_modified": "2022-05-24T02:51:10.000Z",
      "_original_published": "2022-05-23T12:11:43.000Z",
      "_original_language": "en",
      "_translations": {
        "en": {
          "title": "Teachers like this"
        },
        "ja": {
          "title": "こんな先生も"
        },
        "zh-Hans": {
          "title": "像这样的教师"
        },
        "zh-Hant": {
          "title": "像這樣的教師"
        }
      },
      "tags": [
        "MadeMeSmile"
      ],
      "authors": [
        {
          "name": "PeasKhichra",
          "url": "https://old.reddit.com/user/PeasKhichra"
        }
      ],
      "_links": [
        {
          "url": "https://old.reddit.com/r/MadeMeSmile/comments/uvyrw4/teachers_like_this/",
          "name": "&uarr;78517 votes"
        }
      ],
      "image": "https://preview.redd.it/8wkoyuolv7191.jpg?width=960&amp;crop=smart&amp;auto=webp&amp;s=9af8e596319c016badc35e46792b55f6626963de"
    },
    "2022_05_24_en_reddit_reddit__r--nextfuckinglevel--comments--ux3vn7--senator_chris_murphy_asking_his_fellow_senators": {
      "id": "2022_05_24_en_reddit_reddit__r--nextfuckinglevel--comments--ux3vn7--senator_chris_murphy_asking_his_fellow_senators",
      "url": "https://old.reddit.com/r/nextfuckinglevel/comments/ux3vn7/senator_chris_murphy_asking_his_fellow_senators/",
      "date_published": "2022-05-25T03:52:47.000Z",
      "date_modified": "2022-05-25T03:52:47.000Z",
      "_original_published": "2022-05-24T23:21:42.000Z",
      "_original_language": "en",
      "_translations": {
        "en": {
          "title": "Senator Chris Murphy asking his fellow senators why they run for Senate if they aren't trying to help people"
        },
        "ja": {
          "title": "クリス・マーフィー上院議員、人々を助けようとしないならなぜ上院に立候補するのかと同僚議員に問いかける"
        },
        "zh-Hans": {
          "title": "参议员克里斯-墨菲问他的同僚，如果他们不试图帮助人们，为什么要竞选参议员？"
        },
        "zh-Hant": {
          "title": "參議員克里斯-墨菲問他的同僚，如果他們不試圖幫助人們，爲什麼要競選參議員？"
        }
      },
      "tags": [
        "nextfuckinglevel"
      ],
      "authors": [
        {
          "name": "sunbear99999",
          "url": "https://old.reddit.com/user/sunbear99999"
        }
      ],
      "_links": [
        {
          "url": "https://old.reddit.com/r/nextfuckinglevel/comments/ux3vn7/senator_chris_murphy_asking_his_fellow_senators/",
          "name": "&uarr;78488 votes"
        }
      ],
      "image": "https://external-preview.redd.it/lwea42g5rHtqEZ_dcq1WMz_l6oYIbxsoQ-Q0CgG4ves.png?width=320&amp;crop=smart&amp;format=pjpg&amp;auto=webp&amp;s=9e3d1baf11381383b55ada8bb4d038dacd405835",
      "_video": {
        "sources": [
          {
            "url": "https://v.redd.it/21rg3ia3ci191/DASH_480.mp4?source=fallback"
          }
        ],
        "width": 480,
        "height": 480,
        "poster": "https://external-preview.redd.it/lwea42g5rHtqEZ_dcq1WMz_l6oYIbxsoQ-Q0CgG4ves.png?width=320&amp;crop=smart&amp;format=pjpg&amp;auto=webp&amp;s=9e3d1baf11381383b55ada8bb4d038dacd405835"
      }
    },
    "2022_05_23_en_reddit_reddit__r--MadeMeSmile--comments--uw6wts--his_reaction_is_perfect": {
      "id": "2022_05_23_en_reddit_reddit__r--MadeMeSmile--comments--uw6wts--his_reaction_is_perfect",
      "url": "https://old.reddit.com/r/MadeMeSmile/comments/uw6wts/his_reaction_is_perfect/",
      "date_published": "2022-05-24T03:46:44.000Z",
      "date_modified": "2022-05-24T03:46:44.000Z",
      "_original_published": "2022-05-23T18:30:28.000Z",
      "_original_language": "en",
      "_translations": {
        "en": {
          "title": "His reaction is perfect"
        },
        "ja": {
          "title": "彼のリアクションは完璧です。"
        },
        "zh-Hans": {
          "title": "他的反应是完美的"
        },
        "zh-Hant": {
          "title": "他的反應是完美的"
        }
      },
      "tags": [
        "MadeMeSmile"
      ],
      "authors": [
        {
          "name": "ChrisPChicken04",
          "url": "https://old.reddit.com/user/ChrisPChicken04"
        }
      ],
      "_links": [
        {
          "url": "https://old.reddit.com/r/MadeMeSmile/comments/uw6wts/his_reaction_is_perfect/",
          "name": "&uarr;78194 votes"
        }
      ],
      "image": "https://external-preview.redd.it/qfxtOaLxnUjK_vZMvl7L0EAcX1xm6lhCylQnlM8NDeU.png?width=640&amp;crop=smart&amp;format=pjpg&amp;auto=webp&amp;s=84409b64783afa9951aa6f7ffb7a8acfa46d95d9",
      "_video": {
        "sources": [
          {
            "url": "https://v.redd.it/g61alov9r9191/DASH_1080.mp4?source=fallback"
          }
        ],
        "width": 746,
        "height": 1080,
        "poster": "https://external-preview.redd.it/qfxtOaLxnUjK_vZMvl7L0EAcX1xm6lhCylQnlM8NDeU.png?width=640&amp;crop=smart&amp;format=pjpg&amp;auto=webp&amp;s=84409b64783afa9951aa6f7ffb7a8acfa46d95d9"
      }
    }
  }
}
