{
  "items": {
    "2021_09_16_en_reddit_reddit__r--nextfuckinglevel--comments--pp9xdp--the_pope_meets_baby_pope": {
      "id": "2021_09_16_en_reddit_reddit__r--nextfuckinglevel--comments--pp9xdp--the_pope_meets_baby_pope",
      "url": "https://old.reddit.com/r/nextfuckinglevel/comments/pp9xdp/the_pope_meets_baby_pope/",
      "date_published": "2021-09-16T15:27:39.000Z",
      "date_modified": "2021-09-16T15:27:39.000Z",
      "_original_published": "2021-09-16T09:27:54.000Z",
      "_original_language": "en",
      "_translations": {
        "en": {
          "title": "The Pope meets Baby Pope"
        },
        "ja": {
          "title": "The Pope meets Baby Pope"
        },
        "zh-Hans": {
          "title": "教皇会见教皇宝宝"
        },
        "zh-Hant": {
          "title": "教皇會見教皇寶寶"
        }
      },
      "tags": [
        "nextfuckinglevel"
      ],
      "authors": [
        {
          "name": "aracdmfgdfg",
          "url": "https://old.reddit.com/user/aracdmfgdfg"
        }
      ],
      "_links": [
        {
          "url": "https://old.reddit.com/r/nextfuckinglevel/comments/pp9xdp/the_pope_meets_baby_pope/",
          "name": "&uarr;84985 votes"
        }
      ],
      "image": "https://external-preview.redd.it/gIsSWV9FyrI5XgF0qjJYFWqmHJy1KsD2QSEq72k1HwE.png?width=640&crop=smart&format=pjpg&auto=webp&s=508a59f1665ed9ffc4de0b8ccf2a2ced0277793a",
      "_video": {
        "sources": [
          {
            "url": "https://v.redd.it/3za2g82c3un71/DASH_360.mp4?source=fallback"
          }
        ],
        "width": 640,
        "height": 359,
        "poster": "https://external-preview.redd.it/gIsSWV9FyrI5XgF0qjJYFWqmHJy1KsD2QSEq72k1HwE.png?width=640&crop=smart&format=pjpg&auto=webp&s=508a59f1665ed9ffc4de0b8ccf2a2ced0277793a"
      }
    },
    "2021_09_15_en_reddit_reddit__r--MadeMeSmile--comments--poxtw4--kindness_is_priceless": {
      "id": "2021_09_15_en_reddit_reddit__r--MadeMeSmile--comments--poxtw4--kindness_is_priceless",
      "url": "https://old.reddit.com/r/MadeMeSmile/comments/poxtw4/kindness_is_priceless/",
      "date_published": "2021-09-16T01:38:26.000Z",
      "date_modified": "2021-09-16T01:38:26.000Z",
      "_original_published": "2021-09-15T20:06:21.000Z",
      "_original_language": "en",
      "_translations": {
        "en": {
          "title": "Kindness is priceless"
        },
        "ja": {
          "title": "優しさはプライスレス"
        },
        "zh-Hans": {
          "title": "善良是无价的"
        },
        "zh-Hant": {
          "title": "善良是無價的"
        }
      },
      "tags": [
        "MadeMeSmile"
      ],
      "authors": [
        {
          "name": "jayy8143",
          "url": "https://old.reddit.com/user/jayy8143"
        }
      ],
      "_links": [
        {
          "url": "https://old.reddit.com/r/MadeMeSmile/comments/poxtw4/kindness_is_priceless/",
          "name": "&uarr;83865 votes"
        }
      ],
      "image": "https://preview.redd.it/qflhkuxh4qn71.jpg?width=320&crop=smart&auto=webp&s=cd3d7f32116a4a32a3b7225341c1f0175157db07"
    },
    "2021_09_11_en_reddit_reddit__r--Unexpected--comments--pmdpwf--a_mini_break": {
      "id": "2021_09_11_en_reddit_reddit__r--Unexpected--comments--pmdpwf--a_mini_break",
      "url": "https://old.reddit.com/r/Unexpected/comments/pmdpwf/a_mini_break/",
      "date_published": "2021-09-12T02:09:29.000Z",
      "date_modified": "2021-09-12T02:09:29.000Z",
      "_original_published": "2021-09-11T19:25:57.000Z",
      "_original_language": "en",
      "_translations": {
        "en": {
          "title": "A mini break…"
        },
        "ja": {
          "title": "ミニブレイク..."
        },
        "zh-Hans": {
          "title": "一个小型的休息..."
        },
        "zh-Hant": {
          "title": "一個小型的休息..."
        }
      },
      "tags": [
        "Unexpected"
      ],
      "authors": [
        {
          "name": "Tunexux",
          "url": "https://old.reddit.com/user/Tunexux"
        }
      ],
      "_links": [
        {
          "url": "https://old.reddit.com/r/Unexpected/comments/pmdpwf/a_mini_break/",
          "name": "&uarr;80181 votes"
        }
      ],
      "image": "https://external-preview.redd.it/oHXnwMtQEISAf9RaV1vee0gGu0Xu_MGQL6hITVBtgno.png?width=320&crop=smart&format=pjpg&auto=webp&s=498f6e2f2d623693405fcdbd11952661bf522b94",
      "_video": {
        "sources": [
          {
            "url": "https://v.redd.it/7quckpokdxm71/DASH_360.mp4?source=fallback"
          }
        ],
        "width": 401,
        "height": 360,
        "poster": "https://external-preview.redd.it/oHXnwMtQEISAf9RaV1vee0gGu0Xu_MGQL6hITVBtgno.png?width=320&crop=smart&format=pjpg&auto=webp&s=498f6e2f2d623693405fcdbd11952661bf522b94"
      }
    },
    "2021_09_11_en_reddit_reddit__r--pics--comments--pma7v7--former_president_trump_absent_from_the_20th": {
      "id": "2021_09_11_en_reddit_reddit__r--pics--comments--pma7v7--former_president_trump_absent_from_the_20th",
      "url": "https://old.reddit.com/r/pics/comments/pma7v7/former_president_trump_absent_from_the_20th/",
      "date_published": "2021-09-11T20:38:35.000Z",
      "date_modified": "2021-09-11T20:38:35.000Z",
      "_original_published": "2021-09-11T16:13:02.000Z",
      "_original_language": "en",
      "_translations": {
        "en": {
          "title": "Former President Trump absent from the 20th anniversary 9/11 ceremony in his own city."
        },
        "ja": {
          "title": "トランプ前大統領は、自分の街で行われた20周年記念の9.11式典を欠席しました。"
        },
        "zh-Hans": {
          "title": "前总统特朗普缺席了在他自己的城市举行的911事件20周年纪念仪式。"
        },
        "zh-Hant": {
          "title": "前總統特朗普缺席了在他自己的城市舉行的911事件20週年紀念儀式。"
        }
      },
      "tags": [
        "pics"
      ],
      "authors": [
        {
          "name": "knownothingwiseguy",
          "url": "https://old.reddit.com/user/knownothingwiseguy"
        }
      ],
      "_links": [
        {
          "url": "https://old.reddit.com/r/pics/comments/pma7v7/former_president_trump_absent_from_the_20th/",
          "name": "&uarr;79448 votes"
        }
      ],
      "image": "https://preview.redd.it/9qsupbc8fwm71.jpg?width=640&crop=smart&auto=webp&s=9c3c9eb9effaf366b2c117158406fb412ca6d373"
    },
    "2021_09_11_en_reddit_reddit__r--interestingasfuck--comments--pm5vic--the_moment_george_bush_learned_911_happened_while": {
      "id": "2021_09_11_en_reddit_reddit__r--interestingasfuck--comments--pm5vic--the_moment_george_bush_learned_911_happened_while",
      "url": "https://old.reddit.com/r/interestingasfuck/comments/pm5vic/the_moment_george_bush_learned_911_happened_while/",
      "date_published": "2021-09-11T17:24:00.000Z",
      "date_modified": "2021-09-11T17:24:00.000Z",
      "_original_published": "2021-09-11T11:37:10.000Z",
      "_original_language": "en",
      "_translations": {
        "en": {
          "title": "The moment George Bush learned 9/11 happened while reading at an elementary school."
        },
        "ja": {
          "title": "ジョージ・ブッシュが9.11を知ったのは、小学校での読み聞かせの時だった。"
        },
        "zh-Hans": {
          "title": "乔治-布什在一所小学读书时得知9/11事件发生的那一刻。"
        },
        "zh-Hant": {
          "title": "喬治-布什在一所小學讀書時得知9/11事件發生的那一刻。"
        }
      },
      "tags": [
        "interestingasfuck"
      ],
      "authors": [
        {
          "name": "mohammedibnakar",
          "url": "https://old.reddit.com/user/mohammedibnakar"
        }
      ],
      "_links": [
        {
          "url": "https://old.reddit.com/r/interestingasfuck/comments/pm5vic/the_moment_george_bush_learned_911_happened_while/",
          "name": "&uarr;79364 votes"
        }
      ],
      "image": "https://preview.redd.it/0kektdpv1vm71.jpg?width=640&crop=smart&auto=webp&s=f7891b389d376597396fdf72b8607acac264841c"
    },
    "2021_09_10_en_reddit_reddit__r--funny--comments--pll14q--going_back_to_the_office": {
      "id": "2021_09_10_en_reddit_reddit__r--funny--comments--pll14q--going_back_to_the_office",
      "url": "https://old.reddit.com/r/funny/comments/pll14q/going_back_to_the_office/",
      "date_published": "2021-09-10T17:42:57.000Z",
      "date_modified": "2021-09-10T17:42:57.000Z",
      "_original_published": "2021-09-10T13:27:22.000Z",
      "_original_language": "en",
      "_translations": {
        "en": {
          "title": "Going back to the office"
        },
        "ja": {
          "title": "オフィスに戻る"
        },
        "zh-Hans": {
          "title": "回到办公室"
        },
        "zh-Hant": {
          "title": "回到辦公室"
        }
      },
      "tags": [
        "funny"
      ],
      "authors": [
        {
          "name": "DefaultAnthony",
          "url": "https://old.reddit.com/user/DefaultAnthony"
        }
      ],
      "_links": [
        {
          "url": "https://old.reddit.com/r/funny/comments/pll14q/going_back_to_the_office/",
          "name": "&uarr;79171 votes"
        }
      ],
      "image": "https://external-preview.redd.it/j84R4BDX9ckceaIEhAB8dcOBtGjrhNq33dM46aP2VWU.png?width=1080&crop=smart&format=pjpg&auto=webp&s=d553cca5596b01ff34415fd787e0a336cde5c7ca",
      "_video": {
        "sources": [
          {
            "url": "https://v.redd.it/3ak9ub1qgom71/DASH_720.mp4?source=fallback"
          }
        ],
        "width": 1280,
        "height": 720,
        "poster": "https://external-preview.redd.it/j84R4BDX9ckceaIEhAB8dcOBtGjrhNq33dM46aP2VWU.png?width=1080&crop=smart&format=pjpg&auto=webp&s=d553cca5596b01ff34415fd787e0a336cde5c7ca"
      }
    },
    "2021_09_11_en_reddit_reddit__r--nextfuckinglevel--comments--pmfwoz--parents_were_speeding_to_the_hospital_with_their": {
      "id": "2021_09_11_en_reddit_reddit__r--nextfuckinglevel--comments--pmfwoz--parents_were_speeding_to_the_hospital_with_their",
      "url": "https://old.reddit.com/r/nextfuckinglevel/comments/pmfwoz/parents_were_speeding_to_the_hospital_with_their/",
      "date_published": "2021-09-12T11:20:09.000Z",
      "date_modified": "2021-09-12T11:20:09.000Z",
      "_original_published": "2021-09-11T21:34:18.000Z",
      "_original_language": "en",
      "_translations": {
        "en": {
          "title": "Parents were speeding to the hospital with their unconscious child. The police, initially pulling over the car for speeding, rush the kid to hospital instead."
        },
        "ja": {
          "title": "意識を失った子供を連れて、両親は病院へと急いでいた。警察は最初、スピード違反で車を止めたが、代わりに子供を病院に急行させた。"
        },
        "zh-Hans": {
          "title": "父母带着昏迷的孩子飞快地赶往医院。警察起初以超速为由拦下了这辆车，但却把孩子赶到了医院。"
        },
        "zh-Hant": {
          "title": "父母帶着昏迷的孩子飛快地趕往醫院。警察起初以超速爲由攔下了這輛車，但卻把孩子趕到了醫院。"
        }
      },
      "tags": [
        "nextfuckinglevel"
      ],
      "authors": [
        {
          "name": "regian24",
          "url": "https://old.reddit.com/user/regian24"
        }
      ],
      "_links": [
        {
          "url": "https://old.reddit.com/r/nextfuckinglevel/comments/pmfwoz/parents_were_speeding_to_the_hospital_with_their/",
          "name": "&uarr;79044 votes"
        }
      ],
      "image": "https://external-preview.redd.it/zDL3CStUhLfF6I6OMpPQ0YD3Q98OTLc3TIX8jpud0sM.png?width=320&crop=smart&format=pjpg&auto=webp&s=32b31ba270c6d2ab5d3f7ef57323a3bd5d5f99f1",
      "_video": {
        "sources": [
          {
            "url": "https://v.redd.it/ma4iwudi0ym71/DASH_240.mp4?source=fallback"
          }
        ],
        "width": 426,
        "height": 239,
        "poster": "https://external-preview.redd.it/zDL3CStUhLfF6I6OMpPQ0YD3Q98OTLc3TIX8jpud0sM.png?width=320&crop=smart&format=pjpg&auto=webp&s=32b31ba270c6d2ab5d3f7ef57323a3bd5d5f99f1"
      }
    },
    "2021_09_15_en_reddit_reddit__r--mildlyinfuriating--comments--popbks--my_partner_borrowed_my_car_for_a_few_days_and": {
      "id": "2021_09_15_en_reddit_reddit__r--mildlyinfuriating--comments--popbks--my_partner_borrowed_my_car_for_a_few_days_and",
      "url": "https://old.reddit.com/r/mildlyinfuriating/comments/popbks/my_partner_borrowed_my_car_for_a_few_days_and/",
      "date_published": "2021-09-16T01:38:26.000Z",
      "date_modified": "2021-09-16T01:38:26.000Z",
      "_original_published": "2021-09-15T12:39:52.000Z",
      "_original_language": "en",
      "_translations": {
        "en": {
          "title": "My partner borrowed my car for a few days, and gave it back like this"
        },
        "ja": {
          "title": "パートナーが私の車を数日借りて、こんな風に返してくれました。"
        },
        "zh-Hans": {
          "title": "我的伙伴借了我的车几天，然后像这样把车还给了我"
        },
        "zh-Hant": {
          "title": "我的夥伴借了我的車幾天，然後像這樣把車還給了我"
        }
      },
      "tags": [
        "mildlyinfuriating"
      ],
      "authors": [
        {
          "name": "kt-gd",
          "url": "https://old.reddit.com/user/kt-gd"
        }
      ],
      "_links": [
        {
          "url": "https://old.reddit.com/r/mildlyinfuriating/comments/popbks/my_partner_borrowed_my_car_for_a_few_days_and/",
          "name": "&uarr;78737 votes"
        }
      ],
      "image": "https://preview.redd.it/xkjwg8duwnn71.jpg?width=640&crop=smart&auto=webp&s=782d5c9bc79c1b8ce8944589d915529d6e500b97"
    },
    "2021_09_12_en_reddit_reddit__r--memes--comments--pmosw0--doctors_hate_this_trick": {
      "id": "2021_09_12_en_reddit_reddit__r--memes--comments--pmosw0--doctors_hate_this_trick",
      "url": "https://old.reddit.com/r/memes/comments/pmosw0/doctors_hate_this_trick/",
      "date_published": "2021-09-12T16:43:17.000Z",
      "date_modified": "2021-09-12T16:43:17.000Z",
      "_original_published": "2021-09-12T08:15:05.000Z",
      "_original_language": "en",
      "_translations": {
        "en": {
          "title": "Doctors hate this trick!"
        },
        "ja": {
          "title": "医者はこのトリックを嫌います。"
        },
        "zh-Hans": {
          "title": "医生们讨厌这一招!"
        },
        "zh-Hant": {
          "title": "醫生們討厭這一招!"
        }
      },
      "tags": [
        "memes"
      ],
      "authors": [
        {
          "name": "MrCicada3301",
          "url": "https://old.reddit.com/user/MrCicada3301"
        }
      ],
      "_links": [
        {
          "url": "https://old.reddit.com/r/memes/comments/pmosw0/doctors_hate_this_trick/",
          "name": "&uarr;78608 votes"
        }
      ],
      "image": "https://preview.redd.it/ibn2u7tt61n71.gif?width=640&crop=smart&format=png8&s=e23ba2cb2f62c1823431b1da4d0c928da61f43b0",
      "_video": {
        "sources": [
          {
            "url": "https://preview.redd.it/ibn2u7tt61n71.gif?format=mp4&s=97c05f0a39b83277ab73b06d25faa98db8363aa7"
          }
        ],
        "width": 686,
        "height": 658,
        "poster": "https://preview.redd.it/ibn2u7tt61n71.gif?width=640&crop=smart&format=png8&s=e23ba2cb2f62c1823431b1da4d0c928da61f43b0"
      }
    },
    "2021_09_11_en_reddit_reddit__r--funny--comments--pmd0di--craft_fair_where_i_live": {
      "id": "2021_09_11_en_reddit_reddit__r--funny--comments--pmd0di--craft_fair_where_i_live",
      "url": "https://old.reddit.com/r/funny/comments/pmd0di/craft_fair_where_i_live/",
      "date_published": "2021-09-12T02:09:29.000Z",
      "date_modified": "2021-09-12T02:09:29.000Z",
      "_original_published": "2021-09-11T18:45:57.000Z",
      "_original_language": "en",
      "_translations": {
        "en": {
          "title": "Craft Fair Where I Live"
        },
        "ja": {
          "title": "私が住んでいるところのクラフトフェア"
        },
        "zh-Hans": {
          "title": "我住的地方的手工艺品展览会"
        },
        "zh-Hant": {
          "title": "我住的地方的手工藝品展覽會"
        }
      },
      "tags": [
        "funny"
      ],
      "authors": [
        {
          "name": "RusticPinecone",
          "url": "https://old.reddit.com/user/RusticPinecone"
        }
      ],
      "_links": [
        {
          "url": "https://old.reddit.com/r/funny/comments/pmd0di/craft_fair_where_i_live/",
          "name": "&uarr;78583 votes"
        }
      ],
      "image": "https://preview.redd.it/vxp3594i6xm71.jpg?width=1080&crop=smart&auto=webp&s=25236e2daea2c728dcf7bcc2315b5ddb3e3c87d9"
    },
    "2021_09_16_en_reddit_reddit__r--HolUp--comments--pph8t1--just_lost_my_daily_dose_of_faith_in_humanity": {
      "id": "2021_09_16_en_reddit_reddit__r--HolUp--comments--pph8t1--just_lost_my_daily_dose_of_faith_in_humanity",
      "url": "https://old.reddit.com/r/HolUp/comments/pph8t1/just_lost_my_daily_dose_of_faith_in_humanity/",
      "date_published": "2021-09-17T02:11:49.000Z",
      "date_modified": "2021-09-17T02:11:49.000Z",
      "_original_published": "2021-09-16T16:56:51.000Z",
      "_original_language": "en",
      "_translations": {
        "en": {
          "title": "Just lost my daily dose of faith in humanity"
        },
        "ja": {
          "title": "毎日の人間への信頼を失ったところで"
        },
        "zh-Hans": {
          "title": "刚刚失去了我每天对人类的信心"
        },
        "zh-Hant": {
          "title": "剛剛失去了我每天對人類的信心"
        }
      },
      "tags": [
        "HolUp"
      ],
      "authors": [
        {
          "name": "WltchKingofAngmar",
          "url": "https://old.reddit.com/user/WltchKingofAngmar"
        }
      ],
      "_links": [
        {
          "url": "https://old.reddit.com/r/HolUp/comments/pph8t1/just_lost_my_daily_dose_of_faith_in_humanity/",
          "name": "&uarr;78527 votes"
        }
      ],
      "image": "https://preview.redd.it/iwx8mgulbwn71.jpg?width=960&crop=smart&auto=webp&s=8f939b1e2497aebf666d25c73fee8b71f62fb67c"
    },
    "2021_09_12_en_reddit_reddit__r--Unexpected--comments--pmri0u--just_quietly_sitting_at_the_red_light_when": {
      "id": "2021_09_12_en_reddit_reddit__r--Unexpected--comments--pmri0u--just_quietly_sitting_at_the_red_light_when",
      "url": "https://old.reddit.com/r/Unexpected/comments/pmri0u/just_quietly_sitting_at_the_red_light_when/",
      "date_published": "2021-09-12T18:45:26.000Z",
      "date_modified": "2021-09-12T18:45:26.000Z",
      "_original_published": "2021-09-12T12:06:30.000Z",
      "_original_language": "en",
      "_translations": {
        "en": {
          "title": "Just quietly sitting at the red light when......"
        },
        "ja": {
          "title": "ただ静かに赤信号に座っているだけ......"
        },
        "zh-Hans": {
          "title": "只是静静地坐在红灯前，当......"
        },
        "zh-Hant": {
          "title": "只是靜靜地坐在紅燈前，當......"
        }
      },
      "tags": [
        "Unexpected"
      ],
      "authors": [
        {
          "name": "regian24",
          "url": "https://old.reddit.com/user/regian24"
        }
      ],
      "_links": [
        {
          "url": "https://old.reddit.com/r/Unexpected/comments/pmri0u/just_quietly_sitting_at_the_red_light_when/",
          "name": "&uarr;78256 votes"
        }
      ],
      "image": "https://external-preview.redd.it/Roxcgis9XdgVpAIHFp7psQfv22_jRhkzrDyqmInGSLM.png?width=320&crop=smart&format=pjpg&auto=webp&s=cae99b3a72c9624b894e72687ec67aadf5edbb74",
      "_video": {
        "sources": [
          {
            "url": "https://v.redd.it/mfg9ao01c2n71/DASH_480.mp4?source=fallback"
          }
        ],
        "width": 292,
        "height": 480,
        "poster": "https://external-preview.redd.it/Roxcgis9XdgVpAIHFp7psQfv22_jRhkzrDyqmInGSLM.png?width=320&crop=smart&format=pjpg&auto=webp&s=cae99b3a72c9624b894e72687ec67aadf5edbb74"
      }
    },
    "2021_09_14_en_reddit_reddit__r--Unexpected--comments--pnsith--ryan_reynolds_is_a_canadian_treasure": {
      "id": "2021_09_14_en_reddit_reddit__r--Unexpected--comments--pnsith--ryan_reynolds_is_a_canadian_treasure",
      "url": "https://old.reddit.com/r/Unexpected/comments/pnsith/ryan_reynolds_is_a_canadian_treasure/",
      "date_published": "2021-09-14T08:24:21.000Z",
      "date_modified": "2021-09-14T08:24:21.000Z",
      "_original_published": "2021-09-14T01:00:33.000Z",
      "_original_language": "en",
      "_translations": {
        "en": {
          "title": "Ryan Reynolds is a Canadian treasure"
        },
        "ja": {
          "title": "ライアン・レイノルズはカナダの宝"
        },
        "zh-Hans": {
          "title": "瑞安-雷诺兹是加拿大的财富"
        },
        "zh-Hant": {
          "title": "瑞安-雷諾茲是加拿大的財富"
        }
      },
      "tags": [
        "Unexpected"
      ],
      "authors": [
        {
          "name": "1q8b",
          "url": "https://old.reddit.com/user/1q8b"
        }
      ],
      "_links": [
        {
          "url": "https://old.reddit.com/r/Unexpected/comments/pnsith/ryan_reynolds_is_a_canadian_treasure/",
          "name": "&uarr;78253 votes"
        }
      ],
      "image": "https://external-preview.redd.it/bAQMj6kPsqURflp3yzaA4or7TW7WrD5wKiHCFlF6m0A.png?width=640&crop=smart&format=pjpg&auto=webp&s=2767c2413cec7cadabb003a184cb67ea11b47b5e",
      "_video": {
        "sources": [
          {
            "url": "https://v.redd.it/pb222xu2bdn71/DASH_1080.mp4?source=fallback"
          }
        ],
        "width": 865,
        "height": 1080,
        "poster": "https://external-preview.redd.it/bAQMj6kPsqURflp3yzaA4or7TW7WrD5wKiHCFlF6m0A.png?width=640&crop=smart&format=pjpg&auto=webp&s=2767c2413cec7cadabb003a184cb67ea11b47b5e"
      }
    },
    "2021_09_11_en_reddit_reddit__r--worldnews--comments--pm3747--us_drone_strike_that_pentagon_said_killed_kabul": {
      "id": "2021_09_11_en_reddit_reddit__r--worldnews--comments--pm3747--us_drone_strike_that_pentagon_said_killed_kabul",
      "url": "https://old.reddit.com/r/worldnews/comments/pm3747/us_drone_strike_that_pentagon_said_killed_kabul/",
      "date_published": "2021-09-11T17:24:00.000Z",
      "date_modified": "2021-09-11T17:24:00.000Z",
      "_original_published": "2021-09-11T07:52:11.000Z",
      "_original_language": "en",
      "_translations": {
        "en": {
          "title": "US drone strike that Pentagon said killed Kabul suicide bomber actually 'killed aid worker and seven children who ran to greet him when he arrived home’: Video allegedly shows he filled car with water not explosives"
        },
        "ja": {
          "title": "米国防総省がカブールの自爆テロ犯を殺害したと発表した無人機による攻撃は、実際には「援助者と、彼が帰宅したときに駆けつけた7人の子供たちを殺害した」ものでした。爆発物ではなく水を車に積んでいたとされるビデオ"
        },
        "zh-Hans": {
          "title": "五角大楼称杀死喀布尔自杀式炸弹袭击者的美国无人机袭击实际上 \"杀死了援助人员和七个儿童，这些儿童在他到家时跑去迎接他\"。据称视频显示他在车里装的是水而不是炸药"
        },
        "zh-Hant": {
          "title": "五角大樓稱殺死喀布爾自殺式炸彈襲擊者的美國無人機襲擊實際上 \"殺死了援助人員和七個兒童，這些兒童在他到家時跑去迎接他\"。據稱視頻顯示他在車裏裝的是水而不是炸藥"
        }
      },
      "tags": [
        "worldnews"
      ],
      "authors": [
        {
          "name": "Apxm",
          "url": "https://old.reddit.com/user/Apxm"
        }
      ],
      "_links": [
        {
          "url": "https://old.reddit.com/r/worldnews/comments/pm3747/us_drone_strike_that_pentagon_said_killed_kabul/",
          "name": "&uarr;78223 votes"
        }
      ],
      "image": "https://external-preview.redd.it/8U2OvJUfPpYxtom8tKSmmK_9cFbVAUOFoya-VeQj_aA.jpg?width=320&crop=smart&auto=webp&s=e4865b3aca6b3fd70f45da32b330530cb66e7978"
    },
    "2021_09_15_en_reddit_reddit__r--gaming--comments--povjun--every_zombie_game": {
      "id": "2021_09_15_en_reddit_reddit__r--gaming--comments--povjun--every_zombie_game",
      "url": "https://old.reddit.com/r/gaming/comments/povjun/every_zombie_game/",
      "date_published": "2021-09-16T02:20:19.000Z",
      "date_modified": "2021-09-16T02:20:19.000Z",
      "_original_published": "2021-09-15T18:08:31.000Z",
      "_original_language": "en",
      "_translations": {
        "en": {
          "title": "Every Zombie game"
        },
        "ja": {
          "title": "すべてのゾンビゲーム"
        },
        "zh-Hans": {
          "title": "每一个僵尸游戏"
        },
        "zh-Hant": {
          "title": "每一個殭屍遊戲"
        }
      },
      "tags": [
        "gaming"
      ],
      "authors": [
        {
          "name": "SrGrafo",
          "url": "https://old.reddit.com/user/SrGrafo"
        }
      ],
      "_links": [
        {
          "url": "https://old.reddit.com/r/gaming/comments/povjun/every_zombie_game/",
          "name": "&uarr;78013 votes"
        }
      ],
      "image": "https://preview.redd.it/gkapdbyejpn71.jpg?width=640&crop=smart&auto=webp&s=e24d96389904b8550245908a6002e58cdbdbd3f3"
    },
    "2021_09_15_en_reddit_reddit__r--funny--comments--potgfc--my_wife_found_this_on_one_of_her_tables_today_at": {
      "id": "2021_09_15_en_reddit_reddit__r--funny--comments--potgfc--my_wife_found_this_on_one_of_her_tables_today_at",
      "url": "https://old.reddit.com/r/funny/comments/potgfc/my_wife_found_this_on_one_of_her_tables_today_at/",
      "date_published": "2021-09-16T00:18:32.000Z",
      "date_modified": "2021-09-16T00:18:32.000Z",
      "_original_published": "2021-09-15T16:23:38.000Z",
      "_original_language": "en",
      "_translations": {
        "en": {
          "title": "My wife found this on one of her tables today at work"
        },
        "ja": {
          "title": "今日、妻が仕事場のテーブルの上にこれを見つけました。"
        },
        "zh-Hans": {
          "title": "我的妻子今天在她工作的一个桌子上发现了这个东西"
        },
        "zh-Hant": {
          "title": "我的妻子今天在她工作的一個桌子上發現了這個東西"
        }
      },
      "tags": [
        "funny"
      ],
      "authors": [
        {
          "name": "Queasy-Lingonberry46",
          "url": "https://old.reddit.com/user/Queasy-Lingonberry46"
        }
      ],
      "_links": [
        {
          "url": "https://old.reddit.com/r/funny/comments/potgfc/my_wife_found_this_on_one_of_her_tables_today_at/",
          "name": "&uarr;77728 votes"
        }
      ],
      "image": "https://preview.redd.it/h7kijplr0pn71.jpg?width=1080&crop=smart&auto=webp&s=f69d6a0c038b4ae91c363eb1e5f46ecf5063f496"
    },
    "2021_09_13_en_reddit_reddit__r--MadeMeSmile--comments--pn71nu--after_3_months_i_finally_decided_to_do_something": {
      "id": "2021_09_13_en_reddit_reddit__r--MadeMeSmile--comments--pn71nu--after_3_months_i_finally_decided_to_do_something",
      "url": "https://old.reddit.com/r/MadeMeSmile/comments/pn71nu/after_3_months_i_finally_decided_to_do_something/",
      "date_published": "2021-09-13T13:12:45.000Z",
      "date_modified": "2021-09-13T13:12:45.000Z",
      "_original_published": "2021-09-13T03:00:34.000Z",
      "_original_language": "en",
      "_translations": {
        "en": {
          "title": "After 3 months I finally decided to do something about my depression"
        },
        "ja": {
          "title": "3ヶ月後、私はようやく自分の鬱を何とかしようと決心しました。"
        },
        "zh-Hans": {
          "title": "3个月后，我终于决定为我的抑郁症做点什么了。"
        },
        "zh-Hant": {
          "title": "3個月後，我終於決定爲我的抑鬱症做點什麼了。"
        }
      },
      "tags": [
        "MadeMeSmile"
      ],
      "authors": [
        {
          "name": "TlDrink",
          "url": "https://old.reddit.com/user/TlDrink"
        }
      ],
      "_links": [
        {
          "url": "https://old.reddit.com/r/MadeMeSmile/comments/pn71nu/after_3_months_i_finally_decided_to_do_something/",
          "name": "&uarr;77552 votes"
        }
      ]
    },
    "2021_09_12_en_reddit_reddit__r--pics--comments--pmvn9u--when_you_take_your_kids_fishing_in_florida_and": {
      "id": "2021_09_12_en_reddit_reddit__r--pics--comments--pmvn9u--when_you_take_your_kids_fishing_in_florida_and",
      "url": "https://old.reddit.com/r/pics/comments/pmvn9u/when_you_take_your_kids_fishing_in_florida_and/",
      "date_published": "2021-09-12T21:19:03.000Z",
      "date_modified": "2021-09-12T21:19:03.000Z",
      "_original_published": "2021-09-12T16:15:22.000Z",
      "_original_language": "en",
      "_translations": {
        "en": {
          "title": "When you take your kids fishing in Florida and they catch their first cocaine..."
        },
        "ja": {
          "title": "フロリダで子供たちを釣りに連れて行き、初めてコカインを釣ったとき...。"
        },
        "zh-Hans": {
          "title": "当你带你的孩子在佛罗里达州钓鱼时，他们钓到了他们的第一条可卡因。"
        },
        "zh-Hant": {
          "title": "當你帶你的孩子在佛羅里達州釣魚時，他們釣到了他們的第一條可卡因。"
        }
      },
      "tags": [
        "pics"
      ],
      "authors": [
        {
          "name": "Rogue_Patriot13",
          "url": "https://old.reddit.com/user/Rogue_Patriot13"
        }
      ],
      "_links": [
        {
          "url": "https://old.reddit.com/r/pics/comments/pmvn9u/when_you_take_your_kids_fishing_in_florida_and/",
          "name": "&uarr;77551 votes"
        }
      ],
      "image": "https://preview.redd.it/xwxa385kk3n71.jpg?width=1080&crop=smart&auto=webp&s=07db9cfe7cfdab000d08e56390d52fdcbc0afcb6"
    },
    "2021_09_11_en_reddit_reddit__r--PrequelMemes--comments--pm7epj--looks_cool_i_guess": {
      "id": "2021_09_11_en_reddit_reddit__r--PrequelMemes--comments--pm7epj--looks_cool_i_guess",
      "url": "https://old.reddit.com/r/PrequelMemes/comments/pm7epj/looks_cool_i_guess/",
      "date_published": "2021-09-12T01:16:01.000Z",
      "date_modified": "2021-09-12T01:16:01.000Z",
      "_original_published": "2021-09-11T13:26:41.000Z",
      "_original_language": "en",
      "_translations": {
        "en": {
          "title": "Looks cool, I guess"
        },
        "ja": {
          "title": "見た目はかっこいいんだけどね"
        },
        "zh-Hans": {
          "title": "看起来很酷，我想"
        },
        "zh-Hant": {
          "title": "看起來很酷，我想"
        }
      },
      "tags": [
        "PrequelMemes"
      ],
      "authors": [
        {
          "name": "Xyeeyx",
          "url": "https://old.reddit.com/user/Xyeeyx"
        }
      ],
      "_links": [
        {
          "url": "https://old.reddit.com/r/PrequelMemes/comments/pm7epj/looks_cool_i_guess/",
          "name": "&uarr;77402 votes"
        }
      ],
      "image": "https://external-preview.redd.it/R8AMm8ZyFsVbR8lOhmSULhObjwcSpW48wilq7vCjb1Q.png?width=640&crop=smart&format=pjpg&auto=webp&s=6e9f3c84daead0005f37243e0adea3df2472f43f",
      "_video": {
        "sources": [
          {
            "url": "https://v.redd.it/wt5xwcbilvm71/DASH_480.mp4?source=fallback"
          }
        ],
        "width": 438,
        "height": 480,
        "poster": "https://external-preview.redd.it/R8AMm8ZyFsVbR8lOhmSULhObjwcSpW48wilq7vCjb1Q.png?width=640&crop=smart&format=pjpg&auto=webp&s=6e9f3c84daead0005f37243e0adea3df2472f43f"
      }
    },
    "2021_09_15_en_reddit_reddit__r--Damnthatsinteresting--comments--pow1tx--a_mothers_and_a_babys_nap_disturbed_by_an": {
      "id": "2021_09_15_en_reddit_reddit__r--Damnthatsinteresting--comments--pow1tx--a_mothers_and_a_babys_nap_disturbed_by_an",
      "url": "https://old.reddit.com/r/Damnthatsinteresting/comments/pow1tx/a_mothers_and_a_babys_nap_disturbed_by_an/",
      "date_published": "2021-09-16T02:45:37.000Z",
      "date_modified": "2021-09-16T02:45:37.000Z",
      "_original_published": "2021-09-15T18:34:10.000Z",
      "_original_language": "en",
      "_translations": {
        "en": {
          "title": "A mother’s and a baby’s nap disturbed by an extremely massive snake"
        },
        "ja": {
          "title": "巨大な蛇に邪魔された母子の昼寝"
        },
        "zh-Hans": {
          "title": "一条极其巨大的蛇扰乱了母亲和婴儿的午睡"
        },
        "zh-Hant": {
          "title": "一條極其巨大的蛇擾亂了母親和嬰兒的午睡"
        }
      },
      "tags": [
        "Damnthatsinteresting"
      ],
      "authors": [
        {
          "name": "notGhxst",
          "url": "https://old.reddit.com/user/notGhxst"
        }
      ],
      "_links": [
        {
          "url": "https://old.reddit.com/r/Damnthatsinteresting/comments/pow1tx/a_mothers_and_a_babys_nap_disturbed_by_an/",
          "name": "&uarr;77130 votes"
        }
      ],
      "image": "https://external-preview.redd.it/Rc_DPHj10LjOXcDUXMxuKhux1CKJ_w3toUAUlaoK7s4.jpg?width=216&crop=smart&auto=webp&s=4587affb5846241e30163daee11dd59099e8e72d",
      "_video": {
        "sources": [
          {
            "url": "https://v.redd.it/5zobyon3zon71/DASH_720.mp4"
          }
        ],
        "width": 576,
        "height": 720,
        "poster": "https://external-preview.redd.it/Rc_DPHj10LjOXcDUXMxuKhux1CKJ_w3toUAUlaoK7s4.jpg?width=216&crop=smart&auto=webp&s=4587affb5846241e30163daee11dd59099e8e72d"
      }
    }
  }
}
