{
  "items": {
    "2021_12_08_en_reddit_reddit__r--interestingasfuck--comments--rbgkox--from_scratch_dishtowels_i_planted_the_seed_grew": {
      "id": "2021_12_08_en_reddit_reddit__r--interestingasfuck--comments--rbgkox--from_scratch_dishtowels_i_planted_the_seed_grew",
      "url": "https://old.reddit.com/r/interestingasfuck/comments/rbgkox/from_scratch_dishtowels_i_planted_the_seed_grew/",
      "date_published": "2021-12-08T06:18:45.000Z",
      "date_modified": "2021-12-08T06:18:45.000Z",
      "_original_published": "2021-12-08T02:44:36.000Z",
      "_original_language": "en",
      "_translations": {
        "en": {
          "title": "From scratch dishtowels. I planted the seed, grew the flax, harvested the straw, processed the fiber, spun the linen then wove these 2 towels."
        },
        "ja": {
          "title": "ゼロからのスタート ディッシュタウエル 種を植え、亜麻を育て、藁を収穫し、繊維を加工し、リネンを紡ぎ、この2枚のタオルを織りました。"
        },
        "zh-Hans": {
          "title": "从无到有的餐巾纸。我种下种子，种植亚麻，收割稻草，加工纤维，纺制亚麻布，然后织出这两条毛巾。"
        },
        "zh-Hant": {
          "title": "從無到有的餐巾紙。我種下種子，種植亞麻，收割稻草，加工纖維，紡制亞麻布，然後織出這兩條毛巾。"
        }
      },
      "tags": [
        "interestingasfuck"
      ],
      "authors": [
        {
          "name": "no_cal_woolgrower",
          "url": "https://old.reddit.com/user/no_cal_woolgrower"
        }
      ],
      "_links": [
        {
          "url": "https://old.reddit.com/r/interestingasfuck/comments/rbgkox/from_scratch_dishtowels_i_planted_the_seed_grew/",
          "name": "&uarr;86530 votes"
        }
      ],
      "image": "https://preview.redd.it/45fxvqm7f8481.jpg?width=1080&amp;crop=smart&amp;auto=webp&amp;s=cc178f68db8ca9b725a412b08159b27fa50decd0"
    },
    "2021_12_07_en_reddit_reddit__r--memes--comments--rb32mg--chrome_lite_for_pc": {
      "id": "2021_12_07_en_reddit_reddit__r--memes--comments--rb32mg--chrome_lite_for_pc",
      "url": "https://old.reddit.com/r/memes/comments/rb32mg/chrome_lite_for_pc/",
      "date_published": "2021-12-07T20:30:22.000Z",
      "date_modified": "2021-12-07T20:30:22.000Z",
      "_original_published": "2021-12-07T16:45:26.000Z",
      "_original_language": "en",
      "_translations": {
        "en": {
          "title": "Chrome lite for pc"
        },
        "ja": {
          "title": "Chrome lite for PC"
        },
        "zh-Hans": {
          "title": "铬合金的PC版"
        },
        "zh-Hant": {
          "title": "鉻合金的PC版"
        }
      },
      "tags": [
        "memes"
      ],
      "authors": [
        {
          "name": "mohak_soni",
          "url": "https://old.reddit.com/user/mohak_soni"
        }
      ],
      "_links": [
        {
          "url": "https://old.reddit.com/r/memes/comments/rb32mg/chrome_lite_for_pc/",
          "name": "&uarr;83204 votes"
        }
      ],
      "image": "https://external-preview.redd.it/FbwVy7ZH6hhq6rnutPjwXJdtAis9MNuqFSC7jBRaLWs.jpg?width=640&amp;crop=smart&amp;auto=webp&amp;s=8b159b691b046f3d01727eb24bc3616b439096e0"
    },
    "2021_12_05_en_reddit_reddit__r--nextfuckinglevel--comments--r9k0bv--brendan_fraser_get_surprise_birthday_party_on_set": {
      "id": "2021_12_05_en_reddit_reddit__r--nextfuckinglevel--comments--r9k0bv--brendan_fraser_get_surprise_birthday_party_on_set",
      "url": "https://old.reddit.com/r/nextfuckinglevel/comments/r9k0bv/brendan_fraser_get_surprise_birthday_party_on_set/",
      "date_published": "2021-12-06T01:59:28.000Z",
      "date_modified": "2021-12-06T01:59:28.000Z",
      "_original_published": "2021-12-05T17:02:38.000Z",
      "_original_language": "en",
      "_translations": {
        "en": {
          "title": "Brendan Fraser Get Surprise Birthday Party on Set of Batgirl."
        },
        "ja": {
          "title": "ブレンダン・フレイザー、『バットガール』の撮影現場でサプライズ・バースデー・パーティーを開催。"
        },
        "zh-Hans": {
          "title": "布兰登-弗雷泽在《蝙蝠女》片场获得惊喜的生日派对。"
        },
        "zh-Hant": {
          "title": "布蘭登-弗雷澤在《蝙蝠女》片場獲得驚喜的生日派對。"
        }
      },
      "tags": [
        "nextfuckinglevel"
      ],
      "authors": [
        {
          "name": "AbdulWadudhgf",
          "url": "https://old.reddit.com/user/AbdulWadudhgf"
        }
      ],
      "_links": [
        {
          "url": "https://old.reddit.com/r/nextfuckinglevel/comments/r9k0bv/brendan_fraser_get_surprise_birthday_party_on_set/",
          "name": "&uarr;81090 votes"
        }
      ],
      "image": "https://external-preview.redd.it/Cj-bTvTk1mQIObZbFrrY35H1vJ1mQEScK7UdYmHtaAE.png?width=320&amp;crop=smart&amp;format=pjpg&amp;auto=webp&amp;s=98f8c4ac52f36205c2eab725e8077cfa6b6bb919",
      "_video": {
        "sources": [
          {
            "url": "https://v.redd.it/c4ndj9nd9r381/DASH_480.mp4?source=fallback"
          }
        ],
        "width": 480,
        "height": 480,
        "poster": "https://external-preview.redd.it/Cj-bTvTk1mQIObZbFrrY35H1vJ1mQEScK7UdYmHtaAE.png?width=320&amp;crop=smart&amp;format=pjpg&amp;auto=webp&amp;s=98f8c4ac52f36205c2eab725e8077cfa6b6bb919"
      }
    },
    "2021_12_07_en_reddit_reddit__r--MadeMeSmile--comments--rbae7u--this_made_my_day": {
      "id": "2021_12_07_en_reddit_reddit__r--MadeMeSmile--comments--rbae7u--this_made_my_day",
      "url": "https://old.reddit.com/r/MadeMeSmile/comments/rbae7u/this_made_my_day/",
      "date_published": "2021-12-08T02:23:10.000Z",
      "date_modified": "2021-12-08T02:23:10.000Z",
      "_original_published": "2021-12-07T21:46:35.000Z",
      "_original_language": "en",
      "_translations": {
        "en": {
          "title": "This made my day."
        },
        "ja": {
          "title": "これで、私は一日が終わった。"
        },
        "zh-Hans": {
          "title": "这让我受益匪浅。"
        },
        "zh-Hant": {
          "title": "這讓我受益匪淺。"
        }
      },
      "tags": [
        "MadeMeSmile"
      ],
      "authors": [
        {
          "name": "TheWednesdayProject",
          "url": "https://old.reddit.com/user/TheWednesdayProject"
        }
      ],
      "_links": [
        {
          "url": "https://old.reddit.com/r/MadeMeSmile/comments/rbae7u/this_made_my_day/",
          "name": "&uarr;80762 votes"
        }
      ],
      "image": "https://preview.redd.it/xo7itvk1y6481.jpg?width=640&amp;crop=smart&amp;auto=webp&amp;s=529edf0bb9eff87e3a4af8fbe7a2d3debbeaafa7"
    },
    "2021_12_07_en_reddit_reddit__r--nextfuckinglevel--comments--rb8hfl--perfect_timing_with_the_sun": {
      "id": "2021_12_07_en_reddit_reddit__r--nextfuckinglevel--comments--rb8hfl--perfect_timing_with_the_sun",
      "url": "https://old.reddit.com/r/nextfuckinglevel/comments/rb8hfl/perfect_timing_with_the_sun/",
      "date_published": "2021-12-08T02:23:10.000Z",
      "date_modified": "2021-12-08T02:23:10.000Z",
      "_original_published": "2021-12-07T20:20:30.000Z",
      "_original_language": "en",
      "_translations": {
        "en": {
          "title": "Perfect Timing with the Sun"
        },
        "ja": {
          "title": "太陽との絶妙なタイミング"
        },
        "zh-Hans": {
          "title": "与太阳的完美时机"
        },
        "zh-Hant": {
          "title": "與太陽的完美時機"
        }
      },
      "tags": [
        "nextfuckinglevel"
      ],
      "authors": [
        {
          "name": "rgsdfsgtdrtgdsgdf",
          "url": "https://old.reddit.com/user/rgsdfsgtdrtgdsgdf"
        }
      ],
      "_links": [
        {
          "url": "https://old.reddit.com/r/nextfuckinglevel/comments/rb8hfl/perfect_timing_with_the_sun/",
          "name": "&uarr;80072 votes"
        }
      ],
      "image": "https://external-preview.redd.it/hl4zHEr6OIBD393pTC2VWSh8oZy00kBL_MsyuUBgEuI.jpg?width=640&amp;crop=smart&amp;auto=webp&amp;s=eb501dee025e2d37947ce6c2e8484fdb0b2fb123",
      "_video": {
        "sources": [
          {
            "url": "https://v.redd.it/gyd8mp17e3481/DASH_720.mp4"
          }
        ],
        "width": 720,
        "height": 720,
        "poster": "https://external-preview.redd.it/hl4zHEr6OIBD393pTC2VWSh8oZy00kBL_MsyuUBgEuI.jpg?width=640&amp;crop=smart&amp;auto=webp&amp;s=eb501dee025e2d37947ce6c2e8484fdb0b2fb123"
      }
    },
    "2021_12_07_en_reddit_reddit__r--pics--comments--rb8u62--finally_after_more_than_a_decade_of_hard_work": {
      "id": "2021_12_07_en_reddit_reddit__r--pics--comments--rb8u62--finally_after_more_than_a_decade_of_hard_work",
      "url": "https://old.reddit.com/r/pics/comments/rb8u62/finally_after_more_than_a_decade_of_hard_work/",
      "date_published": "2021-12-08T02:50:03.000Z",
      "date_modified": "2021-12-08T02:50:03.000Z",
      "_original_published": "2021-12-07T20:36:07.000Z",
      "_original_language": "en",
      "_translations": {
        "en": {
          "title": "Finally, after more than a decade of hard work, today, I am officially a US citizen."
        },
        "ja": {
          "title": "ついに、10年以上の努力の末、今日、正式に米国市民となりました。"
        },
        "zh-Hans": {
          "title": "最后，经过十多年的努力，今天，我正式成为一名美国公民。"
        },
        "zh-Hant": {
          "title": "最後，經過十多年的努力，今天，我正式成爲一名美國公民。"
        }
      },
      "tags": [
        "pics"
      ],
      "authors": [
        {
          "name": "kiko20010",
          "url": "https://old.reddit.com/user/kiko20010"
        }
      ],
      "_links": [
        {
          "url": "https://old.reddit.com/r/pics/comments/rb8u62/finally_after_more_than_a_decade_of_hard_work/",
          "name": "&uarr;79204 votes"
        }
      ],
      "image": "https://preview.redd.it/3k3qs22el6481.jpg?width=1080&amp;crop=smart&amp;auto=webp&amp;s=acd949df26d57b2ffdea2ee5b40739f47795d8e6"
    },
    "2021_12_07_en_reddit_reddit__r--nextfuckinglevel--comments--rbb4za--this_guy_took_the_first_clip_of_his_transition": {
      "id": "2021_12_07_en_reddit_reddit__r--nextfuckinglevel--comments--rbb4za--this_guy_took_the_first_clip_of_his_transition",
      "url": "https://old.reddit.com/r/nextfuckinglevel/comments/rbb4za/this_guy_took_the_first_clip_of_his_transition/",
      "date_published": "2021-12-08T09:26:57.000Z",
      "date_modified": "2021-12-08T09:26:57.000Z",
      "_original_published": "2021-12-07T22:20:51.000Z",
      "_original_language": "en",
      "_translations": {
        "en": {
          "title": "This guy took the first clip of his transition and said I’m gonna fuckin do it"
        },
        "ja": {
          "title": "この男は、自分のトランジションの最初の映像を見て、「俺はこれをやるぞ」と言った。"
        },
        "zh-Hans": {
          "title": "这家伙拿着他转型的第一个片段说，我他妈要去做。"
        },
        "zh-Hant": {
          "title": "這傢伙拿着他轉型的第一個片段說，我他媽要去做。"
        }
      },
      "tags": [
        "nextfuckinglevel"
      ],
      "authors": [
        {
          "name": "wakemeupwhenthisends",
          "url": "https://old.reddit.com/user/wakemeupwhenthisends"
        }
      ],
      "_links": [
        {
          "url": "https://old.reddit.com/r/nextfuckinglevel/comments/rbb4za/this_guy_took_the_first_clip_of_his_transition/",
          "name": "&uarr;78754 votes"
        }
      ],
      "image": "https://external-preview.redd.it/O_giIalMop5h6agUAAnOsyw9lT0i96q8dnVram6OnNE.png?width=320&amp;crop=smart&amp;format=pjpg&amp;auto=webp&amp;s=209af033230a4d45b5dd15e75b3ee7fb0edd9595",
      "_video": {
        "sources": [
          {
            "url": "https://v.redd.it/8esojit247481/DASH_720.mp4?source=fallback"
          }
        ],
        "width": 405,
        "height": 720,
        "poster": "https://external-preview.redd.it/O_giIalMop5h6agUAAnOsyw9lT0i96q8dnVram6OnNE.png?width=320&amp;crop=smart&amp;format=pjpg&amp;auto=webp&amp;s=209af033230a4d45b5dd15e75b3ee7fb0edd9595"
      }
    },
    "2021_12_07_en_reddit_reddit__r--interestingasfuck--comments--rao6zx--single_celled_organism_dies": {
      "id": "2021_12_07_en_reddit_reddit__r--interestingasfuck--comments--rao6zx--single_celled_organism_dies",
      "url": "https://old.reddit.com/r/interestingasfuck/comments/rao6zx/single_celled_organism_dies/",
      "date_published": "2021-12-07T12:33:25.000Z",
      "date_modified": "2021-12-07T12:33:25.000Z",
      "_original_published": "2021-12-07T02:19:00.000Z",
      "_original_language": "en",
      "_translations": {
        "en": {
          "title": "Single celled organism dies."
        },
        "ja": {
          "title": "単細胞の生物が死ぬ。"
        },
        "zh-Hans": {
          "title": "单细胞生物体死亡。"
        },
        "zh-Hant": {
          "title": "單細胞生物體死亡。"
        }
      },
      "tags": [
        "interestingasfuck"
      ],
      "authors": [
        {
          "name": "Time_Chemist_8566",
          "url": "https://old.reddit.com/user/Time_Chemist_8566"
        }
      ],
      "_links": [
        {
          "url": "https://old.reddit.com/r/interestingasfuck/comments/rao6zx/single_celled_organism_dies/",
          "name": "&uarr;78408 votes"
        }
      ],
      "image": "https://external-preview.redd.it/YmSo8H1jxCFIpXfoRyp6fdIqPXA1Px6VE9PHsT5G3hg.png?width=1080&amp;crop=smart&amp;format=pjpg&amp;auto=webp&amp;s=66f319c66d4d46648a8890e4135e382ace6fab09",
      "_video": {
        "sources": [
          {
            "url": "https://v.redd.it/pentwmjm51481/DASH_720.mp4?source=fallback"
          }
        ],
        "width": 1280,
        "height": 720,
        "poster": "https://external-preview.redd.it/YmSo8H1jxCFIpXfoRyp6fdIqPXA1Px6VE9PHsT5G3hg.png?width=1080&amp;crop=smart&amp;format=pjpg&amp;auto=webp&amp;s=66f319c66d4d46648a8890e4135e382ace6fab09"
      }
    },
    "2021_12_07_en_reddit_reddit__r--nextfuckinglevel--comments--rb0oq9--this_88_yearold_father_had_been_apart_from_his_53": {
      "id": "2021_12_07_en_reddit_reddit__r--nextfuckinglevel--comments--rb0oq9--this_88_yearold_father_had_been_apart_from_his_53",
      "url": "https://old.reddit.com/r/nextfuckinglevel/comments/rb0oq9/this_88_yearold_father_had_been_apart_from_his_53/",
      "date_published": "2021-12-07T21:27:30.000Z",
      "date_modified": "2021-12-07T21:27:30.000Z",
      "_original_published": "2021-12-07T14:42:50.000Z",
      "_original_language": "en",
      "_translations": {
        "en": {
          "title": "This 88 year-old father had been apart from his 53 year-old son with down syndrome for the first time in his life."
        },
        "ja": {
          "title": "この88歳の父親は、53歳のダウン症の息子と生まれて初めて離ればなれになった。"
        },
        "zh-Hans": {
          "title": "这位88岁的父亲有生以来第一次与他53岁的唐氏综合症儿子分开。"
        },
        "zh-Hant": {
          "title": "這位88歲的父親有生以來第一次與他53歲的唐氏綜合症兒子分開。"
        }
      },
      "tags": [
        "nextfuckinglevel"
      ],
      "authors": [
        {
          "name": "Intelligent_Moose875",
          "url": "https://old.reddit.com/user/Intelligent_Moose875"
        }
      ],
      "_links": [
        {
          "url": "https://old.reddit.com/r/nextfuckinglevel/comments/rb0oq9/this_88_yearold_father_had_been_apart_from_his_53/",
          "name": "&uarr;77818 votes"
        }
      ],
      "image": "https://external-preview.redd.it/bLIoYjclAzLAxNoSEmokPvrEowcb_2hItYHlBWNCxRI.png?width=960&amp;crop=smart&amp;format=pjpg&amp;auto=webp&amp;s=1d0ead855d9ea85823c9d3386233fafdb2f64e26",
      "_video": {
        "sources": [
          {
            "url": "https://v.redd.it/xpx4ui1bu4481/DASH_720.mp4?source=fallback"
          }
        ],
        "width": 720,
        "height": 720,
        "poster": "https://external-preview.redd.it/bLIoYjclAzLAxNoSEmokPvrEowcb_2hItYHlBWNCxRI.png?width=960&amp;crop=smart&amp;format=pjpg&amp;auto=webp&amp;s=1d0ead855d9ea85823c9d3386233fafdb2f64e26"
      }
    },
    "2021_12_07_en_reddit_reddit__r--WhitePeopleTwitter--comments--rbawy9--heavy_machinery": {
      "id": "2021_12_07_en_reddit_reddit__r--WhitePeopleTwitter--comments--rbawy9--heavy_machinery",
      "url": "https://old.reddit.com/r/WhitePeopleTwitter/comments/rbawy9/heavy_machinery/",
      "date_published": "2021-12-08T06:18:45.000Z",
      "date_modified": "2021-12-08T06:18:45.000Z",
      "_original_published": "2021-12-07T22:10:37.000Z",
      "_original_language": "en",
      "_translations": {
        "en": {
          "title": "Heavy Machinery"
        },
        "ja": {
          "title": "重機"
        },
        "zh-Hans": {
          "title": "重型机械"
        },
        "zh-Hant": {
          "title": "重型機械"
        }
      },
      "tags": [
        "WhitePeopleTwitter"
      ],
      "authors": [
        {
          "name": "ThriftySenator",
          "url": "https://old.reddit.com/user/ThriftySenator"
        }
      ],
      "_links": [
        {
          "url": "https://old.reddit.com/r/WhitePeopleTwitter/comments/rbawy9/heavy_machinery/",
          "name": "&uarr;77797 votes"
        }
      ],
      "image": "https://preview.redd.it/vwttzqu727481.jpg?width=640&amp;crop=smart&amp;auto=webp&amp;s=ed71285e991f22e661ba023f8163e4e99366fdf0"
    },
    "2021_12_08_en_reddit_reddit__r--MadeMeSmile--comments--rbrdyy--they_suit_each_other_so_well": {
      "id": "2021_12_08_en_reddit_reddit__r--MadeMeSmile--comments--rbrdyy--they_suit_each_other_so_well",
      "url": "https://old.reddit.com/r/MadeMeSmile/comments/rbrdyy/they_suit_each_other_so_well/",
      "date_published": "2021-12-08T20:30:56.000Z",
      "date_modified": "2021-12-08T20:30:56.000Z",
      "_original_published": "2021-12-08T13:29:52.000Z",
      "_original_language": "en",
      "_translations": {
        "en": {
          "title": "They suit each other so well ☃️🎅🏽🎄"
        },
        "ja": {
          "title": "とても似合っています☃️🎅🏽🎄。"
        },
        "zh-Hans": {
          "title": "他们是如此的适合对方 ☃️🎅🏽🎄"
        },
        "zh-Hant": {
          "title": "他們是如此的適合對方 ☃️🎅🏽🎄"
        }
      },
      "tags": [
        "MadeMeSmile"
      ],
      "authors": [
        {
          "name": "CamilTahan",
          "url": "https://old.reddit.com/user/CamilTahan"
        }
      ],
      "_links": [
        {
          "url": "https://old.reddit.com/r/MadeMeSmile/comments/rbrdyy/they_suit_each_other_so_well/",
          "name": "&uarr;77796 votes"
        }
      ],
      "image": "https://preview.redd.it/mvk7z63cmb481.jpg?width=1080&amp;crop=smart&amp;auto=webp&amp;s=5dd4234f055513de97d8e2030898ba12534096ae"
    },
    "2021_12_04_en_reddit_reddit__r--nextfuckinglevel--comments--r8s8py--movie_being_filmed_right_in_front_of_this": {
      "id": "2021_12_04_en_reddit_reddit__r--nextfuckinglevel--comments--r8s8py--movie_being_filmed_right_in_front_of_this",
      "url": "https://old.reddit.com/r/nextfuckinglevel/comments/r8s8py/movie_being_filmed_right_in_front_of_this/",
      "date_published": "2021-12-04T23:17:13.000Z",
      "date_modified": "2021-12-04T23:17:13.000Z",
      "_original_published": "2021-12-04T15:42:12.000Z",
      "_original_language": "en",
      "_translations": {
        "en": {
          "title": "Movie being filmed right in front of this neighborhood"
        },
        "ja": {
          "title": "目の前で映画が撮影されている"
        },
        "zh-Hans": {
          "title": "电影就在这个小区门口拍摄"
        },
        "zh-Hant": {
          "title": "電影就在這個小區門口拍攝"
        }
      },
      "tags": [
        "nextfuckinglevel"
      ],
      "authors": [
        {
          "name": "NiceCasualRedditGuy",
          "url": "https://old.reddit.com/user/NiceCasualRedditGuy"
        }
      ],
      "_links": [
        {
          "url": "https://old.reddit.com/r/nextfuckinglevel/comments/r8s8py/movie_being_filmed_right_in_front_of_this/",
          "name": "&uarr;77368 votes"
        }
      ],
      "image": "https://external-preview.redd.it/RKxrgnOSiNwK0kxSW67cBBGZDDKRiOecjJMxYjAkW28.png?width=320&amp;crop=smart&amp;format=pjpg&amp;auto=webp&amp;s=a496a799ada3c5dfb72faa5a456c85575cf3f1a4",
      "_video": {
        "sources": [
          {
            "url": "https://v.redd.it/v5wvryl3qj381/DASH_720.mp4?source=fallback"
          }
        ],
        "width": 490,
        "height": 720,
        "poster": "https://external-preview.redd.it/RKxrgnOSiNwK0kxSW67cBBGZDDKRiOecjJMxYjAkW28.png?width=320&amp;crop=smart&amp;format=pjpg&amp;auto=webp&amp;s=a496a799ada3c5dfb72faa5a456c85575cf3f1a4"
      }
    },
    "2021_12_07_en_reddit_reddit__r--oddlysatisfying--comments--rb7pty--beach_candy_sea_rocks": {
      "id": "2021_12_07_en_reddit_reddit__r--oddlysatisfying--comments--rb7pty--beach_candy_sea_rocks",
      "url": "https://old.reddit.com/r/oddlysatisfying/comments/rb7pty/beach_candy_sea_rocks/",
      "date_published": "2021-12-08T02:23:10.000Z",
      "date_modified": "2021-12-08T02:23:10.000Z",
      "_original_published": "2021-12-07T19:45:43.000Z",
      "_original_language": "en",
      "_translations": {
        "en": {
          "title": "Beach Candy (Sea Rocks)"
        },
        "ja": {
          "title": "ビーチキャンディ（シーロックス）"
        },
        "zh-Hans": {
          "title": "海滩糖果（海岩）"
        },
        "zh-Hant": {
          "title": "海灘糖果（海巖）"
        }
      },
      "tags": [
        "oddlysatisfying"
      ],
      "authors": [
        {
          "name": "feelingood41",
          "url": "https://old.reddit.com/user/feelingood41"
        }
      ],
      "_links": [
        {
          "url": "https://old.reddit.com/r/oddlysatisfying/comments/rb7pty/beach_candy_sea_rocks/",
          "name": "&uarr;77061 votes"
        }
      ],
      "image": "https://preview.redd.it/6tj3t1ehc6481.jpg?width=640&amp;crop=smart&amp;auto=webp&amp;s=3c0bcd96c13dce15501d9d569825f8882529b1d0"
    },
    "2021_12_07_en_reddit_reddit__r--pics--comments--rap7u2--dieunerst_killer_whale_collin_from_the_legendary": {
      "id": "2021_12_07_en_reddit_reddit__r--pics--comments--rap7u2--dieunerst_killer_whale_collin_from_the_legendary",
      "url": "https://old.reddit.com/r/pics/comments/rap7u2/dieunerst_killer_whale_collin_from_the_legendary/",
      "date_published": "2021-12-07T13:35:09.000Z",
      "date_modified": "2021-12-07T13:35:09.000Z",
      "_original_published": "2021-12-07T03:11:25.000Z",
      "_original_language": "en",
      "_translations": {
        "en": {
          "title": "Dieunerst “Killer Whale” Collin from the legendary meme is a state champ 🏆👀"
        },
        "ja": {
          "title": "伝説のミームに登場するDieunerst \"Killer Whale\" Collinは、州のチャンピオン🏆👀です。"
        },
        "zh-Hans": {
          "title": "传说中的备忘录中的Dieunerst \"杀手鲸 \"Collin是一个州的冠军🏆👀。"
        },
        "zh-Hant": {
          "title": "傳說中的備忘錄中的Dieunerst \"殺手鯨 \"Collin是一個州的冠軍🏆👀。"
        }
      },
      "tags": [
        "pics"
      ],
      "authors": [
        {
          "name": "puzzledplatypus",
          "url": "https://old.reddit.com/user/puzzledplatypus"
        }
      ],
      "_links": [
        {
          "url": "https://old.reddit.com/r/pics/comments/rap7u2/dieunerst_killer_whale_collin_from_the_legendary/",
          "name": "&uarr;77046 votes"
        }
      ],
      "image": "https://preview.redd.it/ze3un5j2f1481.jpg?width=1080&amp;crop=smart&amp;auto=webp&amp;s=0fe08d5ac1b59a66c63ae1c8108296ab1e166a6a"
    },
    "2021_12_07_en_reddit_reddit__r--shitposting--comments--rb5o3s--briish": {
      "id": "2021_12_07_en_reddit_reddit__r--shitposting--comments--rb5o3s--briish",
      "url": "https://old.reddit.com/r/shitposting/comments/rb5o3s/briish/",
      "date_published": "2021-12-08T10:12:00.000Z",
      "date_modified": "2021-12-08T10:12:00.000Z",
      "_original_published": "2021-12-07T18:27:00.000Z",
      "_original_language": "en",
      "_translations": {
        "en": {
          "title": "bri'ish"
        },
        "ja": {
          "title": "ブリちゃん"
        },
        "zh-Hans": {
          "title": "bri'ish"
        },
        "zh-Hant": {
          "title": "bri'ish"
        }
      },
      "tags": [
        "shitposting"
      ],
      "authors": [
        {
          "name": "ethohuman000",
          "url": "https://old.reddit.com/user/ethohuman000"
        }
      ],
      "_links": [
        {
          "url": "https://old.reddit.com/r/shitposting/comments/rb5o3s/briish/",
          "name": "&uarr;76868 votes"
        }
      ],
      "image": "https://preview.redd.it/lf2lstpys5481.png?width=640&amp;crop=smart&amp;auto=webp&amp;s=507c0278ebd7ca1ae24212e1ad7acf2227cd255f"
    },
    "2021_12_07_en_reddit_reddit__r--WhitePeopleTwitter--comments--rb58vn--hes_got_a_point": {
      "id": "2021_12_07_en_reddit_reddit__r--WhitePeopleTwitter--comments--rb58vn--hes_got_a_point",
      "url": "https://old.reddit.com/r/WhitePeopleTwitter/comments/rb58vn/hes_got_a_point/",
      "date_published": "2021-12-08T02:50:03.000Z",
      "date_modified": "2021-12-08T02:50:03.000Z",
      "_original_published": "2021-12-07T18:14:24.000Z",
      "_original_language": "en",
      "_translations": {
        "en": {
          "title": "He's got a point"
        },
        "ja": {
          "title": "彼は一理ある"
        },
        "zh-Hans": {
          "title": "他说得很有道理"
        },
        "zh-Hant": {
          "title": "他說得很有道理"
        }
      },
      "tags": [
        "WhitePeopleTwitter"
      ],
      "authors": [
        {
          "name": "M_Faisal",
          "url": "https://old.reddit.com/user/M_Faisal"
        }
      ],
      "_links": [
        {
          "url": "https://old.reddit.com/r/WhitePeopleTwitter/comments/rb58vn/hes_got_a_point/",
          "name": "&uarr;76702 votes"
        }
      ],
      "image": "https://preview.redd.it/xhgm8pa71vk31.jpg?width=640&amp;crop=smart&amp;auto=webp&amp;s=bba5916d4f1e95a45109e1fbb6842f6124c14367"
    },
    "2021_12_09_en_reddit_reddit__r--HolUp--comments--rcmu6b--epstein_ghislaine_at_queen_elizabeths_log_cabin": {
      "id": "2021_12_09_en_reddit_reddit__r--HolUp--comments--rcmu6b--epstein_ghislaine_at_queen_elizabeths_log_cabin",
      "url": "https://old.reddit.com/r/HolUp/comments/rcmu6b/epstein_ghislaine_at_queen_elizabeths_log_cabin/",
      "date_published": "2021-12-10T01:33:18.000Z",
      "date_modified": "2021-12-10T01:33:18.000Z",
      "_original_published": "2021-12-09T17:42:43.000Z",
      "_original_language": "en",
      "_translations": {
        "en": {
          "title": "Epstein &amp; Ghislaine at Queen Elizabeth's log cabin (confirmed by BBC to be same cabin). Using this sub as an outlet since r/pics and any news sub won't let it stay up. Actual real life holup."
        },
        "ja": {
          "title": "エリザベス女王のログキャビンでのエプスタイン＆ギズレーヌ（BBCで同じキャビンであることが確認されている）。r/picsやニュース系のサブには掲載されないので、このサブを出口として使用しています。実際のリアルライフホルプ。"
        },
        "zh-Hans": {
          "title": "爱泼斯坦&amp; Ghislaine在伊丽莎白女王的木屋（经BBC证实是同一个木屋）。由于r/pics和任何新闻子站都不让它停留在上面，所以用这个子站作为一个出口。实际的现实生活中的骗局。"
        },
        "zh-Hant": {
          "title": "愛潑斯坦&amp; Ghislaine在伊麗莎白女王的木屋（經BBC證實是同一個木屋）。由於r/pics和任何新聞子站都不讓它停留在上面，所以用這個子站作爲一個出口。實際的現實生活中的騙局。"
        }
      },
      "tags": [
        "HolUp"
      ],
      "authors": [
        {
          "name": "Saul_g0od",
          "url": "https://old.reddit.com/user/Saul_g0od"
        }
      ],
      "_links": [
        {
          "url": "https://old.reddit.com/r/HolUp/comments/rcmu6b/epstein_ghislaine_at_queen_elizabeths_log_cabin/",
          "name": "&uarr;76608 votes"
        }
      ],
      "image": "https://preview.redd.it/62wftenc0k481.png?width=640&amp;crop=smart&amp;auto=webp&amp;s=667f6bb34ae4377625574b1ce65d73cf5c95b063"
    },
    "2021_12_07_en_reddit_reddit__r--memes--comments--rbce6u--he_looks_very_polite": {
      "id": "2021_12_07_en_reddit_reddit__r--memes--comments--rbce6u--he_looks_very_polite",
      "url": "https://old.reddit.com/r/memes/comments/rbce6u/he_looks_very_polite/",
      "date_published": "2021-12-08T11:19:38.000Z",
      "date_modified": "2021-12-08T11:19:38.000Z",
      "_original_published": "2021-12-07T23:18:55.000Z",
      "_original_language": "en",
      "_translations": {
        "en": {
          "title": "He looks very polite"
        },
        "ja": {
          "title": "丁寧な仕事ぶり"
        },
        "zh-Hans": {
          "title": "他看起来很有礼貌"
        },
        "zh-Hant": {
          "title": "他看起來很有禮貌"
        }
      },
      "tags": [
        "memes"
      ],
      "authors": [
        {
          "name": "ihavebirb",
          "url": "https://old.reddit.com/user/ihavebirb"
        }
      ],
      "_links": [
        {
          "url": "https://old.reddit.com/r/memes/comments/rbce6u/he_looks_very_polite/",
          "name": "&uarr;76424 votes"
        }
      ],
      "image": "https://preview.redd.it/5fpwlumie7481.jpg?width=1080&amp;crop=smart&amp;auto=webp&amp;s=76abe21485ecb7a10eb8a421161454c4b3f458cc"
    },
    "2021_12_06_en_reddit_reddit__r--perfectlycutscreams--comments--r9xywb--synchronized_screams": {
      "id": "2021_12_06_en_reddit_reddit__r--perfectlycutscreams--comments--r9xywb--synchronized_screams",
      "url": "https://old.reddit.com/r/perfectlycutscreams/comments/r9xywb/synchronized_screams/",
      "date_published": "2021-12-06T15:31:20.000Z",
      "date_modified": "2021-12-06T15:31:20.000Z",
      "_original_published": "2021-12-06T03:58:35.000Z",
      "_original_language": "en",
      "_translations": {
        "en": {
          "title": "*synchronized screams*"
        },
        "ja": {
          "title": "*シンクロナイズドスクリーム*。"
        },
        "zh-Hans": {
          "title": "*同步的尖叫声*"
        },
        "zh-Hant": {
          "title": "*同步的尖叫聲*"
        }
      },
      "tags": [
        "perfectlycutscreams"
      ],
      "authors": [
        {
          "name": "CEDoromal",
          "url": "https://old.reddit.com/user/CEDoromal"
        }
      ],
      "_links": [
        {
          "url": "https://old.reddit.com/r/perfectlycutscreams/comments/r9xywb/synchronized_screams/",
          "name": "&uarr;76303 votes"
        }
      ],
      "image": "https://external-preview.redd.it/6tZW6-N8UqecZe81EE_E8GTjn1NPYoAkAprhtQuOA54.png?width=1080&amp;crop=smart&amp;format=pjpg&amp;auto=webp&amp;s=08f3380d2fff6b1cbb6c539e4f84c11f4608fcfb",
      "_video": {
        "sources": [
          {
            "url": "https://v.redd.it/f1sanlbhiu381/DASH_1080.mp4?source=fallback"
          }
        ],
        "width": 1920,
        "height": 1080,
        "poster": "https://external-preview.redd.it/6tZW6-N8UqecZe81EE_E8GTjn1NPYoAkAprhtQuOA54.png?width=1080&amp;crop=smart&amp;format=pjpg&amp;auto=webp&amp;s=08f3380d2fff6b1cbb6c539e4f84c11f4608fcfb"
      }
    },
    "2021_12_06_en_reddit_reddit__r--facepalm--comments--ra509t--police_mistake_homeowner_for_burglar_arrest_him": {
      "id": "2021_12_06_en_reddit_reddit__r--facepalm--comments--ra509t--police_mistake_homeowner_for_burglar_arrest_him",
      "url": "https://old.reddit.com/r/facepalm/comments/ra509t/police_mistake_homeowner_for_burglar_arrest_him/",
      "date_published": "2021-12-06T21:18:39.000Z",
      "date_modified": "2021-12-06T21:18:39.000Z",
      "_original_published": "2021-12-06T11:17:03.000Z",
      "_original_language": "en",
      "_translations": {
        "en": {
          "title": "Police mistake homeowner for burglar, arrest him even after identifying himself."
        },
        "ja": {
          "title": "警察は家主を強盗と勘違いし、名乗っても逮捕してしまう。"
        },
        "zh-Hans": {
          "title": "警方将房主误认为窃贼，在表明身份后仍将其逮捕。"
        },
        "zh-Hant": {
          "title": "警方將房主誤認爲竊賊，在表明身份後仍將其逮捕。"
        }
      },
      "tags": [
        "facepalm"
      ],
      "authors": [
        {
          "name": "_Xyreo_",
          "url": "https://old.reddit.com/user/_Xyreo_"
        }
      ],
      "_links": [
        {
          "url": "https://old.reddit.com/r/facepalm/comments/ra509t/police_mistake_homeowner_for_burglar_arrest_him/",
          "name": "&uarr;76227 votes"
        }
      ],
      "image": "https://external-preview.redd.it/ic8HBdwMWTU1N_Q_gkjCQxDiargsDlAnq14Wl4SPe00.png?width=640&amp;crop=smart&amp;format=pjpg&amp;auto=webp&amp;s=2e5507e3e980936ef44038b369898f986fda3651",
      "_video": {
        "sources": [
          {
            "url": "https://v.redd.it/uqvestfrow381/DASH_720.mp4?source=fallback"
          }
        ],
        "width": 720,
        "height": 720,
        "poster": "https://external-preview.redd.it/ic8HBdwMWTU1N_Q_gkjCQxDiargsDlAnq14Wl4SPe00.png?width=640&amp;crop=smart&amp;format=pjpg&amp;auto=webp&amp;s=2e5507e3e980936ef44038b369898f986fda3651"
      }
    }
  }
}
