{
  "items": {
    "2021_12_13_en_reddit_reddit__r--Unexpected--comments--rfkrkn--wow_nice": {
      "id": "2021_12_13_en_reddit_reddit__r--Unexpected--comments--rfkrkn--wow_nice",
      "url": "https://old.reddit.com/r/Unexpected/comments/rfkrkn/wow_nice/",
      "date_published": "2021-12-14T01:47:15.000Z",
      "date_modified": "2021-12-14T01:47:15.000Z",
      "_original_published": "2021-12-13T17:17:51.000Z",
      "_original_language": "en",
      "_translations": {
        "en": {
          "title": "Wow.. nice"
        },
        "ja": {
          "title": "うわぁ...いいなぁ"
        },
        "zh-Hans": {
          "title": "哇...不错"
        },
        "zh-Hant": {
          "title": "哇...不錯"
        }
      },
      "tags": [
        "Unexpected"
      ],
      "authors": [
        {
          "name": "Current_Geologist767",
          "url": "https://old.reddit.com/user/Current_Geologist767"
        }
      ],
      "_links": [
        {
          "url": "https://old.reddit.com/r/Unexpected/comments/rfkrkn/wow_nice/",
          "name": "&uarr;80057 votes"
        }
      ],
      "image": "https://external-preview.redd.it/QzC7nF7CeRB9653nA3tUxo2CGPULMhe4_Mb0VjtqRa8.png?width=1080&amp;crop=smart&amp;format=pjpg&amp;auto=webp&amp;s=cb43084360504249282de344a2ae2ca5673b8f80",
      "_video": {
        "sources": [
          {
            "url": "https://v.redd.it/ql17pfmjfc581/DASH_1080.mp4?source=fallback"
          }
        ],
        "width": 1920,
        "height": 1080,
        "poster": "https://external-preview.redd.it/QzC7nF7CeRB9653nA3tUxo2CGPULMhe4_Mb0VjtqRa8.png?width=1080&amp;crop=smart&amp;format=pjpg&amp;auto=webp&amp;s=cb43084360504249282de344a2ae2ca5673b8f80"
      }
    },
    "2021_12_11_en_reddit_reddit__r--memes--comments--rdxf6p--he_should_change_his_hairstyle": {
      "id": "2021_12_11_en_reddit_reddit__r--memes--comments--rdxf6p--he_should_change_his_hairstyle",
      "url": "https://old.reddit.com/r/memes/comments/rdxf6p/he_should_change_his_hairstyle/",
      "date_published": "2021-12-11T17:34:10.000Z",
      "date_modified": "2021-12-11T17:34:10.000Z",
      "_original_published": "2021-12-11T10:55:08.000Z",
      "_original_language": "en",
      "_translations": {
        "en": {
          "title": "He should change his hairstyle"
        },
        "ja": {
          "title": "彼は髪型を変えるべきだ。"
        },
        "zh-Hans": {
          "title": "他应该改变他的发型"
        },
        "zh-Hant": {
          "title": "他應該改變他的髮型"
        }
      },
      "tags": [
        "memes"
      ],
      "authors": [
        {
          "name": "Fancy-Commission-598",
          "url": "https://old.reddit.com/user/Fancy-Commission-598"
        }
      ],
      "_links": [
        {
          "url": "https://old.reddit.com/r/memes/comments/rdxf6p/he_should_change_his_hairstyle/",
          "name": "&uarr;79515 votes"
        }
      ],
      "image": "https://preview.redd.it/5vo656mg9w481.jpg?width=1080&amp;crop=smart&amp;auto=webp&amp;s=74a3da707d20f82b96d2587318068d5168b8ecfa"
    },
    "2021_12_10_en_reddit_reddit__r--aww--comments--rdd570--had_an_adoption_reveal_photo_shoot_for_our_newly": {
      "id": "2021_12_10_en_reddit_reddit__r--aww--comments--rdd570--had_an_adoption_reveal_photo_shoot_for_our_newly",
      "url": "https://old.reddit.com/r/aww/comments/rdd570/had_an_adoption_reveal_photo_shoot_for_our_newly/",
      "date_published": "2021-12-11T01:29:46.000Z",
      "date_modified": "2021-12-11T01:29:46.000Z",
      "_original_published": "2021-12-10T17:01:41.000Z",
      "_original_language": "en",
      "_translations": {
        "en": {
          "title": "Had an \"Adoption Reveal\" photo shoot for our newly adopted teen, complete with teenage eye rolls."
        },
        "ja": {
          "title": "養子になったばかりのティーンエイジャーのために「養子縁組公開」の写真撮影を行い、ティーンエイジャーの目を丸くしました。"
        },
        "zh-Hans": {
          "title": "为我们新收养的青少年拍摄了一张 \"收养揭秘 \"照片，其中包括青少年的翻白眼。"
        },
        "zh-Hant": {
          "title": "爲我們新收養的青少年拍攝了一張 \"收養揭祕 \"照片，其中包括青少年的翻白眼。"
        }
      },
      "tags": [
        "aww"
      ],
      "authors": [
        {
          "name": "Horchaata",
          "url": "https://old.reddit.com/user/Horchaata"
        }
      ],
      "_links": [
        {
          "url": "https://old.reddit.com/r/aww/comments/rdd570/had_an_adoption_reveal_photo_shoot_for_our_newly/",
          "name": "&uarr;78200 votes"
        }
      ]
    },
    "2021_12_14_en_reddit_reddit__r--pics--comments--rfwd9y--pics_i_took_from_the_tornado_destruction_in": {
      "id": "2021_12_14_en_reddit_reddit__r--pics--comments--rfwd9y--pics_i_took_from_the_tornado_destruction_in",
      "url": "https://old.reddit.com/r/pics/comments/rfwd9y/pics_i_took_from_the_tornado_destruction_in/",
      "date_published": "2021-12-14T08:24:36.000Z",
      "date_modified": "2021-12-14T08:24:36.000Z",
      "_original_published": "2021-12-14T02:04:26.000Z",
      "_original_language": "en",
      "_translations": {
        "en": {
          "title": "Pics I took from the tornado destruction in Mayfield Kentucky. (I live here)"
        },
        "ja": {
          "title": "ケンタッキー州メイフィールドで発生した竜巻被害の写真です。(私はここに住んでいます)"
        },
        "zh-Hans": {
          "title": "我在肯塔基州梅菲尔德的龙卷风破坏中拍的照片。(我住在这里)"
        },
        "zh-Hant": {
          "title": "我在肯塔基州梅菲爾德的龍捲風破壞中拍的照片。(我住在這裏)"
        }
      },
      "tags": [
        "pics"
      ],
      "authors": [
        {
          "name": "Ok-Structure5772",
          "url": "https://old.reddit.com/user/Ok-Structure5772"
        }
      ],
      "_links": [
        {
          "url": "https://old.reddit.com/r/pics/comments/rfwd9y/pics_i_took_from_the_tornado_destruction_in/",
          "name": "&uarr;78114 votes"
        }
      ]
    },
    "2021_12_16_en_reddit_reddit__r--WatchPeopleDieInside--comments--rhv9te--poor_guy_forgot_he_no_longer_had_a_beard": {
      "id": "2021_12_16_en_reddit_reddit__r--WatchPeopleDieInside--comments--rhv9te--poor_guy_forgot_he_no_longer_had_a_beard",
      "url": "https://old.reddit.com/r/WatchPeopleDieInside/comments/rhv9te/poor_guy_forgot_he_no_longer_had_a_beard/",
      "date_published": "2021-12-17T01:40:36.000Z",
      "date_modified": "2021-12-17T01:40:36.000Z",
      "_original_published": "2021-12-16T17:14:59.000Z",
      "_original_language": "en",
      "_translations": {
        "en": {
          "title": "Poor guy forgot he no longer had a beard"
        },
        "ja": {
          "title": "ひげがないことを忘れていたかわいそうな人"
        },
        "zh-Hans": {
          "title": "可怜的家伙忘记了他不再有胡子了"
        },
        "zh-Hant": {
          "title": "可憐的傢伙忘記了他不再有鬍子了"
        }
      },
      "tags": [
        "WatchPeopleDieInside"
      ],
      "authors": [
        {
          "name": "unnaturalorder",
          "url": "https://old.reddit.com/user/unnaturalorder"
        }
      ],
      "_links": [
        {
          "url": "https://old.reddit.com/r/WatchPeopleDieInside/comments/rhv9te/poor_guy_forgot_he_no_longer_had_a_beard/",
          "name": "&uarr;77192 votes"
        }
      ],
      "image": "https://external-preview.redd.it/a2qQQAPiQ6R-XlTee3uaZRDDGvbrwoc4IPZtuQdOubw.jpg?width=216&amp;crop=smart&amp;auto=webp&amp;s=c961292facc6961bda555b1cca4f0448b42b2548",
      "_video": {
        "sources": [
          {
            "url": "https://v.redd.it/aoqb6mystx581/DASH_720.mp4"
          }
        ],
        "width": 405,
        "height": 720,
        "poster": "https://external-preview.redd.it/a2qQQAPiQ6R-XlTee3uaZRDDGvbrwoc4IPZtuQdOubw.jpg?width=216&amp;crop=smart&amp;auto=webp&amp;s=c961292facc6961bda555b1cca4f0448b42b2548"
      }
    },
    "2021_12_12_en_reddit_reddit__r--Unexpected--comments--rer8ba--around_the_world_in_1_day": {
      "id": "2021_12_12_en_reddit_reddit__r--Unexpected--comments--rer8ba--around_the_world_in_1_day",
      "url": "https://old.reddit.com/r/Unexpected/comments/rer8ba/around_the_world_in_1_day/",
      "date_published": "2021-12-13T00:39:27.000Z",
      "date_modified": "2021-12-13T00:39:27.000Z",
      "_original_published": "2021-12-12T15:27:13.000Z",
      "_original_language": "en",
      "_translations": {
        "en": {
          "title": "Around the world in 1 day."
        },
        "ja": {
          "title": "1日で世界一周。"
        },
        "zh-Hans": {
          "title": "在1天内环游世界。"
        },
        "zh-Hant": {
          "title": "在1天內環遊世界。"
        }
      },
      "tags": [
        "Unexpected"
      ],
      "authors": [
        {
          "name": "MousseSuspicious930",
          "url": "https://old.reddit.com/user/MousseSuspicious930"
        }
      ],
      "_links": [
        {
          "url": "https://old.reddit.com/r/Unexpected/comments/rer8ba/around_the_world_in_1_day/",
          "name": "&uarr;77163 votes"
        }
      ],
      "image": "https://external-preview.redd.it/BKvJgg9VyTyNtr6MvpUFVwXgVT6-_ycjQ01XU6HMh2M.png?width=320&amp;crop=smart&amp;format=pjpg&amp;auto=webp&amp;s=becb1a72364da421db942d46fdf772b82d203fcf",
      "_video": {
        "sources": [
          {
            "url": "https://v.redd.it/7nk9qwpiq4581/DASH_720.mp4?source=fallback"
          }
        ],
        "width": 406,
        "height": 720,
        "poster": "https://external-preview.redd.it/BKvJgg9VyTyNtr6MvpUFVwXgVT6-_ycjQ01XU6HMh2M.png?width=320&amp;crop=smart&amp;format=pjpg&amp;auto=webp&amp;s=becb1a72364da421db942d46fdf772b82d203fcf"
      }
    },
    "2021_12_12_en_reddit_reddit__r--me_irl--comments--retv8l--me_irl": {
      "id": "2021_12_12_en_reddit_reddit__r--me_irl--comments--retv8l--me_irl",
      "url": "https://old.reddit.com/r/me_irl/comments/retv8l/me_irl/",
      "date_published": "2021-12-13T03:30:40.000Z",
      "date_modified": "2021-12-13T03:30:40.000Z",
      "_original_published": "2021-12-12T17:35:56.000Z",
      "_original_language": "en",
      "_translations": {
        "en": {
          "title": "me_irl"
        },
        "ja": {
          "title": "me_girl"
        },
        "zh-Hans": {
          "title": "我_女孩"
        },
        "zh-Hant": {
          "title": "我_女孩"
        }
      },
      "tags": [
        "me_irl"
      ],
      "authors": [
        {
          "name": "0zone042",
          "url": "https://old.reddit.com/user/0zone042"
        }
      ],
      "_links": [
        {
          "url": "https://old.reddit.com/r/me_irl/comments/retv8l/me_irl/",
          "name": "&uarr;76427 votes"
        }
      ],
      "image": "https://external-preview.redd.it/GqhnwEnq3d2DkkBPzVpOp0tO6kdM5_su23uJgGUgUDo.jpg?width=320&amp;crop=smart&amp;format=pjpg&amp;auto=webp&amp;s=9109b3b5e7652c5169d842a54d785ddac638c32e",
      "_video": {
        "sources": [
          {
            "url": "https://v.redd.it/q8w1372vd5581/DASH_720.mp4?source=fallback"
          }
        ],
        "width": 405,
        "height": 720,
        "poster": "https://external-preview.redd.it/GqhnwEnq3d2DkkBPzVpOp0tO6kdM5_su23uJgGUgUDo.jpg?width=320&amp;crop=smart&amp;format=pjpg&amp;auto=webp&amp;s=9109b3b5e7652c5169d842a54d785ddac638c32e"
      }
    },
    "2021_12_14_en_reddit_reddit__r--facepalm--comments--rgdyuo--this_is_bloody_awful_really": {
      "id": "2021_12_14_en_reddit_reddit__r--facepalm--comments--rgdyuo--this_is_bloody_awful_really",
      "url": "https://old.reddit.com/r/facepalm/comments/rgdyuo/this_is_bloody_awful_really/",
      "date_published": "2021-12-15T02:22:26.000Z",
      "date_modified": "2021-12-15T02:22:26.000Z",
      "_original_published": "2021-12-14T18:34:11.000Z",
      "_original_language": "en",
      "_translations": {
        "en": {
          "title": "This is bloody awful really"
        },
        "ja": {
          "title": "これは本当にひどい"
        },
        "zh-Hans": {
          "title": "这真的是太可怕了"
        },
        "zh-Hant": {
          "title": "這真的是太可怕了"
        }
      },
      "tags": [
        "facepalm"
      ],
      "authors": [
        {
          "name": "AmunPharaoh",
          "url": "https://old.reddit.com/user/AmunPharaoh"
        }
      ],
      "_links": [
        {
          "url": "https://old.reddit.com/r/facepalm/comments/rgdyuo/this_is_bloody_awful_really/",
          "name": "&uarr;76420 votes"
        }
      ],
      "image": "https://preview.redd.it/mag20cg3yj581.png?width=1080&amp;crop=smart&amp;auto=webp&amp;s=500461e6d9f6730b11ff8ba209373ec9d3bdcaa6"
    },
    "2021_12_15_en_reddit_reddit__r--memes--comments--rh262b--cant_speak_for_the_other_one_tho": {
      "id": "2021_12_15_en_reddit_reddit__r--memes--comments--rh262b--cant_speak_for_the_other_one_tho",
      "url": "https://old.reddit.com/r/memes/comments/rh262b/cant_speak_for_the_other_one_tho/",
      "date_published": "2021-12-16T02:20:07.000Z",
      "date_modified": "2021-12-16T02:20:07.000Z",
      "_original_published": "2021-12-15T15:53:30.000Z",
      "_original_language": "en",
      "_translations": {
        "en": {
          "title": "Can't speak for the other one tho"
        },
        "ja": {
          "title": "もう1つはどうだろう？"
        },
        "zh-Hans": {
          "title": "不能说另一个人的情况。"
        },
        "zh-Hant": {
          "title": "不能說另一個人的情況。"
        }
      },
      "tags": [
        "memes"
      ],
      "authors": [
        {
          "name": "cerealkiller123456",
          "url": "https://old.reddit.com/user/cerealkiller123456"
        }
      ],
      "_links": [
        {
          "url": "https://old.reddit.com/r/memes/comments/rh262b/cant_speak_for_the_other_one_tho/",
          "name": "&uarr;76283 votes"
        }
      ],
      "image": "https://preview.redd.it/iwdwkd9caq581.jpg?width=1080&amp;crop=smart&amp;auto=webp&amp;s=9e7f1d3c22aa74527ae0c1ec98f014455ca07340"
    },
    "2021_12_14_en_reddit_reddit__r--antiwork--comments--rg8wpt--just_rotten_to_the_core": {
      "id": "2021_12_14_en_reddit_reddit__r--antiwork--comments--rg8wpt--just_rotten_to_the_core",
      "url": "https://old.reddit.com/r/antiwork/comments/rg8wpt/just_rotten_to_the_core/",
      "date_published": "2021-12-14T21:31:04.000Z",
      "date_modified": "2021-12-14T21:31:04.000Z",
      "_original_published": "2021-12-14T14:42:21.000Z",
      "_original_language": "en",
      "_translations": {
        "en": {
          "title": "Just rotten to the core"
        },
        "ja": {
          "title": "芯まで腐っている"
        },
        "zh-Hans": {
          "title": "腐朽到极点"
        },
        "zh-Hant": {
          "title": "腐朽到極點"
        }
      },
      "tags": [
        "antiwork"
      ],
      "authors": [
        {
          "name": "Negotiation-Hot",
          "url": "https://old.reddit.com/user/Negotiation-Hot"
        }
      ],
      "_links": [
        {
          "url": "https://old.reddit.com/r/antiwork/comments/rg8wpt/just_rotten_to_the_core/",
          "name": "&uarr;76183 votes"
        }
      ],
      "image": "https://preview.redd.it/bd1kivlqsi581.jpg?width=1080&amp;crop=smart&amp;auto=webp&amp;s=a4a7f258708e35356bbbe0b88f26804672331b1b"
    },
    "2021_12_13_en_reddit_reddit__r--Unexpected--comments--rfesjm--this_kid_loves_komodo_dragons": {
      "id": "2021_12_13_en_reddit_reddit__r--Unexpected--comments--rfesjm--this_kid_loves_komodo_dragons",
      "url": "https://old.reddit.com/r/Unexpected/comments/rfesjm/this_kid_loves_komodo_dragons/",
      "date_published": "2021-12-14T01:47:15.000Z",
      "date_modified": "2021-12-14T01:47:15.000Z",
      "_original_published": "2021-12-13T12:38:19.000Z",
      "_original_language": "en",
      "_translations": {
        "en": {
          "title": "This kid loves Komodo dragons"
        },
        "ja": {
          "title": "この子はコモドドラゴンが大好き"
        },
        "zh-Hans": {
          "title": "这个孩子喜欢科摩多龙"
        },
        "zh-Hant": {
          "title": "這個孩子喜歡科摩多龍"
        }
      },
      "tags": [
        "Unexpected"
      ],
      "authors": [
        {
          "name": "mintier-gum-lately",
          "url": "https://old.reddit.com/user/mintier-gum-lately"
        }
      ],
      "_links": [
        {
          "url": "https://old.reddit.com/r/Unexpected/comments/rfesjm/this_kid_loves_komodo_dragons/",
          "name": "&uarr;76164 votes"
        }
      ],
      "image": "https://external-preview.redd.it/fptdIWOmt3Ydax2wkhQOejc3jVAolRt7dyOg3tT6CMA.png?width=320&amp;crop=smart&amp;format=pjpg&amp;auto=webp&amp;s=108abf3b0fac1c5f785f6c656204a3f97905675d",
      "_video": {
        "sources": [
          {
            "url": "https://v.redd.it/dej8wx9l1b581/DASH_720.mp4?source=fallback"
          }
        ],
        "width": 405,
        "height": 720,
        "poster": "https://external-preview.redd.it/fptdIWOmt3Ydax2wkhQOejc3jVAolRt7dyOg3tT6CMA.png?width=320&amp;crop=smart&amp;format=pjpg&amp;auto=webp&amp;s=108abf3b0fac1c5f785f6c656204a3f97905675d"
      }
    },
    "2021_12_12_en_reddit_reddit__r--pics--comments--regduf--last_nights_12_am_family_camping_trip_daughter": {
      "id": "2021_12_12_en_reddit_reddit__r--pics--comments--regduf--last_nights_12_am_family_camping_trip_daughter",
      "url": "https://old.reddit.com/r/pics/comments/regduf/last_nights_12_am_family_camping_trip_daughter/",
      "date_published": "2021-12-12T16:59:32.000Z",
      "date_modified": "2021-12-12T16:59:32.000Z",
      "_original_published": "2021-12-12T03:53:19.000Z",
      "_original_language": "en",
      "_translations": {
        "en": {
          "title": "Last night's 1-2 am \"Family Camping Trip\". Daughter unaware of tornado nearby destroying our town"
        },
        "ja": {
          "title": "昨晩の深夜1～2時の「家族でキャンプ旅行」。竜巻が町を破壊していることを知らない娘"
        },
        "zh-Hans": {
          "title": "昨晚凌晨1-2点的 \"家庭露营之旅\"。女儿不知道附近的龙卷风摧毁了我们的小镇"
        },
        "zh-Hant": {
          "title": "昨晚凌晨1-2點的 \"家庭露營之旅\"。女兒不知道附近的龍捲風摧毀了我們的小鎮"
        }
      },
      "tags": [
        "pics"
      ],
      "authors": [
        {
          "name": "athornquist",
          "url": "https://old.reddit.com/user/athornquist"
        }
      ],
      "_links": [
        {
          "url": "https://old.reddit.com/r/pics/comments/regduf/last_nights_12_am_family_camping_trip_daughter/",
          "name": "&uarr;76005 votes"
        }
      ],
      "image": "https://preview.redd.it/ja9bl36791581.jpg?width=960&amp;crop=smart&amp;auto=webp&amp;s=25c556857d70dbbdb60945c99b752e2e61e820ca"
    },
    "2021_12_16_en_reddit_reddit__r--interestingasfuck--comments--rhqwzh--how_a_stingray_is_fed": {
      "id": "2021_12_16_en_reddit_reddit__r--interestingasfuck--comments--rhqwzh--how_a_stingray_is_fed",
      "url": "https://old.reddit.com/r/interestingasfuck/comments/rhqwzh/how_a_stingray_is_fed/",
      "date_published": "2021-12-16T22:08:12.000Z",
      "date_modified": "2021-12-16T22:08:12.000Z",
      "_original_published": "2021-12-16T13:38:09.000Z",
      "_original_language": "en",
      "_translations": {
        "en": {
          "title": "How a stingray is fed"
        },
        "ja": {
          "title": "エイの餌の与え方"
        },
        "zh-Hans": {
          "title": "魟鱼是如何被喂养的"
        },
        "zh-Hant": {
          "title": "魟魚是如何被餵養的"
        }
      },
      "tags": [
        "interestingasfuck"
      ],
      "authors": [
        {
          "name": "B-L-O-C-K-S",
          "url": "https://old.reddit.com/user/B-L-O-C-K-S"
        }
      ],
      "_links": [
        {
          "url": "https://old.reddit.com/r/interestingasfuck/comments/rhqwzh/how_a_stingray_is_fed/",
          "name": "&uarr;75974 votes"
        }
      ],
      "image": "https://external-preview.redd.it/7DuJf4-xtvSHpFFB3-tbyLtctmxPQhjncnXv8PEENNY.jpg?width=216&amp;crop=smart&amp;auto=webp&amp;s=91067fb7f8443288b035f188bbf56f87c4647d9f",
      "_video": {
        "sources": [
          {
            "url": "https://v.redd.it/egwvyp94rw581/DASH_480.mp4"
          }
        ],
        "width": 480,
        "height": 480,
        "poster": "https://external-preview.redd.it/7DuJf4-xtvSHpFFB3-tbyLtctmxPQhjncnXv8PEENNY.jpg?width=216&amp;crop=smart&amp;auto=webp&amp;s=91067fb7f8443288b035f188bbf56f87c4647d9f"
      }
    },
    "2021_12_12_en_reddit_reddit__r--gifs--comments--rer0sn--transition_of_power_in_germany": {
      "id": "2021_12_12_en_reddit_reddit__r--gifs--comments--rer0sn--transition_of_power_in_germany",
      "url": "https://old.reddit.com/r/gifs/comments/rer0sn/transition_of_power_in_germany/",
      "date_published": "2021-12-13T01:45:56.000Z",
      "date_modified": "2021-12-13T01:45:56.000Z",
      "_original_published": "2021-12-12T15:16:33.000Z",
      "_original_language": "en",
      "_translations": {
        "en": {
          "title": "Transition of power in Germany"
        },
        "ja": {
          "title": "ドイツでの政権交代"
        },
        "zh-Hans": {
          "title": "德国的权力交接"
        },
        "zh-Hant": {
          "title": "德國的權力交接"
        }
      },
      "tags": [
        "gifs"
      ],
      "authors": [
        {
          "name": "verwundert",
          "url": "https://old.reddit.com/user/verwundert"
        }
      ],
      "_links": [
        {
          "url": "https://old.reddit.com/r/gifs/comments/rer0sn/transition_of_power_in_germany/",
          "name": "&uarr;75914 votes"
        }
      ],
      "image": "https://external-preview.redd.it/DB12AmY8LXcqKDUlRYRi3_cuFyDGUVmBYkUhLtNRG_Y.gif?width=640&amp;crop=smart&amp;format=png8&amp;s=c6bcf276307eae6614ca89186180c0bb8399d3b4",
      "_video": {
        "sources": [
          {
            "url": "https://external-preview.redd.it/DB12AmY8LXcqKDUlRYRi3_cuFyDGUVmBYkUhLtNRG_Y.gif?format=mp4&amp;s=ff38860ead43d30210c937ea7164b8c538c60de1"
          }
        ],
        "width": 728,
        "height": 728,
        "poster": "https://external-preview.redd.it/DB12AmY8LXcqKDUlRYRi3_cuFyDGUVmBYkUhLtNRG_Y.gif?width=640&amp;crop=smart&amp;format=png8&amp;s=c6bcf276307eae6614ca89186180c0bb8399d3b4"
      }
    },
    "2021_12_16_en_reddit_reddit__r--MadeMeSmile--comments--rhzh3s--an_eternal_way_to_remember_kyle": {
      "id": "2021_12_16_en_reddit_reddit__r--MadeMeSmile--comments--rhzh3s--an_eternal_way_to_remember_kyle",
      "url": "https://old.reddit.com/r/MadeMeSmile/comments/rhzh3s/an_eternal_way_to_remember_kyle/",
      "date_published": "2021-12-17T07:26:49.000Z",
      "date_modified": "2021-12-17T07:26:49.000Z",
      "_original_published": "2021-12-16T20:31:14.000Z",
      "_original_language": "en",
      "_translations": {
        "en": {
          "title": "An eternal way to remember Kyle"
        },
        "ja": {
          "title": "カイルの思い出に残る永遠の方法"
        },
        "zh-Hans": {
          "title": "纪念凯尔的一种永恒的方式"
        },
        "zh-Hant": {
          "title": "紀念凱爾的一種永恆的方式"
        }
      },
      "tags": [
        "MadeMeSmile"
      ],
      "authors": [
        {
          "name": "fryingpansexual0405",
          "url": "https://old.reddit.com/user/fryingpansexual0405"
        }
      ],
      "_links": [
        {
          "url": "https://old.reddit.com/r/MadeMeSmile/comments/rhzh3s/an_eternal_way_to_remember_kyle/",
          "name": "&uarr;75901 votes"
        }
      ],
      "image": "https://preview.redd.it/iomkhakpsy581.jpg?width=1080&amp;crop=smart&amp;auto=webp&amp;s=5fd9b8c2784e1c11b957bab12e81cfd70c2e6c28"
    },
    "2021_12_10_en_reddit_reddit__r--facepalm--comments--rde885--a_winwin_situation_for_everyone": {
      "id": "2021_12_10_en_reddit_reddit__r--facepalm--comments--rde885--a_winwin_situation_for_everyone",
      "url": "https://old.reddit.com/r/facepalm/comments/rde885/a_winwin_situation_for_everyone/",
      "date_published": "2021-12-11T04:41:57.000Z",
      "date_modified": "2021-12-11T04:41:57.000Z",
      "_original_published": "2021-12-10T17:49:28.000Z",
      "_original_language": "en",
      "_translations": {
        "en": {
          "title": "A win/win situation for everyone?"
        },
        "ja": {
          "title": "みんなでwin/winの関係？"
        },
        "zh-Hans": {
          "title": "对所有人来说都是一个双赢的局面？"
        },
        "zh-Hant": {
          "title": "對所有人來說都是一個雙贏的局面？"
        }
      },
      "tags": [
        "facepalm"
      ],
      "authors": [
        {
          "name": "ExIsTeNtIaL_ShIt",
          "url": "https://old.reddit.com/user/ExIsTeNtIaL_ShIt"
        }
      ],
      "_links": [
        {
          "url": "https://old.reddit.com/r/facepalm/comments/rde885/a_winwin_situation_for_everyone/",
          "name": "&uarr;75893 votes"
        }
      ],
      "image": "https://preview.redd.it/d1qw4m2h6r481.jpg?width=640&amp;crop=smart&amp;auto=webp&amp;s=809894c9b718b5820eb5ee6fc094f53a70429414"
    },
    "2021_12_13_en_reddit_reddit__r--facepalm--comments--rfigs8--now_your_own_decisions_belong_to_a_man_you_havent": {
      "id": "2021_12_13_en_reddit_reddit__r--facepalm--comments--rfigs8--now_your_own_decisions_belong_to_a_man_you_havent",
      "url": "https://old.reddit.com/r/facepalm/comments/rfigs8/now_your_own_decisions_belong_to_a_man_you_havent/",
      "date_published": "2021-12-14T00:34:13.000Z",
      "date_modified": "2021-12-14T00:34:13.000Z",
      "_original_published": "2021-12-13T15:39:18.000Z",
      "_original_language": "en",
      "_translations": {
        "en": {
          "title": "Now your own decisions belong to a man you havent met."
        },
        "ja": {
          "title": "自分で決めたことが、会ったこともない男のものになる。"
        },
        "zh-Hans": {
          "title": "现在你自己的决定属于一个你还没有见过的人。"
        },
        "zh-Hant": {
          "title": "現在你自己的決定屬於一個你還沒有見過的人。"
        }
      },
      "tags": [
        "facepalm"
      ],
      "authors": [
        {
          "name": "HakuDoomer",
          "url": "https://old.reddit.com/user/HakuDoomer"
        }
      ],
      "_links": [
        {
          "url": "https://old.reddit.com/r/facepalm/comments/rfigs8/now_your_own_decisions_belong_to_a_man_you_havent/",
          "name": "&uarr;75835 votes"
        }
      ],
      "image": "https://preview.redd.it/vx46pskwxb581.jpg?width=640&amp;crop=smart&amp;auto=webp&amp;s=267d86b44126743502dac6b882877f85dc652698"
    },
    "2021_12_14_en_reddit_reddit__r--nextfuckinglevel--comments--rg6w5u--guy_fights_off_thieves_with_a_bong": {
      "id": "2021_12_14_en_reddit_reddit__r--nextfuckinglevel--comments--rg6w5u--guy_fights_off_thieves_with_a_bong",
      "url": "https://old.reddit.com/r/nextfuckinglevel/comments/rg6w5u/guy_fights_off_thieves_with_a_bong/",
      "date_published": "2021-12-14T22:16:23.000Z",
      "date_modified": "2021-12-14T22:16:23.000Z",
      "_original_published": "2021-12-14T12:55:38.000Z",
      "_original_language": "en",
      "_translations": {
        "en": {
          "title": "Guy fights off thieves with a bong"
        },
        "ja": {
          "title": "タバコで泥棒を撃退した男性"
        },
        "zh-Hans": {
          "title": "伙记用烟斗击退盗贼"
        },
        "zh-Hant": {
          "title": "夥記用菸斗擊退盜賊"
        }
      },
      "tags": [
        "nextfuckinglevel"
      ],
      "authors": [
        {
          "name": "_Xyreo_",
          "url": "https://old.reddit.com/user/_Xyreo_"
        }
      ],
      "_links": [
        {
          "url": "https://old.reddit.com/r/nextfuckinglevel/comments/rg6w5u/guy_fights_off_thieves_with_a_bong/",
          "name": "&uarr;75807 votes"
        }
      ],
      "image": "https://external-preview.redd.it/4Pns3ITadjblLNdKY_S3a9ZXslg3KcAzaCpYgR04SAM.png?width=640&amp;crop=smart&amp;format=pjpg&amp;auto=webp&amp;s=bf8df12556528779cbb91b158ed2b67a05371a88",
      "_video": {
        "sources": [
          {
            "url": "https://v.redd.it/tly0k3qn9i581/DASH_720.mp4?source=fallback"
          }
        ],
        "width": 720,
        "height": 720,
        "poster": "https://external-preview.redd.it/4Pns3ITadjblLNdKY_S3a9ZXslg3KcAzaCpYgR04SAM.png?width=640&amp;crop=smart&amp;format=pjpg&amp;auto=webp&amp;s=bf8df12556528779cbb91b158ed2b67a05371a88"
      }
    },
    "2021_12_12_en_reddit_reddit__r--Damnthatsinteresting--comments--rerwxt--artificial_breeding_of_salmon": {
      "id": "2021_12_12_en_reddit_reddit__r--Damnthatsinteresting--comments--rerwxt--artificial_breeding_of_salmon",
      "url": "https://old.reddit.com/r/Damnthatsinteresting/comments/rerwxt/artificial_breeding_of_salmon/",
      "date_published": "2021-12-13T02:23:18.000Z",
      "date_modified": "2021-12-13T02:23:18.000Z",
      "_original_published": "2021-12-12T16:01:35.000Z",
      "_original_language": "en",
      "_translations": {
        "en": {
          "title": "Artificial breeding of salmon"
        },
        "ja": {
          "title": "鮭の人工飼育"
        },
        "zh-Hans": {
          "title": "鲑鱼的人工繁育"
        },
        "zh-Hant": {
          "title": "鮭魚的人工繁育"
        }
      },
      "tags": [
        "Damnthatsinteresting"
      ],
      "authors": [
        {
          "name": "wooden_slug",
          "url": "https://old.reddit.com/user/wooden_slug"
        }
      ],
      "_links": [
        {
          "url": "https://old.reddit.com/r/Damnthatsinteresting/comments/rerwxt/artificial_breeding_of_salmon/",
          "name": "&uarr;75788 votes"
        }
      ],
      "image": "https://external-preview.redd.it/wMF0vRLX2yMT8RLnzG-qWx3nvukpqYSWstJgY3lJ2IE.png?width=640&amp;crop=smart&amp;format=pjpg&amp;auto=webp&amp;s=50616866b78ad1c9e418207c3ca30dfaf2a3163f",
      "_video": {
        "sources": [
          {
            "url": "https://v.redd.it/qyor5ac0x4581/DASH_480.mp4?source=fallback"
          }
        ],
        "width": 480,
        "height": 480,
        "poster": "https://external-preview.redd.it/wMF0vRLX2yMT8RLnzG-qWx3nvukpqYSWstJgY3lJ2IE.png?width=640&amp;crop=smart&amp;format=pjpg&amp;auto=webp&amp;s=50616866b78ad1c9e418207c3ca30dfaf2a3163f"
      }
    },
    "2021_12_13_en_reddit_reddit__r--MadeMeSmile--comments--rfji1n--an_elephant_has_a_better_sense_of_humour_than_my": {
      "id": "2021_12_13_en_reddit_reddit__r--MadeMeSmile--comments--rfji1n--an_elephant_has_a_better_sense_of_humour_than_my",
      "url": "https://old.reddit.com/r/MadeMeSmile/comments/rfji1n/an_elephant_has_a_better_sense_of_humour_than_my/",
      "date_published": "2021-12-14T02:51:52.000Z",
      "date_modified": "2021-12-14T02:51:52.000Z",
      "_original_published": "2021-12-13T16:23:48.000Z",
      "_original_language": "en",
      "_translations": {
        "en": {
          "title": "An elephant has a better sense of humour than my friends"
        },
        "ja": {
          "title": "象は私の友人よりもユーモアのセンスがある"
        },
        "zh-Hans": {
          "title": "大象比我的朋友更有幽默感"
        },
        "zh-Hant": {
          "title": "大象比我的朋友更有幽默感"
        }
      },
      "tags": [
        "MadeMeSmile"
      ],
      "authors": [
        {
          "name": "GrandeOui",
          "url": "https://old.reddit.com/user/GrandeOui"
        }
      ],
      "_links": [
        {
          "url": "https://old.reddit.com/r/MadeMeSmile/comments/rfji1n/an_elephant_has_a_better_sense_of_humour_than_my/",
          "name": "&uarr;75732 votes"
        }
      ],
      "image": "https://external-preview.redd.it/sq4znSZllhyWdhp_awRL3RDdpgxFBNTxHEYGfQqZ-gE.png?width=640&amp;crop=smart&amp;format=pjpg&amp;auto=webp&amp;s=68385214517d1e8fe71e851bc2f3793579c77367",
      "_video": {
        "sources": [
          {
            "url": "https://v.redd.it/cw1y7mru5c581/DASH_1080.mp4?source=fallback"
          }
        ],
        "width": 607,
        "height": 1080,
        "poster": "https://external-preview.redd.it/sq4znSZllhyWdhp_awRL3RDdpgxFBNTxHEYGfQqZ-gE.png?width=640&amp;crop=smart&amp;format=pjpg&amp;auto=webp&amp;s=68385214517d1e8fe71e851bc2f3793579c77367"
      }
    }
  }
}
