{
  "items": {
    "2021_04_13_en_reddit_reddit__r--aww--comments--mqdgix--my_deaf_puppy_doesnt_notice_whenever_i_come_home": {
      "id": "2021_04_13_en_reddit_reddit__r--aww--comments--mqdgix--my_deaf_puppy_doesnt_notice_whenever_i_come_home",
      "url": "https://old.reddit.com/r/aww/comments/mqdgix/my_deaf_puppy_doesnt_notice_whenever_i_come_home/",
      "date_published": "2021-04-14T03:27:44.000Z",
      "date_modified": "2021-04-14T03:27:44.000Z",
      "_original_published": "2021-04-13T22:44:32.000Z",
      "_original_language": "en",
      "_translations": {
        "en": {
          "title": "My deaf puppy doesn’t notice whenever I come home, so I get to wake her up gently and see her innocent excitement."
        },
        "ja": {
          "title": "耳の聞こえない子犬は、私が帰ってきても気づかないので、そっと起こしてあげると、無邪気にはしゃぐ姿を見ることができます。"
        },
        "zh-Hans": {
          "title": "我家的聋哑小狗每次回家都不会发现，所以我可以轻轻地叫醒她，看到她天真无邪的兴奋。"
        },
        "zh-Hant": {
          "title": "我家的聾啞小狗每次回家都不會發現，所以我可以輕輕地叫醒她，看到她天真無邪的興奮。"
        }
      },
      "tags": [
        "aww"
      ],
      "authors": [
        {
          "name": "devinmburgess",
          "url": "https://old.reddit.com/user/devinmburgess"
        }
      ],
      "_links": [
        {
          "url": "https://old.reddit.com/r/aww/comments/mqdgix/my_deaf_puppy_doesnt_notice_whenever_i_come_home/",
          "name": "&uarr;180249 votes"
        }
      ],
      "image": "https://external-preview.redd.it/xwL7e0stecdIBaOjR_VT3YiH2BwafZsadTfbKI6MbW0.png?width=1080&crop=smart&format=pjpg&auto=webp&s=965076d6a356627992aa67515803180a20dc89b4",
      "_video": {
        "sources": [
          {
            "url": "https://v.redd.it/fqkrsp1br0t61/DASH_1080.mp4?source=fallback"
          }
        ],
        "width": 607,
        "height": 1080,
        "poster": "https://external-preview.redd.it/xwL7e0stecdIBaOjR_VT3YiH2BwafZsadTfbKI6MbW0.png?width=1080&crop=smart&format=pjpg&auto=webp&s=965076d6a356627992aa67515803180a20dc89b4"
      }
    },
    "2021_04_10_en_reddit_reddit__r--nextfuckinglevel--comments--moco5d--how_to_manage_a_bar": {
      "id": "2021_04_10_en_reddit_reddit__r--nextfuckinglevel--comments--moco5d--how_to_manage_a_bar",
      "url": "https://old.reddit.com/r/nextfuckinglevel/comments/moco5d/how_to_manage_a_bar/",
      "date_published": "2021-04-11T02:36:11.000Z",
      "date_modified": "2021-04-11T02:36:11.000Z",
      "_original_published": "2021-04-10T20:44:10.000Z",
      "_original_language": "en",
      "_translations": {
        "en": {
          "title": "How to manage a bar"
        },
        "ja": {
          "title": "バーの運営方法について"
        },
        "zh-Hans": {
          "title": "如何管理酒吧"
        },
        "zh-Hant": {
          "title": "如何管理酒吧"
        }
      },
      "tags": [
        "nextfuckinglevel"
      ],
      "authors": [
        {
          "name": "MohanBhargava",
          "url": "https://old.reddit.com/user/MohanBhargava"
        }
      ],
      "_links": [
        {
          "url": "https://old.reddit.com/r/nextfuckinglevel/comments/moco5d/how_to_manage_a_bar/",
          "name": "&uarr;157387 votes"
        }
      ],
      "image": "https://preview.redd.it/m8vqr8y7res61.jpg?width=640&crop=smart&auto=webp&s=0eecd3a28b962ca5e740027ca69d29d8c405b6b2"
    },
    "2021_04_12_en_reddit_reddit__r--memes--comments--mpfn0u--honestly_whats_up_with_that": {
      "id": "2021_04_12_en_reddit_reddit__r--memes--comments--mpfn0u--honestly_whats_up_with_that",
      "url": "https://old.reddit.com/r/memes/comments/mpfn0u/honestly_whats_up_with_that/",
      "date_published": "2021-04-12T19:35:48.000Z",
      "date_modified": "2021-04-12T19:35:48.000Z",
      "_original_published": "2021-04-12T15:00:13.000Z",
      "_original_language": "en",
      "_translations": {
        "en": {
          "title": "Honestly, what’s up with that?"
        },
        "ja": {
          "title": "正直なところ、どうなんだろう？"
        },
        "zh-Hans": {
          "title": "老实说，这是怎么回事？"
        },
        "zh-Hant": {
          "title": "老實說，這是怎麼回事？"
        }
      },
      "tags": [
        "memes"
      ],
      "authors": [
        {
          "name": "ShrekkingHandsome",
          "url": "https://old.reddit.com/user/ShrekkingHandsome"
        }
      ],
      "_links": [
        {
          "url": "https://old.reddit.com/r/memes/comments/mpfn0u/honestly_whats_up_with_that/",
          "name": "&uarr;155670 votes"
        }
      ],
      "image": "https://preview.redd.it/534rkfdnbrs61.jpg?width=1080&crop=smart&auto=webp&s=123dc516668cf403e4662f099cfb36252ac4989e"
    },
    "2021_04_12_en_reddit_reddit__r--memes--comments--mpmbyi--the_true_heroes": {
      "id": "2021_04_12_en_reddit_reddit__r--memes--comments--mpmbyi--the_true_heroes",
      "url": "https://old.reddit.com/r/memes/comments/mpmbyi/the_true_heroes/",
      "date_published": "2021-04-13T02:01:17.000Z",
      "date_modified": "2021-04-13T02:01:17.000Z",
      "_original_published": "2021-04-12T20:15:44.000Z",
      "_original_language": "en",
      "_translations": {
        "en": {
          "title": "The true heroes"
        },
        "ja": {
          "title": "真のヒーローたち"
        },
        "zh-Hans": {
          "title": "真正的英雄"
        },
        "zh-Hant": {
          "title": "真正的英雄"
        }
      },
      "tags": [
        "memes"
      ],
      "authors": [
        {
          "name": "Theundiscoveredroad",
          "url": "https://old.reddit.com/user/Theundiscoveredroad"
        }
      ],
      "_links": [
        {
          "url": "https://old.reddit.com/r/memes/comments/mpmbyi/the_true_heroes/",
          "name": "&uarr;144613 votes"
        }
      ],
      "image": "https://preview.redd.it/uh5j3k4zvss61.jpg?width=1080&crop=smart&auto=webp&s=227768e39d461322607459357089759ecb84aab3"
    },
    "2021_04_10_en_reddit_reddit__r--memes--comments--mo9s6g--where_is_it": {
      "id": "2021_04_10_en_reddit_reddit__r--memes--comments--mo9s6g--where_is_it",
      "url": "https://old.reddit.com/r/memes/comments/mo9s6g/where_is_it/",
      "date_published": "2021-04-10T23:28:50.000Z",
      "date_modified": "2021-04-10T23:28:50.000Z",
      "_original_published": "2021-04-10T18:06:50.000Z",
      "_original_language": "en",
      "_translations": {
        "en": {
          "title": "where... is it?"
        },
        "ja": {
          "title": "それはどこですか？"
        },
        "zh-Hans": {
          "title": "哪里... 是什么？"
        },
        "zh-Hant": {
          "title": "哪裏... 是什麼？"
        }
      },
      "tags": [
        "memes"
      ],
      "authors": [
        {
          "name": "Aneizi",
          "url": "https://old.reddit.com/user/Aneizi"
        }
      ],
      "_links": [
        {
          "url": "https://old.reddit.com/r/memes/comments/mo9s6g/where_is_it/",
          "name": "&uarr;141236 votes"
        }
      ],
      "image": "https://preview.redd.it/qjb5btb1zds61.gif?width=960&crop=smart&format=png8&s=b28313579bbe868514a0538839d7487bee9372c5",
      "_video": {
        "sources": [
          {
            "url": "https://preview.redd.it/qjb5btb1zds61.gif?format=mp4&s=b1374452c740c484f6bdcdb047f8dad7fe6cac3c"
          }
        ],
        "width": 1028,
        "height": 998,
        "poster": "https://preview.redd.it/qjb5btb1zds61.gif?width=960&crop=smart&format=png8&s=b28313579bbe868514a0538839d7487bee9372c5"
      }
    },
    "2021_04_09_en_reddit_reddit__r--memes--comments--mngvw2--i_dont_care_anymore": {
      "id": "2021_04_09_en_reddit_reddit__r--memes--comments--mngvw2--i_dont_care_anymore",
      "url": "https://old.reddit.com/r/memes/comments/mngvw2/i_dont_care_anymore/",
      "date_published": "2021-04-09T18:35:50.000Z",
      "date_modified": "2021-04-09T18:35:50.000Z",
      "_original_published": "2021-04-09T13:11:55.000Z",
      "_original_language": "en",
      "_translations": {
        "en": {
          "title": "I don't care anymore"
        },
        "ja": {
          "title": "もうどうでもいいや"
        },
        "zh-Hans": {
          "title": "我已经不在乎了"
        },
        "zh-Hant": {
          "title": "我已經不在乎了"
        }
      },
      "tags": [
        "memes"
      ],
      "authors": [
        {
          "name": "SIRoA",
          "url": "https://old.reddit.com/user/SIRoA"
        }
      ],
      "_links": [
        {
          "url": "https://old.reddit.com/r/memes/comments/mngvw2/i_dont_care_anymore/",
          "name": "&uarr;138449 votes"
        }
      ],
      "image": "https://preview.redd.it/mu65iyrkd5s61.gif?width=320&crop=smart&format=png8&s=fab32c6f092143ce4f74387e671bd9eaf6170bb8",
      "_video": {
        "sources": [
          {
            "url": "https://preview.redd.it/mu65iyrkd5s61.gif?format=mp4&s=cd935d1692d03692e9ecb1c31516bd7f2b06c73c"
          }
        ],
        "width": 600,
        "height": 684,
        "poster": "https://preview.redd.it/mu65iyrkd5s61.gif?width=320&crop=smart&format=png8&s=fab32c6f092143ce4f74387e671bd9eaf6170bb8"
      }
    },
    "2021_04_13_en_reddit_reddit__r--pics--comments--mq76ot--our_mailmans_farewell_card_hes_a_great_guy": {
      "id": "2021_04_13_en_reddit_reddit__r--pics--comments--mq76ot--our_mailmans_farewell_card_hes_a_great_guy",
      "url": "https://old.reddit.com/r/pics/comments/mq76ot/our_mailmans_farewell_card_hes_a_great_guy/",
      "date_published": "2021-04-13T22:42:14.000Z",
      "date_modified": "2021-04-13T22:42:14.000Z",
      "_original_published": "2021-04-13T17:32:02.000Z",
      "_original_language": "en",
      "_translations": {
        "en": {
          "title": "Our mailman's farewell card, he's a great guy"
        },
        "ja": {
          "title": "郵便配達員のお別れカード、彼は素晴らしい人です"
        },
        "zh-Hans": {
          "title": "我们邮递员的告别卡，他是个好人。"
        },
        "zh-Hant": {
          "title": "我們郵遞員的告別卡，他是個好人。"
        }
      },
      "tags": [
        "pics"
      ],
      "authors": [
        {
          "name": "JerryLupus",
          "url": "https://old.reddit.com/user/JerryLupus"
        }
      ],
      "_links": [
        {
          "url": "https://old.reddit.com/r/pics/comments/mq76ot/our_mailmans_farewell_card_hes_a_great_guy/",
          "name": "&uarr;133107 votes"
        }
      ],
      "image": "https://external-preview.redd.it/DvqO1os4emY-75LWdngL_AC8j_YSPbhU_uBtwWvHTtg.jpg?width=1080&crop=smart&auto=webp&s=f527a66bcd9941c74a0b8fcc8521c9487ef836a7"
    },
    "2021_04_09_en_reddit_reddit__r--memes--comments--mnmojw--program": {
      "id": "2021_04_09_en_reddit_reddit__r--memes--comments--mnmojw--program",
      "url": "https://old.reddit.com/r/memes/comments/mnmojw/program/",
      "date_published": "2021-04-09T23:12:30.000Z",
      "date_modified": "2021-04-09T23:12:30.000Z",
      "_original_published": "2021-04-09T17:48:14.000Z",
      "_original_language": "en",
      "_translations": {
        "en": {
          "title": "program"
        },
        "ja": {
          "title": "プログラム"
        },
        "zh-Hans": {
          "title": "程序"
        },
        "zh-Hant": {
          "title": "程序"
        }
      },
      "tags": [
        "memes"
      ],
      "authors": [
        {
          "name": "MaKr710",
          "url": "https://old.reddit.com/user/MaKr710"
        }
      ],
      "_links": [
        {
          "url": "https://old.reddit.com/r/memes/comments/mnmojw/program/",
          "name": "&uarr;130892 votes"
        }
      ],
      "image": "https://preview.redd.it/mbgbtzaxq6s61.jpg?width=640&crop=smart&auto=webp&s=d64ea92850c0d93c350ab899dbe571eb44823915"
    },
    "2021_04_14_en_reddit_reddit__r--nextfuckinglevel--comments--mr1vlf--ref_gets_ball_unstuck_from_the_hoop_with_insane": {
      "id": "2021_04_14_en_reddit_reddit__r--nextfuckinglevel--comments--mr1vlf--ref_gets_ball_unstuck_from_the_hoop_with_insane",
      "url": "https://old.reddit.com/r/nextfuckinglevel/comments/mr1vlf/ref_gets_ball_unstuck_from_the_hoop_with_insane/",
      "date_published": "2021-04-15T04:34:48.000Z",
      "date_modified": "2021-04-15T04:34:48.000Z",
      "_original_published": "2021-04-14T22:40:39.000Z",
      "_original_language": "en",
      "_translations": {
        "en": {
          "title": "Ref gets ball unstuck from the hoop with insane strength"
        },
        "ja": {
          "title": "審判は非常に強い力でボールをフープから外した"
        },
        "zh-Hans": {
          "title": "裁判用疯狂的力量将球从篮筐上解开。"
        },
        "zh-Hant": {
          "title": "裁判用瘋狂的力量將球從籃筐上解開。"
        }
      },
      "tags": [
        "nextfuckinglevel"
      ],
      "authors": [
        {
          "name": "Quack_Quack_Quackers",
          "url": "https://old.reddit.com/user/Quack_Quack_Quackers"
        }
      ],
      "_links": [
        {
          "url": "https://old.reddit.com/r/nextfuckinglevel/comments/mr1vlf/ref_gets_ball_unstuck_from_the_hoop_with_insane/",
          "name": "&uarr;130571 votes"
        }
      ],
      "image": "https://external-preview.redd.it/gA9dFsU5r28A35RusyfcEGN7IewG2a16OGgpMFhcYts.png?width=1080&crop=smart&format=pjpg&auto=webp&s=24b96aa7396f65093a25816337abde35397ea75a",
      "_video": {
        "sources": [
          {
            "url": "https://v.redd.it/5oqqunbbv7t61/DASH_720.mp4?source=fallback"
          }
        ],
        "width": 722,
        "height": 720,
        "poster": "https://external-preview.redd.it/gA9dFsU5r28A35RusyfcEGN7IewG2a16OGgpMFhcYts.png?width=1080&crop=smart&format=pjpg&auto=webp&s=24b96aa7396f65093a25816337abde35397ea75a"
      }
    },
    "2021_04_09_en_reddit_reddit__r--pics--comments--mnff72--prince_philip_pranking_the_queen_by_dressing_as_a": {
      "id": "2021_04_09_en_reddit_reddit__r--pics--comments--mnff72--prince_philip_pranking_the_queen_by_dressing_as_a",
      "url": "https://old.reddit.com/r/pics/comments/mnff72/prince_philip_pranking_the_queen_by_dressing_as_a/",
      "date_published": "2021-04-09T16:22:48.000Z",
      "date_modified": "2021-04-09T16:22:48.000Z",
      "_original_published": "2021-04-09T11:45:54.000Z",
      "_original_language": "en",
      "_translations": {
        "en": {
          "title": "Prince Philip pranking The Queen by dressing as a Palace Guard."
        },
        "ja": {
          "title": "フィリップ王子が宮殿の衛兵に扮して女王にいたずら。"
        },
        "zh-Hans": {
          "title": "菲利普亲王装扮成宫廷卫队，恶作剧女王。"
        },
        "zh-Hant": {
          "title": "菲利普親王裝扮成宮廷衛隊，惡作劇女王。"
        }
      },
      "tags": [
        "pics"
      ],
      "authors": [
        {
          "name": "ApostateAardwolf",
          "url": "https://old.reddit.com/user/ApostateAardwolf"
        }
      ],
      "_links": [
        {
          "url": "https://old.reddit.com/r/pics/comments/mnff72/prince_philip_pranking_the_queen_by_dressing_as_a/",
          "name": "&uarr;130241 votes"
        }
      ],
      "image": "https://preview.redd.it/v89lji05y4s61.jpg?width=320&crop=smart&auto=webp&s=d149dd64aedf4548831f9bdeacbd818e4ba327db"
    },
    "2021_04_09_en_reddit_reddit__r--PublicFreakout--comments--mnro3v--watch_how_these_american_cops_treat_this_black": {
      "id": "2021_04_09_en_reddit_reddit__r--PublicFreakout--comments--mnro3v--watch_how_these_american_cops_treat_this_black",
      "url": "https://old.reddit.com/r/PublicFreakout/comments/mnro3v/watch_how_these_american_cops_treat_this_black/",
      "date_published": "2021-04-10T06:33:16.000Z",
      "date_modified": "2021-04-10T06:33:16.000Z",
      "_original_published": "2021-04-09T21:57:24.000Z",
      "_original_language": "en",
      "_translations": {
        "en": {
          "title": "Watch how these American cops treat this black active duty soldier. “I’m afraid to get out.” Police officer: “Yeah, you should be.”"
        },
        "ja": {
          "title": "アメリカの警官がこの黒人の現役兵士をどう扱うか見てみましょう。\"外に出るのが怖い\" 警察官は \"Yeah, you should be.\""
        },
        "zh-Hans": {
          "title": "看看这些美国警察是如何对待这个黑人现役军人的。\"我不敢出去。\" 警察。 - \"是啊，你应该。\"是啊，你应该是。\""
        },
        "zh-Hant": {
          "title": "看看這些美國警察是如何對待這個黑人現役軍人的。\"我不敢出去。\" 警察。 - \"是啊，你應該。\"是啊，你應該是。\""
        }
      },
      "tags": [
        "PublicFreakout"
      ],
      "authors": [
        {
          "name": "Romano16",
          "url": "https://old.reddit.com/user/Romano16"
        }
      ],
      "_links": [
        {
          "url": "https://old.reddit.com/r/PublicFreakout/comments/mnro3v/watch_how_these_american_cops_treat_this_black/",
          "name": "&uarr;128586 votes"
        }
      ],
      "image": "https://external-preview.redd.it/z4fMoZkVIRprjzo-JEb3Tpop7w6O-JOFyD2RPfDtsRQ.png?width=1080&crop=smart&format=pjpg&auto=webp&s=29147a9349b0ff38a59ed570581b601120df129e",
      "_video": {
        "sources": [
          {
            "url": "https://v.redd.it/ehmysfm2z7s61/DASH_720.mp4?source=fallback"
          }
        ],
        "width": 1280,
        "height": 708,
        "poster": "https://external-preview.redd.it/z4fMoZkVIRprjzo-JEb3Tpop7w6O-JOFyD2RPfDtsRQ.png?width=1080&crop=smart&format=pjpg&auto=webp&s=29147a9349b0ff38a59ed570581b601120df129e"
      }
    },
    "2021_04_10_en_reddit_reddit__r--memes--comments--mo2adl--oh_wellguess_ill_die": {
      "id": "2021_04_10_en_reddit_reddit__r--memes--comments--mo2adl--oh_wellguess_ill_die",
      "url": "https://old.reddit.com/r/memes/comments/mo2adl/oh_wellguess_ill_die/",
      "date_published": "2021-04-10T16:53:08.000Z",
      "date_modified": "2021-04-10T16:53:08.000Z",
      "_original_published": "2021-04-10T10:33:04.000Z",
      "_original_language": "en",
      "_translations": {
        "en": {
          "title": "oh well,guess ill die"
        },
        "ja": {
          "title": "まあ、死んじゃえばいいさ。"
        },
        "zh-Hans": {
          "title": "哦，好吧，我想我要死了"
        },
        "zh-Hant": {
          "title": "哦，好吧，我想我要死了"
        }
      },
      "tags": [
        "memes"
      ],
      "authors": [
        {
          "name": "z_shah7",
          "url": "https://old.reddit.com/user/z_shah7"
        }
      ],
      "_links": [
        {
          "url": "https://old.reddit.com/r/memes/comments/mo2adl/oh_wellguess_ill_die/",
          "name": "&uarr;127901 votes"
        }
      ],
      "image": "https://preview.redd.it/cm13j286qbs61.gif?width=320&crop=smart&format=png8&s=01df9ac82d6fce0925e5ee1d07794d107f2d8a06",
      "_video": {
        "sources": [
          {
            "url": "https://preview.redd.it/cm13j286qbs61.gif?format=mp4&s=7a9f847002190f7ab6509eb050cf031d405e5951"
          }
        ],
        "width": 480,
        "height": 424,
        "poster": "https://preview.redd.it/cm13j286qbs61.gif?width=320&crop=smart&format=png8&s=01df9ac82d6fce0925e5ee1d07794d107f2d8a06"
      }
    },
    "2021_04_09_en_reddit_reddit__r--nextfuckinglevel--comments--mnjknh--the_true_meaning_of_life_is_to_plant_trees_under": {
      "id": "2021_04_09_en_reddit_reddit__r--nextfuckinglevel--comments--mnjknh--the_true_meaning_of_life_is_to_plant_trees_under",
      "url": "https://old.reddit.com/r/nextfuckinglevel/comments/mnjknh/the_true_meaning_of_life_is_to_plant_trees_under/",
      "date_published": "2021-04-09T20:43:10.000Z",
      "date_modified": "2021-04-09T20:43:10.000Z",
      "_original_published": "2021-04-09T15:23:31.000Z",
      "_original_language": "en",
      "_translations": {
        "en": {
          "title": "\"The true meaning of life is to plant trees, under whose shade you do not expect to sit.\" - What a legend"
        },
        "ja": {
          "title": "\"人生の真の意味は、自分が座るとは思わない木陰に木を植えることである。\" - なんという伝説"
        },
        "zh-Hans": {
          "title": "\"生命的真谛是种树，你不期望在其树荫下坐着。\" - 好一个传说"
        },
        "zh-Hant": {
          "title": "\"生命的真諦是種樹，你不期望在其樹蔭下坐着。\" - 好一個傳說"
        }
      },
      "tags": [
        "nextfuckinglevel"
      ],
      "authors": [
        {
          "name": "NRGpop",
          "url": "https://old.reddit.com/user/NRGpop"
        }
      ],
      "_links": [
        {
          "url": "https://old.reddit.com/r/nextfuckinglevel/comments/mnjknh/the_true_meaning_of_life_is_to_plant_trees_under/",
          "name": "&uarr;124652 votes"
        }
      ],
      "image": "https://preview.redd.it/8sxhmqrs06s61.png?width=960&crop=smart&auto=webp&s=5da993d07aa44770baa90a22e7402bffdb368525"
    },
    "2021_04_09_en_reddit_reddit__r--worldnews--comments--mnerwn--prince_philip_the_duke_of_edinburgh_and_consort": {
      "id": "2021_04_09_en_reddit_reddit__r--worldnews--comments--mnerwn--prince_philip_the_duke_of_edinburgh_and_consort",
      "url": "https://old.reddit.com/r/worldnews/comments/mnerwn/prince_philip_the_duke_of_edinburgh_and_consort/",
      "date_published": "2021-04-09T15:30:37.000Z",
      "date_modified": "2021-04-09T15:30:37.000Z",
      "_original_published": "2021-04-09T11:04:40.000Z",
      "_original_language": "en",
      "_translations": {
        "en": {
          "title": "Prince Philip, the Duke of Edinburgh and consort to Queen Elizabeth II, dies aged 99"
        },
        "ja": {
          "title": "エディンバラ公、エリザベス2世の配偶者であるフィリップ殿下が99歳で死去"
        },
        "zh-Hans": {
          "title": "英国女王伊丽莎白二世的后妃、爱丁堡公爵菲利普亲王去世，享年99岁。"
        },
        "zh-Hant": {
          "title": "英國女王伊麗莎白二世的后妃、愛丁堡公爵菲利普親王去世，享年99歲。"
        }
      },
      "tags": [
        "worldnews"
      ],
      "authors": [
        {
          "name": "azog1337",
          "url": "https://old.reddit.com/user/azog1337"
        }
      ],
      "_links": [
        {
          "url": "https://old.reddit.com/r/worldnews/comments/mnerwn/prince_philip_the_duke_of_edinburgh_and_consort/",
          "name": "&uarr;123784 votes"
        }
      ],
      "image": "https://external-preview.redd.it/vs1eY6QIw9fQ7crvh-NdgT1K2JRzfzFcSe044YcgRY0.jpg?width=640&crop=smart&auto=webp&s=c0f459309adf568f409e8b1a76e126e744fc95fa"
    },
    "2021_04_10_en_reddit_reddit__r--interestingasfuck--comments--mo7tzi--waves_of_grass": {
      "id": "2021_04_10_en_reddit_reddit__r--interestingasfuck--comments--mo7tzi--waves_of_grass",
      "url": "https://old.reddit.com/r/interestingasfuck/comments/mo7tzi/waves_of_grass/",
      "date_published": "2021-04-10T22:36:30.000Z",
      "date_modified": "2021-04-10T22:36:30.000Z",
      "_original_published": "2021-04-10T16:24:18.000Z",
      "_original_language": "en",
      "_translations": {
        "en": {
          "title": "Waves of grass"
        },
        "ja": {
          "title": "草の波"
        },
        "zh-Hans": {
          "title": "草浪滔天"
        },
        "zh-Hant": {
          "title": "草浪滔天"
        }
      },
      "tags": [
        "interestingasfuck"
      ],
      "authors": [
        {
          "name": "cyan1618",
          "url": "https://old.reddit.com/user/cyan1618"
        }
      ],
      "_links": [
        {
          "url": "https://old.reddit.com/r/interestingasfuck/comments/mo7tzi/waves_of_grass/",
          "name": "&uarr;122424 votes"
        }
      ],
      "image": "https://external-preview.redd.it/LUCtnEr5qH6qnU1kr9G3oAPlq15MXmjprxeDUE9sqks.jpg?width=640&crop=smart&auto=webp&s=15d912d2e9a30173857767bcabc98bf87bea4be0",
      "_video": {
        "sources": [
          {
            "url": "https://v.redd.it/kv55sy4vgds61/DASH_720.mp4"
          }
        ],
        "width": 720,
        "height": 720,
        "poster": "https://external-preview.redd.it/LUCtnEr5qH6qnU1kr9G3oAPlq15MXmjprxeDUE9sqks.jpg?width=640&crop=smart&auto=webp&s=15d912d2e9a30173857767bcabc98bf87bea4be0"
      }
    },
    "2021_04_13_en_reddit_reddit__r--pics--comments--mpt3sv--while_tearing_up_their_carpet_my_inlaws_found_a": {
      "id": "2021_04_13_en_reddit_reddit__r--pics--comments--mpt3sv--while_tearing_up_their_carpet_my_inlaws_found_a",
      "url": "https://old.reddit.com/r/pics/comments/mpt3sv/while_tearing_up_their_carpet_my_inlaws_found_a/",
      "date_published": "2021-04-13T11:23:48.000Z",
      "date_modified": "2021-04-13T11:23:48.000Z",
      "_original_published": "2021-04-13T02:23:14.000Z",
      "_original_language": "en",
      "_translations": {
        "en": {
          "title": "While tearing up their carpet, my in-laws found a giant monopoly board"
        },
        "ja": {
          "title": "絨毯を剥がしていたら、義理の両親が巨大なモノポリーボードを見つけた。"
        },
        "zh-Hans": {
          "title": "我公公婆婆在撕地毯的时候，发现了一个巨大的大富翁棋盘。"
        },
        "zh-Hant": {
          "title": "我公公婆婆在撕地毯的時候，發現了一個巨大的大富翁棋盤。"
        }
      },
      "tags": [
        "pics"
      ],
      "authors": [
        {
          "name": "Yamaha234",
          "url": "https://old.reddit.com/user/Yamaha234"
        }
      ],
      "_links": [
        {
          "url": "https://old.reddit.com/r/pics/comments/mpt3sv/while_tearing_up_their_carpet_my_inlaws_found_a/",
          "name": "&uarr;120917 votes"
        }
      ],
      "image": "https://preview.redd.it/r9rncrfjpus61.jpg?width=1080&crop=smart&auto=webp&s=ccc0ee0ecc8237a2bb08976b53645535d3c04b3f"
    },
    "2021_04_14_en_reddit_reddit__r--aww--comments--mqucsr--shelter_doggo_with_a_huge_smile_being_adopted": {
      "id": "2021_04_14_en_reddit_reddit__r--aww--comments--mqucsr--shelter_doggo_with_a_huge_smile_being_adopted",
      "url": "https://old.reddit.com/r/aww/comments/mqucsr/shelter_doggo_with_a_huge_smile_being_adopted/",
      "date_published": "2021-04-14T22:34:06.000Z",
      "date_modified": "2021-04-14T22:34:06.000Z",
      "_original_published": "2021-04-14T16:34:29.000Z",
      "_original_language": "en",
      "_translations": {
        "en": {
          "title": "Shelter doggo with a huge smile being adopted"
        },
        "ja": {
          "title": "養子に出された笑顔が素敵なシェルターのワンちゃん"
        },
        "zh-Hans": {
          "title": "收容所里的小狗，露出灿烂的笑容，被人领养。"
        },
        "zh-Hant": {
          "title": "收容所裏的小狗，露出燦爛的笑容，被人領養。"
        }
      },
      "tags": [
        "aww"
      ],
      "authors": [
        {
          "name": "Thund3rbolt",
          "url": "https://old.reddit.com/user/Thund3rbolt"
        }
      ],
      "_links": [
        {
          "url": "https://old.reddit.com/r/aww/comments/mqucsr/shelter_doggo_with_a_huge_smile_being_adopted/",
          "name": "&uarr;119746 votes"
        }
      ],
      "image": "https://external-preview.redd.it/9JE0tRF_K2EkJGlEXPVCcr-SQe22yFgCkRq5MqJxvjk.png?width=320&crop=smart&format=pjpg&auto=webp&s=5a1184a54e96127535a2de0adc3e184e1c6db323",
      "_video": {
        "sources": [
          {
            "url": "https://v.redd.it/e3xtx2g326t61/DASH_720.mp4?source=fallback"
          }
        ],
        "width": 405,
        "height": 720,
        "poster": "https://external-preview.redd.it/9JE0tRF_K2EkJGlEXPVCcr-SQe22yFgCkRq5MqJxvjk.png?width=320&crop=smart&format=pjpg&auto=webp&s=5a1184a54e96127535a2de0adc3e184e1c6db323"
      }
    },
    "2021_04_12_en_reddit_reddit__r--comedyheaven--comments--mpnor9--school_cum_team": {
      "id": "2021_04_12_en_reddit_reddit__r--comedyheaven--comments--mpnor9--school_cum_team",
      "url": "https://old.reddit.com/r/comedyheaven/comments/mpnor9/school_cum_team/",
      "date_published": "2021-04-13T06:46:08.000Z",
      "date_modified": "2021-04-13T06:46:08.000Z",
      "_original_published": "2021-04-12T21:20:37.000Z",
      "_original_language": "en",
      "_translations": {
        "en": {
          "title": "school cum team"
        },
        "ja": {
          "title": "スクール・カム・チーム"
        },
        "zh-Hans": {
          "title": "学校和团队"
        },
        "zh-Hant": {
          "title": "學校和團隊"
        }
      },
      "tags": [
        "comedyheaven"
      ],
      "authors": [
        {
          "name": "dumbosshow",
          "url": "https://old.reddit.com/user/dumbosshow"
        }
      ],
      "_links": [
        {
          "url": "https://old.reddit.com/r/comedyheaven/comments/mpnor9/school_cum_team/",
          "name": "&uarr;118233 votes"
        }
      ],
      "image": "https://preview.redd.it/vu0xmmpj7ts61.jpg?width=640&crop=smart&auto=webp&s=631f28106302bea3869c446d5f6d829c24881936"
    },
    "2021_04_15_en_reddit_reddit__r--MurderedByWords--comments--mrejj0--pick_me_pick_me": {
      "id": "2021_04_15_en_reddit_reddit__r--MurderedByWords--comments--mrejj0--pick_me_pick_me",
      "url": "https://old.reddit.com/r/MurderedByWords/comments/mrejj0/pick_me_pick_me/",
      "date_published": "2021-04-15T21:35:11.000Z",
      "date_modified": "2021-04-15T21:35:11.000Z",
      "_original_published": "2021-04-15T13:22:07.000Z",
      "_original_language": "en",
      "_translations": {
        "en": {
          "title": "Pick me, pick me!"
        },
        "ja": {
          "title": "私を選んで、私を選んで!"
        },
        "zh-Hans": {
          "title": "选我，选我！"
        },
        "zh-Hant": {
          "title": "選我，選我！"
        }
      },
      "tags": [
        "MurderedByWords"
      ],
      "authors": [
        {
          "name": "beerbellybegone",
          "url": "https://old.reddit.com/user/beerbellybegone"
        }
      ],
      "_links": [
        {
          "url": "https://old.reddit.com/r/MurderedByWords/comments/mrejj0/pick_me_pick_me/",
          "name": "&uarr;125630 votes"
        }
      ],
      "image": "https://preview.redd.it/xbhsjruu8ct61.png?width=320&crop=smart&auto=webp&s=3fe47fa6ae95807091a4ce23767d44d58086eeae"
    },
    "2021_04_12_en_reddit_reddit__r--nextfuckinglevel--comments--mpe2yp--this_is_tiernan_mccready_this_is_what_a_hero": {
      "id": "2021_04_12_en_reddit_reddit__r--nextfuckinglevel--comments--mpe2yp--this_is_tiernan_mccready_this_is_what_a_hero",
      "url": "https://old.reddit.com/r/nextfuckinglevel/comments/mpe2yp/this_is_tiernan_mccready_this_is_what_a_hero/",
      "date_published": "2021-04-12T19:35:48.000Z",
      "date_modified": "2021-04-12T19:35:48.000Z",
      "_original_published": "2021-04-12T13:41:21.000Z",
      "_original_language": "en",
      "_translations": {
        "en": {
          "title": "This is Tiernan McCready. This is what a hero looks like. In Bogside he saw three males grab an 18 year old girl and try to get her in their van. He reacted instantly, shouting at the males, led the girl to safety and told his mother to ring the police."
        },
        "ja": {
          "title": "ティアナン・マクレディです。これこそがヒーローの姿だと思います。ボグサイドで彼は、3人の男が18歳の少女をつかまえてバンに乗せようとするのを目撃しました。彼は即座に反応して男たちを怒鳴りつけ、少女を安全な場所に連れて行き、母親に警察を呼ぶように言いました。"
        },
        "zh-Hans": {
          "title": "我是蒂尔南-麦克里迪 这就是英雄的样子 在沼泽地 他看到三个男人抓住一个18岁的女孩 想把她弄到他们的面包车上 他立即做出反应，向男性喊话 把女孩带到安全的地方，并让他的母亲打电话报警"
        },
        "zh-Hant": {
          "title": "我是蒂爾南-麥克裏迪 這就是英雄的樣子 在沼澤地 他看到三個男人抓住一個18歲的女孩 想把她弄到他們的麪包車上 他立即做出反應，向男性喊話 把女孩帶到安全的地方，並讓他的母親打電話報警"
        }
      },
      "tags": [
        "nextfuckinglevel"
      ],
      "authors": [
        {
          "name": "Currynrice9728",
          "url": "https://old.reddit.com/user/Currynrice9728"
        }
      ],
      "_links": [
        {
          "url": "https://old.reddit.com/r/nextfuckinglevel/comments/mpe2yp/this_is_tiernan_mccready_this_is_what_a_hero/",
          "name": "&uarr;116944 votes"
        }
      ],
      "image": "https://preview.redd.it/uljj5uglxqs61.jpg?width=640&crop=smart&auto=webp&s=f00631e0e7e31bc78b14fd46da32fb081575c55f"
    }
  }
}
