{
  "items": {
    "2020_12_27_en_reddit_reddit__r--memes--comments--kl0cf3--can_confirm_totally_true": {
      "id": "2020_12_27_en_reddit_reddit__r--memes--comments--kl0cf3--can_confirm_totally_true",
      "url": "https://old.reddit.com/r/memes/comments/kl0cf3/can_confirm_totally_true/",
      "date_published": "2020-12-27T14:29:43.000Z",
      "date_modified": "2020-12-27T14:29:43.000Z",
      "_original_published": "2020-12-27T08:40:36.000Z",
      "_original_language": "en",
      "_translations": {
        "en": {
          "title": "can confirm totally true"
        },
        "zh-Hans": {
          "title": "可以确认是完全真实的"
        },
        "zh-Hant": {
          "title": "可以確認是完全真實的"
        }
      },
      "tags": [
        "memes"
      ],
      "authors": [
        {
          "name": "lilmewmeow",
          "url": "https://old.reddit.com/user/lilmewmeow"
        }
      ],
      "_links": [
        {
          "url": "https://old.reddit.com/r/memes/comments/kl0cf3/can_confirm_totally_true/",
          "name": "&uarr;157658 votes"
        }
      ],
      "image": "https://external-preview.redd.it/iI9IQRI1_hyntYuZ_8X2XwMHDODgCG5cGvaujkeZx4U.png?width=320&crop=smart&format=pjpg&auto=webp&s=34e1e1f22c9b93cc527252c1ca77d50629644077",
      "_video": {
        "sources": [
          {
            "url": "https://v.redd.it/fnewazq7zo761/DASH_480.mp4?source=fallback"
          }
        ],
        "width": 480,
        "height": 480,
        "poster": "https://external-preview.redd.it/iI9IQRI1_hyntYuZ_8X2XwMHDODgCG5cGvaujkeZx4U.png?width=320&crop=smart&format=pjpg&auto=webp&s=34e1e1f22c9b93cc527252c1ca77d50629644077"
      }
    },
    "2020_12_27_en_reddit_reddit__r--memes--comments--kl5p9v--ill_catch_you_out_this_time_dammit": {
      "id": "2020_12_27_en_reddit_reddit__r--memes--comments--kl5p9v--ill_catch_you_out_this_time_dammit",
      "url": "https://old.reddit.com/r/memes/comments/kl5p9v/ill_catch_you_out_this_time_dammit/",
      "date_published": "2020-12-27T21:28:21.000Z",
      "date_modified": "2020-12-27T21:28:21.000Z",
      "_original_published": "2020-12-27T15:44:59.000Z",
      "_original_language": "en",
      "_translations": {
        "en": {
          "title": "I'll catch you out this time dammit!"
        },
        "zh-Hans": {
          "title": "这次我会抓住你的，该死的！"
        },
        "zh-Hant": {
          "title": "這次我會抓住你的，該死的！"
        }
      },
      "tags": [
        "memes"
      ],
      "authors": [
        {
          "name": "MrDimitr1",
          "url": "https://old.reddit.com/user/MrDimitr1"
        }
      ],
      "_links": [
        {
          "url": "https://old.reddit.com/r/memes/comments/kl5p9v/ill_catch_you_out_this_time_dammit/",
          "name": "&uarr;140545 votes"
        }
      ],
      "image": "https://preview.redd.it/3jtq6g3w2r761.gif?width=1080&crop=smart&format=png8&s=caceac287b76b93a483ad8483e175b6c5ca56ea1",
      "_video": {
        "sources": [
          {
            "url": "https://preview.redd.it/3jtq6g3w2r761.gif?format=mp4&s=d540527cedaa6bc420078e04ccd6535383ddf759"
          }
        ],
        "width": 1280,
        "height": 1008,
        "poster": "https://preview.redd.it/3jtq6g3w2r761.gif?width=1080&crop=smart&format=png8&s=caceac287b76b93a483ad8483e175b6c5ca56ea1"
      }
    },
    "2020_12_27_en_reddit_reddit__r--pics--comments--kkszfo--didnt_get_any_gifts_for_christmas_except_from_my": {
      "id": "2020_12_27_en_reddit_reddit__r--pics--comments--kkszfo--didnt_get_any_gifts_for_christmas_except_from_my",
      "url": "https://old.reddit.com/r/pics/comments/kkszfo/didnt_get_any_gifts_for_christmas_except_from_my/",
      "date_published": "2020-12-27T05:34:41.000Z",
      "date_modified": "2020-12-27T05:34:41.000Z",
      "_original_published": "2020-12-27T00:01:52.000Z",
      "_original_language": "en",
      "_translations": {
        "en": {
          "title": "Didn’t get any gifts for Christmas except from my landlord. Has no idea I’ve been struggling lately."
        },
        "zh-Hans": {
          "title": "除了房东，我没有收到任何圣诞礼物。不知道我最近一直在挣扎。"
        },
        "zh-Hant": {
          "title": "除了房東，我沒有收到任何聖誕禮物。不知道我最近一直在掙扎。"
        }
      },
      "tags": [
        "pics"
      ],
      "authors": [
        {
          "name": "Neogalik",
          "url": "https://old.reddit.com/user/Neogalik"
        }
      ],
      "_links": [
        {
          "url": "https://old.reddit.com/r/pics/comments/kkszfo/didnt_get_any_gifts_for_christmas_except_from_my/",
          "name": "&uarr;138053 votes"
        }
      ],
      "image": "https://external-preview.redd.it/B62UiMhH2TMA0ae2yVBst9EDWoWyOCS9XWgN286n2bs.jpg?width=1080&crop=smart&auto=webp&s=e701743c29a46bcf001f80efccc7c7a09596330f"
    },
    "2020_12_28_en_reddit_reddit__r--memes--comments--klr3ry--pls_dont_tell_anyone": {
      "id": "2020_12_28_en_reddit_reddit__r--memes--comments--klr3ry--pls_dont_tell_anyone",
      "url": "https://old.reddit.com/r/memes/comments/klr3ry/pls_dont_tell_anyone/",
      "date_published": "2020-12-28T19:39:16.000Z",
      "date_modified": "2020-12-28T19:39:16.000Z",
      "_original_published": "2020-12-28T14:02:41.000Z",
      "_original_language": "en",
      "_translations": {
        "en": {
          "title": "Pls don’t tell anyone"
        },
        "zh-Hans": {
          "title": "请不要告诉任何人"
        },
        "zh-Hant": {
          "title": "請不要告訴任何人"
        }
      },
      "tags": [
        "memes"
      ],
      "authors": [
        {
          "name": "Parker1055",
          "url": "https://old.reddit.com/user/Parker1055"
        }
      ],
      "_links": [
        {
          "url": "https://old.reddit.com/r/memes/comments/klr3ry/pls_dont_tell_anyone/",
          "name": "&uarr;137757 votes"
        }
      ],
      "image": "https://preview.redd.it/6jsceedppx761.jpg?width=960&crop=smart&auto=webp&s=35416b617522ea6a42279a10984b3e35e1c48e0f"
    },
    "2020_12_27_en_reddit_reddit__r--aww--comments--kl8puh--every_time_my_boyfriend_comes_home_daisy_waits": {
      "id": "2020_12_27_en_reddit_reddit__r--aww--comments--kl8puh--every_time_my_boyfriend_comes_home_daisy_waits",
      "url": "https://old.reddit.com/r/aww/comments/kl8puh/every_time_my_boyfriend_comes_home_daisy_waits/",
      "date_published": "2020-12-27T23:33:04.000Z",
      "date_modified": "2020-12-27T23:33:04.000Z",
      "_original_published": "2020-12-27T18:36:06.000Z",
      "_original_language": "en",
      "_translations": {
        "en": {
          "title": "Every time my boyfriend comes home, Daisy waits for him to “give her a stretch” :)"
        },
        "zh-Hans": {
          "title": "每次我男朋友回家，黛西都等着他“拉她一把”：)"
        },
        "zh-Hant": {
          "title": "每次我男朋友回家，黛西都等着他“拉她一把”：)"
        }
      },
      "tags": [
        "aww"
      ],
      "authors": [
        {
          "name": "alrightsydney",
          "url": "https://old.reddit.com/user/alrightsydney"
        }
      ],
      "_links": [
        {
          "url": "https://old.reddit.com/r/aww/comments/kl8puh/every_time_my_boyfriend_comes_home_daisy_waits/",
          "name": "&uarr;137227 votes"
        }
      ],
      "image": "https://external-preview.redd.it/hReMWalDVRerOUwZpc-4x0HbwtXWSxnNNs5JxX80e0Q.png?width=640&crop=smart&format=pjpg&auto=webp&s=62876d6c9869e8f6bdf8459184556b0366536457",
      "_video": {
        "sources": [
          {
            "url": "https://v.redd.it/yoeu5588xr761/DASH_720.mp4?source=fallback"
          }
        ],
        "width": 405,
        "height": 720,
        "poster": "https://external-preview.redd.it/hReMWalDVRerOUwZpc-4x0HbwtXWSxnNNs5JxX80e0Q.png?width=640&crop=smart&format=pjpg&auto=webp&s=62876d6c9869e8f6bdf8459184556b0366536457"
      }
    },
    "2020_12_28_en_reddit_reddit__r--gaming--comments--klxchh--free_games": {
      "id": "2020_12_28_en_reddit_reddit__r--gaming--comments--klxchh--free_games",
      "url": "https://old.reddit.com/r/gaming/comments/klxchh/free_games/",
      "date_published": "2020-12-29T01:17:31.000Z",
      "date_modified": "2020-12-29T01:17:31.000Z",
      "_original_published": "2020-12-28T19:40:06.000Z",
      "_original_language": "en",
      "_translations": {
        "en": {
          "title": "Free Games"
        },
        "zh-Hans": {
          "title": "免费游戏"
        },
        "zh-Hant": {
          "title": "免費遊戲"
        }
      },
      "tags": [
        "gaming"
      ],
      "authors": [
        {
          "name": "SrGrafo",
          "url": "https://old.reddit.com/user/SrGrafo"
        }
      ],
      "_links": [
        {
          "url": "https://old.reddit.com/r/gaming/comments/klxchh/free_games/",
          "name": "&uarr;138094 votes"
        }
      ],
      "image": "https://preview.redd.it/7mnpmwsvdz761.jpg?width=640&crop=smart&auto=webp&s=5451c9c6757e883df8446428475333637d9d4e9f"
    },
    "2020_12_27_en_reddit_reddit__r--funny--comments--kl953e--told_my_boyfriend_i_was_getting_him_a_burger_for": {
      "id": "2020_12_27_en_reddit_reddit__r--funny--comments--kl953e--told_my_boyfriend_i_was_getting_him_a_burger_for",
      "url": "https://old.reddit.com/r/funny/comments/kl953e/told_my_boyfriend_i_was_getting_him_a_burger_for/",
      "date_published": "2020-12-27T23:33:04.000Z",
      "date_modified": "2020-12-27T23:33:04.000Z",
      "_original_published": "2020-12-27T18:59:17.000Z",
      "_original_language": "en",
      "_translations": {
        "en": {
          "title": "Told my boyfriend I was getting him a burger for Christmas"
        },
        "zh-Hans": {
          "title": "告诉我男朋友我要给他买个汉堡当圣诞礼物"
        },
        "zh-Hant": {
          "title": "告訴我男朋友我要給他買個漢堡當聖誕禮物"
        }
      },
      "tags": [
        "funny"
      ],
      "authors": [
        {
          "name": "Ao-Eleni",
          "url": "https://old.reddit.com/user/Ao-Eleni"
        }
      ],
      "_links": [
        {
          "url": "https://old.reddit.com/r/funny/comments/kl953e/told_my_boyfriend_i_was_getting_him_a_burger_for/",
          "name": "&uarr;132196 votes"
        }
      ],
      "image": "https://preview.redd.it/bofeobhp1s761.jpg?width=1080&crop=smart&auto=webp&s=1eaeb8ec6e37e754022fa5082b698fe8e8e27d63"
    },
    "2020_12_26_en_reddit_reddit__r--AskReddit--comments--kkmgzr--with_christmas_364_days_away_people_who_already": {
      "id": "2020_12_26_en_reddit_reddit__r--AskReddit--comments--kkmgzr--with_christmas_364_days_away_people_who_already",
      "url": "https://old.reddit.com/r/AskReddit/comments/kkmgzr/with_christmas_364_days_away_people_who_already/",
      "date_published": "2020-12-26T23:39:21.000Z",
      "date_modified": "2020-12-26T23:39:21.000Z",
      "_original_published": "2020-12-26T17:44:57.000Z",
      "_original_language": "en",
      "_translations": {
        "en": {
          "title": "With Christmas 364 days away, people who already have their decorations up, why?"
        },
        "zh-Hans": {
          "title": "离圣诞节还有364天，那些已经把他们的装饰品挂起来的人，为什么呢？"
        },
        "zh-Hant": {
          "title": "離聖誕節還有364天，那些已經把他們的裝飾品掛起來的人，爲什麼呢？"
        }
      },
      "tags": [
        "AskReddit"
      ],
      "authors": [
        {
          "name": "writer_wannabe46",
          "url": "https://old.reddit.com/user/writer_wannabe46"
        }
      ],
      "_links": [
        {
          "url": "https://old.reddit.com/r/AskReddit/comments/kkmgzr/with_christmas_364_days_away_people_who_already/",
          "name": "&uarr;128382 votes"
        }
      ]
    },
    "2020_12_27_en_reddit_reddit__r--gaming--comments--kl660y--my_school_mascot_is_the_bulldogs_this_is_the_logo": {
      "id": "2020_12_27_en_reddit_reddit__r--gaming--comments--kl660y--my_school_mascot_is_the_bulldogs_this_is_the_logo",
      "url": "https://old.reddit.com/r/gaming/comments/kl660y/my_school_mascot_is_the_bulldogs_this_is_the_logo/",
      "date_published": "2020-12-27T21:28:21.000Z",
      "date_modified": "2020-12-27T21:28:21.000Z",
      "_original_published": "2020-12-27T16:12:53.000Z",
      "_original_language": "en",
      "_translations": {
        "en": {
          "title": "My school mascot is the Bulldogs, this is the logo they came up with for their esports team."
        },
        "zh-Hans": {
          "title": "我学校的吉祥物是斗牛犬，这是他们为他们的运动队想出的标志。"
        },
        "zh-Hant": {
          "title": "我學校的吉祥物是鬥牛犬，這是他們爲他們的運動隊想出的標誌。"
        }
      },
      "tags": [
        "gaming"
      ],
      "authors": [
        {
          "name": "MaxBeanMachine",
          "url": "https://old.reddit.com/user/MaxBeanMachine"
        }
      ],
      "_links": [
        {
          "url": "https://old.reddit.com/r/gaming/comments/kl660y/my_school_mascot_is_the_bulldogs_this_is_the_logo/",
          "name": "&uarr;125362 votes"
        }
      ],
      "image": "https://preview.redd.it/8elsslt08r761.jpg?width=320&crop=smart&auto=webp&s=631f1a3cfdbcef7e034806bda9b4a624b1cc113b"
    },
    "2020_12_28_en_reddit_reddit__r--memes--comments--klxdct--ctrl_shift_esc": {
      "id": "2020_12_28_en_reddit_reddit__r--memes--comments--klxdct--ctrl_shift_esc",
      "url": "https://old.reddit.com/r/memes/comments/klxdct/ctrl_shift_esc/",
      "date_published": "2020-12-29T02:56:30.000Z",
      "date_modified": "2020-12-29T02:56:30.000Z",
      "_original_published": "2020-12-28T19:41:22.000Z",
      "_original_language": "en",
      "_translations": {
        "en": {
          "title": "Ctrl + shift + esc"
        },
        "zh-Hans": {
          "title": "Ctrl+Shift+Esc"
        },
        "zh-Hant": {
          "title": "Ctrl+Shift+Esc"
        }
      },
      "tags": [
        "memes"
      ],
      "authors": [
        {
          "name": "luddealex",
          "url": "https://old.reddit.com/user/luddealex"
        }
      ],
      "_links": [
        {
          "url": "https://old.reddit.com/r/memes/comments/klxdct/ctrl_shift_esc/",
          "name": "&uarr;123473 votes"
        }
      ],
      "image": "https://preview.redd.it/4pvnv4judz761.jpg?width=1080&crop=smart&auto=webp&s=d3d72de8e6798d0bafa0585e7b7c1479d3a6dad7"
    },
    "2020_12_27_en_reddit_reddit__r--memes--comments--klaldp--did_i_even_do_the_same_one": {
      "id": "2020_12_27_en_reddit_reddit__r--memes--comments--klaldp--did_i_even_do_the_same_one",
      "url": "https://old.reddit.com/r/memes/comments/klaldp/did_i_even_do_the_same_one/",
      "date_published": "2020-12-28T02:54:00.000Z",
      "date_modified": "2020-12-28T02:54:00.000Z",
      "_original_published": "2020-12-27T20:16:40.000Z",
      "_original_language": "en",
      "_translations": {
        "en": {
          "title": "Did I even do the same one?"
        },
        "zh-Hans": {
          "title": "我有没有做过同样的事？"
        },
        "zh-Hant": {
          "title": "我有沒有做過同樣的事？"
        }
      },
      "tags": [
        "memes"
      ],
      "authors": [
        {
          "name": "Thelazytimetraveller",
          "url": "https://old.reddit.com/user/Thelazytimetraveller"
        }
      ],
      "_links": [
        {
          "url": "https://old.reddit.com/r/memes/comments/klaldp/did_i_even_do_the_same_one/",
          "name": "&uarr;120076 votes"
        }
      ],
      "image": "https://preview.redd.it/re6lq35ifs761.gif?width=320&crop=smart&format=png8&s=4d1fba147417d7ca2653756ad7ab34cbdac6a8eb",
      "_video": {
        "sources": [
          {
            "url": "https://preview.redd.it/re6lq35ifs761.gif?format=mp4&s=e9ad68459a29c9f5e2886ec41a5dd2fc1b29aa25"
          }
        ],
        "width": 512,
        "height": 397,
        "poster": "https://preview.redd.it/re6lq35ifs761.gif?width=320&crop=smart&format=png8&s=4d1fba147417d7ca2653756ad7ab34cbdac6a8eb"
      }
    },
    "2020_12_28_en_reddit_reddit__r--funny--comments--klicec--i_saw_the_apron_while_shopping_and_decided_to_do": {
      "id": "2020_12_28_en_reddit_reddit__r--funny--comments--klicec--i_saw_the_apron_while_shopping_and_decided_to_do",
      "url": "https://old.reddit.com/r/funny/comments/klicec/i_saw_the_apron_while_shopping_and_decided_to_do/",
      "date_published": "2020-12-28T11:36:59.000Z",
      "date_modified": "2020-12-28T11:36:59.000Z",
      "_original_published": "2020-12-28T03:35:34.000Z",
      "_original_language": "en",
      "_translations": {
        "en": {
          "title": "I saw the apron while shopping, and decided to do a remake of my mother’s favorite picture for Christmas. 23 years apart."
        },
        "zh-Hans": {
          "title": "我在购物时看到了围裙，于是决定为圣诞节重拍一幅我母亲最喜欢的画。相隔23年。"
        },
        "zh-Hant": {
          "title": "我在購物時看到了圍裙，於是決定爲聖誕節重拍一幅我母親最喜歡的畫。相隔23年。"
        }
      },
      "tags": [
        "funny"
      ],
      "authors": [
        {
          "name": "Deeplight",
          "url": "https://old.reddit.com/user/Deeplight"
        }
      ],
      "_links": [
        {
          "url": "https://old.reddit.com/r/funny/comments/klicec/i_saw_the_apron_while_shopping_and_decided_to_do/",
          "name": "&uarr;115013 votes"
        }
      ],
      "image": "https://external-preview.redd.it/wJN6ccpGxoJoL1AEk1aExLguRbQb6ajAxO2BpVPuCjc.jpg?width=960&crop=smart&auto=webp&s=72175fdba5d1ab2c1993df547a163e7d6ceee909"
    },
    "2020_12_27_en_reddit_reddit__r--funny--comments--kl14nb--my_gf_left_this_warning_for_me_on_my_pillow": {
      "id": "2020_12_27_en_reddit_reddit__r--funny--comments--kl14nb--my_gf_left_this_warning_for_me_on_my_pillow",
      "url": "https://old.reddit.com/r/funny/comments/kl14nb/my_gf_left_this_warning_for_me_on_my_pillow/",
      "date_published": "2020-12-27T16:57:27.000Z",
      "date_modified": "2020-12-27T16:57:27.000Z",
      "_original_published": "2020-12-27T09:52:40.000Z",
      "_original_language": "en",
      "_translations": {
        "en": {
          "title": "My gf left this warning for me on my pillow"
        },
        "zh-Hans": {
          "title": "我的女朋友在我的枕头上给我留下了这个警告"
        },
        "zh-Hant": {
          "title": "我的女朋友在我的枕頭上給我留下了這個警告"
        }
      },
      "tags": [
        "funny"
      ],
      "authors": [
        {
          "name": "RagingNacho119",
          "url": "https://old.reddit.com/user/RagingNacho119"
        }
      ],
      "_links": [
        {
          "url": "https://old.reddit.com/r/funny/comments/kl14nb/my_gf_left_this_warning_for_me_on_my_pillow/",
          "name": "&uarr;114795 votes"
        }
      ],
      "image": "https://preview.redd.it/phavcom6cp761.jpg?width=1080&crop=smart&auto=webp&s=98177241aa61d6b89e67eb41b36022cc92c55176"
    },
    "2020_12_27_en_reddit_reddit__r--interestingasfuck--comments--kl14au--victorian_england_1901": {
      "id": "2020_12_27_en_reddit_reddit__r--interestingasfuck--comments--kl14au--victorian_england_1901",
      "url": "https://old.reddit.com/r/interestingasfuck/comments/kl14au/victorian_england_1901/",
      "date_published": "2020-12-27T17:50:00.000Z",
      "date_modified": "2020-12-27T17:50:00.000Z",
      "_original_published": "2020-12-27T09:51:41.000Z",
      "_original_language": "en",
      "_translations": {
        "en": {
          "title": "Victorian England (1901)"
        },
        "zh-Hans": {
          "title": "维多利亚时代的英国(1901年)"
        },
        "zh-Hant": {
          "title": "維多利亞時代的英國(1901年)"
        }
      },
      "tags": [
        "interestingasfuck"
      ],
      "authors": [
        {
          "name": "WhenMachinesCry",
          "url": "https://old.reddit.com/user/WhenMachinesCry"
        }
      ],
      "_links": [
        {
          "url": "https://old.reddit.com/r/interestingasfuck/comments/kl14au/victorian_england_1901/",
          "name": "&uarr;113643 votes"
        }
      ],
      "image": "https://external-preview.redd.it/vTFwKjx2chwl5_N9btrAwqusbuJZaLzw5oOI2c4dOX4.jpg?width=320&crop=smart&auto=webp&s=fdd4640e1587153634b383ba1faae58f1d59cc3d",
      "_video": {
        "sources": [
          {
            "url": "https://v.redd.it/6zccb841cp761/DASH_360.mp4"
          }
        ],
        "width": 538,
        "height": 360,
        "poster": "https://external-preview.redd.it/vTFwKjx2chwl5_N9btrAwqusbuJZaLzw5oOI2c4dOX4.jpg?width=320&crop=smart&auto=webp&s=fdd4640e1587153634b383ba1faae58f1d59cc3d"
      }
    },
    "2020_12_29_en_reddit_reddit__r--nextfuckinglevel--comments--km2ej4--young_blind_girl_absolutely_loves_harry_potter": {
      "id": "2020_12_29_en_reddit_reddit__r--nextfuckinglevel--comments--km2ej4--young_blind_girl_absolutely_loves_harry_potter",
      "url": "https://old.reddit.com/r/nextfuckinglevel/comments/km2ej4/young_blind_girl_absolutely_loves_harry_potter/",
      "date_published": "2020-12-29T06:32:08.000Z",
      "date_modified": "2020-12-29T06:32:08.000Z",
      "_original_published": "2020-12-29T00:03:24.000Z",
      "_original_language": "en",
      "_translations": {
        "en": {
          "title": "Young blind girl absolutely loves Harry Potter. Her aunt helped raise money to surprise her with Harry Potter books in Braille for Christmas."
        },
        "zh-Hans": {
          "title": "年轻的盲女绝对喜欢哈利波特。她的姑姑帮忙筹款，准备在圣诞节用盲文版的“哈利波特”书给她一个惊喜。"
        },
        "zh-Hant": {
          "title": "年輕的盲女絕對喜歡哈利波特。她的姑姑幫忙籌款，準備在聖誕節用盲文版的“哈利波特”書給她一個驚喜。"
        }
      },
      "tags": [
        "nextfuckinglevel"
      ],
      "authors": [
        {
          "name": "throw--awa-y",
          "url": "https://old.reddit.com/user/throw--awa-y"
        }
      ],
      "_links": [
        {
          "url": "https://old.reddit.com/r/nextfuckinglevel/comments/km2ej4/young_blind_girl_absolutely_loves_harry_potter/",
          "name": "&uarr;112710 votes"
        }
      ],
      "image": "https://external-preview.redd.it/oHQA8XAAyZ47TFsGhrXbiFA7go7RgGXNXxPkXNNz4ms.png?width=960&crop=smart&format=pjpg&auto=webp&s=7dbcf137dd7adff5a04017bd3f8b8a36821e75b3",
      "_video": {
        "sources": [
          {
            "url": "https://v.redd.it/5z5tu3xqo0861/DASH_720.mp4?source=fallback"
          }
        ],
        "width": 720,
        "height": 720,
        "poster": "https://external-preview.redd.it/oHQA8XAAyZ47TFsGhrXbiFA7go7RgGXNXxPkXNNz4ms.png?width=960&crop=smart&format=pjpg&auto=webp&s=7dbcf137dd7adff5a04017bd3f8b8a36821e75b3"
      }
    },
    "2020_12_28_en_reddit_reddit__r--funny--comments--klxht2--my_sister_thought_my_leg_could_use_more_holiday": {
      "id": "2020_12_28_en_reddit_reddit__r--funny--comments--klxht2--my_sister_thought_my_leg_could_use_more_holiday",
      "url": "https://old.reddit.com/r/funny/comments/klxht2/my_sister_thought_my_leg_could_use_more_holiday/",
      "date_published": "2020-12-29T01:17:31.000Z",
      "date_modified": "2020-12-29T01:17:31.000Z",
      "_original_published": "2020-12-28T19:47:59.000Z",
      "_original_language": "en",
      "_translations": {
        "en": {
          "title": "My sister thought my leg could use more holiday spirit"
        },
        "zh-Hans": {
          "title": "我妹妹认为我的腿需要更多的节日精神"
        },
        "zh-Hant": {
          "title": "我妹妹認爲我的腿需要更多的節日精神"
        }
      },
      "tags": [
        "funny"
      ],
      "authors": [
        {
          "name": "stalnoypirat",
          "url": "https://old.reddit.com/user/stalnoypirat"
        }
      ],
      "_links": [
        {
          "url": "https://old.reddit.com/r/funny/comments/klxht2/my_sister_thought_my_leg_could_use_more_holiday/",
          "name": "&uarr;110750 votes"
        }
      ],
      "image": "https://preview.redd.it/0758u1nafz761.jpg?width=1080&crop=smart&auto=webp&s=bb274988fed13c6c2fdf459e079dd0b3d28da582"
    },
    "2020_12_29_en_reddit_reddit__r--funny--comments--km2kta--shirtception_my_favorite_gift_every_year_from_my": {
      "id": "2020_12_29_en_reddit_reddit__r--funny--comments--km2kta--shirtception_my_favorite_gift_every_year_from_my",
      "url": "https://old.reddit.com/r/funny/comments/km2kta/shirtception_my_favorite_gift_every_year_from_my/",
      "date_published": "2020-12-29T06:32:08.000Z",
      "date_modified": "2020-12-29T06:32:08.000Z",
      "_original_published": "2020-12-29T00:12:50.000Z",
      "_original_language": "en",
      "_translations": {
        "en": {
          "title": "“\"Shirtception\" - my favorite gift every year from my brother. We're now at level 7."
        },
        "zh-Hans": {
          "title": "“Shirtception”--我哥哥每年送我的最喜欢的礼物。我们现在是7级。"
        },
        "zh-Hant": {
          "title": "“Shirtception”--我哥哥每年送我的最喜歡的禮物。我們現在是7級。"
        }
      },
      "tags": [
        "funny"
      ],
      "authors": [
        {
          "name": "GeorgieWashington",
          "url": "https://old.reddit.com/user/GeorgieWashington"
        }
      ],
      "_links": [
        {
          "url": "https://old.reddit.com/r/funny/comments/km2kta/shirtception_my_favorite_gift_every_year_from_my/",
          "name": "&uarr;111948 votes"
        }
      ],
      "image": "https://preview.redd.it/blz2vs3kq0861.jpg?width=1080&crop=smart&auto=webp&s=46d1aff457cd073fdb3fecd5d9564d32bbabdf26"
    },
    "2020_12_28_en_reddit_reddit__r--funny--comments--klqyy4--no_good_work_goes_unpunished": {
      "id": "2020_12_28_en_reddit_reddit__r--funny--comments--klqyy4--no_good_work_goes_unpunished",
      "url": "https://old.reddit.com/r/funny/comments/klqyy4/no_good_work_goes_unpunished/",
      "date_published": "2020-12-28T19:57:47.000Z",
      "date_modified": "2020-12-28T19:57:47.000Z",
      "_original_published": "2020-12-28T13:54:51.000Z",
      "_original_language": "en",
      "_translations": {
        "en": {
          "title": "No good work goes unpunished"
        },
        "zh-Hans": {
          "title": "好的工作没有不受惩罚的。"
        },
        "zh-Hant": {
          "title": "好的工作沒有不受懲罰的。"
        }
      },
      "tags": [
        "funny"
      ],
      "authors": [
        {
          "name": "_workchronicles",
          "url": "https://old.reddit.com/user/_workchronicles"
        }
      ],
      "_links": [
        {
          "url": "https://old.reddit.com/r/funny/comments/klqyy4/no_good_work_goes_unpunished/",
          "name": "&uarr;107330 votes"
        }
      ],
      "image": "https://preview.redd.it/zi79wcxaox761.png?width=1080&crop=smart&auto=webp&s=4cbf80d26d35a341c3c4cb9f22f889a60f51fd26"
    },
    "2020_12_28_en_reddit_reddit__r--memes--comments--kll38o--you_gotta_feel_bad_for_ben_at_some_point": {
      "id": "2020_12_28_en_reddit_reddit__r--memes--comments--kll38o--you_gotta_feel_bad_for_ben_at_some_point",
      "url": "https://old.reddit.com/r/memes/comments/kll38o/you_gotta_feel_bad_for_ben_at_some_point/",
      "date_published": "2020-12-28T14:39:22.000Z",
      "date_modified": "2020-12-28T14:39:22.000Z",
      "_original_published": "2020-12-28T06:34:06.000Z",
      "_original_language": "en",
      "_translations": {
        "en": {
          "title": "You gotta feel bad for Ben at some point."
        },
        "zh-Hans": {
          "title": "你总有一天会为本感到难过的。"
        },
        "zh-Hant": {
          "title": "你總有一天會爲本感到難過的。"
        }
      },
      "tags": [
        "memes"
      ],
      "authors": [
        {
          "name": "SeveringZeus691",
          "url": "https://old.reddit.com/user/SeveringZeus691"
        }
      ],
      "_links": [
        {
          "url": "https://old.reddit.com/r/memes/comments/kll38o/you_gotta_feel_bad_for_ben_at_some_point/",
          "name": "&uarr;106415 votes"
        }
      ],
      "image": "https://preview.redd.it/f8i8c77ohv761.jpg?width=1080&crop=smart&auto=webp&s=11287acada82250d9fba5b6108788ec78f028c05"
    },
    "2020_12_26_en_reddit_reddit__r--interestingasfuck--comments--kkrerj--hi_remember_me_the_white_blood_cell_immunotherapy": {
      "id": "2020_12_26_en_reddit_reddit__r--interestingasfuck--comments--kkrerj--hi_remember_me_the_white_blood_cell_immunotherapy",
      "url": "https://old.reddit.com/r/interestingasfuck/comments/kkrerj/hi_remember_me_the_white_blood_cell_immunotherapy/",
      "date_published": "2020-12-27T05:34:41.000Z",
      "date_modified": "2020-12-27T05:34:41.000Z",
      "_original_published": "2020-12-26T22:30:04.000Z",
      "_original_language": "en",
      "_translations": {
        "en": {
          "title": "Hi! Remember me? The white blood cell immunotherapy girl? Well, update: IT WORKED. Stage 4 to NO CANCER in 3 months! Zero evidence of disease at 3mo scan, and staying that way. Science is magic. (link to og post in comments)"
        },
        "zh-Hans": {
          "title": "嗨!还记得我吗？那个接受白细胞免疫治疗的女孩？嗯，最新消息：它奏效了。4期到3个月内没有癌症！在3个月的扫描中没有任何疾病的证据，并保持这种状态。科学是神奇的。(评论中的博客帖子链接)"
        },
        "zh-Hant": {
          "title": "嗨!還記得我嗎？那個接受白細胞免疫治療的女孩？嗯，最新消息：它奏效了。4期到3個月內沒有癌症！在3個月的掃描中沒有任何疾病的證據，並保持這種狀態。科學是神奇的。(評論中的博客帖子鏈接)"
        }
      },
      "tags": [
        "interestingasfuck"
      ],
      "authors": [
        {
          "name": "sarahjewel",
          "url": "https://old.reddit.com/user/sarahjewel"
        }
      ],
      "_links": [
        {
          "url": "https://old.reddit.com/r/interestingasfuck/comments/kkrerj/hi_remember_me_the_white_blood_cell_immunotherapy/",
          "name": "&uarr;106416 votes"
        }
      ],
      "image": "https://external-preview.redd.it/TiFyEHZ1rYgYObMJ7wu4L9FMbqgmCZsik3m0hKeXU8U.jpg?width=1080&crop=smart&auto=webp&s=98e16dca392247c628db8fae377bec844da743b6"
    }
  }
}
