{
  "items": {
    "2021_04_30_en_reddit_reddit__r--nextfuckinglevel--comments--n1s9ub--dodging_a_cashintransit_robbery_the_man_has_balls": {
      "id": "2021_04_30_en_reddit_reddit__r--nextfuckinglevel--comments--n1s9ub--dodging_a_cashintransit_robbery_the_man_has_balls",
      "url": "https://old.reddit.com/r/nextfuckinglevel/comments/n1s9ub/dodging_a_cashintransit_robbery_the_man_has_balls/",
      "date_published": "2021-04-30T16:24:34.000Z",
      "date_modified": "2021-04-30T16:24:34.000Z",
      "_original_published": "2021-04-30T11:57:11.000Z",
      "_original_language": "en",
      "_translations": {
        "en": {
          "title": "Dodging a cash-in-transit robbery. The man has balls of steel"
        },
        "ja": {
          "title": "現金輸送車の強盗をかわす。その人は鋼のボールを持っている"
        },
        "zh-Hans": {
          "title": "躲过了一场现金交易的劫难。这个人有钢铁般的胆量"
        },
        "zh-Hant": {
          "title": "躲過了一場現金交易的劫難。這個人有鋼鐵般的膽量"
        }
      },
      "tags": [
        "nextfuckinglevel"
      ],
      "authors": [
        {
          "name": "TopCat933",
          "url": "https://old.reddit.com/user/TopCat933"
        }
      ],
      "_links": [
        {
          "url": "https://old.reddit.com/r/nextfuckinglevel/comments/n1s9ub/dodging_a_cashintransit_robbery_the_man_has_balls/",
          "name": "&uarr;228101 votes"
        }
      ],
      "image": "https://external-preview.redd.it/7m2wozykN1Q4P1lUsWtB9VqmV_ul20m-cdvYdnFglVg.png?width=640&crop=smart&format=pjpg&auto=webp&s=1e2c0c8bb6f8847dafc22fcbb0be16006b318cb6",
      "_video": {
        "sources": [
          {
            "url": "https://v.redd.it/hg672cvevaw61/DASH_240.mp4?source=fallback"
          }
        ],
        "width": 426,
        "height": 234,
        "poster": "https://external-preview.redd.it/7m2wozykN1Q4P1lUsWtB9VqmV_ul20m-cdvYdnFglVg.png?width=640&crop=smart&format=pjpg&auto=webp&s=1e2c0c8bb6f8847dafc22fcbb0be16006b318cb6"
      }
    },
    "2021_05_02_en_reddit_reddit__r--interestingasfuck--comments--n39zq5--i_created_a_photorealistic_image_of_george": {
      "id": "2021_05_02_en_reddit_reddit__r--interestingasfuck--comments--n39zq5--i_created_a_photorealistic_image_of_george",
      "url": "https://old.reddit.com/r/interestingasfuck/comments/n39zq5/i_created_a_photorealistic_image_of_george/",
      "date_published": "2021-05-02T19:25:08.000Z",
      "date_modified": "2021-05-02T19:25:08.000Z",
      "_original_published": "2021-05-02T16:26:00.000Z",
      "_original_language": "en",
      "_translations": {
        "en": {
          "title": "I created a photorealistic image of George Washington if he lived in the present day."
        },
        "ja": {
          "title": "ジョージ・ワシントンが現代に生きていたら、というフォトリアリスティックなイメージを作りました。"
        },
        "zh-Hans": {
          "title": "我创建了一个乔治-华盛顿的逼真形象，如果他生活在今天。"
        },
        "zh-Hant": {
          "title": "我創建了一個喬治-華盛頓的逼真形象，如果他生活在今天。"
        }
      },
      "tags": [
        "interestingasfuck"
      ],
      "authors": [
        {
          "name": "KingBaboon97",
          "url": "https://old.reddit.com/user/KingBaboon97"
        }
      ],
      "_links": [
        {
          "url": "https://old.reddit.com/r/interestingasfuck/comments/n39zq5/i_created_a_photorealistic_image_of_george/",
          "name": "&uarr;210959 votes"
        }
      ],
      "image": "https://preview.redd.it/kaopcso5hqw61.jpg?width=1080&crop=smart&auto=webp&s=c062643245124017fc1b6eb129b6d1e576493a6f"
    },
    "2021_04_30_en_reddit_reddit__r--memes--comments--n1wilj--he_is_the_chosen_one_he_will_bring_the_change": {
      "id": "2021_04_30_en_reddit_reddit__r--memes--comments--n1wilj--he_is_the_chosen_one_he_will_bring_the_change",
      "url": "https://old.reddit.com/r/memes/comments/n1wilj/he_is_the_chosen_one_he_will_bring_the_change/",
      "date_published": "2021-04-30T19:41:17.000Z",
      "date_modified": "2021-04-30T19:41:17.000Z",
      "_original_published": "2021-04-30T15:39:58.000Z",
      "_original_language": "en",
      "_translations": {
        "en": {
          "title": "He is the chosen one. He will bring the change"
        },
        "ja": {
          "title": "彼は選ばれし者である。彼は変化をもたらす"
        },
        "zh-Hans": {
          "title": "他是被选中的人。他将带来改变"
        },
        "zh-Hant": {
          "title": "他是被選中的人。他將帶來改變"
        }
      },
      "tags": [
        "memes"
      ],
      "authors": [
        {
          "name": "lolpollll",
          "url": "https://old.reddit.com/user/lolpollll"
        }
      ],
      "_links": [
        {
          "url": "https://old.reddit.com/r/memes/comments/n1wilj/he_is_the_chosen_one_he_will_bring_the_change/",
          "name": "&uarr;172791 votes"
        }
      ],
      "image": "https://preview.redd.it/isw5svf6zbw61.jpg?width=960&crop=smart&auto=webp&s=1cf9542f821f2d794f6201f02c1ff466f39a192c"
    },
    "2021_05_05_en_reddit_reddit__r--memes--comments--n5e61n--microsoft_word": {
      "id": "2021_05_05_en_reddit_reddit__r--memes--comments--n5e61n--microsoft_word",
      "url": "https://old.reddit.com/r/memes/comments/n5e61n/microsoft_word/",
      "date_published": "2021-05-05T16:50:31.000Z",
      "date_modified": "2021-05-05T16:50:31.000Z",
      "_original_published": "2021-05-05T11:56:47.000Z",
      "_original_language": "en",
      "_translations": {
        "en": {
          "title": "Microsoft word"
        },
        "ja": {
          "title": "マイクロソフト・ワード"
        },
        "zh-Hans": {
          "title": "微软字"
        },
        "zh-Hant": {
          "title": "微軟字"
        }
      },
      "tags": [
        "memes"
      ],
      "authors": [
        {
          "name": "Ikebear2",
          "url": "https://old.reddit.com/user/Ikebear2"
        }
      ],
      "_links": [
        {
          "url": "https://old.reddit.com/r/memes/comments/n5e61n/microsoft_word/",
          "name": "&uarr;155795 votes"
        }
      ],
      "image": "https://external-preview.redd.it/MDMKdYWoJ336qGzioxqUnycFOTMrN3xfAe8EsS7WMV0.png?width=640&crop=smart&format=pjpg&auto=webp&s=3ee921bb5729a7918594685ce98e305344c27773",
      "_video": {
        "sources": [
          {
            "url": "https://v.redd.it/65w13eorjax61/DASH_480.mp4?source=fallback"
          }
        ],
        "width": 603,
        "height": 480,
        "poster": "https://external-preview.redd.it/MDMKdYWoJ336qGzioxqUnycFOTMrN3xfAe8EsS7WMV0.png?width=640&crop=smart&format=pjpg&auto=webp&s=3ee921bb5729a7918594685ce98e305344c27773"
      }
    },
    "2021_05_05_en_reddit_reddit__r--interestingasfuck--comments--n5i3qw--i_created_a_photorealistic_image_of_abraham": {
      "id": "2021_05_05_en_reddit_reddit__r--interestingasfuck--comments--n5i3qw--i_created_a_photorealistic_image_of_abraham",
      "url": "https://old.reddit.com/r/interestingasfuck/comments/n5i3qw/i_created_a_photorealistic_image_of_abraham/",
      "date_published": "2021-05-05T19:26:24.000Z",
      "date_modified": "2021-05-05T19:26:24.000Z",
      "_original_published": "2021-05-05T15:07:46.000Z",
      "_original_language": "en",
      "_translations": {
        "en": {
          "title": "I created a photorealistic image of Abraham Lincoln if he lived in the present day."
        },
        "ja": {
          "title": "もしもリンカーンが現代に生きていたら、というフォトリアリスティックなイメージを作りました。"
        },
        "zh-Hans": {
          "title": "我创建了一个亚伯拉罕-林肯的逼真形象，如果他生活在今天。"
        },
        "zh-Hant": {
          "title": "我創建了一個亞伯拉罕-林肯的逼真形象，如果他生活在今天。"
        }
      },
      "tags": [
        "interestingasfuck"
      ],
      "authors": [
        {
          "name": "eoford",
          "url": "https://old.reddit.com/user/eoford"
        }
      ],
      "_links": [
        {
          "url": "https://old.reddit.com/r/interestingasfuck/comments/n5i3qw/i_created_a_photorealistic_image_of_abraham/",
          "name": "&uarr;151686 votes"
        }
      ],
      "image": "https://preview.redd.it/izknkp2whbx61.jpg?width=1080&crop=smart&auto=webp&s=6ff395438b948ef02d39521a29bfec8f56508f67"
    },
    "2021_05_01_en_reddit_reddit__r--nextfuckinglevel--comments--n2hia2--this_child_was_a_cancer_patient_and_his_last_wish": {
      "id": "2021_05_01_en_reddit_reddit__r--nextfuckinglevel--comments--n2hia2--this_child_was_a_cancer_patient_and_his_last_wish",
      "url": "https://old.reddit.com/r/nextfuckinglevel/comments/n2hia2/this_child_was_a_cancer_patient_and_his_last_wish/",
      "date_published": "2021-05-01T18:45:46.000Z",
      "date_modified": "2021-05-01T18:45:46.000Z",
      "_original_published": "2021-05-01T12:36:18.000Z",
      "_original_language": "en",
      "_translations": {
        "en": {
          "title": "This child was a cancer patient and his last wish to fight Triple H which was fulfilled after a social media campaign for him."
        },
        "ja": {
          "title": "この子どもはがん患者で、最後の願いはトリプルHと戦うことでしたが、ソーシャルメディアでのキャンペーンの結果、実現しました。"
        },
        "zh-Hans": {
          "title": "这个孩子是一名癌症患者，他的最后一个愿望是与Triple H战斗，这在社交媒体为他开展的活动后得以实现。"
        },
        "zh-Hant": {
          "title": "這個孩子是一名癌症患者，他的最後一個願望是與Triple H戰鬥，這在社交媒體爲他開展的活動後得以實現。"
        }
      },
      "tags": [
        "nextfuckinglevel"
      ],
      "authors": [
        {
          "name": "TriggeredGuy001",
          "url": "https://old.reddit.com/user/TriggeredGuy001"
        }
      ],
      "_links": [
        {
          "url": "https://old.reddit.com/r/nextfuckinglevel/comments/n2hia2/this_child_was_a_cancer_patient_and_his_last_wish/",
          "name": "&uarr;144805 votes"
        }
      ],
      "image": "https://external-preview.redd.it/kgW_h3n-TnhmfzKg8fANbO37GqVDPSe74bAdaBYqoHk.png?width=320&crop=smart&format=pjpg&auto=webp&s=bff4f406189e6251e5ac2858b73b5fa179a1cd4c",
      "_video": {
        "sources": [
          {
            "url": "https://v.redd.it/g25ur9v67iw61/DASH_240.mp4?source=fallback"
          }
        ],
        "width": 360,
        "height": 210,
        "poster": "https://external-preview.redd.it/kgW_h3n-TnhmfzKg8fANbO37GqVDPSe74bAdaBYqoHk.png?width=320&crop=smart&format=pjpg&auto=webp&s=bff4f406189e6251e5ac2858b73b5fa179a1cd4c"
      }
    },
    "2021_05_03_en_reddit_reddit__r--nextfuckinglevel--comments--n3s2nd--elephant_uses_stealth_mode_to_foil_antielephant": {
      "id": "2021_05_03_en_reddit_reddit__r--nextfuckinglevel--comments--n3s2nd--elephant_uses_stealth_mode_to_foil_antielephant",
      "url": "https://old.reddit.com/r/nextfuckinglevel/comments/n3s2nd/elephant_uses_stealth_mode_to_foil_antielephant/",
      "date_published": "2021-05-03T15:30:22.000Z",
      "date_modified": "2021-05-03T15:30:22.000Z",
      "_original_published": "2021-05-03T09:37:39.000Z",
      "_original_language": "en",
      "_translations": {
        "en": {
          "title": "Elephant uses \"stealth mode\" to foil anti-elephant fence"
        },
        "ja": {
          "title": "ゾウがステルスモードでフェンスを突破"
        },
        "zh-Hans": {
          "title": "大象使用 \"隐身模式 \"挫败反象围栏"
        },
        "zh-Hant": {
          "title": "大象使用 \"隱身模式 \"挫敗反象圍欄"
        }
      },
      "tags": [
        "nextfuckinglevel"
      ],
      "authors": [
        {
          "name": "WlTCHFINDER-GENERAL",
          "url": "https://old.reddit.com/user/WlTCHFINDER-GENERAL"
        }
      ],
      "_links": [
        {
          "url": "https://old.reddit.com/r/nextfuckinglevel/comments/n3s2nd/elephant_uses_stealth_mode_to_foil_antielephant/",
          "name": "&uarr;142240 votes"
        }
      ],
      "image": "https://external-preview.redd.it/hG9qZ_VxMJjghVq_lqLCoPyKzCprU4UOXMyA6mVQL9M.jpg?width=640&crop=smart&format=pjpg&auto=webp&s=e7c20ec9f2589915874123c128de8afba4f7294f",
      "_video": {
        "sources": [
          {
            "url": "https://v.redd.it/66jdnnf9lvw61/DASH_360.mp4?source=fallback"
          }
        ],
        "width": 626,
        "height": 360,
        "poster": "https://external-preview.redd.it/hG9qZ_VxMJjghVq_lqLCoPyKzCprU4UOXMyA6mVQL9M.jpg?width=640&crop=smart&format=pjpg&auto=webp&s=e7c20ec9f2589915874123c128de8afba4f7294f"
      }
    },
    "2021_05_05_en_reddit_reddit__r--iamatotalpieceofshit--comments--n5dt38--officer_damages_private_property_while_executing": {
      "id": "2021_05_05_en_reddit_reddit__r--iamatotalpieceofshit--comments--n5dt38--officer_damages_private_property_while_executing",
      "url": "https://old.reddit.com/r/iamatotalpieceofshit/comments/n5dt38/officer_damages_private_property_while_executing/",
      "date_published": "2021-05-05T18:40:48.000Z",
      "date_modified": "2021-05-05T18:40:48.000Z",
      "_original_published": "2021-05-05T11:35:43.000Z",
      "_original_language": "en",
      "_translations": {
        "en": {
          "title": "Officer damages private property while executing a search warrant"
        },
        "ja": {
          "title": "捜索令状の執行中に警官が私有財産を損傷した場合"
        },
        "zh-Hans": {
          "title": "官员在执行搜查令时损坏私人财产"
        },
        "zh-Hant": {
          "title": "官員在執行搜查令時損壞私人財產"
        }
      },
      "tags": [
        "iamatotalpieceofshit"
      ],
      "authors": [
        {
          "name": "RSyogsy",
          "url": "https://old.reddit.com/user/RSyogsy"
        }
      ],
      "_links": [
        {
          "url": "https://old.reddit.com/r/iamatotalpieceofshit/comments/n5dt38/officer_damages_private_property_while_executing/",
          "name": "&uarr;142152 votes"
        }
      ],
      "image": "https://external-preview.redd.it/2AE82omXLUpovu08ixb6vFxWepjaRStuYqwZZibpDr4.png?width=320&crop=smart&format=pjpg&auto=webp&s=ecf2386cc1c7103823057ca593ca8299cd223917",
      "_video": {
        "sources": [
          {
            "url": "https://v.redd.it/84ctljlqfax61/DASH_480.mp4?source=fallback"
          }
        ],
        "width": 423,
        "height": 480,
        "poster": "https://external-preview.redd.it/2AE82omXLUpovu08ixb6vFxWepjaRStuYqwZZibpDr4.png?width=320&crop=smart&format=pjpg&auto=webp&s=ecf2386cc1c7103823057ca593ca8299cd223917"
      }
    },
    "2021_05_02_en_reddit_reddit__r--nextfuckinglevel--comments--n3cszh--she_died_last_week_at_age_98": {
      "id": "2021_05_02_en_reddit_reddit__r--nextfuckinglevel--comments--n3cszh--she_died_last_week_at_age_98",
      "url": "https://old.reddit.com/r/nextfuckinglevel/comments/n3cszh/she_died_last_week_at_age_98/",
      "date_published": "2021-05-02T22:31:18.000Z",
      "date_modified": "2021-05-02T22:31:18.000Z",
      "_original_published": "2021-05-02T18:39:41.000Z",
      "_original_language": "en",
      "_translations": {
        "en": {
          "title": "She died last week at age 98."
        },
        "ja": {
          "title": "先週、98歳で亡くなりました。"
        },
        "zh-Hans": {
          "title": "她于上周去世，享年98岁。"
        },
        "zh-Hant": {
          "title": "她於上週去世，享年98歲。"
        }
      },
      "tags": [
        "nextfuckinglevel"
      ],
      "authors": [
        {
          "name": "evenifitry",
          "url": "https://old.reddit.com/user/evenifitry"
        }
      ],
      "_links": [
        {
          "url": "https://old.reddit.com/r/nextfuckinglevel/comments/n3cszh/she_died_last_week_at_age_98/",
          "name": "&uarr;141967 votes"
        }
      ],
      "image": "https://preview.redd.it/9vb97bl15rw61.jpg?width=1080&crop=smart&auto=webp&s=23fb1961b9caf46a0d5f88794f0d189106c89197"
    },
    "2021_05_05_en_reddit_reddit__r--aww--comments--n5oacm--rescued_baby_seals_first_swim_lesson": {
      "id": "2021_05_05_en_reddit_reddit__r--aww--comments--n5oacm--rescued_baby_seals_first_swim_lesson",
      "url": "https://old.reddit.com/r/aww/comments/n5oacm/rescued_baby_seals_first_swim_lesson/",
      "date_published": "2021-05-06T00:18:45.000Z",
      "date_modified": "2021-05-06T00:18:45.000Z",
      "_original_published": "2021-05-05T19:26:53.000Z",
      "_original_language": "en",
      "_translations": {
        "en": {
          "title": "rescued baby seal's first swim lesson"
        },
        "ja": {
          "title": "保護された赤ちゃんアザラシの初めての水泳教室"
        },
        "zh-Hans": {
          "title": "获救的小海豹的第一堂游泳课"
        },
        "zh-Hant": {
          "title": "獲救的小海豹的第一堂游泳課"
        }
      },
      "tags": [
        "aww"
      ],
      "authors": [
        {
          "name": "m33gs",
          "url": "https://old.reddit.com/user/m33gs"
        }
      ],
      "_links": [
        {
          "url": "https://old.reddit.com/r/aww/comments/n5oacm/rescued_baby_seals_first_swim_lesson/",
          "name": "&uarr;141608 votes"
        }
      ],
      "image": "https://external-preview.redd.it/9aSmpMIa7FS3ACXcncpKWd4qlv3AIRrajgRxtkVYMgU.png?width=1080&crop=smart&format=pjpg&auto=webp&s=b082d3bc1ab11d216aa90d475d58ee89c6b045cc",
      "_video": {
        "sources": [
          {
            "url": "https://v.redd.it/hs3ij1n2scx61/DASH_720.mp4?source=fallback"
          }
        ],
        "width": 1280,
        "height": 720,
        "poster": "https://external-preview.redd.it/9aSmpMIa7FS3ACXcncpKWd4qlv3AIRrajgRxtkVYMgU.png?width=1080&crop=smart&format=pjpg&auto=webp&s=b082d3bc1ab11d216aa90d475d58ee89c6b045cc"
      }
    },
    "2021_04_30_en_reddit_reddit__r--pics--comments--n22pna--doctor_protesting_new_york_city": {
      "id": "2021_04_30_en_reddit_reddit__r--pics--comments--n22pna--doctor_protesting_new_york_city",
      "url": "https://old.reddit.com/r/pics/comments/n22pna/doctor_protesting_new_york_city/",
      "date_published": "2021-05-01T02:29:39.000Z",
      "date_modified": "2021-05-01T02:29:39.000Z",
      "_original_published": "2021-04-30T20:30:43.000Z",
      "_original_language": "en",
      "_translations": {
        "en": {
          "title": "Doctor protesting. New York City."
        },
        "ja": {
          "title": "抗議する医師。ニューヨークの様子。"
        },
        "zh-Hans": {
          "title": "医生在抗议。纽约市。"
        },
        "zh-Hant": {
          "title": "醫生在抗議。紐約市。"
        }
      },
      "tags": [
        "pics"
      ],
      "authors": [
        {
          "name": "DaFunkJunkie",
          "url": "https://old.reddit.com/user/DaFunkJunkie"
        }
      ],
      "_links": [
        {
          "url": "https://old.reddit.com/r/pics/comments/n22pna/doctor_protesting_new_york_city/",
          "name": "&uarr;133872 votes"
        }
      ],
      "image": "https://preview.redd.it/a4vtsn12fdw61.jpg?width=1080&crop=smart&auto=webp&s=1ac0d7ddbd8614387b5717f2425bda8dcafd6501"
    },
    "2021_05_06_en_reddit_reddit__r--IdiotsInCars--comments--n6dlon--ohio_state_senator_using_a_zoom_background_of_his": {
      "id": "2021_05_06_en_reddit_reddit__r--IdiotsInCars--comments--n6dlon--ohio_state_senator_using_a_zoom_background_of_his",
      "url": "https://old.reddit.com/r/IdiotsInCars/comments/n6dlon/ohio_state_senator_using_a_zoom_background_of_his/",
      "date_published": "2021-05-07T00:41:50.000Z",
      "date_modified": "2021-05-07T00:41:50.000Z",
      "_original_published": "2021-05-06T18:10:15.000Z",
      "_original_language": "en",
      "_translations": {
        "en": {
          "title": "Ohio State Senator, using a Zoom background of his home office while driving, debating a bill for harsher penalties for distracted driving."
        },
        "ja": {
          "title": "オハイオ州選出の上院議員、運転中に自宅オフィスのZoom背景を使い、脇見運転の厳罰化を求める法案を審議中。"
        },
        "zh-Hans": {
          "title": "俄亥俄州参议员，在开车时使用其家庭办公室的变焦背景，辩论一项对分心驾驶进行更严厉处罚的法案。"
        },
        "zh-Hant": {
          "title": "俄亥俄州參議員，在開車時使用其家庭辦公室的變焦背景，辯論一項對分心駕駛進行更嚴厲處罰的法案。"
        }
      },
      "tags": [
        "IdiotsInCars"
      ],
      "authors": [
        {
          "name": "JDBAZ",
          "url": "https://old.reddit.com/user/JDBAZ"
        }
      ],
      "_links": [
        {
          "url": "https://old.reddit.com/r/IdiotsInCars/comments/n6dlon/ohio_state_senator_using_a_zoom_background_of_his/",
          "name": "&uarr;151950 votes"
        }
      ],
      "image": "https://external-preview.redd.it/MlTt2wadTLhf7_xrlRlNGy5maVO1Di74Ax36VJ1CHEQ.png?width=640&crop=smart&format=pjpg&auto=webp&s=f1fdf6632517e6c1b6586f00117d61b9b907d315",
      "_video": {
        "sources": [
          {
            "url": "https://v.redd.it/gpcqpmafjjx61/DASH_360.mp4?source=fallback"
          }
        ],
        "width": 640,
        "height": 360,
        "poster": "https://external-preview.redd.it/MlTt2wadTLhf7_xrlRlNGy5maVO1Di74Ax36VJ1CHEQ.png?width=640&crop=smart&format=pjpg&auto=webp&s=f1fdf6632517e6c1b6586f00117d61b9b907d315"
      }
    },
    "2021_05_06_en_reddit_reddit__r--MurderedByWords--comments--n67owk--ironic_how_that_works_huh": {
      "id": "2021_05_06_en_reddit_reddit__r--MurderedByWords--comments--n67owk--ironic_how_that_works_huh",
      "url": "https://old.reddit.com/r/MurderedByWords/comments/n67owk/ironic_how_that_works_huh/",
      "date_published": "2021-05-06T21:17:07.000Z",
      "date_modified": "2021-05-06T21:17:07.000Z",
      "_original_published": "2021-05-06T13:48:31.000Z",
      "_original_language": "en",
      "_translations": {
        "en": {
          "title": "Ironic how that works, huh?"
        },
        "ja": {
          "title": "皮肉なものですね。"
        },
        "zh-Hans": {
          "title": "这很讽刺，是吧？"
        },
        "zh-Hant": {
          "title": "這很諷刺，是吧？"
        }
      },
      "tags": [
        "MurderedByWords"
      ],
      "authors": [
        {
          "name": "karmaths",
          "url": "https://old.reddit.com/user/karmaths"
        }
      ],
      "_links": [
        {
          "url": "https://old.reddit.com/r/MurderedByWords/comments/n67owk/ironic_how_that_works_huh/",
          "name": "&uarr;133415 votes"
        }
      ],
      "image": "https://preview.redd.it/aousm4ir8ix61.png?width=1080&crop=smart&auto=webp&s=c66b348d548efb430748182305f4d3504537ed2a"
    },
    "2021_05_04_en_reddit_reddit__r--Unexpected--comments--n4sed6--bad_idea": {
      "id": "2021_05_04_en_reddit_reddit__r--Unexpected--comments--n4sed6--bad_idea",
      "url": "https://old.reddit.com/r/Unexpected/comments/n4sed6/bad_idea/",
      "date_published": "2021-05-04T23:09:50.000Z",
      "date_modified": "2021-05-04T23:09:50.000Z",
      "_original_published": "2021-05-04T16:20:17.000Z",
      "_original_language": "en",
      "_translations": {
        "en": {
          "title": "Bad idea."
        },
        "ja": {
          "title": "悪い考えです。"
        },
        "zh-Hans": {
          "title": "坏主意。"
        },
        "zh-Hant": {
          "title": "壞主意。"
        }
      },
      "tags": [
        "Unexpected"
      ],
      "authors": [
        {
          "name": "esberat",
          "url": "https://old.reddit.com/user/esberat"
        }
      ],
      "_links": [
        {
          "url": "https://old.reddit.com/r/Unexpected/comments/n4sed6/bad_idea/",
          "name": "&uarr;128087 votes"
        }
      ],
      "image": "https://external-preview.redd.it/6VrN5VaGjqBGQ-vWOIfli_0MelxghkVQZjrIuUrRBIE.jpg?width=216&crop=smart&auto=webp&s=e85b806402e1a17c10341f7814b2552e578af0ea",
      "_video": {
        "sources": [
          {
            "url": "https://v.redd.it/u0fuita1q4x61/DASH_720.mp4"
          }
        ],
        "width": 406,
        "height": 720,
        "poster": "https://external-preview.redd.it/6VrN5VaGjqBGQ-vWOIfli_0MelxghkVQZjrIuUrRBIE.jpg?width=216&crop=smart&auto=webp&s=e85b806402e1a17c10341f7814b2552e578af0ea"
      }
    },
    "2021_05_02_en_reddit_reddit__r--Unexpected--comments--n2w969--if_you_had_24_hours_with_me": {
      "id": "2021_05_02_en_reddit_reddit__r--Unexpected--comments--n2w969--if_you_had_24_hours_with_me",
      "url": "https://old.reddit.com/r/Unexpected/comments/n2w969/if_you_had_24_hours_with_me/",
      "date_published": "2021-05-02T09:50:55.000Z",
      "date_modified": "2021-05-02T09:50:55.000Z",
      "_original_published": "2021-05-02T01:29:39.000Z",
      "_original_language": "en",
      "_translations": {
        "en": {
          "title": "If you had 24 hours with me.."
        },
        "ja": {
          "title": "もしも24時間一緒にいられたら...。"
        },
        "zh-Hans": {
          "title": "如果你有24小时和我在一起..."
        },
        "zh-Hant": {
          "title": "如果你有24小時和我在一起..."
        }
      },
      "tags": [
        "Unexpected"
      ],
      "authors": [
        {
          "name": "Measy1",
          "url": "https://old.reddit.com/user/Measy1"
        }
      ],
      "_links": [
        {
          "url": "https://old.reddit.com/r/Unexpected/comments/n2w969/if_you_had_24_hours_with_me/",
          "name": "&uarr;126681 votes"
        }
      ],
      "image": "https://external-preview.redd.it/agH3uJo9pf0tYpJdakZLv-RBRwyVl5SKCKZLsVTiUiM.png?width=216&crop=smart&format=pjpg&auto=webp&s=7da1acca093d96e371f830c15a02964da1d337f4",
      "_video": {
        "sources": [
          {
            "url": "https://v.redd.it/2w92g1w51mw61/DASH_360.mp4?source=fallback"
          }
        ],
        "width": 202,
        "height": 360,
        "poster": "https://external-preview.redd.it/agH3uJo9pf0tYpJdakZLv-RBRwyVl5SKCKZLsVTiUiM.png?width=216&crop=smart&format=pjpg&auto=webp&s=7da1acca093d96e371f830c15a02964da1d337f4"
      }
    },
    "2021_05_06_en_reddit_reddit__r--funny--comments--n687z1--welcome_to_the_ocean": {
      "id": "2021_05_06_en_reddit_reddit__r--funny--comments--n687z1--welcome_to_the_ocean",
      "url": "https://old.reddit.com/r/funny/comments/n687z1/welcome_to_the_ocean/",
      "date_published": "2021-05-06T19:27:17.000Z",
      "date_modified": "2021-05-06T19:27:17.000Z",
      "_original_published": "2021-05-06T14:14:10.000Z",
      "_original_language": "en",
      "_translations": {
        "en": {
          "title": "Welcome to the Ocean"
        },
        "ja": {
          "title": "海へようこそ"
        },
        "zh-Hans": {
          "title": "欢迎来到海洋"
        },
        "zh-Hant": {
          "title": "歡迎來到海洋"
        }
      },
      "tags": [
        "funny"
      ],
      "authors": [
        {
          "name": "pigona_wing",
          "url": "https://old.reddit.com/user/pigona_wing"
        }
      ],
      "_links": [
        {
          "url": "https://old.reddit.com/r/funny/comments/n687z1/welcome_to_the_ocean/",
          "name": "&uarr;129647 votes"
        }
      ],
      "image": "https://preview.redd.it/h4n4pv3adix61.jpg?width=1080&crop=smart&auto=webp&s=2473716f5efcec195ae83247e2c691df2331fc75"
    },
    "2021_05_01_en_reddit_reddit__r--memes--comments--n2qzj9--too_cool_for_skewl": {
      "id": "2021_05_01_en_reddit_reddit__r--memes--comments--n2qzj9--too_cool_for_skewl",
      "url": "https://old.reddit.com/r/memes/comments/n2qzj9/too_cool_for_skewl/",
      "date_published": "2021-05-02T02:35:55.000Z",
      "date_modified": "2021-05-02T02:35:55.000Z",
      "_original_published": "2021-05-01T20:42:25.000Z",
      "_original_language": "en",
      "_translations": {
        "en": {
          "title": "Too cool for skewl 😎"
        },
        "ja": {
          "title": "串カツかっこよすぎ😎。"
        },
        "zh-Hans": {
          "title": "太酷了，不知道该怎么形容😎"
        },
        "zh-Hant": {
          "title": "太酷了，不知道該怎麼形容😎"
        }
      },
      "tags": [
        "memes"
      ],
      "authors": [
        {
          "name": "maximumkush",
          "url": "https://old.reddit.com/user/maximumkush"
        }
      ],
      "_links": [
        {
          "url": "https://old.reddit.com/r/memes/comments/n2qzj9/too_cool_for_skewl/",
          "name": "&uarr;126454 votes"
        }
      ],
      "image": "https://external-preview.redd.it/l7mxWkak3tUY5sbW6_VqBoQZjfsw-Y4acWoFY8Kr70M.png?width=1080&crop=smart&format=pjpg&auto=webp&s=b6a77b5b5e4fea2bb0b7720d3ef38369ea4382a2",
      "_video": {
        "sources": [
          {
            "url": "https://v.redd.it/7qn0zqkwlkw61/DASH_1080.mp4?source=fallback"
          }
        ],
        "width": 929,
        "height": 1080,
        "poster": "https://external-preview.redd.it/l7mxWkak3tUY5sbW6_VqBoQZjfsw-Y4acWoFY8Kr70M.png?width=1080&crop=smart&format=pjpg&auto=webp&s=b6a77b5b5e4fea2bb0b7720d3ef38369ea4382a2"
      }
    },
    "2021_05_01_en_reddit_reddit__r--memes--comments--n2aw4l--inspired_by_nature": {
      "id": "2021_05_01_en_reddit_reddit__r--memes--comments--n2aw4l--inspired_by_nature",
      "url": "https://old.reddit.com/r/memes/comments/n2aw4l/inspired_by_nature/",
      "date_published": "2021-05-01T10:30:07.000Z",
      "date_modified": "2021-05-01T10:30:07.000Z",
      "_original_published": "2021-05-01T04:10:43.000Z",
      "_original_language": "en",
      "_translations": {
        "en": {
          "title": "Inspired by nature."
        },
        "ja": {
          "title": "自然からのインスピレーション。"
        },
        "zh-Hans": {
          "title": "灵感来自于大自然。"
        },
        "zh-Hant": {
          "title": "靈感來自於大自然。"
        }
      },
      "tags": [
        "memes"
      ],
      "authors": [
        {
          "name": "KatzeWolf",
          "url": "https://old.reddit.com/user/KatzeWolf"
        }
      ],
      "_links": [
        {
          "url": "https://old.reddit.com/r/memes/comments/n2aw4l/inspired_by_nature/",
          "name": "&uarr;126378 votes"
        }
      ],
      "image": "https://preview.redd.it/zzdd8et3pfw61.jpg?width=960&crop=smart&auto=webp&s=32863b6efe78a3b680ea8f9acd5001d1810015b2"
    },
    "2021_04_30_en_reddit_reddit__r--WhitePeopleTwitter--comments--n1zfwk--hypocrisy_at_its_finest": {
      "id": "2021_04_30_en_reddit_reddit__r--WhitePeopleTwitter--comments--n1zfwk--hypocrisy_at_its_finest",
      "url": "https://old.reddit.com/r/WhitePeopleTwitter/comments/n1zfwk/hypocrisy_at_its_finest/",
      "date_published": "2021-04-30T23:26:34.000Z",
      "date_modified": "2021-04-30T23:26:34.000Z",
      "_original_published": "2021-04-30T17:55:48.000Z",
      "_original_language": "en",
      "_translations": {
        "en": {
          "title": "Hypocrisy at its finest"
        },
        "ja": {
          "title": "偽善の極み"
        },
        "zh-Hans": {
          "title": "伪善的最好表现"
        },
        "zh-Hant": {
          "title": "僞善的最好表現"
        }
      },
      "tags": [
        "WhitePeopleTwitter"
      ],
      "authors": [
        {
          "name": "4ncutie",
          "url": "https://old.reddit.com/user/4ncutie"
        }
      ],
      "_links": [
        {
          "url": "https://old.reddit.com/r/WhitePeopleTwitter/comments/n1zfwk/hypocrisy_at_its_finest/",
          "name": "&uarr;125538 votes"
        }
      ],
      "image": "https://preview.redd.it/4c3w0h0fncw61.jpg?width=1080&crop=smart&auto=webp&s=631397b713d2faf26c02ec69e4c65150e8a731fe"
    },
    "2021_05_02_en_reddit_reddit__r--facepalm--comments--n35zci--hint_hint": {
      "id": "2021_05_02_en_reddit_reddit__r--facepalm--comments--n35zci--hint_hint",
      "url": "https://old.reddit.com/r/facepalm/comments/n35zci/hint_hint/",
      "date_published": "2021-05-02T20:26:33.000Z",
      "date_modified": "2021-05-02T20:26:33.000Z",
      "_original_published": "2021-05-02T13:03:05.000Z",
      "_original_language": "en",
      "_translations": {
        "en": {
          "title": "Hint Hint"
        },
        "ja": {
          "title": "Hint Hint"
        },
        "zh-Hans": {
          "title": "温馨提示 温馨提示"
        },
        "zh-Hant": {
          "title": "溫馨提示 溫馨提示"
        }
      },
      "tags": [
        "facepalm"
      ],
      "authors": [
        {
          "name": "__Dawn__Amber__",
          "url": "https://old.reddit.com/user/__Dawn__Amber__"
        }
      ],
      "_links": [
        {
          "url": "https://old.reddit.com/r/facepalm/comments/n35zci/hint_hint/",
          "name": "&uarr;123520 votes"
        }
      ],
      "image": "https://preview.redd.it/u7280tf0hpw61.jpg?width=960&crop=smart&auto=webp&s=596b77a6f98840b21f84957bebe7cb555aa3bdf7"
    }
  }
}
