{
  "items": {
    "2021_10_21_en_reddit_reddit__r--nextfuckinglevel--comments--qcjgsk--a_farmer_in_nebraska_asking_a_profracking": {
      "id": "2021_10_21_en_reddit_reddit__r--nextfuckinglevel--comments--qcjgsk--a_farmer_in_nebraska_asking_a_profracking",
      "url": "https://old.reddit.com/r/nextfuckinglevel/comments/qcjgsk/a_farmer_in_nebraska_asking_a_profracking/",
      "date_published": "2021-10-21T12:33:05.000Z",
      "date_modified": "2021-10-21T12:33:05.000Z",
      "_original_published": "2021-10-21T04:25:34.000Z",
      "_original_language": "en",
      "_translations": {
        "en": {
          "title": "A farmer in Nebraska asking a pro-fracking committee member to honor his word of drinking water from a fracking location."
        },
        "ja": {
          "title": "ネブラスカ州の農家が破砕推進委員に、破砕場所の水を飲むという約束を守ってほしいとお願いしています。"
        },
        "zh-Hans": {
          "title": "内布拉斯加州的一位农民要求支持压裂的委员会成员兑现他在压裂地点饮水的承诺。"
        },
        "zh-Hant": {
          "title": "內布拉斯加州的一位農民要求支持壓裂的委員會成員兌現他在壓裂地點飲水的承諾。"
        }
      },
      "tags": [
        "nextfuckinglevel"
      ],
      "authors": [
        {
          "name": "_Xyreo_",
          "url": "https://old.reddit.com/user/_Xyreo_"
        }
      ],
      "_links": [
        {
          "url": "https://old.reddit.com/r/nextfuckinglevel/comments/qcjgsk/a_farmer_in_nebraska_asking_a_profracking/",
          "name": "&uarr;82995 votes"
        }
      ],
      "image": "https://external-preview.redd.it/OrUK2YsNhygOwlznXXqEny5crIuqoX4LvvkaezFYnXQ.png?width=640&crop=smart&format=pjpg&auto=webp&s=72154b35fc83df029406a331f986d27c9b4a737d",
      "_video": {
        "sources": [
          {
            "url": "https://v.redd.it/hgvmbwdgdqu71/DASH_360.mp4?source=fallback"
          }
        ],
        "width": 640,
        "height": 360,
        "poster": "https://external-preview.redd.it/OrUK2YsNhygOwlznXXqEny5crIuqoX4LvvkaezFYnXQ.png?width=640&crop=smart&format=pjpg&auto=webp&s=72154b35fc83df029406a331f986d27c9b4a737d"
      }
    },
    "2021_10_17_en_reddit_reddit__r--MadeMeSmile--comments--qa546z--im_worried_that_not_many_people_will_want_hear_my": {
      "id": "2021_10_17_en_reddit_reddit__r--MadeMeSmile--comments--qa546z--im_worried_that_not_many_people_will_want_hear_my",
      "url": "https://old.reddit.com/r/MadeMeSmile/comments/qa546z/im_worried_that_not_many_people_will_want_hear_my/",
      "date_published": "2021-10-18T02:16:50.000Z",
      "date_modified": "2021-10-18T02:16:50.000Z",
      "_original_published": "2021-10-17T18:56:21.000Z",
      "_original_language": "en",
      "_translations": {
        "en": {
          "title": "I'm worried that not many people will want hear my story, but here's my shout into the void. I'm an exCon, recently released on parole for good behavior (and to finish my prelaw degree). Here I stand in my first apartment ever; I hope you can imagine how surreal & amazing this feels, I am overjoyed!"
        },
        "ja": {
          "title": "私の話を聞きたいと思ってくれる人が少ないのではないかと心配していますが、ここに私の叫びがあります。私は元囚人で、最近、善行のために仮釈放されました（そして、法学部の学位を取得するために）。私は初めてのアパートに立っています。この超現実的で素晴らしい気分を想像していただけると嬉しいです。"
        },
        "zh-Hans": {
          "title": "我担心没有多少人愿意听我的故事，但我在这里向虚空喊话。我是一名前囚犯，最近因表现良好而被假释（并完成我的法律预科学位）。我站在我的第一间公寓里；我希望你能想象这感觉是多么的超现实和神奇，我太高兴了！\"。"
        },
        "zh-Hant": {
          "title": "我擔心沒有多少人願意聽我的故事，但我在這裏向虛空喊話。我是一名前囚犯，最近因表現良好而被假釋（並完成我的法律預科學位）。我站在我的第一間公寓裏；我希望你能想象這感覺是多麼的超現實和神奇，我太高興了！\"。"
        }
      },
      "tags": [
        "MadeMeSmile"
      ],
      "authors": [
        {
          "name": "YourMumsPussyHole",
          "url": "https://old.reddit.com/user/YourMumsPussyHole"
        }
      ],
      "_links": [
        {
          "url": "https://old.reddit.com/r/MadeMeSmile/comments/qa546z/im_worried_that_not_many_people_will_want_hear_my/",
          "name": "&uarr;79683 votes"
        }
      ],
      "image": "https://external-preview.redd.it/UyyHXw1rOkAeV_Udd7q3pb0h1JufkyIIZu2LYep8UCo.jpg?width=1080&crop=smart&auto=webp&s=65141eaf79ccb22a3ef6b12ae54241da49b7e556"
    },
    "2021_10_20_en_reddit_reddit__r--memes--comments--qbtfcr--thank_god_that_button_exists": {
      "id": "2021_10_20_en_reddit_reddit__r--memes--comments--qbtfcr--thank_god_that_button_exists",
      "url": "https://old.reddit.com/r/memes/comments/qbtfcr/thank_god_that_button_exists/",
      "date_published": "2021-10-20T12:37:34.000Z",
      "date_modified": "2021-10-20T12:37:34.000Z",
      "_original_published": "2021-10-20T05:05:21.000Z",
      "_original_language": "en",
      "_translations": {
        "en": {
          "title": "thank god that button exists"
        },
        "ja": {
          "title": "そのボタンがあってよかった"
        },
        "zh-Hans": {
          "title": "感谢上帝，这个按钮存在"
        },
        "zh-Hant": {
          "title": "感謝上帝，這個按鈕存在"
        }
      },
      "tags": [
        "memes"
      ],
      "authors": [
        {
          "name": "Atm1801",
          "url": "https://old.reddit.com/user/Atm1801"
        }
      ],
      "_links": [
        {
          "url": "https://old.reddit.com/r/memes/comments/qbtfcr/thank_god_that_button_exists/",
          "name": "&uarr;79533 votes"
        }
      ],
      "image": "https://external-preview.redd.it/tfL6f7ChwBIKJnNcLCWAjdrIDVy893E1oGnlC2D7Nss.png?width=1080&crop=smart&format=pjpg&auto=webp&s=62b776a9c184071c78d9ca60612a0f9a5e7abaa7",
      "_video": {
        "sources": [
          {
            "url": "https://v.redd.it/44nza7hlfju71/DASH_720.mp4?source=fallback"
          }
        ],
        "width": 1163,
        "height": 720,
        "poster": "https://external-preview.redd.it/tfL6f7ChwBIKJnNcLCWAjdrIDVy893E1oGnlC2D7Nss.png?width=1080&crop=smart&format=pjpg&auto=webp&s=62b776a9c184071c78d9ca60612a0f9a5e7abaa7"
      }
    },
    "2021_10_19_en_reddit_reddit__r--WhitePeopleTwitter--comments--qb9nab--truth": {
      "id": "2021_10_19_en_reddit_reddit__r--WhitePeopleTwitter--comments--qb9nab--truth",
      "url": "https://old.reddit.com/r/WhitePeopleTwitter/comments/qb9nab/truth/",
      "date_published": "2021-10-19T17:45:35.000Z",
      "date_modified": "2021-10-19T17:45:35.000Z",
      "_original_published": "2021-10-19T11:37:32.000Z",
      "_original_language": "en",
      "_translations": {
        "en": {
          "title": "Truth"
        },
        "ja": {
          "title": "真実"
        },
        "zh-Hans": {
          "title": "真理"
        },
        "zh-Hant": {
          "title": "真理"
        }
      },
      "tags": [
        "WhitePeopleTwitter"
      ],
      "authors": [
        {
          "name": "killHACKS",
          "url": "https://old.reddit.com/user/killHACKS"
        }
      ],
      "_links": [
        {
          "url": "https://old.reddit.com/r/WhitePeopleTwitter/comments/qb9nab/truth/",
          "name": "&uarr;78961 votes"
        }
      ],
      "image": "https://preview.redd.it/rksdx2mo8eu71.jpg?width=320&crop=smart&auto=webp&s=78d3b27bb4054d6d9d1ca731c7886ed3d0a04598"
    },
    "2021_10_21_en_reddit_reddit__r--HolUp--comments--qcz53q--school_trip_with_with_their_teacher_apparently": {
      "id": "2021_10_21_en_reddit_reddit__r--HolUp--comments--qcz53q--school_trip_with_with_their_teacher_apparently",
      "url": "https://old.reddit.com/r/HolUp/comments/qcz53q/school_trip_with_with_their_teacher_apparently/",
      "date_published": "2021-10-22T02:18:23.000Z",
      "date_modified": "2021-10-22T02:18:23.000Z",
      "_original_published": "2021-10-21T19:15:05.000Z",
      "_original_language": "en",
      "_translations": {
        "en": {
          "title": "School trip with with their teacher apparently."
        },
        "ja": {
          "title": "先生と一緒の修学旅行らしいです。"
        },
        "zh-Hans": {
          "title": "显然是和他们的老师一起的学校旅行。"
        },
        "zh-Hant": {
          "title": "顯然是和他們的老師一起的學校旅行。"
        }
      },
      "tags": [
        "HolUp"
      ],
      "authors": [
        {
          "name": "shakaifuangaarimasu",
          "url": "https://old.reddit.com/user/shakaifuangaarimasu"
        }
      ],
      "_links": [
        {
          "url": "https://old.reddit.com/r/HolUp/comments/qcz53q/school_trip_with_with_their_teacher_apparently/",
          "name": "&uarr;78954 votes"
        }
      ],
      "image": "https://external-preview.redd.it/HBHIqctfnZSe2gyZ6be-kZxHLfWmfZrscb0tfiD3_18.png?width=320&crop=smart&format=pjpg&auto=webp&s=aba1d3a470ded762c6a37e5df510fcb8be18843d",
      "_video": {
        "sources": [
          {
            "url": "https://v.redd.it/9u8u89d1suu71/DASH_480.mp4?source=fallback"
          }
        ],
        "width": 480,
        "height": 480,
        "poster": "https://external-preview.redd.it/HBHIqctfnZSe2gyZ6be-kZxHLfWmfZrscb0tfiD3_18.png?width=320&crop=smart&format=pjpg&auto=webp&s=aba1d3a470ded762c6a37e5df510fcb8be18843d"
      }
    },
    "2021_10_21_en_reddit_reddit__r--MadeMeSmile--comments--qcot8y--my_wife_doesnt_want_me_snacking_late_at_night_but": {
      "id": "2021_10_21_en_reddit_reddit__r--MadeMeSmile--comments--qcot8y--my_wife_doesnt_want_me_snacking_late_at_night_but",
      "url": "https://old.reddit.com/r/MadeMeSmile/comments/qcot8y/my_wife_doesnt_want_me_snacking_late_at_night_but/",
      "date_published": "2021-10-21T16:26:54.000Z",
      "date_modified": "2021-10-21T16:26:54.000Z",
      "_original_published": "2021-10-21T10:33:04.000Z",
      "_original_language": "en",
      "_translations": {
        "en": {
          "title": "My wife doesn't want me snacking late at night, but here are these two goons CAUGHT RED HANDED eating MY noodles behind my back. Took this picture as evidence right before I called the police. I hope they have chopsticks in JAIL."
        },
        "ja": {
          "title": "妻は私が夜遅くにおやつを食べることを望んでいませんが、ここにいる2人のチンピラは私に隠れて私の麺を食べているところを現行犯逮捕しました。警察に通報する直前に証拠として撮った写真です。刑務所でも箸を持っていて欲しいものだ。"
        },
        "zh-Hans": {
          "title": "我的妻子不希望我在深夜吃零食，但这两个歹徒在我背后吃我的面条，被当场抓获。在我报警之前，拍下了这张照片作为证据。我希望他们在监狱里有筷子。"
        },
        "zh-Hant": {
          "title": "我的妻子不希望我在深夜喫零食，但這兩個歹徒在我背後喫我的麪條，被當場抓獲。在我報警之前，拍下了這張照片作爲證據。我希望他們在監獄裏有筷子。"
        }
      },
      "tags": [
        "MadeMeSmile"
      ],
      "authors": [
        {
          "name": "Rpark888",
          "url": "https://old.reddit.com/user/Rpark888"
        }
      ],
      "_links": [
        {
          "url": "https://old.reddit.com/r/MadeMeSmile/comments/qcot8y/my_wife_doesnt_want_me_snacking_late_at_night_but/",
          "name": "&uarr;78887 votes"
        }
      ],
      "image": "https://preview.redd.it/vze8g9d17su71.jpg?width=1080&crop=smart&auto=webp&s=769233b8b1591165a85d82e32dd6f18f044d8cb2"
    },
    "2021_10_16_en_reddit_reddit__r--technology--comments--q9dgtx--canon_sued_for_disabling_scanner_when_printers": {
      "id": "2021_10_16_en_reddit_reddit__r--technology--comments--q9dgtx--canon_sued_for_disabling_scanner_when_printers",
      "url": "https://old.reddit.com/r/technology/comments/q9dgtx/canon_sued_for_disabling_scanner_when_printers/",
      "date_published": "2021-10-17T01:37:49.000Z",
      "date_modified": "2021-10-17T01:37:49.000Z",
      "_original_published": "2021-10-16T14:49:30.000Z",
      "_original_language": "en",
      "_translations": {
        "en": {
          "title": "Canon sued for disabling scanner when printers run out of ink"
        },
        "ja": {
          "title": "プリンターのインク切れでスキャナーが使えなくなったとして提訴される"
        },
        "zh-Hans": {
          "title": "佳能被控在打印机耗尽墨水时禁用扫描仪"
        },
        "zh-Hant": {
          "title": "佳能被控在打印機耗盡墨水時禁用掃描儀"
        }
      },
      "tags": [
        "technology"
      ],
      "authors": [
        {
          "name": "ThatPortraitGuy",
          "url": "https://old.reddit.com/user/ThatPortraitGuy"
        }
      ],
      "_links": [
        {
          "url": "https://old.reddit.com/r/technology/comments/q9dgtx/canon_sued_for_disabling_scanner_when_printers/",
          "name": "&uarr;78576 votes"
        }
      ],
      "image": "https://external-preview.redd.it/uvO3m7Kovs2v5Y8bok0q5Rh6T6LYHnI0GNVb-hz2NgA.jpg?width=1080&crop=smart&auto=webp&s=53733907ab850dc8fcf465957fd0bab510d27ab1"
    },
    "2021_10_20_en_reddit_reddit__r--facepalm--comments--qc1rgo--but_my_country_is_not_happy_any_more": {
      "id": "2021_10_20_en_reddit_reddit__r--facepalm--comments--qc1rgo--but_my_country_is_not_happy_any_more",
      "url": "https://old.reddit.com/r/facepalm/comments/qc1rgo/but_my_country_is_not_happy_any_more/",
      "date_published": "2021-10-21T00:53:27.000Z",
      "date_modified": "2021-10-21T00:53:27.000Z",
      "_original_published": "2021-10-20T14:11:02.000Z",
      "_original_language": "en",
      "_translations": {
        "en": {
          "title": "BUT MY COUNTRY IS NOT HAPPY ANY MORE"
        },
        "ja": {
          "title": "しかし、私の国はこれ以上幸せにはなれない。"
        },
        "zh-Hans": {
          "title": "但我的国家已经不快乐了"
        },
        "zh-Hant": {
          "title": "但我的國家已經不快樂了"
        }
      },
      "tags": [
        "facepalm"
      ],
      "authors": [
        {
          "name": "Comfortablejack",
          "url": "https://old.reddit.com/user/Comfortablejack"
        }
      ],
      "_links": [
        {
          "url": "https://old.reddit.com/r/facepalm/comments/qc1rgo/but_my_country_is_not_happy_any_more/",
          "name": "&uarr;78267 votes"
        }
      ],
      "image": "https://preview.redd.it/sazn2thx4mu71.png?width=320&crop=smart&auto=webp&s=32e92848507d63c3b17b172aed9eff17949f73dd"
    },
    "2021_10_21_en_reddit_reddit__r--facepalm--comments--qchmjn--teacher_in_california_gets_recorded_by_native": {
      "id": "2021_10_21_en_reddit_reddit__r--facepalm--comments--qchmjn--teacher_in_california_gets_recorded_by_native",
      "url": "https://old.reddit.com/r/facepalm/comments/qchmjn/teacher_in_california_gets_recorded_by_native/",
      "date_published": "2021-10-21T15:51:38.000Z",
      "date_modified": "2021-10-21T15:51:38.000Z",
      "_original_published": "2021-10-21T02:43:14.000Z",
      "_original_language": "en",
      "_translations": {
        "en": {
          "title": "Teacher in California gets recorded by Native American student because “he felt that violence was being committed against him and he had the right to record.”"
        },
        "ja": {
          "title": "カリフォルニア州の教師がネイティブアメリカンの生徒に録音された理由は、\"彼は自分に暴力が振るわれていると感じ、録音する権利があったから\"。"
        },
        "zh-Hans": {
          "title": "加州教师被美国原住民学生录下，因为 \"他觉得有人对他实施暴力，他有权利录音\"。"
        },
        "zh-Hant": {
          "title": "加州教師被美國原住民學生錄下，因爲 \"他覺得有人對他實施暴力，他有權利錄音\"。"
        }
      },
      "tags": [
        "facepalm"
      ],
      "authors": [
        {
          "name": "Canuda",
          "url": "https://old.reddit.com/user/Canuda"
        }
      ],
      "_links": [
        {
          "url": "https://old.reddit.com/r/facepalm/comments/qchmjn/teacher_in_california_gets_recorded_by_native/",
          "name": "&uarr;78225 votes"
        }
      ],
      "image": "https://external-preview.redd.it/uZJcJ6mR6ql7vyqV-MfkUUme716d-C8O3XT3OSMq2YQ.png?width=640&crop=smart&format=pjpg&auto=webp&s=4f5847952084a9ec5afbf521749eefa48283e106",
      "_video": {
        "sources": [
          {
            "url": "https://v.redd.it/q7sifch4vpu71/DASH_720.mp4?source=fallback"
          }
        ],
        "width": 584,
        "height": 720,
        "poster": "https://external-preview.redd.it/uZJcJ6mR6ql7vyqV-MfkUUme716d-C8O3XT3OSMq2YQ.png?width=640&crop=smart&format=pjpg&auto=webp&s=4f5847952084a9ec5afbf521749eefa48283e106"
      }
    },
    "2021_10_17_en_reddit_reddit__r--dankmemes--comments--q9y0wq--casting_a_wide_net": {
      "id": "2021_10_17_en_reddit_reddit__r--dankmemes--comments--q9y0wq--casting_a_wide_net",
      "url": "https://old.reddit.com/r/dankmemes/comments/q9y0wq/casting_a_wide_net/",
      "date_published": "2021-10-17T18:26:15.000Z",
      "date_modified": "2021-10-17T18:26:15.000Z",
      "_original_published": "2021-10-17T12:47:07.000Z",
      "_original_language": "en",
      "_translations": {
        "en": {
          "title": "Casting a wide net"
        },
        "ja": {
          "title": "広く網を張る"
        },
        "zh-Hans": {
          "title": "广撒网"
        },
        "zh-Hant": {
          "title": "廣撒網"
        }
      },
      "tags": [
        "dankmemes"
      ],
      "authors": [
        {
          "name": "motherffucker",
          "url": "https://old.reddit.com/user/motherffucker"
        }
      ],
      "_links": [
        {
          "url": "https://old.reddit.com/r/dankmemes/comments/q9y0wq/casting_a_wide_net/",
          "name": "&uarr;78052 votes"
        }
      ],
      "image": "https://preview.redd.it/ofzi40qab0u71.gif?width=640&crop=smart&format=png8&s=0b1a3e53d31b7eb87ed5e5ad6f13a2c9f259044a",
      "_video": {
        "sources": [
          {
            "url": "https://preview.redd.it/ofzi40qab0u71.gif?format=mp4&s=d6c5aca2dbd16e469b73571116874cdcf707ba28"
          }
        ],
        "width": 750,
        "height": 567,
        "poster": "https://preview.redd.it/ofzi40qab0u71.gif?width=640&crop=smart&format=png8&s=0b1a3e53d31b7eb87ed5e5ad6f13a2c9f259044a"
      }
    },
    "2021_10_21_en_reddit_reddit__r--Unexpected--comments--qcqfh5--greenscreen_dress": {
      "id": "2021_10_21_en_reddit_reddit__r--Unexpected--comments--qcqfh5--greenscreen_dress",
      "url": "https://old.reddit.com/r/Unexpected/comments/qcqfh5/greenscreen_dress/",
      "date_published": "2021-10-21T20:26:02.000Z",
      "date_modified": "2021-10-21T20:26:02.000Z",
      "_original_published": "2021-10-21T12:15:31.000Z",
      "_original_language": "en",
      "_translations": {
        "en": {
          "title": "Greenscreen Dress"
        },
        "ja": {
          "title": "グリーンスクリーン・ドレス"
        },
        "zh-Hans": {
          "title": "绿屏礼服"
        },
        "zh-Hant": {
          "title": "綠屏禮服"
        }
      },
      "tags": [
        "Unexpected"
      ],
      "authors": [
        {
          "name": "DesignerFrequent",
          "url": "https://old.reddit.com/user/DesignerFrequent"
        }
      ],
      "_links": [
        {
          "url": "https://old.reddit.com/r/Unexpected/comments/qcqfh5/greenscreen_dress/",
          "name": "&uarr;77977 votes"
        }
      ],
      "image": "https://external-preview.redd.it/Ke3gdLPAB-NLiMYfs-cxlUsequLvQRyIUxvjAHgv2B8.png?width=320&crop=smart&format=pjpg&auto=webp&s=c82a04d480e10f80bb9f242f686d86086e16fdc1",
      "_video": {
        "sources": [
          {
            "url": "https://v.redd.it/irhvw9q9psu71/DASH_720.mp4?source=fallback"
          }
        ],
        "width": 404,
        "height": 720,
        "poster": "https://external-preview.redd.it/Ke3gdLPAB-NLiMYfs-cxlUsequLvQRyIUxvjAHgv2B8.png?width=320&crop=smart&format=pjpg&auto=webp&s=c82a04d480e10f80bb9f242f686d86086e16fdc1"
      }
    },
    "2021_10_18_en_reddit_reddit__r--Unexpected--comments--qau6wt--a_fan_meeting_will_smith": {
      "id": "2021_10_18_en_reddit_reddit__r--Unexpected--comments--qau6wt--a_fan_meeting_will_smith",
      "url": "https://old.reddit.com/r/Unexpected/comments/qau6wt/a_fan_meeting_will_smith/",
      "date_published": "2021-10-19T02:52:00.000Z",
      "date_modified": "2021-10-19T02:52:00.000Z",
      "_original_published": "2021-10-18T19:36:12.000Z",
      "_original_language": "en",
      "_translations": {
        "en": {
          "title": "A fan meeting will smith."
        },
        "ja": {
          "title": "ファンミーティングでは、Will smith."
        },
        "zh-Hans": {
          "title": "一场粉丝见面会将史密斯。"
        },
        "zh-Hant": {
          "title": "一場粉絲見面會將史密斯。"
        }
      },
      "tags": [
        "Unexpected"
      ],
      "authors": [
        {
          "name": "Po1sonator",
          "url": "https://old.reddit.com/user/Po1sonator"
        }
      ],
      "_links": [
        {
          "url": "https://old.reddit.com/r/Unexpected/comments/qau6wt/a_fan_meeting_will_smith/",
          "name": "&uarr;77803 votes"
        }
      ],
      "image": "https://preview.redd.it/4m6fvoy5h9u71.gif?width=320&crop=smart&format=png8&s=5d8b88eaa11b5507306ca9a4c331a972e525531d",
      "_video": {
        "sources": [
          {
            "url": "https://preview.redd.it/4m6fvoy5h9u71.gif?format=mp4&s=044765c36c786af65cf84aab9f59c907ee51ce80"
          }
        ],
        "width": 460,
        "height": 258,
        "poster": "https://preview.redd.it/4m6fvoy5h9u71.gif?width=320&crop=smart&format=png8&s=5d8b88eaa11b5507306ca9a4c331a972e525531d"
      }
    },
    "2021_10_19_en_reddit_reddit__r--MadeMeSmile--comments--qbc6br--the_opposite_of_a_karen_a_caring": {
      "id": "2021_10_19_en_reddit_reddit__r--MadeMeSmile--comments--qbc6br--the_opposite_of_a_karen_a_caring",
      "url": "https://old.reddit.com/r/MadeMeSmile/comments/qbc6br/the_opposite_of_a_karen_a_caring/",
      "date_published": "2021-10-19T20:22:56.000Z",
      "date_modified": "2021-10-19T20:22:56.000Z",
      "_original_published": "2021-10-19T14:03:03.000Z",
      "_original_language": "en",
      "_translations": {
        "en": {
          "title": "the opposite of a Karen. a Caring?"
        },
        "ja": {
          "title": "a Karen.a Caringとは正反対。"
        },
        "zh-Hans": {
          "title": "卡伦的反面。\"关爱\"？"
        },
        "zh-Hant": {
          "title": "卡倫的反面。\"關愛\"？"
        }
      },
      "tags": [
        "MadeMeSmile"
      ],
      "authors": [
        {
          "name": "BusyBusyBizzy",
          "url": "https://old.reddit.com/user/BusyBusyBizzy"
        }
      ],
      "_links": [
        {
          "url": "https://old.reddit.com/r/MadeMeSmile/comments/qbc6br/the_opposite_of_a_karen_a_caring/",
          "name": "&uarr;77381 votes"
        }
      ],
      "image": "https://external-preview.redd.it/dfGHWODMLZbdu74HaJJGc4H0_P50QR6_vaGW7Qz8J0w.png?width=320&crop=smart&format=pjpg&auto=webp&s=e8516a66cde6db1c427ed3d9a23365afbd8b33d2",
      "_video": {
        "sources": [
          {
            "url": "https://v.redd.it/n8rqckwgyeu71/DASH_720.mp4?source=fallback"
          }
        ],
        "width": 405,
        "height": 720,
        "poster": "https://external-preview.redd.it/dfGHWODMLZbdu74HaJJGc4H0_P50QR6_vaGW7Qz8J0w.png?width=320&crop=smart&format=pjpg&auto=webp&s=e8516a66cde6db1c427ed3d9a23365afbd8b33d2"
      }
    },
    "2021_10_19_en_reddit_reddit__r--Damnthatsinteresting--comments--qbcnx4--the_punishment_for_distribution_retweet_or": {
      "id": "2021_10_19_en_reddit_reddit__r--Damnthatsinteresting--comments--qbcnx4--the_punishment_for_distribution_retweet_or",
      "url": "https://old.reddit.com/r/Damnthatsinteresting/comments/qbcnx4/the_punishment_for_distribution_retweet_or/",
      "date_published": "2021-10-19T22:33:14.000Z",
      "date_modified": "2021-10-19T22:33:14.000Z",
      "_original_published": "2021-10-19T14:28:31.000Z",
      "_original_language": "en",
      "_translations": {
        "en": {
          "title": "The punishment for distribution ,retweet or sharing of this image is 15 days in prison or a fine of 3,000 rubles ($53) in Russia."
        },
        "ja": {
          "title": "この画像を配信、リツイート、共有した場合、ロシアでは15日間の禁固刑または3,000ルーブル（53ドル）の罰金が科せられます。"
        },
        "zh-Hans": {
          "title": "在俄罗斯，传播、转发或分享该图片的处罚是15天的监禁或3000卢布（53美元）的罚款。"
        },
        "zh-Hant": {
          "title": "在俄羅斯，傳播、轉發或分享該圖片的處罰是15天的監禁或3000盧布（53美元）的罰款。"
        }
      },
      "tags": [
        "Damnthatsinteresting"
      ],
      "authors": [
        {
          "name": "Auxxit",
          "url": "https://old.reddit.com/user/Auxxit"
        }
      ],
      "_links": [
        {
          "url": "https://old.reddit.com/r/Damnthatsinteresting/comments/qbcnx4/the_punishment_for_distribution_retweet_or/",
          "name": "&uarr;77269 votes"
        }
      ],
      "image": "https://preview.redd.it/c2qi4tm73fu71.png?width=640&crop=smart&auto=webp&s=616210d0771ec6a8bb48759fdf91924f34294625"
    },
    "2021_10_19_en_reddit_reddit__r--funny--comments--qb9peh--why_you_cant_trust_the_public_to_select_names": {
      "id": "2021_10_19_en_reddit_reddit__r--funny--comments--qb9peh--why_you_cant_trust_the_public_to_select_names",
      "url": "https://old.reddit.com/r/funny/comments/qb9peh/why_you_cant_trust_the_public_to_select_names/",
      "date_published": "2021-10-19T20:22:56.000Z",
      "date_modified": "2021-10-19T20:22:56.000Z",
      "_original_published": "2021-10-19T11:41:18.000Z",
      "_original_language": "en",
      "_translations": {
        "en": {
          "title": "Why you can’t trust the public to select names…"
        },
        "ja": {
          "title": "なぜ、一般の人に名前の選択を任せられないのか...。"
        },
        "zh-Hans": {
          "title": "为什么你不能相信公众选择名字..."
        },
        "zh-Hant": {
          "title": "爲什麼你不能相信公衆選擇名字..."
        }
      },
      "tags": [
        "funny"
      ],
      "authors": [
        {
          "name": "whydowedowhatwedo",
          "url": "https://old.reddit.com/user/whydowedowhatwedo"
        }
      ],
      "_links": [
        {
          "url": "https://old.reddit.com/r/funny/comments/qb9peh/why_you_cant_trust_the_public_to_select_names/",
          "name": "&uarr;77163 votes"
        }
      ],
      "image": "https://preview.redd.it/di9iyl3e9eu71.jpg?width=1080&crop=smart&auto=webp&s=17a297dcbbe36627f612757e9b4089555fd2dfff"
    },
    "2021_10_20_en_reddit_reddit__r--pics--comments--qbyekm--german_police_officer_stops_nazi_salute_next_to_a": {
      "id": "2021_10_20_en_reddit_reddit__r--pics--comments--qbyekm--german_police_officer_stops_nazi_salute_next_to_a",
      "url": "https://old.reddit.com/r/pics/comments/qbyekm/german_police_officer_stops_nazi_salute_next_to_a/",
      "date_published": "2021-10-20T17:04:30.000Z",
      "date_modified": "2021-10-20T17:04:30.000Z",
      "_original_published": "2021-10-20T11:12:15.000Z",
      "_original_language": "en",
      "_translations": {
        "en": {
          "title": "German police officer stops Nazi salute next to a protest"
        },
        "ja": {
          "title": "デモの横でナチスの敬礼を止めるドイツの警察官"
        },
        "zh-Hans": {
          "title": "德国警察在抗议活动旁阻止纳粹敬礼"
        },
        "zh-Hant": {
          "title": "德國警察在抗議活動旁阻止納粹敬禮"
        }
      },
      "tags": [
        "pics"
      ],
      "authors": [
        {
          "name": "RengarMain15500",
          "url": "https://old.reddit.com/user/RengarMain15500"
        }
      ],
      "_links": [
        {
          "url": "https://old.reddit.com/r/pics/comments/qbyekm/german_police_officer_stops_nazi_salute_next_to_a/",
          "name": "&uarr;76937 votes"
        }
      ],
      "image": "https://preview.redd.it/2ngvk1649lu71.jpg?width=960&crop=smart&auto=webp&s=b3c5f417471b41d6685a5176400d6bc7555462f7"
    },
    "2021_10_16_en_reddit_reddit__r--Damnthatsinteresting--comments--q9lfkh--americans_1100_years_old": {
      "id": "2021_10_16_en_reddit_reddit__r--Damnthatsinteresting--comments--q9lfkh--americans_1100_years_old",
      "url": "https://old.reddit.com/r/Damnthatsinteresting/comments/q9lfkh/americans_1100_years_old/",
      "date_published": "2021-10-17T06:48:50.000Z",
      "date_modified": "2021-10-17T06:48:50.000Z",
      "_original_published": "2021-10-16T21:52:21.000Z",
      "_original_language": "en",
      "_translations": {
        "en": {
          "title": "Americans 1-100 years old"
        },
        "ja": {
          "title": "1～100歳のアメリカ人"
        },
        "zh-Hans": {
          "title": "1-100岁的美国人"
        },
        "zh-Hant": {
          "title": "1-100歲的美國人"
        }
      },
      "tags": [
        "Damnthatsinteresting"
      ],
      "authors": [
        {
          "name": "nolan_mcschmolan37",
          "url": "https://old.reddit.com/user/nolan_mcschmolan37"
        }
      ],
      "_links": [
        {
          "url": "https://old.reddit.com/r/Damnthatsinteresting/comments/q9lfkh/americans_1100_years_old/",
          "name": "&uarr;76767 votes"
        }
      ],
      "image": "https://external-preview.redd.it/CHueLm0pBkwx1NRhIYpPhncy21AwMh_bFnOUkhkFdG0.png?width=640&crop=smart&format=pjpg&auto=webp&s=f08196b537b6012aa0770df8960fb83b6504094d",
      "_video": {
        "sources": [
          {
            "url": "https://v.redd.it/kzxwu91mvvt71/DASH_360.mp4?source=fallback"
          }
        ],
        "width": 640,
        "height": 360,
        "poster": "https://external-preview.redd.it/CHueLm0pBkwx1NRhIYpPhncy21AwMh_bFnOUkhkFdG0.png?width=640&crop=smart&format=pjpg&auto=webp&s=f08196b537b6012aa0770df8960fb83b6504094d"
      }
    },
    "2021_10_21_en_reddit_reddit__r--gifs--comments--qcta3c--as_an_adult_these_are_the_halloween_pumpkins": {
      "id": "2021_10_21_en_reddit_reddit__r--gifs--comments--qcta3c--as_an_adult_these_are_the_halloween_pumpkins",
      "url": "https://old.reddit.com/r/gifs/comments/qcta3c/as_an_adult_these_are_the_halloween_pumpkins/",
      "date_published": "2021-10-22T01:14:08.000Z",
      "date_modified": "2021-10-22T01:14:08.000Z",
      "_original_published": "2021-10-21T14:38:32.000Z",
      "_original_language": "en",
      "_translations": {
        "en": {
          "title": "As an adult these are the Halloween pumpkins truly scare you!"
        },
        "ja": {
          "title": "大人になってからのハロウィンのカボチャは、本当に怖いものです。"
        },
        "zh-Hans": {
          "title": "作为一个成年人，这些是真正吓到你的万圣节南瓜!"
        },
        "zh-Hant": {
          "title": "作爲一個成年人，這些是真正嚇到你的萬聖節南瓜!"
        }
      },
      "tags": [
        "gifs"
      ],
      "authors": [
        {
          "name": "HughJafro",
          "url": "https://old.reddit.com/user/HughJafro"
        }
      ],
      "_links": [
        {
          "url": "https://old.reddit.com/r/gifs/comments/qcta3c/as_an_adult_these_are_the_halloween_pumpkins/",
          "name": "&uarr;76765 votes"
        }
      ],
      "image": "https://external-preview.redd.it/yD8Vwe9wtU_g06UmSPv1DsQLA8ssf9dPfUpZot5SiFM.gif?width=320&crop=smart&format=png8&s=ba6af4f365c434ee3eed55a66ed95fe56b77218a",
      "_video": {
        "sources": [
          {
            "url": "https://external-preview.redd.it/yD8Vwe9wtU_g06UmSPv1DsQLA8ssf9dPfUpZot5SiFM.gif?format=mp4&s=52ac4aba9a5d93e1bb152781b1971d3a71045c7b"
          }
        ],
        "width": 480,
        "height": 330,
        "poster": "https://external-preview.redd.it/yD8Vwe9wtU_g06UmSPv1DsQLA8ssf9dPfUpZot5SiFM.gif?width=320&crop=smart&format=png8&s=ba6af4f365c434ee3eed55a66ed95fe56b77218a"
      }
    },
    "2021_10_21_en_reddit_reddit__r--WhitePeopleTwitter--comments--qcygs3--fake_number": {
      "id": "2021_10_21_en_reddit_reddit__r--WhitePeopleTwitter--comments--qcygs3--fake_number",
      "url": "https://old.reddit.com/r/WhitePeopleTwitter/comments/qcygs3/fake_number/",
      "date_published": "2021-10-22T02:18:23.000Z",
      "date_modified": "2021-10-22T02:18:23.000Z",
      "_original_published": "2021-10-21T18:42:41.000Z",
      "_original_language": "en",
      "_translations": {
        "en": {
          "title": "Fake number"
        },
        "ja": {
          "title": "偽装番号"
        },
        "zh-Hans": {
          "title": "伪造的号码"
        },
        "zh-Hant": {
          "title": "僞造的號碼"
        }
      },
      "tags": [
        "WhitePeopleTwitter"
      ],
      "authors": [
        {
          "name": "DaFunkJunkie",
          "url": "https://old.reddit.com/user/DaFunkJunkie"
        }
      ],
      "_links": [
        {
          "url": "https://old.reddit.com/r/WhitePeopleTwitter/comments/qcygs3/fake_number/",
          "name": "&uarr;76743 votes"
        }
      ],
      "image": "https://preview.redd.it/zwy7fxddmuu71.jpg?width=1080&crop=smart&auto=webp&s=0d0eca42fcc4082d17286c1b3b0e485206228df0"
    },
    "2021_10_21_en_reddit_reddit__r--news--comments--qcxm1j--fed_to_ban_policymakers_from_owning_individual": {
      "id": "2021_10_21_en_reddit_reddit__r--news--comments--qcxm1j--fed_to_ban_policymakers_from_owning_individual",
      "url": "https://old.reddit.com/r/news/comments/qcxm1j/fed_to_ban_policymakers_from_owning_individual/",
      "date_published": "2021-10-22T02:18:23.000Z",
      "date_modified": "2021-10-22T02:18:23.000Z",
      "_original_published": "2021-10-21T18:02:18.000Z",
      "_original_language": "en",
      "_translations": {
        "en": {
          "title": "Fed to ban policymakers from owning individual stocks, restrict trading following controversy"
        },
        "ja": {
          "title": "FRBが政策担当者の個別株保有を禁止し、取引を制限することが話題に"
        },
        "zh-Hans": {
          "title": "美联储禁止政策制定者拥有个人股票，在争议后限制交易"
        },
        "zh-Hant": {
          "title": "美聯儲禁止政策制定者擁有個人股票，在爭議後限制交易"
        }
      },
      "tags": [
        "news"
      ],
      "authors": [
        {
          "name": "Illustrious_Welder94",
          "url": "https://old.reddit.com/user/Illustrious_Welder94"
        }
      ],
      "_links": [
        {
          "url": "https://old.reddit.com/r/news/comments/qcxm1j/fed_to_ban_policymakers_from_owning_individual/",
          "name": "&uarr;76710 votes"
        }
      ],
      "image": "https://external-preview.redd.it/qQD31a8ivUlhC2it8a_g3qrLM61MMxVSZ4YNxK0YTXQ.jpg?width=1080&crop=smart&auto=webp&s=1b5afb8155c048b94c60c28b1acdeac76d697c46"
    }
  }
}
