{
  "items": {
    "2021_03_11_en_reddit_reddit__r--memes--comments--m2y08v--team_monke": {
      "id": "2021_03_11_en_reddit_reddit__r--memes--comments--m2y08v--team_monke",
      "url": "https://old.reddit.com/r/memes/comments/m2y08v/team_monke/",
      "date_published": "2021-03-11T23:27:13.000Z",
      "date_modified": "2021-03-11T23:27:13.000Z",
      "_original_published": "2021-03-11T19:04:31.000Z",
      "_original_language": "en",
      "_translations": {
        "en": {
          "title": "Team monke"
        },
        "zh-Hans": {
          "title": "猴子团队"
        },
        "zh-Hant": {
          "title": "猴子團隊"
        }
      },
      "tags": [
        "memes"
      ],
      "authors": [
        {
          "name": "ManiacKnight05",
          "url": "https://old.reddit.com/user/ManiacKnight05"
        }
      ],
      "_links": [
        {
          "url": "https://old.reddit.com/r/memes/comments/m2y08v/team_monke/",
          "name": "&uarr;182587 votes"
        }
      ],
      "image": "https://preview.redd.it/y5q2ylf36gm61.jpg?width=640&crop=smart&auto=webp&s=3f7a1850dc95c72d3d559ecc7879e8719cc8d178"
    },
    "2021_03_10_en_reddit_reddit__r--memes--comments--m1w02p--same_energy": {
      "id": "2021_03_10_en_reddit_reddit__r--memes--comments--m1w02p--same_energy",
      "url": "https://old.reddit.com/r/memes/comments/m1w02p/same_energy/",
      "date_published": "2021-03-10T17:07:54.000Z",
      "date_modified": "2021-03-10T17:07:54.000Z",
      "_original_published": "2021-03-10T12:03:11.000Z",
      "_original_language": "en",
      "_translations": {
        "en": {
          "title": "Same energy"
        },
        "zh-Hans": {
          "title": "同样的能量"
        },
        "zh-Hant": {
          "title": "同樣的能量"
        }
      },
      "tags": [
        "memes"
      ],
      "authors": [
        {
          "name": "swat_08",
          "url": "https://old.reddit.com/user/swat_08"
        }
      ],
      "_links": [
        {
          "url": "https://old.reddit.com/r/memes/comments/m1w02p/same_energy/",
          "name": "&uarr;149964 votes"
        }
      ],
      "image": "https://external-preview.redd.it/AixhyOIrmg-32j5xWv4OzLNcZ-V8jqURQ-tNfLVRbSI.png?width=640&crop=smart&format=pjpg&auto=webp&s=6f8a514e88522603d4e18ca4d330aad5ad4d04eb",
      "_video": {
        "sources": [
          {
            "url": "https://v.redd.it/awrtql30y6m61/DASH_720.mp4?source=fallback"
          }
        ],
        "width": 813,
        "height": 720,
        "poster": "https://external-preview.redd.it/AixhyOIrmg-32j5xWv4OzLNcZ-V8jqURQ-tNfLVRbSI.png?width=640&crop=smart&format=pjpg&auto=webp&s=6f8a514e88522603d4e18ca4d330aad5ad4d04eb"
      }
    },
    "2021_03_08_en_reddit_reddit__r--memes--comments--m0hrc4--not_so_good_at_math_now_are_ya": {
      "id": "2021_03_08_en_reddit_reddit__r--memes--comments--m0hrc4--not_so_good_at_math_now_are_ya",
      "url": "https://old.reddit.com/r/memes/comments/m0hrc4/not_so_good_at_math_now_are_ya/",
      "date_published": "2021-03-08T20:30:55.000Z",
      "date_modified": "2021-03-08T20:30:55.000Z",
      "_original_published": "2021-03-08T15:13:50.000Z",
      "_original_language": "en",
      "_translations": {
        "en": {
          "title": "Not so good at math now, are ya?"
        },
        "zh-Hans": {
          "title": "现在数学不太好，是吧？"
        },
        "zh-Hant": {
          "title": "現在數學不太好，是吧？"
        }
      },
      "tags": [
        "memes"
      ],
      "authors": [
        {
          "name": "mijuzz7",
          "url": "https://old.reddit.com/user/mijuzz7"
        }
      ],
      "_links": [
        {
          "url": "https://old.reddit.com/r/memes/comments/m0hrc4/not_so_good_at_math_now_are_ya/",
          "name": "&uarr;143747 votes"
        }
      ],
      "image": "https://preview.redd.it/v4im2pt4mtl61.gif?width=320&crop=smart&format=png8&s=5c16e44114e7c216ab1ce1b902695aad14e8bd0c",
      "_video": {
        "sources": [
          {
            "url": "https://preview.redd.it/v4im2pt4mtl61.gif?format=mp4&s=663289fa1b93fd522b32d8cf7c1a1d228be0b598"
          }
        ],
        "width": 480,
        "height": 456,
        "poster": "https://preview.redd.it/v4im2pt4mtl61.gif?width=320&crop=smart&format=png8&s=5c16e44114e7c216ab1ce1b902695aad14e8bd0c"
      }
    },
    "2021_03_06_en_reddit_reddit__r--memes--comments--lz63b6--next_level_bottle_flip": {
      "id": "2021_03_06_en_reddit_reddit__r--memes--comments--lz63b6--next_level_bottle_flip",
      "url": "https://old.reddit.com/r/memes/comments/lz63b6/next_level_bottle_flip/",
      "date_published": "2021-03-06T21:44:41.000Z",
      "date_modified": "2021-03-06T21:44:41.000Z",
      "_original_published": "2021-03-06T17:10:58.000Z",
      "_original_language": "en",
      "_translations": {
        "en": {
          "title": "Next level bottle flip"
        },
        "zh-Hans": {
          "title": "下一层次的瓶子翻转"
        },
        "zh-Hant": {
          "title": "下一層次的瓶子翻轉"
        }
      },
      "tags": [
        "memes"
      ],
      "authors": [
        {
          "name": "__Dawn__Amber__",
          "url": "https://old.reddit.com/user/__Dawn__Amber__"
        }
      ],
      "_links": [
        {
          "url": "https://old.reddit.com/r/memes/comments/lz63b6/next_level_bottle_flip/",
          "name": "&uarr;143148 votes"
        }
      ],
      "image": "https://external-preview.redd.it/ZwpbaIj11b3bU26i3dWDD_mQxSyPyAGmil3Foa7tGJw.jpg?width=640&crop=smart&auto=webp&s=b811b3d0e8911c5c63e3cf0c9f71aeaea5d8fa02",
      "_video": {
        "sources": [
          {
            "url": "https://v.redd.it/bmsryedaxfl61/DASH_720.mp4"
          }
        ],
        "width": 720,
        "height": 720,
        "poster": "https://external-preview.redd.it/ZwpbaIj11b3bU26i3dWDD_mQxSyPyAGmil3Foa7tGJw.jpg?width=640&crop=smart&auto=webp&s=b811b3d0e8911c5c63e3cf0c9f71aeaea5d8fa02"
      }
    },
    "2021_03_05_en_reddit_reddit__r--aww--comments--ly995f--the_magical_moment_he_realizes_the_hand_belongs": {
      "id": "2021_03_05_en_reddit_reddit__r--aww--comments--ly995f--the_magical_moment_he_realizes_the_hand_belongs",
      "url": "https://old.reddit.com/r/aww/comments/ly995f/the_magical_moment_he_realizes_the_hand_belongs/",
      "date_published": "2021-03-05T15:48:51.000Z",
      "date_modified": "2021-03-05T15:48:51.000Z",
      "_original_published": "2021-03-05T10:43:43.000Z",
      "_original_language": "en",
      "_translations": {
        "en": {
          "title": "The magical moment he realizes the hand belongs to friend not foe"
        },
        "zh-Hans": {
          "title": "他意识到那只手是属于朋友而不是敌人的神奇时刻。"
        },
        "zh-Hant": {
          "title": "他意識到那隻手是屬於朋友而不是敵人的神奇時刻。"
        }
      },
      "tags": [
        "aww"
      ],
      "authors": [
        {
          "name": "9999monkeys",
          "url": "https://old.reddit.com/user/9999monkeys"
        }
      ],
      "_links": [
        {
          "url": "https://old.reddit.com/r/aww/comments/ly995f/the_magical_moment_he_realizes_the_hand_belongs/",
          "name": "&uarr;141938 votes"
        }
      ],
      "image": "https://external-preview.redd.it/wqu15yRGiTMR1WWDO7tmyNg-mcDsX8MdTMdWJfmQH-A.png?width=960&crop=smart&format=pjpg&auto=webp&s=477ac1ecf0b5d7b0ad3754f8444ca77cd2de4fd2",
      "_video": {
        "sources": [
          {
            "url": "https://v.redd.it/3na0u4h3v6l61/DASH_720.mp4?source=fallback"
          }
        ],
        "width": 996,
        "height": 720,
        "poster": "https://external-preview.redd.it/wqu15yRGiTMR1WWDO7tmyNg-mcDsX8MdTMdWJfmQH-A.png?width=960&crop=smart&format=pjpg&auto=webp&s=477ac1ecf0b5d7b0ad3754f8444ca77cd2de4fd2"
      }
    },
    "2021_03_09_en_reddit_reddit__r--gaming--comments--m102oh--if_you_went_back_in_time_and_showed_this_to": {
      "id": "2021_03_09_en_reddit_reddit__r--gaming--comments--m102oh--if_you_went_back_in_time_and_showed_this_to",
      "url": "https://old.reddit.com/r/gaming/comments/m102oh/if_you_went_back_in_time_and_showed_this_to/",
      "date_published": "2021-03-09T14:36:02.000Z",
      "date_modified": "2021-03-09T14:36:02.000Z",
      "_original_published": "2021-03-09T05:52:37.000Z",
      "_original_language": "en",
      "_translations": {
        "en": {
          "title": "If you went back in time and showed this to 12-year-old me, it might've broken my brain"
        },
        "zh-Hans": {
          "title": "如果你回到过去，把这个给12岁的我看，可能会把我的脑子弄坏了。"
        },
        "zh-Hant": {
          "title": "如果你回到過去，把這個給12歲的我看，可能會把我的腦子弄壞了。"
        }
      },
      "tags": [
        "gaming"
      ],
      "authors": [
        {
          "name": "old_gold_mountain",
          "url": "https://old.reddit.com/user/old_gold_mountain"
        }
      ],
      "_links": [
        {
          "url": "https://old.reddit.com/r/gaming/comments/m102oh/if_you_went_back_in_time_and_showed_this_to/",
          "name": "&uarr;140639 votes"
        }
      ],
      "image": "https://external-preview.redd.it/GjNInI2onQV65nRNCAqFYPBNs_eRUFp8TsCfEK_Ches.jpg?width=640&crop=smart&auto=webp&s=c4bbb8aed7ca9d3d72b96f097a999b1ff9f154c7",
      "_video": {
        "sources": [
          {
            "url": "https://v.redd.it/6g5jlvyzyxl61/DASH_1080.mp4"
          }
        ],
        "width": 607,
        "height": 1080,
        "poster": "https://external-preview.redd.it/GjNInI2onQV65nRNCAqFYPBNs_eRUFp8TsCfEK_Ches.jpg?width=640&crop=smart&auto=webp&s=c4bbb8aed7ca9d3d72b96f097a999b1ff9f154c7"
      }
    },
    "2021_03_09_en_reddit_reddit__r--MadeMeSmile--comments--m0ue56--i_dont_have_anyone_to_celebrate_with_but_im_7": {
      "id": "2021_03_09_en_reddit_reddit__r--MadeMeSmile--comments--m0ue56--i_dont_have_anyone_to_celebrate_with_but_im_7",
      "url": "https://old.reddit.com/r/MadeMeSmile/comments/m0ue56/i_dont_have_anyone_to_celebrate_with_but_im_7/",
      "date_published": "2021-03-09T05:29:44.000Z",
      "date_modified": "2021-03-09T05:29:44.000Z",
      "_original_published": "2021-03-09T00:29:26.000Z",
      "_original_language": "en",
      "_translations": {
        "en": {
          "title": "I don't have anyone to celebrate with but I'm 7 years clean of heroin today. Yeyy me!"
        },
        "zh-Hans": {
          "title": "我没有人和我一起庆祝... ...但我今天已经戒掉海洛因7年了。是的，我！"
        },
        "zh-Hant": {
          "title": "我沒有人和我一起慶祝... ...但我今天已經戒掉海洛因7年了。是的，我！"
        }
      },
      "tags": [
        "MadeMeSmile"
      ],
      "authors": [
        {
          "name": "FingerMyJapsEye",
          "url": "https://old.reddit.com/user/FingerMyJapsEye"
        }
      ],
      "_links": [
        {
          "url": "https://old.reddit.com/r/MadeMeSmile/comments/m0ue56/i_dont_have_anyone_to_celebrate_with_but_im_7/",
          "name": "&uarr;139868 votes"
        }
      ],
      "image": "https://preview.redd.it/vg6m95gbdwl61.jpg?width=1080&crop=smart&auto=webp&s=2a5c7d72cb38c5001c4586f8e099556a0f257af1"
    },
    "2021_03_09_en_reddit_reddit__r--memes--comments--m0ybxt--to_all_my_past_teachers_im_sorry": {
      "id": "2021_03_09_en_reddit_reddit__r--memes--comments--m0ybxt--to_all_my_past_teachers_im_sorry",
      "url": "https://old.reddit.com/r/memes/comments/m0ybxt/to_all_my_past_teachers_im_sorry/",
      "date_published": "2021-03-09T10:13:39.000Z",
      "date_modified": "2021-03-09T10:13:39.000Z",
      "_original_published": "2021-03-09T04:05:13.000Z",
      "_original_language": "en",
      "_translations": {
        "en": {
          "title": "To all my past teachers I'm sorry"
        },
        "zh-Hans": {
          "title": "对我过去的老师，我很抱歉"
        },
        "zh-Hant": {
          "title": "對我過去的老師，我很抱歉"
        }
      },
      "tags": [
        "memes"
      ],
      "authors": [
        {
          "name": "where_did_my_mom_go",
          "url": "https://old.reddit.com/user/where_did_my_mom_go"
        }
      ],
      "_links": [
        {
          "url": "https://old.reddit.com/r/memes/comments/m0ybxt/to_all_my_past_teachers_im_sorry/",
          "name": "&uarr;138211 votes"
        }
      ],
      "image": "https://preview.redd.it/aud9rihtfxl61.png?width=1080&crop=smart&auto=webp&s=c332194f9ffa79989c7d5a35b5629e6baa88f40b"
    },
    "2021_03_08_en_reddit_reddit__r--news--comments--m0o85f--judge_permanently_dismisses_charges_against": {
      "id": "2021_03_08_en_reddit_reddit__r--news--comments--m0o85f--judge_permanently_dismisses_charges_against",
      "url": "https://old.reddit.com/r/news/comments/m0o85f/judge_permanently_dismisses_charges_against/",
      "date_published": "2021-03-09T01:27:52.000Z",
      "date_modified": "2021-03-09T01:27:52.000Z",
      "_original_published": "2021-03-08T19:47:16.000Z",
      "_original_language": "en",
      "_translations": {
        "en": {
          "title": "Judge permanently dismisses charges against Kenneth Walker, boyfriend of Breonna Taylor"
        },
        "zh-Hans": {
          "title": "法官永久驳回对Breonna Taylor男友Kenneth Walker的指控。"
        },
        "zh-Hant": {
          "title": "法官永久駁回對Breonna Taylor男友Kenneth Walker的指控。"
        }
      },
      "tags": [
        "news"
      ],
      "authors": [
        {
          "name": "Semper-Fido",
          "url": "https://old.reddit.com/user/Semper-Fido"
        }
      ],
      "_links": [
        {
          "url": "https://old.reddit.com/r/news/comments/m0o85f/judge_permanently_dismisses_charges_against/",
          "name": "&uarr;136044 votes"
        }
      ],
      "image": "https://external-preview.redd.it/OAx_5WUd_gMB5CfN6-EgxiAiyY5YIebwZzT59dMxuj0.jpg?width=1080&crop=smart&auto=webp&s=b8305312c374e9bdfb8c35b8d069fc55b02dcafc"
    },
    "2021_03_11_en_reddit_reddit__r--memes--comments--m2prih--the_earth_is_flat_guys": {
      "id": "2021_03_11_en_reddit_reddit__r--memes--comments--m2prih--the_earth_is_flat_guys",
      "url": "https://old.reddit.com/r/memes/comments/m2prih/the_earth_is_flat_guys/",
      "date_published": "2021-03-11T18:31:29.000Z",
      "date_modified": "2021-03-11T18:31:29.000Z",
      "_original_published": "2021-03-11T13:12:12.000Z",
      "_original_language": "en",
      "_translations": {
        "en": {
          "title": "The Earth is flat guys!"
        },
        "zh-Hans": {
          "title": "地球是平的，伙计们！"
        },
        "zh-Hant": {
          "title": "地球是平的，夥計們！"
        }
      },
      "tags": [
        "memes"
      ],
      "authors": [
        {
          "name": "Mr_Lion_69",
          "url": "https://old.reddit.com/user/Mr_Lion_69"
        }
      ],
      "_links": [
        {
          "url": "https://old.reddit.com/r/memes/comments/m2prih/the_earth_is_flat_guys/",
          "name": "&uarr;138581 votes"
        }
      ],
      "image": "https://preview.redd.it/nmg1lq36fem61.jpg?width=320&crop=smart&auto=webp&s=47043ae7f6fddc10302f333d338ec31e0a9f7d6c"
    },
    "2021_03_11_en_reddit_reddit__r--nextfuckinglevel--comments--m2h71w--hes_come_such_a_long_way_much_love_for_steveo": {
      "id": "2021_03_11_en_reddit_reddit__r--nextfuckinglevel--comments--m2h71w--hes_come_such_a_long_way_much_love_for_steveo",
      "url": "https://old.reddit.com/r/nextfuckinglevel/comments/m2h71w/hes_come_such_a_long_way_much_love_for_steveo/",
      "date_published": "2021-03-11T11:34:22.000Z",
      "date_modified": "2021-03-11T11:34:22.000Z",
      "_original_published": "2021-03-11T03:53:52.000Z",
      "_original_language": "en",
      "_translations": {
        "en": {
          "title": "He's come such a long way. Much love for Steveo"
        },
        "zh-Hans": {
          "title": "他走了这么长的路。对Steveo的爱"
        },
        "zh-Hant": {
          "title": "他走了這麼長的路。對Steveo的愛"
        }
      },
      "tags": [
        "nextfuckinglevel"
      ],
      "authors": [
        {
          "name": "DeadLiftForSpaghetti",
          "url": "https://old.reddit.com/user/DeadLiftForSpaghetti"
        }
      ],
      "_links": [
        {
          "url": "https://old.reddit.com/r/nextfuckinglevel/comments/m2h71w/hes_come_such_a_long_way_much_love_for_steveo/",
          "name": "&uarr;134326 votes"
        }
      ],
      "image": "https://preview.redd.it/4rsmyagmnbm61.jpg?width=960&crop=smart&auto=webp&s=61926c6e5d0cea9795c691cdb147a3132aec3795"
    },
    "2021_03_06_en_reddit_reddit__r--memes--comments--lzc4g0--so_deep": {
      "id": "2021_03_06_en_reddit_reddit__r--memes--comments--lzc4g0--so_deep",
      "url": "https://old.reddit.com/r/memes/comments/lzc4g0/so_deep/",
      "date_published": "2021-03-07T03:24:56.000Z",
      "date_modified": "2021-03-07T03:24:56.000Z",
      "_original_published": "2021-03-06T21:55:27.000Z",
      "_original_language": "en",
      "_translations": {
        "en": {
          "title": "So deep"
        },
        "zh-Hans": {
          "title": "这么深"
        },
        "zh-Hant": {
          "title": "這麼深"
        }
      },
      "tags": [
        "memes"
      ],
      "authors": [
        {
          "name": "Fabs74",
          "url": "https://old.reddit.com/user/Fabs74"
        }
      ],
      "_links": [
        {
          "url": "https://old.reddit.com/r/memes/comments/lzc4g0/so_deep/",
          "name": "&uarr;132212 votes"
        }
      ],
      "image": "https://preview.redd.it/33x5mdx0chl61.jpg?width=960&crop=smart&auto=webp&s=ce91590abbd1d54d223883a7f4481f985d1c8ef9"
    },
    "2021_03_07_en_reddit_reddit__r--memes--comments--lzf41n--very_rare": {
      "id": "2021_03_07_en_reddit_reddit__r--memes--comments--lzf41n--very_rare",
      "url": "https://old.reddit.com/r/memes/comments/lzf41n/very_rare/",
      "date_published": "2021-03-07T07:24:33.000Z",
      "date_modified": "2021-03-07T07:24:33.000Z",
      "_original_published": "2021-03-07T00:31:08.000Z",
      "_original_language": "en",
      "_translations": {
        "en": {
          "title": "very rare"
        },
        "zh-Hans": {
          "title": "稀奇古怪"
        },
        "zh-Hant": {
          "title": "稀奇古怪"
        }
      },
      "tags": [
        "memes"
      ],
      "authors": [
        {
          "name": "HollowSquid347",
          "url": "https://old.reddit.com/user/HollowSquid347"
        }
      ],
      "_links": [
        {
          "url": "https://old.reddit.com/r/memes/comments/lzf41n/very_rare/",
          "name": "&uarr;131945 votes"
        }
      ],
      "image": "https://preview.redd.it/hcro5mos3il61.jpg?width=1080&crop=smart&auto=webp&s=d19ed61f67714484762476c5c81645450af08e05"
    },
    "2021_03_06_en_reddit_reddit__r--pics--comments--lz88km--couldnt_go_out_to_celebrate_my_birthday_during": {
      "id": "2021_03_06_en_reddit_reddit__r--pics--comments--lz88km--couldnt_go_out_to_celebrate_my_birthday_during",
      "url": "https://old.reddit.com/r/pics/comments/lz88km/couldnt_go_out_to_celebrate_my_birthday_during/",
      "date_published": "2021-03-07T00:41:13.000Z",
      "date_modified": "2021-03-07T00:41:13.000Z",
      "_original_published": "2021-03-06T18:48:51.000Z",
      "_original_language": "en",
      "_translations": {
        "en": {
          "title": "Couldn’t go out to celebrate my birthday during lockdown, so I threw a party for myself."
        },
        "zh-Hans": {
          "title": "封锁期间不能出去庆祝生日，所以我给自己开了个派对。"
        },
        "zh-Hant": {
          "title": "封鎖期間不能出去慶祝生日，所以我給自己開了個派對。"
        }
      },
      "tags": [
        "pics"
      ],
      "authors": [
        {
          "name": "MissJinxed",
          "url": "https://old.reddit.com/user/MissJinxed"
        }
      ],
      "_links": [
        {
          "url": "https://old.reddit.com/r/pics/comments/lz88km/couldnt_go_out_to_celebrate_my_birthday_during/",
          "name": "&uarr;129572 votes"
        }
      ],
      "image": "https://preview.redd.it/cgv804tqegl61.jpg?width=1080&crop=smart&auto=webp&s=f53b7ed91a070f20a5148ab14787048d49d944d9"
    },
    "2021_03_07_en_reddit_reddit__r--memes--comments--m00eaz--all_of_the_starter_money_wasted": {
      "id": "2021_03_07_en_reddit_reddit__r--memes--comments--m00eaz--all_of_the_starter_money_wasted",
      "url": "https://old.reddit.com/r/memes/comments/m00eaz/all_of_the_starter_money_wasted/",
      "date_published": "2021-03-08T03:49:16.000Z",
      "date_modified": "2021-03-08T03:49:16.000Z",
      "_original_published": "2021-03-07T21:41:12.000Z",
      "_original_language": "en",
      "_translations": {
        "en": {
          "title": "All of the starter money wasted.."
        },
        "zh-Hans": {
          "title": "所有的启动资金都浪费了。"
        },
        "zh-Hant": {
          "title": "所有的啓動資金都浪費了。"
        }
      },
      "tags": [
        "memes"
      ],
      "authors": [
        {
          "name": "Prophet-Bon",
          "url": "https://old.reddit.com/user/Prophet-Bon"
        }
      ],
      "_links": [
        {
          "url": "https://old.reddit.com/r/memes/comments/m00eaz/all_of_the_starter_money_wasted/",
          "name": "&uarr;128382 votes"
        }
      ],
      "image": "https://preview.redd.it/1kcfsvmeeol61.jpg?width=640&crop=smart&auto=webp&s=bd5d7f07e4a0ffceaa6615c7e8ae802200efcbfc"
    },
    "2021_03_07_en_reddit_reddit__r--memes--comments--lzqz8y--time_for_more_oil": {
      "id": "2021_03_07_en_reddit_reddit__r--memes--comments--lzqz8y--time_for_more_oil",
      "url": "https://old.reddit.com/r/memes/comments/lzqz8y/time_for_more_oil/",
      "date_published": "2021-03-07T19:26:23.000Z",
      "date_modified": "2021-03-07T19:26:23.000Z",
      "_original_published": "2021-03-07T13:45:59.000Z",
      "_original_language": "en",
      "_translations": {
        "en": {
          "title": "time for more oil"
        },
        "zh-Hans": {
          "title": "添油"
        },
        "zh-Hant": {
          "title": "添油"
        }
      },
      "tags": [
        "memes"
      ],
      "authors": [
        {
          "name": "XDEC0DE",
          "url": "https://old.reddit.com/user/XDEC0DE"
        }
      ],
      "_links": [
        {
          "url": "https://old.reddit.com/r/memes/comments/lzqz8y/time_for_more_oil/",
          "name": "&uarr;127055 votes"
        }
      ],
      "image": "https://external-preview.redd.it/LA8qqOG__CctSVRRjwWTJCExlBSMjYlgrMXxNL5siDY.jpg?width=960&crop=smart&auto=webp&s=f4236f04e777065badf30865f717dea3ba6d57c3",
      "_video": {
        "sources": [
          {
            "url": "https://v.redd.it/zfv1s8qe1ml61/DASH_720.mp4"
          }
        ],
        "width": 792,
        "height": 720,
        "poster": "https://external-preview.redd.it/LA8qqOG__CctSVRRjwWTJCExlBSMjYlgrMXxNL5siDY.jpg?width=960&crop=smart&auto=webp&s=f4236f04e777065badf30865f717dea3ba6d57c3"
      }
    },
    "2021_03_08_en_reddit_reddit__r--nextfuckinglevel--comments--m0snc4--this_commercial_for_guide_dogs": {
      "id": "2021_03_08_en_reddit_reddit__r--nextfuckinglevel--comments--m0snc4--this_commercial_for_guide_dogs",
      "url": "https://old.reddit.com/r/nextfuckinglevel/comments/m0snc4/this_commercial_for_guide_dogs/",
      "date_published": "2021-03-09T05:29:44.000Z",
      "date_modified": "2021-03-09T05:29:44.000Z",
      "_original_published": "2021-03-08T23:02:23.000Z",
      "_original_language": "en",
      "_translations": {
        "en": {
          "title": "This commercial for guide dogs"
        },
        "zh-Hans": {
          "title": "这个导盲犬的广告"
        },
        "zh-Hant": {
          "title": "這個導盲犬的廣告"
        }
      },
      "tags": [
        "nextfuckinglevel"
      ],
      "authors": [
        {
          "name": "MTPokitz",
          "url": "https://old.reddit.com/user/MTPokitz"
        }
      ],
      "_links": [
        {
          "url": "https://old.reddit.com/r/nextfuckinglevel/comments/m0snc4/this_commercial_for_guide_dogs/",
          "name": "&uarr;125878 votes"
        }
      ],
      "image": "https://external-preview.redd.it/TS8NhKyvZU07s_t_lI7M_q3M-rxtaws6VMzSuoZZkeI.png?width=640&crop=smart&format=pjpg&auto=webp&s=d4acf3cdce430ac82e37021d204109df2853c5d7",
      "_video": {
        "sources": [
          {
            "url": "https://v.redd.it/srfbzvzlxvl61/DASH_360.mp4?source=fallback"
          }
        ],
        "width": 640,
        "height": 360,
        "poster": "https://external-preview.redd.it/TS8NhKyvZU07s_t_lI7M_q3M-rxtaws6VMzSuoZZkeI.png?width=640&crop=smart&format=pjpg&auto=webp&s=d4acf3cdce430ac82e37021d204109df2853c5d7"
      }
    },
    "2021_03_06_en_reddit_reddit__r--funny--comments--lz9nwx--this_is_the_most_perfect_photo_i_took_in_7_years": {
      "id": "2021_03_06_en_reddit_reddit__r--funny--comments--lz9nwx--this_is_the_most_perfect_photo_i_took_in_7_years",
      "url": "https://old.reddit.com/r/funny/comments/lz9nwx/this_is_the_most_perfect_photo_i_took_in_7_years/",
      "date_published": "2021-03-07T01:32:44.000Z",
      "date_modified": "2021-03-07T01:32:44.000Z",
      "_original_published": "2021-03-06T19:55:09.000Z",
      "_original_language": "en",
      "_translations": {
        "en": {
          "title": "This is the most perfect photo I took in 7 years as a cat owner"
        },
        "zh-Hans": {
          "title": "这是我养猫7年来拍的最完美的一张照片。"
        },
        "zh-Hant": {
          "title": "這是我養貓7年來拍的最完美的一張照片。"
        }
      },
      "tags": [
        "funny"
      ],
      "authors": [
        {
          "name": "ode26",
          "url": "https://old.reddit.com/user/ode26"
        }
      ],
      "_links": [
        {
          "url": "https://old.reddit.com/r/funny/comments/lz9nwx/this_is_the_most_perfect_photo_i_took_in_7_years/",
          "name": "&uarr;124319 votes"
        }
      ],
      "image": "https://preview.redd.it/hsxtqm7kqgl61.jpg?width=1080&crop=smart&auto=webp&s=af9e838e1b3c06dc7163f930b76efefdfd54bc3e"
    },
    "2021_03_05_en_reddit_reddit__r--memes--comments--lyp27y--there_goes_my_weekend": {
      "id": "2021_03_05_en_reddit_reddit__r--memes--comments--lyp27y--there_goes_my_weekend",
      "url": "https://old.reddit.com/r/memes/comments/lyp27y/there_goes_my_weekend/",
      "date_published": "2021-03-06T06:38:35.000Z",
      "date_modified": "2021-03-06T06:38:35.000Z",
      "_original_published": "2021-03-05T23:45:55.000Z",
      "_original_language": "en",
      "_translations": {
        "en": {
          "title": "There goes my weekend..."
        },
        "zh-Hans": {
          "title": "我的周末就这样过去了..."
        },
        "zh-Hant": {
          "title": "我的週末就這樣過去了..."
        }
      },
      "tags": [
        "memes"
      ],
      "authors": [
        {
          "name": "diddydownunder",
          "url": "https://old.reddit.com/user/diddydownunder"
        }
      ],
      "_links": [
        {
          "url": "https://old.reddit.com/r/memes/comments/lyp27y/there_goes_my_weekend/",
          "name": "&uarr;124065 votes"
        }
      ],
      "image": "https://preview.redd.it/a5z8s9xtqal61.jpg?width=640&crop=smart&auto=webp&s=78914e23d5d061e1d9c06e370586c90c00eb88e2"
    },
    "2021_03_11_en_reddit_reddit__r--memes--comments--m2m3z0--the_future_has_come": {
      "id": "2021_03_11_en_reddit_reddit__r--memes--comments--m2m3z0--the_future_has_come",
      "url": "https://old.reddit.com/r/memes/comments/m2m3z0/the_future_has_come/",
      "date_published": "2021-03-11T14:35:32.000Z",
      "date_modified": "2021-03-11T14:35:32.000Z",
      "_original_published": "2021-03-11T09:07:59.000Z",
      "_original_language": "en",
      "_translations": {
        "en": {
          "title": "The future has come"
        },
        "zh-Hans": {
          "title": "未来已经到来"
        },
        "zh-Hant": {
          "title": "未來已經到來"
        }
      },
      "tags": [
        "memes"
      ],
      "authors": [
        {
          "name": "jakubwlcz",
          "url": "https://old.reddit.com/user/jakubwlcz"
        }
      ],
      "_links": [
        {
          "url": "https://old.reddit.com/r/memes/comments/m2m3z0/the_future_has_come/",
          "name": "&uarr;123967 votes"
        }
      ],
      "image": "https://preview.redd.it/56xn3m3o7dm61.jpg?width=320&crop=smart&auto=webp&s=1020e23efb06c546582dade7e60cfee1f11262ca"
    }
  }
}
