{
  "items": {
    "2021_08_10_en_reddit_reddit__r--MadeMeSmile--comments--p1or3w--thought_this_was_kinda_wholesome_lol": {
      "id": "2021_08_10_en_reddit_reddit__r--MadeMeSmile--comments--p1or3w--thought_this_was_kinda_wholesome_lol",
      "url": "https://old.reddit.com/r/MadeMeSmile/comments/p1or3w/thought_this_was_kinda_wholesome_lol/",
      "date_published": "2021-08-10T22:52:49.000Z",
      "date_modified": "2021-08-10T22:52:49.000Z",
      "_original_published": "2021-08-10T13:03:57.000Z",
      "_original_language": "en",
      "_translations": {
        "en": {
          "title": "thought this was kinda wholesome lol"
        },
        "ja": {
          "title": "これはちょっと健全なものだと思いました。"
        },
        "zh-Hans": {
          "title": "我认为这是很健康的。"
        },
        "zh-Hant": {
          "title": "我認爲這是很健康的。"
        }
      },
      "tags": [
        "MadeMeSmile"
      ],
      "authors": [
        {
          "name": "i_lab_everyone",
          "url": "https://old.reddit.com/user/i_lab_everyone"
        }
      ],
      "_links": [
        {
          "url": "https://old.reddit.com/r/MadeMeSmile/comments/p1or3w/thought_this_was_kinda_wholesome_lol/",
          "name": "&uarr;85188 votes"
        }
      ],
      "image": "https://preview.redd.it/yv9vyrmb4jg71.jpg?width=640&crop=smart&auto=webp&s=30531ebd99d47a7dc3f6a2cfd2d510bdf383f6fc"
    },
    "2021_08_10_en_reddit_reddit__r--funny--comments--p1pi5n--gmen": {
      "id": "2021_08_10_en_reddit_reddit__r--funny--comments--p1pi5n--gmen",
      "url": "https://old.reddit.com/r/funny/comments/p1pi5n/gmen/",
      "date_published": "2021-08-10T22:52:49.000Z",
      "date_modified": "2021-08-10T22:52:49.000Z",
      "_original_published": "2021-08-10T13:46:51.000Z",
      "_original_language": "en",
      "_translations": {
        "en": {
          "title": "Gmen"
        },
        "ja": {
          "title": "Gメン"
        },
        "zh-Hans": {
          "title": "Gmen"
        },
        "zh-Hant": {
          "title": "Gmen"
        }
      },
      "tags": [
        "funny"
      ],
      "authors": [
        {
          "name": "supercombodeluxe",
          "url": "https://old.reddit.com/user/supercombodeluxe"
        }
      ],
      "_links": [
        {
          "url": "https://old.reddit.com/r/funny/comments/p1pi5n/gmen/",
          "name": "&uarr;82664 votes"
        }
      ],
      "image": "https://preview.redd.it/hdqueuaybjg71.jpg?width=1080&crop=smart&auto=webp&s=e8df1eb7ab0e82c1fdf832b1450b6c0be9fe9204"
    },
    "2021_08_06_en_reddit_reddit__r--nextfuckinglevel--comments--oza8q4--when_you_realise_the_clock_was_wrong_and_you_just": {
      "id": "2021_08_06_en_reddit_reddit__r--nextfuckinglevel--comments--oza8q4--when_you_realise_the_clock_was_wrong_and_you_just",
      "url": "https://old.reddit.com/r/nextfuckinglevel/comments/oza8q4/when_you_realise_the_clock_was_wrong_and_you_just/",
      "date_published": "2021-08-06T21:18:05.000Z",
      "date_modified": "2021-08-06T21:18:05.000Z",
      "_original_published": "2021-08-06T16:33:34.000Z",
      "_original_language": "en",
      "_translations": {
        "en": {
          "title": "When you realise the clock was wrong and you just set a new world record..."
        },
        "ja": {
          "title": "時計が間違っていて、世界新記録を出したことに気づいたとき...。"
        },
        "zh-Hans": {
          "title": "当你意识到时钟是错的，而你刚刚创造了一个新的世界纪录......"
        },
        "zh-Hant": {
          "title": "當你意識到時鐘是錯的，而你剛剛創造了一個新的世界紀錄......"
        }
      },
      "tags": [
        "nextfuckinglevel"
      ],
      "authors": [
        {
          "name": "regian24",
          "url": "https://old.reddit.com/user/regian24"
        }
      ],
      "_links": [
        {
          "url": "https://old.reddit.com/r/nextfuckinglevel/comments/oza8q4/when_you_realise_the_clock_was_wrong_and_you_just/",
          "name": "&uarr;82162 votes"
        }
      ],
      "image": "https://external-preview.redd.it/qI7zJ6RHTZvgt8mdXyw1OAFWshT3MSX7DEGiG8ipqyg.png?width=640&crop=smart&format=pjpg&auto=webp&s=804ce343e73b3e26a6ddc94be097f81f1237b26c",
      "_video": {
        "sources": [
          {
            "url": "https://v.redd.it/cmtf9mb2mrf71/DASH_360.mp4?source=fallback"
          }
        ],
        "width": 640,
        "height": 359,
        "poster": "https://external-preview.redd.it/qI7zJ6RHTZvgt8mdXyw1OAFWshT3MSX7DEGiG8ipqyg.png?width=640&crop=smart&format=pjpg&auto=webp&s=804ce343e73b3e26a6ddc94be097f81f1237b26c"
      }
    },
    "2021_08_10_en_reddit_reddit__r--WatchPeopleDieInside--comments--p1oq6e--this_olympic_swimmers_reaction_to_a_false_start": {
      "id": "2021_08_10_en_reddit_reddit__r--WatchPeopleDieInside--comments--p1oq6e--this_olympic_swimmers_reaction_to_a_false_start",
      "url": "https://old.reddit.com/r/WatchPeopleDieInside/comments/p1oq6e/this_olympic_swimmers_reaction_to_a_false_start/",
      "date_published": "2021-08-10T22:52:49.000Z",
      "date_modified": "2021-08-10T22:52:49.000Z",
      "_original_published": "2021-08-10T13:02:22.000Z",
      "_original_language": "en",
      "_translations": {
        "en": {
          "title": "This Olympic swimmer's reaction to a false start"
        },
        "ja": {
          "title": "オリンピック水泳選手のフォルススタートへの反応"
        },
        "zh-Hans": {
          "title": "这位奥运游泳选手对错误起跑的反应"
        },
        "zh-Hant": {
          "title": "這位奧運游泳選手對錯誤起跑的反應"
        }
      },
      "tags": [
        "WatchPeopleDieInside"
      ],
      "authors": [
        {
          "name": "Pazluz",
          "url": "https://old.reddit.com/user/Pazluz"
        }
      ],
      "_links": [
        {
          "url": "https://old.reddit.com/r/WatchPeopleDieInside/comments/p1oq6e/this_olympic_swimmers_reaction_to_a_false_start/",
          "name": "&uarr;81362 votes"
        }
      ],
      "image": "https://external-preview.redd.it/2DPKusv9Vixjv5FjFQ-enl-6K8Oc1WYmJV4vJdjLbC8.jpg?width=640&crop=smart&auto=webp&s=ad1bbb01e2b632514379bf30e8c92c4936152605",
      "_video": {
        "sources": [
          {
            "url": "https://v.redd.it/uci7txq14jg71/DASH_480.mp4"
          }
        ],
        "width": 854,
        "height": 480,
        "poster": "https://external-preview.redd.it/2DPKusv9Vixjv5FjFQ-enl-6K8Oc1WYmJV4vJdjLbC8.jpg?width=640&crop=smart&auto=webp&s=ad1bbb01e2b632514379bf30e8c92c4936152605"
      }
    },
    "2021_08_11_en_reddit_reddit__r--HolUp--comments--p2j16o--this_didnt_age_well": {
      "id": "2021_08_11_en_reddit_reddit__r--HolUp--comments--p2j16o--this_didnt_age_well",
      "url": "https://old.reddit.com/r/HolUp/comments/p2j16o/this_didnt_age_well/",
      "date_published": "2021-08-12T05:29:08.000Z",
      "date_modified": "2021-08-12T05:29:08.000Z",
      "_original_published": "2021-08-11T18:30:09.000Z",
      "_original_language": "en",
      "_translations": {
        "en": {
          "title": "This didn’t age well"
        },
        "ja": {
          "title": "これは熟成されていない"
        },
        "zh-Hans": {
          "title": "这不是一个好主意"
        },
        "zh-Hant": {
          "title": "這不是一個好主意"
        }
      },
      "tags": [
        "HolUp"
      ],
      "authors": [
        {
          "name": "DatTheMaster",
          "url": "https://old.reddit.com/user/DatTheMaster"
        }
      ],
      "_links": [
        {
          "url": "https://old.reddit.com/r/HolUp/comments/p2j16o/this_didnt_age_well/",
          "name": "&uarr;81346 votes"
        }
      ],
      "image": "https://preview.redd.it/pf0eahxevrg71.jpg?width=1080&crop=smart&auto=webp&s=af2ee78d363730f5d2acbb710e54ee53b7373797"
    },
    "2021_08_07_en_reddit_reddit__r--interestingasfuck--comments--ozyh8i--night_bus_in_japan": {
      "id": "2021_08_07_en_reddit_reddit__r--interestingasfuck--comments--ozyh8i--night_bus_in_japan",
      "url": "https://old.reddit.com/r/interestingasfuck/comments/ozyh8i/night_bus_in_japan/",
      "date_published": "2021-08-08T01:10:50.000Z",
      "date_modified": "2021-08-08T01:10:50.000Z",
      "_original_published": "2021-08-07T18:22:10.000Z",
      "_original_language": "en",
      "_translations": {
        "en": {
          "title": "Night bus in Japan"
        },
        "ja": {
          "title": "日本の夜行バス"
        },
        "zh-Hans": {
          "title": "日本的夜间巴士"
        },
        "zh-Hant": {
          "title": "日本的夜間巴士"
        }
      },
      "tags": [
        "interestingasfuck"
      ],
      "authors": [
        {
          "name": "9999monkeys",
          "url": "https://old.reddit.com/user/9999monkeys"
        }
      ],
      "_links": [
        {
          "url": "https://old.reddit.com/r/interestingasfuck/comments/ozyh8i/night_bus_in_japan/",
          "name": "&uarr;81011 votes"
        }
      ],
      "image": "https://preview.redd.it/alrtzkbbazf71.jpg?width=1080&crop=smart&auto=webp&s=ff62c64652e667bf8594ed57aa49d23f5605507f"
    },
    "2021_08_09_en_reddit_reddit__r--memes--comments--p0zc18--is_this_true": {
      "id": "2021_08_09_en_reddit_reddit__r--memes--comments--p0zc18--is_this_true",
      "url": "https://old.reddit.com/r/memes/comments/p0zc18/is_this_true/",
      "date_published": "2021-08-09T17:09:15.000Z",
      "date_modified": "2021-08-09T17:09:15.000Z",
      "_original_published": "2021-08-09T11:09:30.000Z",
      "_original_language": "en",
      "_translations": {
        "en": {
          "title": "Is this True?"
        },
        "ja": {
          "title": "これは本当ですか？"
        },
        "zh-Hans": {
          "title": "这是真的吗？"
        },
        "zh-Hant": {
          "title": "這是真的嗎？"
        }
      },
      "tags": [
        "memes"
      ],
      "authors": [
        {
          "name": "ProfDrFeYK",
          "url": "https://old.reddit.com/user/ProfDrFeYK"
        }
      ],
      "_links": [
        {
          "url": "https://old.reddit.com/r/memes/comments/p0zc18/is_this_true/",
          "name": "&uarr;79513 votes"
        }
      ],
      "image": "https://preview.redd.it/w95tivuzebg71.jpg?width=640&crop=smart&auto=webp&s=e5c08a541f16996639a5b69077226a5da7bcb83e"
    },
    "2021_08_11_en_reddit_reddit__r--interestingasfuck--comments--p2hct5--climate_change_prediction_from_1912": {
      "id": "2021_08_11_en_reddit_reddit__r--interestingasfuck--comments--p2hct5--climate_change_prediction_from_1912",
      "url": "https://old.reddit.com/r/interestingasfuck/comments/p2hct5/climate_change_prediction_from_1912/",
      "date_published": "2021-08-12T04:32:43.000Z",
      "date_modified": "2021-08-12T04:32:43.000Z",
      "_original_published": "2021-08-11T17:08:18.000Z",
      "_original_language": "en",
      "_translations": {
        "en": {
          "title": "Climate change prediction from 1912"
        },
        "ja": {
          "title": "1912年からの気候変動予測"
        },
        "zh-Hans": {
          "title": "1912年的气候变化预测"
        },
        "zh-Hant": {
          "title": "1912年的氣候變化預測"
        }
      },
      "tags": [
        "interestingasfuck"
      ],
      "authors": [
        {
          "name": "broomshed",
          "url": "https://old.reddit.com/user/broomshed"
        }
      ],
      "_links": [
        {
          "url": "https://old.reddit.com/r/interestingasfuck/comments/p2hct5/climate_change_prediction_from_1912/",
          "name": "&uarr;79250 votes"
        }
      ],
      "image": "https://preview.redd.it/x3dbs9xtgrg71.jpg?width=1080&crop=smart&auto=webp&s=5187165692bd264506e8d8ed47c3133da758e353"
    },
    "2021_08_09_en_reddit_reddit__r--MadeMeSmile--comments--p1bxdj--canadian_kindness": {
      "id": "2021_08_09_en_reddit_reddit__r--MadeMeSmile--comments--p1bxdj--canadian_kindness",
      "url": "https://old.reddit.com/r/MadeMeSmile/comments/p1bxdj/canadian_kindness/",
      "date_published": "2021-08-10T03:14:29.000Z",
      "date_modified": "2021-08-10T03:14:29.000Z",
      "_original_published": "2021-08-09T22:18:49.000Z",
      "_original_language": "en",
      "_translations": {
        "en": {
          "title": "Canadian kindness"
        },
        "ja": {
          "title": "カナダの優しさ"
        },
        "zh-Hans": {
          "title": "加拿大人的善良"
        },
        "zh-Hant": {
          "title": "加拿大人的善良"
        }
      },
      "tags": [
        "MadeMeSmile"
      ],
      "authors": [
        {
          "name": "AristonD",
          "url": "https://old.reddit.com/user/AristonD"
        }
      ],
      "_links": [
        {
          "url": "https://old.reddit.com/r/MadeMeSmile/comments/p1bxdj/canadian_kindness/",
          "name": "&uarr;79142 votes"
        }
      ],
      "image": "https://external-preview.redd.it/__9OwNuaDtyHSwq-MzUXHCP_53oEq5K-P6v7uVakxB0.png?width=640&crop=smart&format=pjpg&auto=webp&s=a2857a52a75d6e245468034b0eb6d201947d3318",
      "_video": {
        "sources": [
          {
            "url": "https://v.redd.it/mp0sro7cqeg71/DASH_720.mp4?source=fallback"
          }
        ],
        "width": 621,
        "height": 720,
        "poster": "https://external-preview.redd.it/__9OwNuaDtyHSwq-MzUXHCP_53oEq5K-P6v7uVakxB0.png?width=640&crop=smart&format=pjpg&auto=webp&s=a2857a52a75d6e245468034b0eb6d201947d3318"
      }
    },
    "2021_08_06_en_reddit_reddit__r--aww--comments--oz2vog--if_you_fell_sad_remember_this_dog_owns_a_shop_in": {
      "id": "2021_08_06_en_reddit_reddit__r--aww--comments--oz2vog--if_you_fell_sad_remember_this_dog_owns_a_shop_in",
      "url": "https://old.reddit.com/r/aww/comments/oz2vog/if_you_fell_sad_remember_this_dog_owns_a_shop_in/",
      "date_published": "2021-08-06T16:44:36.000Z",
      "date_modified": "2021-08-06T16:44:36.000Z",
      "_original_published": "2021-08-06T08:56:10.000Z",
      "_original_language": "en",
      "_translations": {
        "en": {
          "title": "If you fell sad remember this dog owns a shop in Tokyo🙂"
        },
        "ja": {
          "title": "もしあなたが悲しい気持ちになったら、この犬が東京でお店を持っていることを思い出してください。"
        },
        "zh-Hans": {
          "title": "如果你感到悲伤，请记住这只狗在东京拥有一家商店。"
        },
        "zh-Hant": {
          "title": "如果你感到悲傷，請記住這隻狗在東京擁有一家商店。"
        }
      },
      "tags": [
        "aww"
      ],
      "authors": [
        {
          "name": "Vitta_02",
          "url": "https://old.reddit.com/user/Vitta_02"
        }
      ],
      "_links": [
        {
          "url": "https://old.reddit.com/r/aww/comments/oz2vog/if_you_fell_sad_remember_this_dog_owns_a_shop_in/",
          "name": "&uarr;78991 votes"
        }
      ],
      "image": "https://external-preview.redd.it/SXCuk2DD2QaZo778c-fg6--yaiOkSNWGoGENtm2OVBE.png?width=1080&crop=smart&format=pjpg&auto=webp&s=aaece4d8598cf880653d2e39c9c69896ba299e00",
      "_video": {
        "sources": [
          {
            "url": "https://v.redd.it/lwivolvecpf71/DASH_1080.mp4?source=fallback"
          }
        ],
        "width": 1470,
        "height": 826,
        "poster": "https://external-preview.redd.it/SXCuk2DD2QaZo778c-fg6--yaiOkSNWGoGENtm2OVBE.png?width=1080&crop=smart&format=pjpg&auto=webp&s=aaece4d8598cf880653d2e39c9c69896ba299e00"
      }
    },
    "2021_08_11_en_reddit_reddit__r--MadeMeSmile--comments--p2eqwb--we_dont_deserve_mathew_lilliard": {
      "id": "2021_08_11_en_reddit_reddit__r--MadeMeSmile--comments--p2eqwb--we_dont_deserve_mathew_lilliard",
      "url": "https://old.reddit.com/r/MadeMeSmile/comments/p2eqwb/we_dont_deserve_mathew_lilliard/",
      "date_published": "2021-08-11T22:31:18.000Z",
      "date_modified": "2021-08-11T22:31:18.000Z",
      "_original_published": "2021-08-11T14:59:13.000Z",
      "_original_language": "en",
      "_translations": {
        "en": {
          "title": "We dont deserve mathew lilliard"
        },
        "ja": {
          "title": "我々はマシュー・リリアードにふさわしくない"
        },
        "zh-Hans": {
          "title": "我们不配拥有马修-利利亚德"
        },
        "zh-Hant": {
          "title": "我們不配擁有馬修-利利亞德"
        }
      },
      "tags": [
        "MadeMeSmile"
      ],
      "authors": [
        {
          "name": "Kaos2018",
          "url": "https://old.reddit.com/user/Kaos2018"
        }
      ],
      "_links": [
        {
          "url": "https://old.reddit.com/r/MadeMeSmile/comments/p2eqwb/we_dont_deserve_mathew_lilliard/",
          "name": "&uarr;78800 votes"
        }
      ],
      "image": "https://preview.redd.it/h6ezf8nrtqg71.jpg?width=1080&crop=smart&auto=webp&s=c40501d783e30188dbe96c118e2e9ff052c41aa9"
    },
    "2021_08_10_en_reddit_reddit__r--memes--comments--p1ui1g--wow_youre_soo_funny": {
      "id": "2021_08_10_en_reddit_reddit__r--memes--comments--p1ui1g--wow_youre_soo_funny",
      "url": "https://old.reddit.com/r/memes/comments/p1ui1g/wow_youre_soo_funny/",
      "date_published": "2021-08-11T02:11:12.000Z",
      "date_modified": "2021-08-11T02:11:12.000Z",
      "_original_published": "2021-08-10T17:53:47.000Z",
      "_original_language": "en",
      "_translations": {
        "en": {
          "title": "Wow , you're soo funny 😂😂😂"
        },
        "ja": {
          "title": "うわー、めっちゃ面白い😂😂😂😂😂。"
        },
        "zh-Hans": {
          "title": "Wow , you're soo funny 😂😂😂"
        },
        "zh-Hant": {
          "title": "Wow , you're soo funny 😂😂😂"
        }
      },
      "tags": [
        "memes"
      ],
      "authors": [
        {
          "name": "CharsiMunda99",
          "url": "https://old.reddit.com/user/CharsiMunda99"
        }
      ],
      "_links": [
        {
          "url": "https://old.reddit.com/r/memes/comments/p1ui1g/wow_youre_soo_funny/",
          "name": "&uarr;78693 votes"
        }
      ],
      "image": "https://preview.redd.it/s7h5aq41kkg71.jpg?width=320&crop=smart&auto=webp&s=b3b78a1de5cbf179341210c1edc52212d4ef3b4b"
    },
    "2021_08_08_en_reddit_reddit__r--WhitePeopleTwitter--comments--p0hejd--put_em_outside_by_the_dumpsters": {
      "id": "2021_08_08_en_reddit_reddit__r--WhitePeopleTwitter--comments--p0hejd--put_em_outside_by_the_dumpsters",
      "url": "https://old.reddit.com/r/WhitePeopleTwitter/comments/p0hejd/put_em_outside_by_the_dumpsters/",
      "date_published": "2021-08-09T01:12:40.000Z",
      "date_modified": "2021-08-09T01:12:40.000Z",
      "_original_published": "2021-08-08T16:07:21.000Z",
      "_original_language": "en",
      "_translations": {
        "en": {
          "title": "Put em outside by the dumpsters"
        },
        "ja": {
          "title": "ゴミ箱のそばに置いておく"
        },
        "zh-Hans": {
          "title": "把它们放在外面的垃圾箱旁"
        },
        "zh-Hant": {
          "title": "把它們放在外面的垃圾箱旁"
        }
      },
      "tags": [
        "WhitePeopleTwitter"
      ],
      "authors": [
        {
          "name": "kevinc2c1",
          "url": "https://old.reddit.com/user/kevinc2c1"
        }
      ],
      "_links": [
        {
          "url": "https://old.reddit.com/r/WhitePeopleTwitter/comments/p0hejd/put_em_outside_by_the_dumpsters/",
          "name": "&uarr;78207 votes"
        }
      ],
      "image": "https://preview.redd.it/hxhz4z18r5g71.jpg?width=1080&crop=smart&auto=webp&s=b7e358518449f0946dea82f23ed87a411f0e58aa"
    },
    "2021_08_08_en_reddit_reddit__r--MadeMeSmile--comments--p0g52u--beating_anorexia_2_year_transformation": {
      "id": "2021_08_08_en_reddit_reddit__r--MadeMeSmile--comments--p0g52u--beating_anorexia_2_year_transformation",
      "url": "https://old.reddit.com/r/MadeMeSmile/comments/p0g52u/beating_anorexia_2_year_transformation/",
      "date_published": "2021-08-08T21:23:38.000Z",
      "date_modified": "2021-08-08T21:23:38.000Z",
      "_original_published": "2021-08-08T14:57:40.000Z",
      "_original_language": "en",
      "_translations": {
        "en": {
          "title": "Beating anorexia 2 year Transformation"
        },
        "ja": {
          "title": "拒食症との闘い 2年目の変身"
        },
        "zh-Hans": {
          "title": "战胜厌食症 2年转型"
        },
        "zh-Hant": {
          "title": "戰勝厭食症 2年轉型"
        }
      },
      "tags": [
        "MadeMeSmile"
      ],
      "authors": [
        {
          "name": "CalorieMuncher",
          "url": "https://old.reddit.com/user/CalorieMuncher"
        }
      ],
      "_links": [
        {
          "url": "https://old.reddit.com/r/MadeMeSmile/comments/p0g52u/beating_anorexia_2_year_transformation/",
          "name": "&uarr;77797 votes"
        }
      ],
      "image": "https://preview.redd.it/ixxgp4fse5g71.jpg?width=960&crop=smart&auto=webp&s=4b585cd363a41e00ccc1c79da03098c8a0394266"
    },
    "2021_08_11_en_reddit_reddit__r--memes--comments--p28c3z--damn_thats_smooth": {
      "id": "2021_08_11_en_reddit_reddit__r--memes--comments--p28c3z--damn_thats_smooth",
      "url": "https://old.reddit.com/r/memes/comments/p28c3z/damn_thats_smooth/",
      "date_published": "2021-08-11T14:18:00.000Z",
      "date_modified": "2021-08-11T14:18:00.000Z",
      "_original_published": "2021-08-11T07:38:13.000Z",
      "_original_language": "en",
      "_translations": {
        "en": {
          "title": "damn that's smooth"
        },
        "ja": {
          "title": "スムーズですね"
        },
        "zh-Hans": {
          "title": "该死的，这很顺利"
        },
        "zh-Hant": {
          "title": "該死的，這很順利"
        }
      },
      "tags": [
        "memes"
      ],
      "authors": [
        {
          "name": "Robo-Guardian",
          "url": "https://old.reddit.com/user/Robo-Guardian"
        }
      ],
      "_links": [
        {
          "url": "https://old.reddit.com/r/memes/comments/p28c3z/damn_thats_smooth/",
          "name": "&uarr;77757 votes"
        }
      ],
      "image": "https://external-preview.redd.it/Q8dTjG2kSitbL4jCO4DTcClkk_pdIZpviNQbft9sukI.png?width=960&crop=smart&format=pjpg&auto=webp&s=3001abf2d9e0a6a6d07494a0b0866c90e64c2f77",
      "_video": {
        "sources": [
          {
            "url": "https://v.redd.it/hwddmmz2nog71/DASH_720.mp4?source=fallback"
          }
        ],
        "width": 893,
        "height": 720,
        "poster": "https://external-preview.redd.it/Q8dTjG2kSitbL4jCO4DTcClkk_pdIZpviNQbft9sukI.png?width=960&crop=smart&format=pjpg&auto=webp&s=3001abf2d9e0a6a6d07494a0b0866c90e64c2f77"
      }
    },
    "2021_08_12_en_reddit_reddit__r--pics--comments--p2z17r--just_some_antimask_protestors_threatening_to_pull": {
      "id": "2021_08_12_en_reddit_reddit__r--pics--comments--p2z17r--just_some_antimask_protestors_threatening_to_pull",
      "url": "https://old.reddit.com/r/pics/comments/p2z17r/just_some_antimask_protestors_threatening_to_pull/",
      "date_published": "2021-08-12T18:52:03.000Z",
      "date_modified": "2021-08-12T18:52:03.000Z",
      "_original_published": "2021-08-12T12:41:46.000Z",
      "_original_language": "en",
      "_translations": {
        "en": {
          "title": "Just some anti-mask protestors threatening to pull their kids out of school (Science Hill, KY)"
        },
        "ja": {
          "title": "反マスクのデモ参加者が子供を学校から引き離すと脅しているだけ（KY州サイエンスヒル"
        },
        "zh-Hans": {
          "title": "只是一些反面具的抗议者威胁要让他们的孩子离开学校（肯塔基州的科学山）。"
        },
        "zh-Hant": {
          "title": "只是一些反面具的抗議者威脅要讓他們的孩子離開學校（肯塔基州的科學山）。"
        }
      },
      "tags": [
        "pics"
      ],
      "authors": [
        {
          "name": "TaperUrExpectations",
          "url": "https://old.reddit.com/user/TaperUrExpectations"
        }
      ],
      "_links": [
        {
          "url": "https://old.reddit.com/r/pics/comments/p2z17r/just_some_antimask_protestors_threatening_to_pull/",
          "name": "&uarr;77729 votes"
        }
      ],
      "image": "https://preview.redd.it/1vbxesv6axg71.jpg?width=1080&crop=smart&auto=webp&s=c8100dae4ef04a8bdd4915557832aac4567f2392"
    },
    "2021_08_13_en_reddit_reddit__r--nextfuckinglevel--comments--p3d2h8--firefighter_snatches_suicide_jumper_out_of_mid_air": {
      "id": "2021_08_13_en_reddit_reddit__r--nextfuckinglevel--comments--p3d2h8--firefighter_snatches_suicide_jumper_out_of_mid_air",
      "url": "https://old.reddit.com/r/nextfuckinglevel/comments/p3d2h8/firefighter_snatches_suicide_jumper_out_of_mid_air/",
      "date_published": "2021-08-13T05:43:04.000Z",
      "date_modified": "2021-08-13T05:43:04.000Z",
      "_original_published": "2021-08-13T01:00:11.000Z",
      "_original_language": "en",
      "_translations": {
        "en": {
          "title": "Firefighter snatches suicide jumper out of mid air"
        },
        "ja": {
          "title": "飛び降り自殺者を空中から奪った消防隊員"
        },
        "zh-Hans": {
          "title": "消防员将自杀者从半空中救下"
        },
        "zh-Hant": {
          "title": "消防員將自殺者從半空中救下"
        }
      },
      "tags": [
        "nextfuckinglevel"
      ],
      "authors": [
        {
          "name": "ImaginaryChefLouie12",
          "url": "https://old.reddit.com/user/ImaginaryChefLouie12"
        }
      ],
      "_links": [
        {
          "url": "https://old.reddit.com/r/nextfuckinglevel/comments/p3d2h8/firefighter_snatches_suicide_jumper_out_of_mid_air/",
          "name": "&uarr;77715 votes"
        }
      ],
      "image": "https://external-preview.redd.it/q_1qVBj2N9Jq3--WG6AI3QqTWgnmcCzgOmi3LF99Ce8.png?width=640&crop=smart&format=pjpg&auto=webp&s=07fc88793aa530cf69c10c484bbb1be0c728af36",
      "_video": {
        "sources": [
          {
            "url": "https://v.redd.it/md0ku1qwx0h71/DASH_360.mp4?source=fallback"
          }
        ],
        "width": 640,
        "height": 360,
        "poster": "https://external-preview.redd.it/q_1qVBj2N9Jq3--WG6AI3QqTWgnmcCzgOmi3LF99Ce8.png?width=640&crop=smart&format=pjpg&auto=webp&s=07fc88793aa530cf69c10c484bbb1be0c728af36"
      }
    },
    "2021_08_10_en_reddit_reddit__r--memes--comments--p1obc8--how_the_world_works": {
      "id": "2021_08_10_en_reddit_reddit__r--memes--comments--p1obc8--how_the_world_works",
      "url": "https://old.reddit.com/r/memes/comments/p1obc8/how_the_world_works/",
      "date_published": "2021-08-10T19:17:37.000Z",
      "date_modified": "2021-08-10T19:17:37.000Z",
      "_original_published": "2021-08-10T12:36:47.000Z",
      "_original_language": "en",
      "_translations": {
        "en": {
          "title": "how the world works"
        },
        "ja": {
          "title": "世界のしくみ"
        },
        "zh-Hans": {
          "title": "世界是如何运作的"
        },
        "zh-Hant": {
          "title": "世界是如何運作的"
        }
      },
      "tags": [
        "memes"
      ],
      "authors": [
        {
          "name": "PrettyCoolTim",
          "url": "https://old.reddit.com/user/PrettyCoolTim"
        }
      ],
      "_links": [
        {
          "url": "https://old.reddit.com/r/memes/comments/p1obc8/how_the_world_works/",
          "name": "&uarr;77659 votes"
        }
      ],
      "image": "https://preview.redd.it/bi2o36cfzig71.jpg?width=640&crop=smart&auto=webp&s=cfebacd0f1663ef0fba793c76ff592aae67724fc"
    },
    "2021_08_07_en_reddit_reddit__r--memes--comments--ozs8kr--we_finally_got_to_experience_the_feeling": {
      "id": "2021_08_07_en_reddit_reddit__r--memes--comments--ozs8kr--we_finally_got_to_experience_the_feeling",
      "url": "https://old.reddit.com/r/memes/comments/ozs8kr/we_finally_got_to_experience_the_feeling/",
      "date_published": "2021-08-07T18:26:50.000Z",
      "date_modified": "2021-08-07T18:26:50.000Z",
      "_original_published": "2021-08-07T12:19:54.000Z",
      "_original_language": "en",
      "_translations": {
        "en": {
          "title": "We finally got to experience the feeling"
        },
        "ja": {
          "title": "ようやくその感覚を味わうことができました。"
        },
        "zh-Hans": {
          "title": "我们终于体验到了这种感觉"
        },
        "zh-Hant": {
          "title": "我們終於體驗到了這種感覺"
        }
      },
      "tags": [
        "memes"
      ],
      "authors": [
        {
          "name": "aaditya_9303",
          "url": "https://old.reddit.com/user/aaditya_9303"
        }
      ],
      "_links": [
        {
          "url": "https://old.reddit.com/r/memes/comments/ozs8kr/we_finally_got_to_experience_the_feeling/",
          "name": "&uarr;77559 votes"
        }
      ],
      "image": "https://preview.redd.it/37c271aqhxf71.jpg?width=960&crop=smart&auto=webp&s=e4e217f019032947498a6e13bd08b9987446a1fd"
    },
    "2021_08_10_en_reddit_reddit__r--PublicFreakout--comments--p1kusi--student_schools_his_fellow_classmates_on_the": {
      "id": "2021_08_10_en_reddit_reddit__r--PublicFreakout--comments--p1kusi--student_schools_his_fellow_classmates_on_the",
      "url": "https://old.reddit.com/r/PublicFreakout/comments/p1kusi/student_schools_his_fellow_classmates_on_the/",
      "date_published": "2021-08-10T22:52:49.000Z",
      "date_modified": "2021-08-10T22:52:49.000Z",
      "_original_published": "2021-08-10T08:07:49.000Z",
      "_original_language": "en",
      "_translations": {
        "en": {
          "title": "Student schools his fellow classmates on the confederate flag"
        },
        "ja": {
          "title": "連合国旗について同級生に教える学生"
        },
        "zh-Hans": {
          "title": "学生向同学们讲授邦联旗的知识"
        },
        "zh-Hant": {
          "title": "學生向同學們講授邦聯旗的知識"
        }
      },
      "tags": [
        "PublicFreakout"
      ],
      "authors": [
        {
          "name": "PradyThe3rd",
          "url": "https://old.reddit.com/user/PradyThe3rd"
        }
      ],
      "_links": [
        {
          "url": "https://old.reddit.com/r/PublicFreakout/comments/p1kusi/student_schools_his_fellow_classmates_on_the/",
          "name": "&uarr;77516 votes"
        }
      ],
      "image": "https://external-preview.redd.it/Mjtb30rnMJgtVTh7yO9rCjpft1I_V6Oe3rQabUrcmjs.png?width=640&crop=smart&format=pjpg&auto=webp&s=a154fa66bb3e299f1163253e0409f30f5f0ba45a",
      "_video": {
        "sources": [
          {
            "url": "https://v.redd.it/k8dq14cbnhg71/DASH_480.mp4?source=fallback"
          }
        ],
        "width": 854,
        "height": 480,
        "poster": "https://external-preview.redd.it/Mjtb30rnMJgtVTh7yO9rCjpft1I_V6Oe3rQabUrcmjs.png?width=640&crop=smart&format=pjpg&auto=webp&s=a154fa66bb3e299f1163253e0409f30f5f0ba45a"
      }
    }
  }
}
