{
  "meta": {
    "name": "WhitePeopleTwitter"
  },
  "items": {
    "2022_07_30_en_reddit_reddit__r--WhitePeopleTwitter--comments--wc3muc--she_also_attacks_lgbt_people": {
      "id": "2022_07_30_en_reddit_reddit__r--WhitePeopleTwitter--comments--wc3muc--she_also_attacks_lgbt_people",
      "url": "https://old.reddit.com/r/WhitePeopleTwitter/comments/wc3muc/she_also_attacks_lgbt_people/",
      "date_published": "2022-07-31T16:53:03.000Z",
      "date_modified": "2022-07-31T16:53:03.000Z",
      "_original_published": "2022-07-30T18:10:34.000Z",
      "_original_language": "en",
      "_translations": {
        "en": {
          "title": "She also attacks LGBT people"
        },
        "ja": {
          "title": "また、彼女はLGBTを攻撃する"
        },
        "zh-Hans": {
          "title": "她还攻击LGBT人士"
        },
        "zh-Hant": {
          "title": "她還攻擊LGBT人士"
        }
      },
      "tags": [
        "WhitePeopleTwitter"
      ],
      "authors": [
        {
          "name": "thatguy9684736255",
          "url": "https://old.reddit.com/user/thatguy9684736255"
        }
      ],
      "_links": [
        {
          "url": "https://old.reddit.com/r/WhitePeopleTwitter/comments/wc3muc/she_also_attacks_lgbt_people/",
          "name": "&uarr;75068 votes"
        }
      ],
      "image": "https://preview.redd.it/flfy0ptpxqe91.jpg?width=1080&amp;crop=smart&amp;auto=webp&amp;s=c499d9dc638a71c62f2ae36934373d7c438e133c"
    },
    "2022_07_04_en_reddit_reddit__r--WhitePeopleTwitter--comments--vr6jh8--a_year_ago_these_same_people_were_bitching_about": {
      "id": "2022_07_04_en_reddit_reddit__r--WhitePeopleTwitter--comments--vr6jh8--a_year_ago_these_same_people_were_bitching_about",
      "url": "https://old.reddit.com/r/WhitePeopleTwitter/comments/vr6jh8/a_year_ago_these_same_people_were_bitching_about/",
      "date_published": "2022-07-05T08:59:20.000Z",
      "date_modified": "2022-07-05T08:59:20.000Z",
      "_original_published": "2022-07-04T12:40:43.000Z",
      "_original_language": "en",
      "_translations": {
        "en": {
          "title": "A year ago these same people were bitching about wearing masks in the summer. Now they use them to hide like cowards."
        },
        "ja": {
          "title": "1年前は同じ人たちが夏にマスクをすることに文句を言っていた。今、彼らは臆病者のように隠れるためにマスクを使っている。"
        },
        "zh-Hans": {
          "title": "一年前，这些人还在抱怨在夏天戴口罩。现在，他们用它们来躲避，像个懦夫。"
        },
        "zh-Hant": {
          "title": "一年前，這些人還在抱怨在夏天戴口罩。現在，他們用它們來躲避，像個懦夫。"
        }
      },
      "tags": [
        "WhitePeopleTwitter"
      ],
      "authors": [
        {
          "name": "sudde004",
          "url": "https://old.reddit.com/user/sudde004"
        }
      ],
      "_links": [
        {
          "url": "https://old.reddit.com/r/WhitePeopleTwitter/comments/vr6jh8/a_year_ago_these_same_people_were_bitching_about/",
          "name": "&uarr;75032 votes"
        }
      ],
      "image": "https://preview.redd.it/ttzwsg0p8l991.jpg?width=1080&amp;crop=smart&amp;auto=webp&amp;s=19bf68c10fdd9f19101d59d024e4588297c64c0f"
    },
    "2021_12_22_en_reddit_reddit__r--WhitePeopleTwitter--comments--rm41ag--that_went_well": {
      "id": "2021_12_22_en_reddit_reddit__r--WhitePeopleTwitter--comments--rm41ag--that_went_well",
      "url": "https://old.reddit.com/r/WhitePeopleTwitter/comments/rm41ag/that_went_well/",
      "date_published": "2021-12-22T20:42:23.000Z",
      "date_modified": "2021-12-22T20:42:23.000Z",
      "_original_published": "2021-12-22T12:15:13.000Z",
      "_original_language": "en",
      "_translations": {
        "en": {
          "title": "That went well"
        },
        "ja": {
          "title": "うまくいった"
        },
        "zh-Hans": {
          "title": "这很顺利"
        },
        "zh-Hant": {
          "title": "這很順利"
        }
      },
      "tags": [
        "WhitePeopleTwitter"
      ],
      "authors": [
        {
          "name": "regian24",
          "url": "https://old.reddit.com/user/regian24"
        }
      ],
      "_links": [
        {
          "url": "https://old.reddit.com/r/WhitePeopleTwitter/comments/rm41ag/that_went_well/",
          "name": "&uarr;75233 votes"
        }
      ],
      "image": "https://preview.redd.it/fouzkjkr53781.png?width=1080&amp;crop=smart&amp;auto=webp&amp;s=18060134a05cbd54140fc8a572efb069252188f6"
    },
    "2021_11_03_en_reddit_reddit__r--WhitePeopleTwitter--comments--qlyjx0--zillow_can_rot": {
      "id": "2021_11_03_en_reddit_reddit__r--WhitePeopleTwitter--comments--qlyjx0--zillow_can_rot",
      "url": "https://old.reddit.com/r/WhitePeopleTwitter/comments/qlyjx0/zillow_can_rot/",
      "date_published": "2021-11-04T02:22:10.000Z",
      "date_modified": "2021-11-04T02:22:10.000Z",
      "_original_published": "2021-11-03T16:43:47.000Z",
      "_original_language": "en",
      "_translations": {
        "en": {
          "title": "Zillow can rot…"
        },
        "ja": {
          "title": "Zillowは腐っても..."
        },
        "zh-Hans": {
          "title": "Zillow可以旋转..."
        },
        "zh-Hant": {
          "title": "Zillow可以旋轉..."
        }
      },
      "tags": [
        "WhitePeopleTwitter"
      ],
      "authors": [
        {
          "name": "LilPeep1k",
          "url": "https://old.reddit.com/user/LilPeep1k"
        }
      ],
      "_links": [
        {
          "url": "https://old.reddit.com/r/WhitePeopleTwitter/comments/qlyjx0/zillow_can_rot/",
          "name": "&uarr;77491 votes"
        }
      ],
      "image": "https://preview.redd.it/9ao7p711tex71.jpg?width=640&crop=smart&auto=webp&s=6940d078ba13e4dc138e16350e92f9cbc643aea7"
    },
    "2021_10_16_en_reddit_reddit__r--WhitePeopleTwitter--comments--q9l3bd--literally_no_one": {
      "id": "2021_10_16_en_reddit_reddit__r--WhitePeopleTwitter--comments--q9l3bd--literally_no_one",
      "url": "https://old.reddit.com/r/WhitePeopleTwitter/comments/q9l3bd/literally_no_one/",
      "date_published": "2021-10-17T05:45:13.000Z",
      "date_modified": "2021-10-17T05:45:13.000Z",
      "_original_published": "2021-10-16T21:32:37.000Z",
      "_original_language": "en",
      "_translations": {
        "en": {
          "title": "Literally no one"
        },
        "ja": {
          "title": "文字通り誰も"
        },
        "zh-Hans": {
          "title": "从字面上看，没有人"
        },
        "zh-Hant": {
          "title": "從字面上看，沒有人"
        }
      },
      "tags": [
        "WhitePeopleTwitter"
      ],
      "authors": [
        {
          "name": "ajfoucault",
          "url": "https://old.reddit.com/user/ajfoucault"
        }
      ],
      "_links": [
        {
          "url": "https://old.reddit.com/r/WhitePeopleTwitter/comments/q9l3bd/literally_no_one/",
          "name": "&uarr;76025 votes"
        }
      ],
      "image": "https://preview.redd.it/0djgs6i5svt71.jpg?width=1080&crop=smart&auto=webp&s=f27464e52d649f10a7caf818d429f720faa83d46"
    },
    "2021_08_11_en_reddit_reddit__r--WhitePeopleTwitter--comments--p2kvza--welli_didnt_mean_that_kind_of_co2": {
      "id": "2021_08_11_en_reddit_reddit__r--WhitePeopleTwitter--comments--p2kvza--welli_didnt_mean_that_kind_of_co2",
      "url": "https://old.reddit.com/r/WhitePeopleTwitter/comments/p2kvza/welli_didnt_mean_that_kind_of_co2/",
      "date_published": "2021-08-12T13:03:57.000Z",
      "date_modified": "2021-08-12T13:03:57.000Z",
      "_original_published": "2021-08-11T20:02:38.000Z",
      "_original_language": "en",
      "_translations": {
        "en": {
          "title": "Well…I didn’t mean *that* kind of CO2"
        },
        "ja": {
          "title": "まあ、そういう意味でのCO2ではありません。"
        },
        "zh-Hans": {
          "title": "嗯......我不是说*那种二氧化碳。"
        },
        "zh-Hant": {
          "title": "嗯......我不是說*那種二氧化碳。"
        }
      },
      "tags": [
        "WhitePeopleTwitter"
      ],
      "authors": [
        {
          "name": "orchid_breeder",
          "url": "https://old.reddit.com/user/orchid_breeder"
        }
      ],
      "_links": [
        {
          "url": "https://old.reddit.com/r/WhitePeopleTwitter/comments/p2kvza/welli_didnt_mean_that_kind_of_co2/",
          "name": "&uarr;75650 votes"
        }
      ],
      "image": "https://preview.redd.it/qo7d3aoxbsg71.jpg?width=1080&crop=smart&auto=webp&s=851beb14afbd341cb8a245bda4f7ef2fe5fc7f0b"
    },
    "2021_07_18_en_reddit_reddit__r--WhitePeopleTwitter--comments--ompje4--do_they_even_know_what_it_is": {
      "id": "2021_07_18_en_reddit_reddit__r--WhitePeopleTwitter--comments--ompje4--do_they_even_know_what_it_is",
      "url": "https://old.reddit.com/r/WhitePeopleTwitter/comments/ompje4/do_they_even_know_what_it_is/",
      "date_published": "2021-07-18T22:47:26.000Z",
      "date_modified": "2021-07-18T22:47:26.000Z",
      "_original_published": "2021-07-18T12:23:05.000Z",
      "_original_language": "en",
      "_translations": {
        "en": {
          "title": "Do they even know what it is?"
        },
        "ja": {
          "title": "彼らはそれが何であるかを知っていますか？"
        },
        "zh-Hans": {
          "title": "他们甚至知道它是什么吗？"
        },
        "zh-Hant": {
          "title": "他們甚至知道它是什麼嗎？"
        }
      },
      "tags": [
        "WhitePeopleTwitter"
      ],
      "authors": [
        {
          "name": "Adelu1219",
          "url": "https://old.reddit.com/user/Adelu1219"
        }
      ],
      "_links": [
        {
          "url": "https://old.reddit.com/r/WhitePeopleTwitter/comments/ompje4/do_they_even_know_what_it_is/",
          "name": "&uarr;75066 votes"
        }
      ],
      "image": "https://preview.redd.it/z2uvlg92syb71.jpg?width=1080&crop=smart&auto=webp&s=4a8b7f06593c881ddf2288419e2eafd0636db4ef"
    },
    "2021_05_12_en_reddit_reddit__r--WhitePeopleTwitter--comments--naxwjz--freedumb": {
      "id": "2021_05_12_en_reddit_reddit__r--WhitePeopleTwitter--comments--naxwjz--freedumb",
      "url": "https://old.reddit.com/r/WhitePeopleTwitter/comments/naxwjz/freedumb/",
      "date_published": "2021-05-13T03:11:35.000Z",
      "date_modified": "2021-05-13T03:11:35.000Z",
      "_original_published": "2021-05-12T20:00:44.000Z",
      "_original_language": "en",
      "_translations": {
        "en": {
          "title": "Freedumb"
        },
        "ja": {
          "title": "フリーダム"
        },
        "zh-Hans": {
          "title": "自由人"
        },
        "zh-Hant": {
          "title": "自由人"
        }
      },
      "tags": [
        "WhitePeopleTwitter"
      ],
      "authors": [
        {
          "name": "jonredd901",
          "url": "https://old.reddit.com/user/jonredd901"
        }
      ],
      "_links": [
        {
          "url": "https://old.reddit.com/r/WhitePeopleTwitter/comments/naxwjz/freedumb/",
          "name": "&uarr;108499 votes"
        }
      ],
      "image": "https://preview.redd.it/bxjuw42nwqy61.jpg?width=640&crop=smart&auto=webp&s=108b538ff0804fb1dddfd5c544a4beb5d9575012"
    },
    "2021_03_03_en_reddit_reddit__r--WhitePeopleTwitter--comments--lwt3xb--ranger_smith_knows_what_he_is_talking_about": {
      "id": "2021_03_03_en_reddit_reddit__r--WhitePeopleTwitter--comments--lwt3xb--ranger_smith_knows_what_he_is_talking_about",
      "url": "https://old.reddit.com/r/WhitePeopleTwitter/comments/lwt3xb/ranger_smith_knows_what_he_is_talking_about/",
      "date_published": "2021-03-03T19:19:32.000Z",
      "date_modified": "2021-03-03T19:19:32.000Z",
      "_original_published": "2021-03-03T12:49:18.000Z",
      "_original_language": "en",
      "_translations": {
        "en": {
          "title": "Ranger Smith knows what he is talking about!"
        },
        "zh-Hans": {
          "title": "兰杰-史密斯知道他在说什么!"
        },
        "zh-Hant": {
          "title": "蘭傑-史密斯知道他在說什麼!"
        }
      },
      "tags": [
        "WhitePeopleTwitter"
      ],
      "authors": [
        {
          "name": "Snoutpile",
          "url": "https://old.reddit.com/user/Snoutpile"
        }
      ],
      "_links": [
        {
          "url": "https://old.reddit.com/r/WhitePeopleTwitter/comments/lwt3xb/ranger_smith_knows_what_he_is_talking_about/",
          "name": "&uarr;105850 votes"
        }
      ],
      "image": "https://preview.redd.it/iwp9i11v7tk61.jpg?width=640&crop=smart&auto=webp&s=72e880ef5367ac8fb19a9dfd00d967748a6efc4e"
    },
    "2021_02_15_en_reddit_reddit__r--WhitePeopleTwitter--comments--lkdcci--who_doesnt_hate_those": {
      "id": "2021_02_15_en_reddit_reddit__r--WhitePeopleTwitter--comments--lkdcci--who_doesnt_hate_those",
      "url": "https://old.reddit.com/r/WhitePeopleTwitter/comments/lkdcci/who_doesnt_hate_those/",
      "date_published": "2021-02-15T21:44:53.000Z",
      "date_modified": "2021-02-15T21:44:53.000Z",
      "_original_published": "2021-02-15T13:08:25.000Z",
      "_original_language": "en",
      "_translations": {
        "en": {
          "title": "Who doesn't hate those?"
        },
        "zh-Hans": {
          "title": "谁不讨厌这些？"
        },
        "zh-Hant": {
          "title": "誰不討厭這些？"
        }
      },
      "tags": [
        "WhitePeopleTwitter"
      ],
      "authors": [
        {
          "name": "aidominance",
          "url": "https://old.reddit.com/user/aidominance"
        }
      ],
      "_links": [
        {
          "url": "https://old.reddit.com/r/WhitePeopleTwitter/comments/lkdcci/who_doesnt_hate_those/",
          "name": "&uarr;85698 votes"
        }
      ],
      "image": "https://preview.redd.it/is80fmto4nh61.jpg?width=1080&crop=smart&auto=webp&s=682385f0ea82f0d4ae9e55875238167c1b81adac"
    },
    "2020_11_18_en_reddit_reddit__r--WhitePeopleTwitter--comments--jw6033--do_something": {
      "id": "2020_11_18_en_reddit_reddit__r--WhitePeopleTwitter--comments--jw6033--do_something",
      "url": "https://old.reddit.com/r/WhitePeopleTwitter/comments/jw6033/do_something/",
      "date_published": "2020-11-18T17:18:12.000Z",
      "date_modified": "2020-11-18T17:18:12.000Z",
      "_original_published": "2020-11-18T17:18:12.000Z",
      "_original_language": "en",
      "_translations": {
        "en": {
          "title": "Do something!"
        },
        "zh-Hans": {
          "title": "想点儿办法吧!"
        },
        "zh-Hant": {
          "title": "想點兒辦法吧!"
        }
      },
      "tags": [
        "WhitePeopleTwitter"
      ],
      "authors": [
        {
          "name": "silkworth20",
          "url": "https://old.reddit.com/user/silkworth20"
        }
      ],
      "_links": [
        {
          "url": "https://old.reddit.com/r/WhitePeopleTwitter/comments/jw6033/do_something/",
          "name": "&uarr;79923 votes"
        }
      ],
      "image": "https://external-preview.redd.it/9hCBZFSBPWIlCN_m16R31EmYj2YqXjoz-3qowbfTEtA.jpg?width=1080&crop=smart&auto=webp&s=1d937cd22a6f2ada28995b53bf5a631a81b9ed6c"
    }
  }
}
