{
  "id": "2022_05_11_en_reddit_reddit__r--me_irl--comments--un60ik--me_irl",
  "url": "https://old.reddit.com/r/me_irl/comments/un60ik/me_irl/",
  "date_published": "2022-05-11T21:24:57.000Z",
  "date_modified": "2022-05-11T21:24:57.000Z",
  "_original_published": "2022-05-11T09:36:22.000Z",
  "_original_language": "en",
  "_translations": {
    "en": {
      "title": "me_irl"
    },
    "ja": {
      "title": "ミーハー"
    },
    "zh-Hans": {
      "title": "我_女孩"
    },
    "zh-Hant": {
      "title": "我_女孩"
    }
  },
  "tags": [
    "me_irl"
  ],
  "authors": [
    {
      "name": "1aappyy",
      "url": "https://old.reddit.com/user/1aappyy"
    }
  ],
  "_links": [
    {
      "url": "https://old.reddit.com/r/me_irl/comments/un60ik/me_irl/",
      "name": "&uarr;75417 votes"
    }
  ],
  "image": "https://preview.redd.it/2bzb34u1hty81.jpg?width=640&amp;crop=smart&amp;auto=webp&amp;s=d31ad4a5afb81b6a1c5eca9a951ee41514f74a77"
}
