{
  "id": "2022_05_11_en_reddit_reddit__r--mildlyinfuriating--comments--unfzwq--im_a_teacher_my_student_told_me_her_grandma_died",
  "url": "https://old.reddit.com/r/mildlyinfuriating/comments/unfzwq/im_a_teacher_my_student_told_me_her_grandma_died/",
  "date_published": "2022-05-12T03:37:43.000Z",
  "date_modified": "2022-05-12T03:37:43.000Z",
  "_original_published": "2022-05-11T18:05:40.000Z",
  "_original_language": "en",
  "_translations": {
    "en": {
      "title": "i’m a teacher. my student told me her grandma died"
    },
    "ja": {
      "title": "私は教師です。私の生徒がおばあさんが死んだと言いました。"
    },
    "zh-Hans": {
      "title": "我是一名教师，我的学生告诉我她的祖母去世了。"
    },
    "zh-Hant": {
      "title": "我是一名教師，我的學生告訴我她的祖母去世了。"
    }
  },
  "tags": [
    "mildlyinfuriating"
  ],
  "authors": [
    {
      "name": "galacticbees",
      "url": "https://old.reddit.com/user/galacticbees"
    }
  ],
  "_links": [
    {
      "url": "https://old.reddit.com/r/mildlyinfuriating/comments/unfzwq/im_a_teacher_my_student_told_me_her_grandma_died/",
      "name": "&uarr;76073 votes"
    }
  ],
  "image": "https://preview.redd.it/2zhhb1ywzvy81.jpg?width=1080&amp;crop=smart&amp;auto=webp&amp;s=b627a84a95a26aa3b30c88f28afa076bc80a0ee7"
}
