{
  "id": "2022_05_11_en_reddit_reddit__r--IdiotsInCars--comments--umwhoa--lady_said_my_step_dad_hit_her",
  "url": "https://old.reddit.com/r/IdiotsInCars/comments/umwhoa/lady_said_my_step_dad_hit_her/",
  "date_published": "2022-05-11T19:31:35.000Z",
  "date_modified": "2022-05-11T19:31:35.000Z",
  "_original_published": "2022-05-11T00:00:35.000Z",
  "_original_language": "en",
  "_translations": {
    "en": {
      "title": "Lady said my step dad hit her"
    },
    "ja": {
      "title": "義理の父に殴られたと 女性が言ってた"
    },
    "zh-Hans": {
      "title": "女士说我的继父打她"
    },
    "zh-Hant": {
      "title": "女士說我的繼父打她"
    }
  },
  "tags": [
    "IdiotsInCars"
  ],
  "authors": [
    {
      "name": "the_dalai_mangala",
      "url": "https://old.reddit.com/user/the_dalai_mangala"
    }
  ],
  "_links": [
    {
      "url": "https://old.reddit.com/r/IdiotsInCars/comments/umwhoa/lady_said_my_step_dad_hit_her/",
      "name": "&uarr;75015 votes"
    }
  ],
  "image": "https://external-preview.redd.it/Gxuu-4pb50MtR_zY5BCVCrm4VQ-EWR1RKndR3KZoMzs.png?width=1080&amp;crop=smart&amp;format=pjpg&amp;auto=webp&amp;s=32bd1999f6895b992abd903fc539da1008bc6786",
  "_video": {
    "sources": [
      {
        "url": "https://v.redd.it/93iwrtubmqy81/DASH_720.mp4?source=fallback"
      }
    ],
    "width": 1280,
    "height": 720,
    "poster": "https://external-preview.redd.it/Gxuu-4pb50MtR_zY5BCVCrm4VQ-EWR1RKndR3KZoMzs.png?width=1080&amp;crop=smart&amp;format=pjpg&amp;auto=webp&amp;s=32bd1999f6895b992abd903fc539da1008bc6786"
  }
}
