{
  "id": "2022_05_11_en_reddit_reddit__r--news--comments--un8lds--pussy_riot_band_member_maria_alyokhina_escapes",
  "url": "https://old.reddit.com/r/news/comments/un8lds/pussy_riot_band_member_maria_alyokhina_escapes/",
  "date_published": "2022-05-12T02:48:23.000Z",
  "date_modified": "2022-05-12T02:48:23.000Z",
  "_original_published": "2022-05-11T12:22:22.000Z",
  "_original_language": "en",
  "_translations": {
    "en": {
      "title": "Pussy Riot band member Maria Alyokhina escapes Russia dressed as food courier after criticising Putin"
    },
    "ja": {
      "title": "プッシー・ライオットのメンバー、マリア・アリョーヒナ、プーチン批判後、食糧宅配便の格好でロシアから脱出"
    },
    "zh-Hans": {
      "title": "Pussy Riot乐队成员Maria Alyokhina批评普京后扮成食品快递员逃出俄罗斯"
    },
    "zh-Hant": {
      "title": "Pussy Riot樂隊成員Maria Alyokhina批評普京後扮成食品快遞員逃出俄羅斯"
    }
  },
  "tags": [
    "news"
  ],
  "authors": [
    {
      "name": "PeasKhichra",
      "url": "https://old.reddit.com/user/PeasKhichra"
    }
  ],
  "_links": [
    {
      "url": "https://old.reddit.com/r/news/comments/un8lds/pussy_riot_band_member_maria_alyokhina_escapes/",
      "name": "&uarr;76073 votes"
    }
  ],
  "image": "https://external-preview.redd.it/UKVrbuV8ryCbDm3FXfwvSS-pI5XvZCgxHW-3LrKkI14.jpg?width=1080&amp;crop=smart&amp;auto=webp&amp;s=4823d008fcb8600a93d682287e3d8380548da10a"
}
