{
  "id": "2022_05_11_en_reddit_reddit__r--iamatotalpieceofshit--comments--unb1un--scumbags_pop_balloons_directly_into_the_ocean",
  "url": "https://old.reddit.com/r/iamatotalpieceofshit/comments/unb1un/scumbags_pop_balloons_directly_into_the_ocean/",
  "date_published": "2022-05-12T08:06:41.000Z",
  "date_modified": "2022-05-12T08:06:41.000Z",
  "_original_published": "2022-05-11T14:25:08.000Z",
  "_original_language": "en",
  "_translations": {
    "en": {
      "title": "Scumbags pop balloons directly into the ocean after a yacht party"
    },
    "ja": {
      "title": "ヨットパーティーの後、風船を直接海に投げ入れるクズ野郎たち"
    },
    "zh-Hans": {
      "title": "卑鄙小人在游艇派对后直接将气球扔进大海"
    },
    "zh-Hant": {
      "title": "卑鄙小人在遊艇派對後直接將氣球扔進大海"
    }
  },
  "tags": [
    "iamatotalpieceofshit"
  ],
  "authors": [
    {
      "name": "deadstar420",
      "url": "https://old.reddit.com/user/deadstar420"
    }
  ],
  "_links": [
    {
      "url": "https://old.reddit.com/r/iamatotalpieceofshit/comments/unb1un/scumbags_pop_balloons_directly_into_the_ocean/",
      "name": "&uarr;75355 votes"
    }
  ],
  "image": "https://external-preview.redd.it/tjACaUujX8_8bDxxLmB3HD2EPvww9mIpwgoEdEBqI9E.png?width=640&amp;crop=smart&amp;format=pjpg&amp;auto=webp&amp;s=127cbef403b90e6ac69da949a665e587ed330a9c",
  "_video": {
    "sources": [
      {
        "url": "https://v.redd.it/6kslc38bwuy81/DASH_720.mp4?source=fallback"
      }
    ],
    "width": 631,
    "height": 720,
    "poster": "https://external-preview.redd.it/tjACaUujX8_8bDxxLmB3HD2EPvww9mIpwgoEdEBqI9E.png?width=640&amp;crop=smart&amp;format=pjpg&amp;auto=webp&amp;s=127cbef403b90e6ac69da949a665e587ed330a9c"
  }
}
