{
  "id": "2022_05_11_en_reddit_reddit__r--pics--comments--unm040--today_i_saw_the_david_by_michelangelo_my_mother",
  "url": "https://old.reddit.com/r/pics/comments/unm040/today_i_saw_the_david_by_michelangelo_my_mother/",
  "date_published": "2022-05-12T11:55:33.000Z",
  "date_modified": "2022-05-12T11:55:33.000Z",
  "_original_published": "2022-05-11T22:38:34.000Z",
  "_original_language": "en",
  "_translations": {
    "en": {
      "title": "Today I saw the David by Michelangelo. My mother made sure to take some photos."
    },
    "ja": {
      "title": "今日、ミケランジェロのダビデ像を見ました。母が写真を撮ってきてくれました。"
    },
    "zh-Hans": {
      "title": "今天我看到了米开朗基罗的《大卫》。我的母亲一定要拍一些照片。"
    },
    "zh-Hant": {
      "title": "今天我看到了米開朗基羅的《大衛》。我的母親一定要拍一些照片。"
    }
  },
  "tags": [
    "pics"
  ],
  "authors": [
    {
      "name": "nlderek",
      "url": "https://old.reddit.com/user/nlderek"
    }
  ],
  "_links": [
    {
      "url": "https://old.reddit.com/r/pics/comments/unm040/today_i_saw_the_david_by_michelangelo_my_mother/",
      "name": "&uarr;75784 votes"
    }
  ],
  "image": "https://preview.redd.it/4kylthuecxy81.jpg?width=1080&amp;crop=smart&amp;auto=webp&amp;s=831006c60590b8700e724e3e0a09a5f2ba90bf77"
}
