{
  "id": "2022_05_11_en_reddit_reddit__r--MadeMeSmile--comments--un6alc--doggo_is_a_bit_too_intelligent",
  "url": "https://old.reddit.com/r/MadeMeSmile/comments/un6alc/doggo_is_a_bit_too_intelligent/",
  "date_published": "2022-05-11T18:06:18.000Z",
  "date_modified": "2022-05-11T18:06:18.000Z",
  "_original_published": "2022-05-11T09:57:22.000Z",
  "_original_language": "en",
  "_translations": {
    "en": {
      "title": "doggo is a bit too intelligent"
    },
    "ja": {
      "title": "わんこはちょっと頭が良すぎる"
    },
    "zh-Hans": {
      "title": "狗哥有点太聪明了"
    },
    "zh-Hant": {
      "title": "狗哥有點太聰明瞭"
    }
  },
  "tags": [
    "MadeMeSmile"
  ],
  "authors": [
    {
      "name": "momsspagetti87",
      "url": "https://old.reddit.com/user/momsspagetti87"
    }
  ],
  "_links": [
    {
      "url": "https://old.reddit.com/r/MadeMeSmile/comments/un6alc/doggo_is_a_bit_too_intelligent/",
      "name": "&uarr;75690 votes"
    }
  ],
  "image": "https://external-preview.redd.it/4YTcU38TVcxo4M8dKBLRsK_sf22wmyvSI85PlYlfrIg.png?width=640&amp;crop=smart&amp;format=pjpg&amp;auto=webp&amp;s=d5a96ed6e001de057a5151f48daad53ad95a5946",
  "_video": {
    "sources": [
      {
        "url": "https://v.redd.it/udjc7zsokty81/DASH_480.mp4?source=fallback"
      }
    ],
    "width": 480,
    "height": 480,
    "poster": "https://external-preview.redd.it/4YTcU38TVcxo4M8dKBLRsK_sf22wmyvSI85PlYlfrIg.png?width=640&amp;crop=smart&amp;format=pjpg&amp;auto=webp&amp;s=d5a96ed6e001de057a5151f48daad53ad95a5946"
  }
}
