{
  "id": "2022_05_11_en_reddit_reddit__r--HumansBeingBros--comments--unm98r--florida_woman_had_a_medical_episode_while_driving",
  "url": "https://old.reddit.com/r/HumansBeingBros/comments/unm98r/florida_woman_had_a_medical_episode_while_driving/",
  "date_published": "2022-05-12T18:26:25.000Z",
  "date_modified": "2022-05-12T18:26:25.000Z",
  "_original_published": "2022-05-11T22:50:58.000Z",
  "_original_language": "en",
  "_translations": {
    "en": {
      "title": "Florida woman had a medical episode while driving and lost consciousness, good Samaritans help by stopping the car and saving the woman's life"
    },
    "ja": {
      "title": "フロリダ州の女性が運転中に発作を起こし意識を失い、善きサマリア人が車を止めて女性の命を救う"
    },
    "zh-Hans": {
      "title": "佛罗里达州女子开车时突发疾病，失去意识，好心人帮忙拦车，挽救了女子的生命"
    },
    "zh-Hant": {
      "title": "佛羅里達州女子開車時突發疾病，失去意識，好心人幫忙攔車，挽救了女子的生命"
    }
  },
  "tags": [
    "HumansBeingBros"
  ],
  "authors": [
    {
      "name": "liverichly",
      "url": "https://old.reddit.com/user/liverichly"
    }
  ],
  "_links": [
    {
      "url": "https://old.reddit.com/r/HumansBeingBros/comments/unm98r/florida_woman_had_a_medical_episode_while_driving/",
      "name": "&uarr;75147 votes"
    }
  ],
  "image": "https://external-preview.redd.it/MBXYpiaLiPKvUYNSSExJyE7iwbvxmXDa3hTSO16d9PQ.png?width=960&amp;crop=smart&amp;format=pjpg&amp;auto=webp&amp;s=5e1534a0cff19da894d2372bf7571f8772e6ef61",
  "_video": {
    "sources": [
      {
        "url": "https://v.redd.it/0py2g90kexy81/DASH_720.mp4?source=fallback"
      }
    ],
    "width": 1076,
    "height": 720,
    "poster": "https://external-preview.redd.it/MBXYpiaLiPKvUYNSSExJyE7iwbvxmXDa3hTSO16d9PQ.png?width=960&amp;crop=smart&amp;format=pjpg&amp;auto=webp&amp;s=5e1534a0cff19da894d2372bf7571f8772e6ef61"
  }
}
