{
  "id": "2022_05_11_en_reddit_reddit__r--memes--comments--unjbqt--luxury_living",
  "url": "https://old.reddit.com/r/memes/comments/unjbqt/luxury_living/",
  "date_published": "2022-05-12T05:35:59.000Z",
  "date_modified": "2022-05-12T05:35:59.000Z",
  "_original_published": "2022-05-11T20:36:26.000Z",
  "_original_language": "en",
  "_translations": {
    "en": {
      "title": "Luxury living"
    },
    "ja": {
      "title": "ラグジュアリーな暮らし"
    },
    "zh-Hans": {
      "title": "奢华生活"
    },
    "zh-Hant": {
      "title": "奢華生活"
    }
  },
  "tags": [
    "memes"
  ],
  "authors": [
    {
      "name": "johnlen1n",
      "url": "https://old.reddit.com/user/johnlen1n"
    }
  ],
  "_links": [
    {
      "url": "https://old.reddit.com/r/memes/comments/unjbqt/luxury_living/",
      "name": "&uarr;79495 votes"
    }
  ],
  "image": "https://preview.redd.it/3fudwmsppwy81.gif?width=1080&amp;crop=smart&amp;format=png8&amp;s=59321917818f8b5f5d9a1c5ccf5695c2991ae5ac",
  "_video": {
    "sources": [
      {
        "url": "https://preview.redd.it/3fudwmsppwy81.gif?format=mp4&amp;s=93d013e3e29c79d5d4a927a80b6ef48c3a1da74d"
      }
    ],
    "width": 1102,
    "height": 784,
    "poster": "https://preview.redd.it/3fudwmsppwy81.gif?width=1080&amp;crop=smart&amp;format=png8&amp;s=59321917818f8b5f5d9a1c5ccf5695c2991ae5ac"
  }
}
