{
  "id": "2022_05_11_en_reddit_reddit__r--funny--comments--una475--found_a_compatible_host_bodyattempting",
  "url": "https://old.reddit.com/r/funny/comments/una475/found_a_compatible_host_bodyattempting/",
  "date_published": "2022-05-12T00:55:16.000Z",
  "date_modified": "2022-05-12T00:55:16.000Z",
  "_original_published": "2022-05-11T13:41:09.000Z",
  "_original_language": "en",
  "_translations": {
    "en": {
      "title": "Found a Compatible Host Body...Attempting Assimilation..."
    },
    "ja": {
      "title": "適合するホストボディを発見し、同化を試みる..."
    },
    "zh-Hans": {
      "title": "找到一个兼容的宿主身体......尝试同化......。"
    },
    "zh-Hant": {
      "title": "找到一個兼容的宿主身體......嘗試同化......。"
    }
  },
  "tags": [
    "funny"
  ],
  "authors": [
    {
      "name": "ss977",
      "url": "https://old.reddit.com/user/ss977"
    }
  ],
  "_links": [
    {
      "url": "https://old.reddit.com/r/funny/comments/una475/found_a_compatible_host_bodyattempting/",
      "name": "&uarr;75054 votes"
    }
  ],
  "image": "https://external-preview.redd.it/AD8rPmW_kE_ZiKh4KeZMihNUrybMDPj-eltDDmIRPAc.png?width=320&amp;crop=smart&amp;format=pjpg&amp;auto=webp&amp;s=48e7453eded528779b26806df949371e3072ede6",
  "_video": {
    "sources": [
      {
        "url": "https://v.redd.it/or1pro4mouy81/DASH_220.mp4?source=fallback"
      }
    ],
    "width": 378,
    "height": 212,
    "poster": "https://external-preview.redd.it/AD8rPmW_kE_ZiKh4KeZMihNUrybMDPj-eltDDmIRPAc.png?width=320&amp;crop=smart&amp;format=pjpg&amp;auto=webp&amp;s=48e7453eded528779b26806df949371e3072ede6"
  }
}
