{
  "meta": {
    "name": "shitposting"
  },
  "items": {
    "2022_07_26_en_reddit_reddit__r--shitposting--comments--w8sw9n--troll_master": {
      "id": "2022_07_26_en_reddit_reddit__r--shitposting--comments--w8sw9n--troll_master",
      "url": "https://old.reddit.com/r/shitposting/comments/w8sw9n/troll_master/",
      "date_published": "2022-07-27T10:06:54.000Z",
      "date_modified": "2022-07-27T10:06:54.000Z",
      "_original_published": "2022-07-26T19:37:25.000Z",
      "_original_language": "en",
      "_translations": {
        "en": {
          "title": "troll master"
        },
        "ja": {
          "title": "荒らし屋"
        },
        "zh-Hans": {
          "title": "巨魔大师"
        },
        "zh-Hant": {
          "title": "巨魔大師"
        }
      },
      "tags": [
        "shitposting"
      ],
      "authors": [
        {
          "name": "Iloveyoumyfriend666",
          "url": "https://old.reddit.com/user/Iloveyoumyfriend666"
        }
      ],
      "_links": [
        {
          "url": "https://old.reddit.com/r/shitposting/comments/w8sw9n/troll_master/",
          "name": "&uarr;75611 votes"
        }
      ],
      "image": "https://preview.redd.it/fv1b7vektyd91.jpg?width=640&amp;crop=smart&amp;auto=webp&amp;s=61018b8a4cb2d0458d7f9bcbdc1c2401bcc4e8c1"
    },
    "2022_05_08_en_reddit_reddit__r--shitposting--comments--ukzj5e--piss_bottle_only": {
      "id": "2022_05_08_en_reddit_reddit__r--shitposting--comments--ukzj5e--piss_bottle_only",
      "url": "https://old.reddit.com/r/shitposting/comments/ukzj5e/piss_bottle_only/",
      "date_published": "2022-05-09T01:49:58.000Z",
      "date_modified": "2022-05-09T01:49:58.000Z",
      "_original_published": "2022-05-08T11:13:40.000Z",
      "_original_language": "en",
      "_translations": {
        "en": {
          "title": "piss bottle only"
        },
        "ja": {
          "title": "小便小僧"
        },
        "zh-Hans": {
          "title": "只有小便瓶"
        },
        "zh-Hant": {
          "title": "只有小便瓶"
        }
      },
      "tags": [
        "shitposting"
      ],
      "authors": [
        {
          "name": "-Meets_Expectations-",
          "url": "https://old.reddit.com/user/-Meets_Expectations-"
        }
      ],
      "_links": [
        {
          "url": "https://old.reddit.com/r/shitposting/comments/ukzj5e/piss_bottle_only/",
          "name": "&uarr;77407 votes"
        }
      ],
      "image": "https://preview.redd.it/w0urph8oj8y81.gif?width=320&amp;crop=smart&amp;format=png8&amp;s=64e2598b8f99ceb36620eb4665ef007ae57059c6",
      "_video": {
        "sources": [
          {
            "url": "https://preview.redd.it/w0urph8oj8y81.gif?format=mp4&amp;s=b1aca74da57c9dc9ea4fed77604ca3f7e73e9d35"
          }
        ],
        "width": 396,
        "height": 323,
        "poster": "https://preview.redd.it/w0urph8oj8y81.gif?width=320&amp;crop=smart&amp;format=png8&amp;s=64e2598b8f99ceb36620eb4665ef007ae57059c6"
      }
    },
    "2022_04_13_en_reddit_reddit__r--shitposting--comments--u2xd6h--strong_af": {
      "id": "2022_04_13_en_reddit_reddit__r--shitposting--comments--u2xd6h--strong_af",
      "url": "https://old.reddit.com/r/shitposting/comments/u2xd6h/strong_af/",
      "date_published": "2022-04-14T16:33:11.000Z",
      "date_modified": "2022-04-14T16:33:11.000Z",
      "_original_published": "2022-04-13T18:47:39.000Z",
      "_original_language": "en",
      "_translations": {
        "en": {
          "title": "Strong AF"
        },
        "ja": {
          "title": "ストロングAF"
        },
        "zh-Hans": {
          "title": "强大的AF"
        },
        "zh-Hant": {
          "title": "強大的AF"
        }
      },
      "tags": [
        "shitposting"
      ],
      "authors": [
        {
          "name": "Johnmlen",
          "url": "https://old.reddit.com/user/Johnmlen"
        }
      ],
      "_links": [
        {
          "url": "https://old.reddit.com/r/shitposting/comments/u2xd6h/strong_af/",
          "name": "&uarr;75011 votes"
        }
      ],
      "image": "https://preview.redd.it/8bo6tu4vdct81.gif?width=320&amp;crop=smart&amp;format=png8&amp;s=183d5b32e9bbaec92e8961250bd5a616fe627b82",
      "_video": {
        "sources": [
          {
            "url": "https://preview.redd.it/8bo6tu4vdct81.gif?format=mp4&amp;s=3e99261ae5c389ba6604dfefc6bae4e38d587cef"
          }
        ],
        "width": 460,
        "height": 454,
        "poster": "https://preview.redd.it/8bo6tu4vdct81.gif?width=320&amp;crop=smart&amp;format=png8&amp;s=183d5b32e9bbaec92e8961250bd5a616fe627b82"
      }
    },
    "2022_04_10_en_reddit_reddit__r--shitposting--comments--u0dteo--this_could_be_us": {
      "id": "2022_04_10_en_reddit_reddit__r--shitposting--comments--u0dteo--this_could_be_us",
      "url": "https://old.reddit.com/r/shitposting/comments/u0dteo/this_could_be_us/",
      "date_published": "2022-04-10T21:32:26.000Z",
      "date_modified": "2022-04-10T21:32:26.000Z",
      "_original_published": "2022-04-10T09:02:31.000Z",
      "_original_language": "en",
      "_translations": {
        "en": {
          "title": "This could be us..."
        },
        "ja": {
          "title": "これは私たちかもしれない..."
        },
        "zh-Hans": {
          "title": "这可能是我们..."
        },
        "zh-Hant": {
          "title": "這可能是我們..."
        }
      },
      "tags": [
        "shitposting"
      ],
      "authors": [
        {
          "name": "Johnmlen",
          "url": "https://old.reddit.com/user/Johnmlen"
        }
      ],
      "_links": [
        {
          "url": "https://old.reddit.com/r/shitposting/comments/u0dteo/this_could_be_us/",
          "name": "&uarr;75158 votes"
        }
      ],
      "image": "https://preview.redd.it/j3fsizlq2os81.jpg?width=320&amp;crop=smart&amp;auto=webp&amp;s=d4fa380631622955687d744a71ab4db0a3d4e68d"
    },
    "2022_04_04_en_reddit_reddit__r--shitposting--comments--tw21nt--title": {
      "id": "2022_04_04_en_reddit_reddit__r--shitposting--comments--tw21nt--title",
      "url": "https://old.reddit.com/r/shitposting/comments/tw21nt/title/",
      "date_published": "2022-04-04T21:17:37.000Z",
      "date_modified": "2022-04-04T21:17:37.000Z",
      "_original_published": "2022-04-04T13:29:35.000Z",
      "_original_language": "en",
      "_translations": {
        "en": {
          "title": "title"
        },
        "ja": {
          "title": "タイトル"
        },
        "zh-Hans": {
          "title": "职称"
        },
        "zh-Hant": {
          "title": "職稱"
        }
      },
      "tags": [
        "shitposting"
      ],
      "authors": [
        {
          "name": "TheFunniestPerson",
          "url": "https://old.reddit.com/user/TheFunniestPerson"
        }
      ],
      "_links": [
        {
          "url": "https://old.reddit.com/r/shitposting/comments/tw21nt/title/",
          "name": "&uarr;75577 votes"
        }
      ],
      "image": "https://preview.redd.it/pp87ztixkir81.gif?width=320&amp;crop=smart&amp;format=png8&amp;s=f1eacea505babfda45a35b4a9955316c198b6eaa",
      "_video": {
        "sources": [
          {
            "url": "https://preview.redd.it/pp87ztixkir81.gif?format=mp4&amp;s=b0db1b413269ead7fc27061303bf72e32a8de1e4"
          }
        ],
        "width": 320,
        "height": 244,
        "poster": "https://preview.redd.it/pp87ztixkir81.gif?width=320&amp;crop=smart&amp;format=png8&amp;s=f1eacea505babfda45a35b4a9955316c198b6eaa"
      }
    },
    "2022_02_15_en_reddit_reddit__r--shitposting--comments--st5u2e--yes": {
      "id": "2022_02_15_en_reddit_reddit__r--shitposting--comments--st5u2e--yes",
      "url": "https://old.reddit.com/r/shitposting/comments/st5u2e/yes/",
      "date_published": "2022-02-16T08:30:20.000Z",
      "date_modified": "2022-02-16T08:30:20.000Z",
      "_original_published": "2022-02-15T15:44:25.000Z",
      "_original_language": "en",
      "_translations": {
        "en": {
          "title": "Yes"
        },
        "ja": {
          "title": "はい"
        },
        "zh-Hans": {
          "title": "是"
        },
        "zh-Hant": {
          "title": "是"
        }
      },
      "tags": [
        "shitposting"
      ],
      "authors": [
        {
          "name": "Puzzleheaded-Dot7948",
          "url": "https://old.reddit.com/user/Puzzleheaded-Dot7948"
        }
      ],
      "_links": [
        {
          "url": "https://old.reddit.com/r/shitposting/comments/st5u2e/yes/",
          "name": "&uarr;75226 votes"
        }
      ],
      "image": "https://preview.redd.it/spo1l342p0i81.gif?width=1080&amp;crop=smart&amp;format=png8&amp;s=0e31e63009d5ebe4781bd2e3b5de1590dc0e7af6",
      "_video": {
        "sources": [
          {
            "url": "https://preview.redd.it/spo1l342p0i81.gif?format=mp4&amp;s=e2ea4c02cec65dca4112f6a98690d858eaeaec91"
          }
        ],
        "width": 1080,
        "height": 1080,
        "poster": "https://preview.redd.it/spo1l342p0i81.gif?width=1080&amp;crop=smart&amp;format=png8&amp;s=0e31e63009d5ebe4781bd2e3b5de1590dc0e7af6"
      }
    }
  }
}
