{
  "meta": {
    "name": "assholedesign"
  },
  "items": {
    "2022_04_29_en_reddit_reddit__r--assholedesign--comments--ueevd4--i_chose_the_bottle_because_a_tube_wasnt_enough": {
      "id": "2022_04_29_en_reddit_reddit__r--assholedesign--comments--ueevd4--i_chose_the_bottle_because_a_tube_wasnt_enough",
      "url": "https://old.reddit.com/r/assholedesign/comments/ueevd4/i_chose_the_bottle_because_a_tube_wasnt_enough/",
      "date_published": "2022-04-29T20:49:05.000Z",
      "date_modified": "2022-04-29T20:49:05.000Z",
      "_original_published": "2022-04-29T05:30:30.000Z",
      "_original_language": "en",
      "_translations": {
        "en": {
          "title": "I chose the bottle because a tube wasn't enough! This Trojan trickery is an abuse coming from a brand with recognition."
        },
        "ja": {
          "title": "チューブでは物足りないので、ボトルを選びました このトロイの木馬のような手口は、認知度のあるブランドからすれば、虐待に等しい。"
        },
        "zh-Hans": {
          "title": "我选择了瓶装，因为一管不够！\"。这种特洛伊木马的伎俩来自一个有知名度的品牌，是一种虐待。"
        },
        "zh-Hant": {
          "title": "我選擇了瓶裝，因爲一管不夠！\"。這種特洛伊木馬的伎倆來自一個有知名度的品牌，是一種虐待。"
        }
      },
      "tags": [
        "assholedesign"
      ],
      "authors": [
        {
          "name": "PoorGeno",
          "url": "https://old.reddit.com/user/PoorGeno"
        }
      ],
      "_links": [
        {
          "url": "https://old.reddit.com/r/assholedesign/comments/ueevd4/i_chose_the_bottle_because_a_tube_wasnt_enough/",
          "name": "&uarr;75829 votes"
        }
      ],
      "image": "https://preview.redd.it/pjis3m09mew81.jpg?width=640&amp;crop=smart&amp;auto=webp&amp;s=21320e738eb14b48fd44bddd9a2a6d9b1254d835"
    }
  }
}
