{
  "meta": {
    "name": "gaming"
  },
  "items": {
    "2022_07_15_en_reddit_reddit__r--gaming--comments--vzzby9--this_is_where_gaming_design_peaked": {
      "id": "2022_07_15_en_reddit_reddit__r--gaming--comments--vzzby9--this_is_where_gaming_design_peaked",
      "url": "https://old.reddit.com/r/gaming/comments/vzzby9/this_is_where_gaming_design_peaked/",
      "date_published": "2022-07-16T17:32:36.000Z",
      "date_modified": "2022-07-16T17:32:36.000Z",
      "_original_published": "2022-07-15T21:12:46.000Z",
      "_original_language": "en",
      "_translations": {
        "en": {
          "title": "This is where gaming design peaked"
        },
        "ja": {
          "title": "ゲーミングデザインのピークはここから"
        },
        "zh-Hans": {
          "title": "这就是游戏设计的高峰期"
        },
        "zh-Hant": {
          "title": "這就是遊戲設計的高峯期"
        }
      },
      "tags": [
        "gaming"
      ],
      "authors": [
        {
          "name": "sankoor",
          "url": "https://old.reddit.com/user/sankoor"
        }
      ],
      "_links": [
        {
          "url": "https://old.reddit.com/r/gaming/comments/vzzby9/this_is_where_gaming_design_peaked/",
          "name": "&uarr;75035 votes"
        }
      ],
      "image": "https://preview.redd.it/ughajpqjssb91.jpg?width=1080&amp;crop=smart&amp;auto=webp&amp;s=2cd2c4ec29d139708593fe3123f20e05e921f0c7"
    },
    "2022_03_23_en_reddit_reddit__r--gaming--comments--tkvuns--gta_4_pigeons_had_me_stuck_at_199200": {
      "id": "2022_03_23_en_reddit_reddit__r--gaming--comments--tkvuns--gta_4_pigeons_had_me_stuck_at_199200",
      "url": "https://old.reddit.com/r/gaming/comments/tkvuns/gta_4_pigeons_had_me_stuck_at_199200/",
      "date_published": "2022-03-23T23:25:44.000Z",
      "date_modified": "2022-03-23T23:25:44.000Z",
      "_original_published": "2022-03-23T14:59:56.000Z",
      "_original_language": "en",
      "_translations": {
        "en": {
          "title": "GTA 4 pigeons had me stuck at 199/200"
        },
        "ja": {
          "title": "GTA 4のハトは199/200で止まったままだった。"
        },
        "zh-Hans": {
          "title": "GTA 4的鸽子让我卡在了199/200"
        },
        "zh-Hant": {
          "title": "GTA 4的鴿子讓我卡在了199/200"
        }
      },
      "tags": [
        "gaming"
      ],
      "authors": [
        {
          "name": "ListerineAfterOral",
          "url": "https://old.reddit.com/user/ListerineAfterOral"
        }
      ],
      "_links": [
        {
          "url": "https://old.reddit.com/r/gaming/comments/tkvuns/gta_4_pigeons_had_me_stuck_at_199200/",
          "name": "&uarr;76173 votes"
        }
      ],
      "image": "https://preview.redd.it/rvk48nxvd5p81.gif?width=640&amp;crop=smart&amp;format=png8&amp;s=d998e8fd7ca4e8af1546d45a70212762032fa7a5",
      "_video": {
        "sources": [
          {
            "url": "https://preview.redd.it/rvk48nxvd5p81.gif?format=mp4&amp;s=725369549ba1b935fbcf4cd454cc8ae9c80528da"
          }
        ],
        "width": 838,
        "height": 820,
        "poster": "https://preview.redd.it/rvk48nxvd5p81.gif?width=640&amp;crop=smart&amp;format=png8&amp;s=d998e8fd7ca4e8af1546d45a70212762032fa7a5"
      }
    },
    "2022_03_02_en_reddit_reddit__r--gaming--comments--t4pg2a--name_generation_gone_incredibly_wrong": {
      "id": "2022_03_02_en_reddit_reddit__r--gaming--comments--t4pg2a--name_generation_gone_incredibly_wrong",
      "url": "https://old.reddit.com/r/gaming/comments/t4pg2a/name_generation_gone_incredibly_wrong/",
      "date_published": "2022-03-02T13:13:59.000Z",
      "date_modified": "2022-03-02T13:13:59.000Z",
      "_original_published": "2022-03-02T02:35:48.000Z",
      "_original_language": "en",
      "_translations": {
        "en": {
          "title": "Name generation gone incredibly wrong."
        },
        "ja": {
          "title": "名前世代がとてつもなく間違っている。"
        },
        "zh-Hans": {
          "title": "名字的产生出现了令人难以置信的错误。"
        },
        "zh-Hant": {
          "title": "名字的產生出現了令人難以置信的錯誤。"
        }
      },
      "tags": [
        "gaming"
      ],
      "authors": [
        {
          "name": "ithepunisher",
          "url": "https://old.reddit.com/user/ithepunisher"
        }
      ],
      "_links": [
        {
          "url": "https://old.reddit.com/r/gaming/comments/t4pg2a/name_generation_gone_incredibly_wrong/",
          "name": "&uarr;77519 votes"
        }
      ],
      "image": "https://preview.redd.it/3zbmuit7uvk81.jpg?width=640&amp;crop=smart&amp;auto=webp&amp;s=b6368191fdd51c345719f9c55e6bcbdcf7cd999c"
    },
    "2022_02_28_en_reddit_reddit__r--gaming--comments--t351br--sorry_but_hate_speech_is_not_tolerated": {
      "id": "2022_02_28_en_reddit_reddit__r--gaming--comments--t351br--sorry_but_hate_speech_is_not_tolerated",
      "url": "https://old.reddit.com/r/gaming/comments/t351br/sorry_but_hate_speech_is_not_tolerated/",
      "date_published": "2022-02-28T17:30:57.000Z",
      "date_modified": "2022-02-28T17:30:57.000Z",
      "_original_published": "2022-02-28T02:54:21.000Z",
      "_original_language": "en",
      "_translations": {
        "en": {
          "title": "Sorry but hate speech is not tolerated"
        },
        "ja": {
          "title": "申し訳ありませんが、ヘイトスピーチはご遠慮ください"
        },
        "zh-Hans": {
          "title": "对不起，但仇恨言论是不能容忍的"
        },
        "zh-Hant": {
          "title": "對不起，但仇恨言論是不能容忍的"
        }
      },
      "tags": [
        "gaming"
      ],
      "authors": [
        {
          "name": "Hasanain77l",
          "url": "https://old.reddit.com/user/Hasanain77l"
        }
      ],
      "_links": [
        {
          "url": "https://old.reddit.com/r/gaming/comments/t351br/sorry_but_hate_speech_is_not_tolerated/",
          "name": "&uarr;78307 votes"
        }
      ],
      "image": "https://preview.redd.it/9icbvb8pnhk81.jpg?width=1080&amp;crop=smart&amp;auto=webp&amp;s=4939bf7135aab883292540c706bb688cd1b87b2f"
    },
    "2021_12_11_en_reddit_reddit__r--gaming--comments--re9s5t--my_nephews_recently_got_their_first_console_i": {
      "id": "2021_12_11_en_reddit_reddit__r--gaming--comments--re9s5t--my_nephews_recently_got_their_first_console_i",
      "url": "https://old.reddit.com/r/gaming/comments/re9s5t/my_nephews_recently_got_their_first_console_i/",
      "date_published": "2021-12-12T10:47:52.000Z",
      "date_modified": "2021-12-12T10:47:52.000Z",
      "_original_published": "2021-12-11T21:53:38.000Z",
      "_original_language": "en",
      "_translations": {
        "en": {
          "title": "My nephews recently got their first console. I noticed this new decor next to their tv today…"
        },
        "ja": {
          "title": "最近、甥っ子たちが初めてのゲーム機を手に入れました。今日、彼らのテレビの横にこの新しい装飾があることに気づきました..."
        },
        "zh-Hans": {
          "title": "我的侄子最近得到了他们的第一个控制台。我今天注意到他们电视旁边的这个新装饰..."
        },
        "zh-Hant": {
          "title": "我的侄子最近得到了他們的第一個控制檯。我今天注意到他們電視旁邊的這個新裝飾..."
        }
      },
      "tags": [
        "gaming"
      ],
      "authors": [
        {
          "name": "joepagac",
          "url": "https://old.reddit.com/user/joepagac"
        }
      ],
      "_links": [
        {
          "url": "https://old.reddit.com/r/gaming/comments/re9s5t/my_nephews_recently_got_their_first_console_i/",
          "name": "&uarr;75426 votes"
        }
      ],
      "image": "https://preview.redd.it/700o4qjxiz481.jpg?width=1080&amp;crop=smart&amp;auto=webp&amp;s=3bfab8be41fa17dfcaa480c3585615cbf9577c5e"
    },
    "2021_07_25_en_reddit_reddit__r--gaming--comments--or78xn--back_in_the_glory_days_14_years_ago_damn": {
      "id": "2021_07_25_en_reddit_reddit__r--gaming--comments--or78xn--back_in_the_glory_days_14_years_ago_damn",
      "url": "https://old.reddit.com/r/gaming/comments/or78xn/back_in_the_glory_days_14_years_ago_damn/",
      "date_published": "2021-07-25T18:29:46.000Z",
      "date_modified": "2021-07-25T18:29:46.000Z",
      "_original_published": "2021-07-25T07:33:00.000Z",
      "_original_language": "en",
      "_translations": {
        "en": {
          "title": "Back in the glory days 14 years ago damn"
        },
        "ja": {
          "title": "14年前の栄光の日々を振り返って"
        },
        "zh-Hans": {
          "title": "回到14年前的光辉岁月中，该死的"
        },
        "zh-Hant": {
          "title": "回到14年前的光輝歲月中，該死的"
        }
      },
      "tags": [
        "gaming"
      ],
      "authors": [
        {
          "name": "Thatsoivetrussian",
          "url": "https://old.reddit.com/user/Thatsoivetrussian"
        }
      ],
      "_links": [
        {
          "url": "https://old.reddit.com/r/gaming/comments/or78xn/back_in_the_glory_days_14_years_ago_damn/",
          "name": "&uarr;76971 votes"
        }
      ],
      "image": "https://preview.redd.it/gb3j176pabd71.jpg?width=640&crop=smart&auto=webp&s=cf0ed48a8e4f23b090a812e279c113dcf84f8583"
    },
    "2021_06_25_en_reddit_reddit__r--gaming--comments--o7i82l--well_mario_golf_costs_around_5999_dollars_actually": {
      "id": "2021_06_25_en_reddit_reddit__r--gaming--comments--o7i82l--well_mario_golf_costs_around_5999_dollars_actually",
      "url": "https://old.reddit.com/r/gaming/comments/o7i82l/well_mario_golf_costs_around_5999_dollars_actually/",
      "date_published": "2021-06-25T16:59:41.000Z",
      "date_modified": "2021-06-25T16:59:41.000Z",
      "_original_published": "2021-06-25T06:41:50.000Z",
      "_original_language": "en",
      "_translations": {
        "en": {
          "title": "Well, Mario Golf costs around 59.99 dollars actually!"
        },
        "ja": {
          "title": "マリオゴルフの価格は59.99ドルです。"
        },
        "zh-Hans": {
          "title": "好吧，马里奥高尔夫的价格实际上在59.99美元左右!"
        },
        "zh-Hant": {
          "title": "好吧，馬里奧高爾夫的價格實際上在59.99美元左右!"
        }
      },
      "tags": [
        "gaming"
      ],
      "authors": [
        {
          "name": "okay_not_cool",
          "url": "https://old.reddit.com/user/okay_not_cool"
        }
      ],
      "_links": [
        {
          "url": "https://old.reddit.com/r/gaming/comments/o7i82l/well_mario_golf_costs_around_5999_dollars_actually/",
          "name": "&uarr;75688 votes"
        }
      ],
      "image": "https://preview.redd.it/esv9frs7yc771.jpg?width=1080&crop=smart&auto=webp&s=c61fac76a56f8113a43e82ebefab00cadc1a461c"
    },
    "2021_02_07_en_reddit_reddit__r--gaming--comments--leaxcf--life_is_difficult_have_some_mercy": {
      "id": "2021_02_07_en_reddit_reddit__r--gaming--comments--leaxcf--life_is_difficult_have_some_mercy",
      "url": "https://old.reddit.com/r/gaming/comments/leaxcf/life_is_difficult_have_some_mercy/",
      "date_published": "2021-02-07T05:30:05.000Z",
      "date_modified": "2021-02-07T05:30:05.000Z",
      "_original_published": "2021-02-07T00:28:33.000Z",
      "_original_language": "en",
      "_translations": {
        "en": {
          "title": "Life is difficult, have some mercy"
        },
        "zh-Hans": {
          "title": "生活困难，请手下留情"
        },
        "zh-Hant": {
          "title": "生活困難，請手下留情"
        }
      },
      "tags": [
        "gaming"
      ],
      "authors": [
        {
          "name": "braddda",
          "url": "https://old.reddit.com/user/braddda"
        }
      ],
      "_links": [
        {
          "url": "https://old.reddit.com/r/gaming/comments/leaxcf/life_is_difficult_have_some_mercy/",
          "name": "&uarr;157376 votes"
        }
      ],
      "image": "https://external-preview.redd.it/bjecD_Xpq4nlCfZjAXf9lkLo5RsmBMMqeBxyBzYWMek.jpg?width=640&crop=smart&auto=webp&s=47f004a9db6e774945238d067bd88a0e0e136943"
    },
    "2021_02_03_en_reddit_reddit__r--gaming--comments--lbvonk--easy_peasy_lemon_squeezy": {
      "id": "2021_02_03_en_reddit_reddit__r--gaming--comments--lbvonk--easy_peasy_lemon_squeezy",
      "url": "https://old.reddit.com/r/gaming/comments/lbvonk/easy_peasy_lemon_squeezy/",
      "date_published": "2021-02-04T08:59:22.000Z",
      "date_modified": "2021-02-04T08:59:22.000Z",
      "_original_published": "2021-02-03T19:20:22.000Z",
      "_original_language": "en",
      "_translations": {
        "en": {
          "title": "Easy Peasy Lemon Squeezy"
        },
        "zh-Hans": {
          "title": "简单的柠檬榨汁机"
        },
        "zh-Hant": {
          "title": "簡單的檸檬榨汁機"
        }
      },
      "tags": [
        "gaming"
      ],
      "authors": [
        {
          "name": "SrGrafo",
          "url": "https://old.reddit.com/user/SrGrafo"
        }
      ],
      "_links": [
        {
          "url": "https://old.reddit.com/r/gaming/comments/lbvonk/easy_peasy_lemon_squeezy/",
          "name": "&uarr;89604 votes"
        }
      ],
      "image": "https://preview.redd.it/3jvqdte1bbf61.jpg?width=640&crop=smart&auto=webp&s=178b8c37ec3c3ea6760f86d802a2a69347b542a1"
    },
    "2021_01_17_en_reddit_reddit__r--gaming--comments--kz80vb--super_smash_bros_happy_melee": {
      "id": "2021_01_17_en_reddit_reddit__r--gaming--comments--kz80vb--super_smash_bros_happy_melee",
      "url": "https://old.reddit.com/r/gaming/comments/kz80vb/super_smash_bros_happy_melee/",
      "date_published": "2021-01-18T03:30:43.000Z",
      "date_modified": "2021-01-18T03:30:43.000Z",
      "_original_published": "2021-01-17T15:09:59.000Z",
      "_original_language": "en",
      "_translations": {
        "en": {
          "title": "Super Smash Bros Happy Melee"
        },
        "zh-Hans": {
          "title": "超级大乱斗兄弟快乐混战"
        },
        "zh-Hant": {
          "title": "超級大亂鬥兄弟快樂混戰"
        }
      },
      "tags": [
        "gaming"
      ],
      "authors": [
        {
          "name": "Mister_Cranch",
          "url": "https://old.reddit.com/user/Mister_Cranch"
        }
      ],
      "_links": [
        {
          "url": "https://old.reddit.com/r/gaming/comments/kz80vb/super_smash_bros_happy_melee/",
          "name": "&uarr;81957 votes"
        }
      ],
      "image": "https://preview.redd.it/o17a42yxrwb61.jpg?width=320&crop=smart&auto=webp&s=de6fca88a47c696f8129c379d3ac4413e46f2f63"
    },
    "2020_12_24_en_reddit_reddit__r--gaming--comments--kjgw0b--unhappy_holidays": {
      "id": "2020_12_24_en_reddit_reddit__r--gaming--comments--kjgw0b--unhappy_holidays",
      "url": "https://old.reddit.com/r/gaming/comments/kjgw0b/unhappy_holidays/",
      "date_published": "2020-12-24T21:36:40.000Z",
      "date_modified": "2020-12-24T21:36:40.000Z",
      "_original_published": "2020-12-24T15:07:27.000Z",
      "_original_language": "en",
      "_translations": {
        "en": {
          "title": "Unhappy Holidays"
        },
        "zh-Hans": {
          "title": "不愉快的假期"
        },
        "zh-Hant": {
          "title": "不愉快的假期"
        }
      },
      "tags": [
        "gaming"
      ],
      "authors": [
        {
          "name": "joncomics",
          "url": "https://old.reddit.com/user/joncomics"
        }
      ],
      "_links": [
        {
          "url": "https://old.reddit.com/r/gaming/comments/kjgw0b/unhappy_holidays/",
          "name": "&uarr;98980 votes"
        }
      ],
      "image": "https://preview.redd.it/g6oulbolh5761.png?width=640&crop=smart&auto=webp&s=93f40258a680f071198be4c21c83660ec202e0bf"
    },
    "2020_12_07_en_reddit_reddit__r--gaming--comments--k8qojg--cyberpunk_is_the_first_game_that_ive_actually": {
      "id": "2020_12_07_en_reddit_reddit__r--gaming--comments--k8qojg--cyberpunk_is_the_first_game_that_ive_actually",
      "url": "https://old.reddit.com/r/gaming/comments/k8qojg/cyberpunk_is_the_first_game_that_ive_actually/",
      "date_published": "2020-12-08T09:30:24.000Z",
      "date_modified": "2020-12-08T09:30:24.000Z",
      "_original_published": "2020-12-07T22:06:20.000Z",
      "_original_language": "en",
      "_translations": {
        "en": {
          "title": "Cyberpunk is the first game that I’ve actually stopped to read the user agreement. Even the dry legal stuff has the CDPR flair to it."
        },
        "zh-Hans": {
          "title": "赛博朋克是我真正停下来阅读用户协议的第一款游戏。即使是枯燥的法律材料也有CDPR的气质。"
        },
        "zh-Hant": {
          "title": "賽博朋克是我真正停下來閱讀用戶協議的第壹款遊戲。即使是枯燥的法律材料也有CDPR的氣質。"
        }
      },
      "tags": [
        "gaming"
      ],
      "authors": [
        {
          "name": "Ksamhow",
          "url": "https://old.reddit.com/user/Ksamhow"
        }
      ],
      "_links": [
        {
          "url": "https://old.reddit.com/r/gaming/comments/k8qojg/cyberpunk_is_the_first_game_that_ive_actually/",
          "name": "&uarr;83389 votes"
        }
      ],
      "image": "https://preview.redd.it/aktfeupu7u361.jpg?width=1080&crop=smart&auto=webp&s=24f951f5572406e8c5a92584426f1ca6a8585f92"
    },
    "2020_12_01_en_reddit_reddit__r--gaming--comments--k49zt4--update_from_previous_post_after_giving_up_gaming": {
      "id": "2020_12_01_en_reddit_reddit__r--gaming--comments--k49zt4--update_from_previous_post_after_giving_up_gaming",
      "url": "https://old.reddit.com/r/gaming/comments/k49zt4/update_from_previous_post_after_giving_up_gaming/",
      "date_published": "2020-12-01T13:56:19.000Z",
      "date_modified": "2020-12-01T13:56:19.000Z",
      "_original_published": "2020-12-01T01:03:33.000Z",
      "_original_language": "en",
      "_translations": {
        "en": {
          "title": "Update from previous post. After giving up gaming 7 years ago to focus on my new family, my wife and daughter surprised me with both of the new consoles. I’ve missed out on so many games. Thank you all for the suggestions and awards."
        },
        "zh-Hans": {
          "title": "从上一篇帖子更新。在7年前放弃了游戏，专注于我的新家庭之后，我的妻子和女儿都给了我一个惊喜，这两款新游戏机都让我感到惊讶。我错过了这么多场比赛。感谢大家的建议和奖励。"
        },
        "zh-Hant": {
          "title": "從上壹篇帖子更新。在7年前放棄了遊戲，專註於我的新家庭之後，我的妻子和女兒都給了我壹個驚喜，這兩款新遊戲機都讓我感到驚訝。我錯過了這麽多場比賽。感謝大家的建議和獎勵。"
        }
      },
      "tags": [
        "gaming"
      ],
      "authors": [
        {
          "name": "Hannibal_Hector",
          "url": "https://old.reddit.com/user/Hannibal_Hector"
        }
      ],
      "_links": [
        {
          "url": "https://old.reddit.com/r/gaming/comments/k49zt4/update_from_previous_post_after_giving_up_gaming/",
          "name": "&uarr;79818 votes"
        }
      ],
      "image": "https://external-preview.redd.it/GhwYxnNr9PiLQNReAr3gwTRYKJBPERWLp_6VVEFPc4c.jpg?width=1080&crop=smart&auto=webp&s=d821041ca6a0c3b483ddd4d263cff02573afd8b1"
    },
    "2020_11_29_en_reddit_reddit__r--gaming--comments--k3cga2--getting_hit_by_arrows_in_assassins_creed_valhalla": {
      "id": "2020_11_29_en_reddit_reddit__r--gaming--comments--k3cga2--getting_hit_by_arrows_in_assassins_creed_valhalla",
      "url": "https://old.reddit.com/r/gaming/comments/k3cga2/getting_hit_by_arrows_in_assassins_creed_valhalla/",
      "date_published": "2020-11-30T06:35:09.000Z",
      "date_modified": "2020-11-30T06:35:09.000Z",
      "_original_published": "2020-11-29T16:41:49.000Z",
      "_original_language": "en",
      "_translations": {
        "en": {
          "title": "Getting hit by arrows in Assassin's Creed Valhalla vs Assassin's Creed 1"
        },
        "zh-Hans": {
          "title": "刺客信条瓦尔哈拉VS刺客信条1中箭"
        },
        "zh-Hant": {
          "title": "刺客信條瓦爾哈拉VS刺客信條1中箭"
        }
      },
      "tags": [
        "gaming"
      ],
      "authors": [
        {
          "name": "xxStefanxx1",
          "url": "https://old.reddit.com/user/xxStefanxx1"
        }
      ],
      "_links": [
        {
          "url": "https://old.reddit.com/r/gaming/comments/k3cga2/getting_hit_by_arrows_in_assassins_creed_valhalla/",
          "name": "&uarr;76139 votes"
        }
      ],
      "image": "https://preview.redd.it/vb7plddjj7261.gif?width=640&crop=smart&format=png8&s=01859a125d585fb6a1c4fa1acca0345f1766c4d7",
      "_video": {
        "sources": [
          {
            "url": "https://preview.redd.it/vb7plddjj7261.gif?format=mp4&s=c30b8797adb6991ba8c64ac1ccc07719962b6d65"
          }
        ],
        "width": 854,
        "height": 480,
        "poster": "https://preview.redd.it/vb7plddjj7261.gif?width=640&crop=smart&format=png8&s=01859a125d585fb6a1c4fa1acca0345f1766c4d7"
      }
    }
  }
}
