{
  "items": {
    "2022_02_24_en_reddit_reddit__r--nextfuckinglevel--comments--t0hm79--large_crowd_of_antiwar_protestors_in_st": {
      "id": "2022_02_24_en_reddit_reddit__r--nextfuckinglevel--comments--t0hm79--large_crowd_of_antiwar_protestors_in_st",
      "url": "https://old.reddit.com/r/nextfuckinglevel/comments/t0hm79/large_crowd_of_antiwar_protestors_in_st/",
      "date_published": "2022-02-24T21:31:25.000Z",
      "date_modified": "2022-02-24T21:31:25.000Z",
      "_original_published": "2022-02-24T18:19:04.000Z",
      "_original_language": "en",
      "_translations": {
        "en": {
          "title": "Large crowd of antiwar protestors in St. Petersburg, Russia"
        },
        "ja": {
          "title": "ロシア・サンクトペテルブルクでの反戦デモの大群衆。"
        },
        "zh-Hans": {
          "title": "俄罗斯圣彼得堡的大批反战抗议者"
        },
        "zh-Hant": {
          "title": "俄羅斯聖彼得堡的大批反戰抗議者"
        }
      },
      "tags": [
        "nextfuckinglevel"
      ],
      "authors": [
        {
          "name": "goforth1457",
          "url": "https://old.reddit.com/user/goforth1457"
        }
      ],
      "_links": [
        {
          "url": "https://old.reddit.com/r/nextfuckinglevel/comments/t0hm79/large_crowd_of_antiwar_protestors_in_st/",
          "name": "&uarr;116029 votes"
        }
      ],
      "image": "https://external-preview.redd.it/AHe8GuR57KBdZL3GZcu8Ucfv-sibT2GW70gK3anXlTY.png?width=640&amp;crop=smart&amp;format=pjpg&amp;auto=webp&amp;s=e441b2a2656dfe4a83347d661f9396ef194264c6",
      "_video": {
        "sources": [
          {
            "url": "https://v.redd.it/vlao01yyotj81/DASH_480.mp4?source=fallback"
          }
        ],
        "width": 848,
        "height": 480,
        "poster": "https://external-preview.redd.it/AHe8GuR57KBdZL3GZcu8Ucfv-sibT2GW70gK3anXlTY.png?width=640&amp;crop=smart&amp;format=pjpg&amp;auto=webp&amp;s=e441b2a2656dfe4a83347d661f9396ef194264c6"
      }
    },
    "2022_02_24_en_reddit_reddit__r--Damnthatsinteresting--comments--t0kg9d--anonymous_hackers_now_targeting_russian_websites": {
      "id": "2022_02_24_en_reddit_reddit__r--Damnthatsinteresting--comments--t0kg9d--anonymous_hackers_now_targeting_russian_websites",
      "url": "https://old.reddit.com/r/Damnthatsinteresting/comments/t0kg9d/anonymous_hackers_now_targeting_russian_websites/",
      "date_published": "2022-02-25T01:17:07.000Z",
      "date_modified": "2022-02-25T01:17:07.000Z",
      "_original_published": "2022-02-24T20:23:40.000Z",
      "_original_language": "en",
      "_translations": {
        "en": {
          "title": "Anonymous hackers now targeting Russian websites in retaliation for the Ukraine invasion."
        },
        "ja": {
          "title": "ウクライナ侵攻の報復としてロシアのウェブサイトを狙うAnonymousハッカーが登場。"
        },
        "zh-Hans": {
          "title": "匿名黑客现在针对俄罗斯网站，以报复乌克兰的入侵。"
        },
        "zh-Hant": {
          "title": "匿名黑客現在針對俄羅斯網站，以報復烏克蘭的入侵。"
        }
      },
      "tags": [
        "Damnthatsinteresting"
      ],
      "authors": [
        {
          "name": "mitchanium",
          "url": "https://old.reddit.com/user/mitchanium"
        }
      ],
      "_links": [
        {
          "url": "https://old.reddit.com/r/Damnthatsinteresting/comments/t0kg9d/anonymous_hackers_now_targeting_russian_websites/",
          "name": "&uarr;115678 votes"
        }
      ],
      "image": "https://preview.redd.it/2n1usmb9buj81.png?width=1080&amp;crop=smart&amp;auto=webp&amp;s=c51fd0abdf718f10d4b4326e4cbccac5d2b0b044"
    },
    "2022_02_24_en_reddit_reddit__r--MadeMeSmile--comments--t0m13z--the_breathtaking_bravery_of_russian_citizens_who": {
      "id": "2022_02_24_en_reddit_reddit__r--MadeMeSmile--comments--t0m13z--the_breathtaking_bravery_of_russian_citizens_who",
      "url": "https://old.reddit.com/r/MadeMeSmile/comments/t0m13z/the_breathtaking_bravery_of_russian_citizens_who/",
      "date_published": "2022-02-25T03:28:06.000Z",
      "date_modified": "2022-02-25T03:28:06.000Z",
      "_original_published": "2022-02-24T21:33:08.000Z",
      "_original_language": "en",
      "_translations": {
        "en": {
          "title": "The breathtaking bravery of Russian citizens who know they’ll be arrested, and worse, for protesting the war and do it anyway."
        },
        "ja": {
          "title": "戦争に抗議すれば逮捕され、さらにひどい目に遭うことを知りながら、とにかくそれを実行するロシア市民の息を呑むような勇敢さ。"
        },
        "zh-Hans": {
          "title": "俄罗斯公民的勇气令人叹为观止，他们知道自己会因为抗议战争而被逮捕，甚至更糟，但他们还是这样做了。"
        },
        "zh-Hant": {
          "title": "俄羅斯公民的勇氣令人歎爲觀止，他們知道自己會因爲抗議戰爭而被逮捕，甚至更糟，但他們還是這樣做了。"
        }
      },
      "tags": [
        "MadeMeSmile"
      ],
      "authors": [
        {
          "name": "Ace-Ventura1934",
          "url": "https://old.reddit.com/user/Ace-Ventura1934"
        }
      ],
      "_links": [
        {
          "url": "https://old.reddit.com/r/MadeMeSmile/comments/t0m13z/the_breathtaking_bravery_of_russian_citizens_who/",
          "name": "&uarr;108383 votes"
        }
      ],
      "image": "https://preview.redd.it/u9kqlmpnnuj81.jpg?width=1080&amp;crop=smart&amp;auto=webp&amp;s=e754b943fac20733158d1ccda88451ab0ec73618"
    },
    "2022_02_24_en_reddit_reddit__r--worldnews--comments--t0b6fb--more_than_150_senior_russian_officials_sign_open": {
      "id": "2022_02_24_en_reddit_reddit__r--worldnews--comments--t0b6fb--more_than_150_senior_russian_officials_sign_open",
      "url": "https://old.reddit.com/r/worldnews/comments/t0b6fb/more_than_150_senior_russian_officials_sign_open/",
      "date_published": "2022-02-24T17:25:35.000Z",
      "date_modified": "2022-02-24T17:25:35.000Z",
      "_original_published": "2022-02-24T13:34:43.000Z",
      "_original_language": "en",
      "_translations": {
        "en": {
          "title": "More than 150 senior Russian officials sign open letter condemning Putin's invasion of Ukraine as 'an unprecedented atrocity' and warn of 'catastrophic consequences' while urging citizens 'not to participate'"
        },
        "ja": {
          "title": "150人以上のロシア高官が、プーチン大統領のウクライナ侵攻を「前例のない残虐行為」と非難し、「破滅的な結果」を警告する公開書簡に署名、国民に「参加しないよう」呼びかけました。"
        },
        "zh-Hans": {
          "title": "150多名俄罗斯高级官员签署公开信，谴责普京入侵乌克兰是 \"史无前例的暴行\"，并警告 \"灾难性的后果\"，同时敦促公民 \"不要参与"
        },
        "zh-Hant": {
          "title": "150多名俄羅斯高級官員簽署公開信，譴責普京入侵烏克蘭是 \"史無前例的暴行\"，並警告 \"災難性的後果\"，同時敦促公民 \"不要參與"
        }
      },
      "tags": [
        "worldnews"
      ],
      "authors": [
        {
          "name": "geiwne",
          "url": "https://old.reddit.com/user/geiwne"
        }
      ],
      "_links": [
        {
          "url": "https://old.reddit.com/r/worldnews/comments/t0b6fb/more_than_150_senior_russian_officials_sign_open/",
          "name": "&uarr;106224 votes"
        }
      ],
      "image": "https://external-preview.redd.it/7bFUz38R3r_AWy8is46vOmlIZEfeXA1hVa53ReuzHJw.jpg?width=320&amp;crop=smart&amp;auto=webp&amp;s=842628cdfcf13ebbae57ca9fe15dc933b3b8faaf"
    },
    "2022_02_24_en_reddit_reddit__r--interestingasfuck--comments--t0igtb--just_got_locked_in_a_police_van_in_moscow_while": {
      "id": "2022_02_24_en_reddit_reddit__r--interestingasfuck--comments--t0igtb--just_got_locked_in_a_police_van_in_moscow_while",
      "url": "https://old.reddit.com/r/interestingasfuck/comments/t0igtb/just_got_locked_in_a_police_van_in_moscow_while/",
      "date_published": "2022-02-25T01:17:07.000Z",
      "date_modified": "2022-02-25T01:17:07.000Z",
      "_original_published": "2022-02-24T18:56:39.000Z",
      "_original_language": "en",
      "_translations": {
        "en": {
          "title": "Just got locked in a police van in Moscow while attending a peaceful protest against war. Peace to all!"
        },
        "ja": {
          "title": "モスクワで戦争に反対する平和的な抗議行動に参加しているときに、警察のバンに閉じ込められました。みんなに平和を"
        },
        "zh-Hans": {
          "title": "刚刚在莫斯科参加和平抗议战争时被锁在一辆警车里。祝大家和平!"
        },
        "zh-Hant": {
          "title": "剛剛在莫斯科參加和平抗議戰爭時被鎖在一輛警車裏。祝大家和平!"
        }
      },
      "tags": [
        "interestingasfuck"
      ],
      "authors": [
        {
          "name": "Crystal_Spammer",
          "url": "https://old.reddit.com/user/Crystal_Spammer"
        }
      ],
      "_links": [
        {
          "url": "https://old.reddit.com/r/interestingasfuck/comments/t0igtb/just_got_locked_in_a_police_van_in_moscow_while/",
          "name": "&uarr;101995 votes"
        }
      ]
    },
    "2022_02_25_en_reddit_reddit__r--interestingasfuck--comments--t0rqsc--zelenskiy_president_of_ukraine_summary_of_1st_day": {
      "id": "2022_02_25_en_reddit_reddit__r--interestingasfuck--comments--t0rqsc--zelenskiy_president_of_ukraine_summary_of_1st_day",
      "url": "https://old.reddit.com/r/interestingasfuck/comments/t0rqsc/zelenskiy_president_of_ukraine_summary_of_1st_day/",
      "date_published": "2022-02-25T07:13:32.000Z",
      "date_modified": "2022-02-25T07:13:32.000Z",
      "_original_published": "2022-02-25T01:55:46.000Z",
      "_original_language": "en",
      "_translations": {
        "en": {
          "title": "Zelenskiy, President of Ukraine, summary of 1st day of war with English Subs"
        },
        "ja": {
          "title": "ゼレンスキー（ウクライナ大統領）、戦争初日の概要（英語字幕付き"
        },
        "zh-Hans": {
          "title": "乌克兰总统泽伦斯基对战争第一天的总结，有英文字幕。"
        },
        "zh-Hant": {
          "title": "烏克蘭總統澤倫斯基對戰爭第一天的總結，有英文字幕。"
        }
      },
      "tags": [
        "interestingasfuck"
      ],
      "authors": [
        {
          "name": "palcemvglaz",
          "url": "https://old.reddit.com/user/palcemvglaz"
        }
      ],
      "_links": [
        {
          "url": "https://old.reddit.com/r/interestingasfuck/comments/t0rqsc/zelenskiy_president_of_ukraine_summary_of_1st_day/",
          "name": "&uarr;98127 votes"
        }
      ],
      "image": "https://external-preview.redd.it/ziXiRgQmr7WSmx5s3yEyz2BSb0cWgAJhOfqJEF-dyAU.png?width=1080&amp;crop=smart&amp;format=pjpg&amp;auto=webp&amp;s=a02688c810639074aad1ad2740311a7e1926dd53",
      "_video": {
        "sources": [
          {
            "url": "https://v.redd.it/s64d16bdyvj81/DASH_720.mp4?source=fallback"
          }
        ],
        "width": 1280,
        "height": 720,
        "poster": "https://external-preview.redd.it/ziXiRgQmr7WSmx5s3yEyz2BSb0cWgAJhOfqJEF-dyAU.png?width=1080&amp;crop=smart&amp;format=pjpg&amp;auto=webp&amp;s=a02688c810639074aad1ad2740311a7e1926dd53"
      }
    },
    "2022_02_24_en_reddit_reddit__r--Damnthatsinteresting--comments--t0nrhc--the_russian_74th_motorized_rifle_brigade_whole": {
      "id": "2022_02_24_en_reddit_reddit__r--Damnthatsinteresting--comments--t0nrhc--the_russian_74th_motorized_rifle_brigade_whole",
      "url": "https://old.reddit.com/r/Damnthatsinteresting/comments/t0nrhc/the_russian_74th_motorized_rifle_brigade_whole/",
      "date_published": "2022-02-25T07:31:37.000Z",
      "date_modified": "2022-02-25T07:31:37.000Z",
      "_original_published": "2022-02-24T22:49:17.000Z",
      "_original_language": "en",
      "_translations": {
        "en": {
          "title": "The russian 74th Motorized Rifle Brigade, whole platoon of russian soldiers surrendered to Ukrainian forces in Chernihiv. \"No one thought we were going to kill\" russian officer tells."
        },
        "ja": {
          "title": "ロシア第74機動小銃旅団、ロシア兵の全小隊がチェルニヒフでウクライナ軍に降伏した。「誰も我々が殺すとは思わなかった」 とロシア軍将校は語る。"
        },
        "zh-Hans": {
          "title": "俄罗斯第74摩托化步枪旅，整排的俄罗斯士兵在切尔尼戈夫向乌克兰军队投降。\"没有人想到我们会杀人 \"俄罗斯军官告诉记者。"
        },
        "zh-Hant": {
          "title": "俄羅斯第74摩托化步槍旅，整排的俄羅斯士兵在切爾尼戈夫向烏克蘭軍隊投降。\"沒有人想到我們會殺人 \"俄羅斯軍官告訴記者。"
        }
      },
      "tags": [
        "Damnthatsinteresting"
      ],
      "authors": [
        {
          "name": "NarcissisticEyes",
          "url": "https://old.reddit.com/user/NarcissisticEyes"
        }
      ],
      "_links": [
        {
          "url": "https://old.reddit.com/r/Damnthatsinteresting/comments/t0nrhc/the_russian_74th_motorized_rifle_brigade_whole/",
          "name": "&uarr;97328 votes"
        }
      ],
      "image": "https://preview.redd.it/i2m8rgr81vj81.jpg?width=1080&amp;crop=smart&amp;auto=webp&amp;s=d00a234ddb985c7d92e668ce82faf394f79f0cda"
    },
    "2022_02_24_en_reddit_reddit__r--worldnews--comments--t0fhd3--antiwar_protests_break_out_across_russia_despite": {
      "id": "2022_02_24_en_reddit_reddit__r--worldnews--comments--t0fhd3--antiwar_protests_break_out_across_russia_despite",
      "url": "https://old.reddit.com/r/worldnews/comments/t0fhd3/antiwar_protests_break_out_across_russia_despite/",
      "date_published": "2022-02-24T21:31:25.000Z",
      "date_modified": "2022-02-24T21:31:25.000Z",
      "_original_published": "2022-02-24T16:47:54.000Z",
      "_original_language": "en",
      "_translations": {
        "en": {
          "title": "Anti-war protests break out across Russia despite attempts to stifle them"
        },
        "ja": {
          "title": "ロシア全土で反戦デモが勃発。"
        },
        "zh-Hans": {
          "title": "俄罗斯各地爆发反战抗议活动，尽管有人试图扼杀它们"
        },
        "zh-Hant": {
          "title": "俄羅斯各地爆發反戰抗議活動，儘管有人試圖扼殺它們"
        }
      },
      "tags": [
        "worldnews"
      ],
      "authors": [
        {
          "name": "LadyMeadows",
          "url": "https://old.reddit.com/user/LadyMeadows"
        }
      ],
      "_links": [
        {
          "url": "https://old.reddit.com/r/worldnews/comments/t0fhd3/antiwar_protests_break_out_across_russia_despite/",
          "name": "&uarr;95772 votes"
        }
      ],
      "image": "https://external-preview.redd.it/Cubxl-vzAIxMv_CAD8SVHAn6SAaFGbA5d4Qv6mSXbhQ.jpg?width=640&amp;crop=smart&amp;auto=webp&amp;s=5f530485d08c3e504c97dd22d4a063594423d75d"
    },
    "2022_02_24_en_reddit_reddit__r--therewasanattempt--comments--t0hs8s--to_ban_this_image": {
      "id": "2022_02_24_en_reddit_reddit__r--therewasanattempt--comments--t0hs8s--to_ban_this_image",
      "url": "https://old.reddit.com/r/therewasanattempt/comments/t0hs8s/to_ban_this_image/",
      "date_published": "2022-02-25T04:17:00.000Z",
      "date_modified": "2022-02-25T04:17:00.000Z",
      "_original_published": "2022-02-24T18:26:18.000Z",
      "_original_language": "en",
      "_translations": {
        "en": {
          "title": "To ban this image"
        },
        "ja": {
          "title": "この画像を使用禁止にするには"
        },
        "zh-Hans": {
          "title": "禁用此图像"
        },
        "zh-Hant": {
          "title": "禁用此圖像"
        }
      },
      "tags": [
        "therewasanattempt"
      ],
      "authors": [
        {
          "name": "BoomTwo",
          "url": "https://old.reddit.com/user/BoomTwo"
        }
      ],
      "_links": [
        {
          "url": "https://old.reddit.com/r/therewasanattempt/comments/t0hs8s/to_ban_this_image/",
          "name": "&uarr;94522 votes"
        }
      ],
      "image": "https://preview.redd.it/hpzu1spbqtj81.jpg?width=320&amp;crop=smart&amp;auto=webp&amp;s=849da8f21dc389eb2dddb13f95d10aaaca9fc1f6"
    },
    "2022_02_24_en_reddit_reddit__r--MadeMeSmile--comments--t0jqa1--people_are_chanting_no_to_war_in_moscow": {
      "id": "2022_02_24_en_reddit_reddit__r--MadeMeSmile--comments--t0jqa1--people_are_chanting_no_to_war_in_moscow",
      "url": "https://old.reddit.com/r/MadeMeSmile/comments/t0jqa1/people_are_chanting_no_to_war_in_moscow/",
      "date_published": "2022-02-25T05:57:59.000Z",
      "date_modified": "2022-02-25T05:57:59.000Z",
      "_original_published": "2022-02-24T19:52:48.000Z",
      "_original_language": "en",
      "_translations": {
        "en": {
          "title": "People are chanting \"No to war!\" in Moscow"
        },
        "ja": {
          "title": "モスクワで「戦争反対！」と叫ぶ人々"
        },
        "zh-Hans": {
          "title": "人们在莫斯科高呼 \"反对战争！\"的口号"
        },
        "zh-Hant": {
          "title": "人們在莫斯科高呼 \"反對戰爭！\"的口號"
        }
      },
      "tags": [
        "MadeMeSmile"
      ],
      "authors": [
        {
          "name": "Chasith",
          "url": "https://old.reddit.com/user/Chasith"
        }
      ],
      "_links": [
        {
          "url": "https://old.reddit.com/r/MadeMeSmile/comments/t0jqa1/people_are_chanting_no_to_war_in_moscow/",
          "name": "&uarr;92361 votes"
        }
      ],
      "image": "https://external-preview.redd.it/DG8w6kDL_QgGnXrasgXvSn8YTzfo9Wl3fgKvi6H3bQs.png?width=640&amp;crop=smart&amp;format=pjpg&amp;auto=webp&amp;s=680673a32483461c0fbeb3082c248f71fa531252",
      "_video": {
        "sources": [
          {
            "url": "https://v.redd.it/bgos4y6k5uj81/DASH_360.mp4?source=fallback"
          }
        ],
        "width": 640,
        "height": 360,
        "poster": "https://external-preview.redd.it/DG8w6kDL_QgGnXrasgXvSn8YTzfo9Wl3fgKvi6H3bQs.png?width=640&amp;crop=smart&amp;format=pjpg&amp;auto=webp&amp;s=680673a32483461c0fbeb3082c248f71fa531252"
      }
    },
    "2022_02_24_en_reddit_reddit__r--europe--comments--t0dg04--president_zelenskyys_heartbreaking_defiant_speech": {
      "id": "2022_02_24_en_reddit_reddit__r--europe--comments--t0dg04--president_zelenskyys_heartbreaking_defiant_speech",
      "url": "https://old.reddit.com/r/europe/comments/t0dg04/president_zelenskyys_heartbreaking_defiant_speech/",
      "date_published": "2022-02-25T06:50:39.000Z",
      "date_modified": "2022-02-25T06:50:39.000Z",
      "_original_published": "2022-02-24T15:17:24.000Z",
      "_original_language": "en",
      "_translations": {
        "en": {
          "title": "President Zelenskyy's heartbreaking, defiant speech to the Russian people [English subtitles]"
        },
        "ja": {
          "title": "ゼレンスキー大統領、ロシア国民に向けた悲痛な反骨のスピーチ【英語字幕付き"
        },
        "zh-Hans": {
          "title": "泽伦斯基总统向俄罗斯人民发表的令人心碎的、挑衅性的讲话[英文字幕]"
        },
        "zh-Hant": {
          "title": "澤倫斯基總統向俄羅斯人民發表的令人心碎的、挑釁性的講話[英文字幕]"
        }
      },
      "tags": [
        "europe"
      ],
      "authors": [
        {
          "name": "Filip_another_user",
          "url": "https://old.reddit.com/user/Filip_another_user"
        }
      ],
      "_links": [
        {
          "url": "https://old.reddit.com/r/europe/comments/t0dg04/president_zelenskyys_heartbreaking_defiant_speech/",
          "name": "&uarr;92147 votes"
        }
      ],
      "image": "https://external-preview.redd.it/Z1VyyJKv02Y9WXgAY2JG4xKgSnMewKHVi5HhAlACpxI.png?width=1080&amp;crop=smart&amp;auto=webp&amp;s=4fa24a9ffc05d11381439ad6b5cfd73850dafc01"
    },
    "2022_02_22_en_reddit_reddit__r--MadeMeSmile--comments--syy2rg--after_this_mans_wife_passed_away_his_children": {
      "id": "2022_02_22_en_reddit_reddit__r--MadeMeSmile--comments--syy2rg--after_this_mans_wife_passed_away_his_children",
      "url": "https://old.reddit.com/r/MadeMeSmile/comments/syy2rg/after_this_mans_wife_passed_away_his_children/",
      "date_published": "2022-02-23T00:58:36.000Z",
      "date_modified": "2022-02-23T00:58:36.000Z",
      "_original_published": "2022-02-22T20:55:25.000Z",
      "_original_language": "en",
      "_translations": {
        "en": {
          "title": "After this man's wife passed away, his children adopted a shelter dog for him to keep him company. Best decision in the world"
        },
        "ja": {
          "title": "この男性の奥さんが亡くなった後、彼の子供たちが彼の相手をするために保護犬を採用したのです。世界一の決断"
        },
        "zh-Hans": {
          "title": "这个人的妻子去世后，他的孩子为他收养了一只收容所的狗来陪伴他。世界上最好的决定"
        },
        "zh-Hant": {
          "title": "這個人的妻子去世後，他的孩子爲他收養了一隻收容所的狗來陪伴他。世界上最好的決定"
        }
      },
      "tags": [
        "MadeMeSmile"
      ],
      "authors": [
        {
          "name": "kenezmaa",
          "url": "https://old.reddit.com/user/kenezmaa"
        }
      ],
      "_links": [
        {
          "url": "https://old.reddit.com/r/MadeMeSmile/comments/syy2rg/after_this_mans_wife_passed_away_his_children/",
          "name": "&uarr;90707 votes"
        }
      ],
      "image": "https://external-preview.redd.it/MoelvHU-tUQYPnajPnNhMUvZljKNZb77VBr5urKQ38A.png?width=1080&amp;crop=smart&amp;format=pjpg&amp;auto=webp&amp;s=b71dc5414f79acfb984c38b2638c7e48c96ed4d2",
      "_video": {
        "sources": [
          {
            "url": "https://v.redd.it/yd7q1o0t6gj81/DASH_720.mp4?source=fallback"
          }
        ],
        "width": 960,
        "height": 720,
        "poster": "https://external-preview.redd.it/MoelvHU-tUQYPnajPnNhMUvZljKNZb77VBr5urKQ38A.png?width=1080&amp;crop=smart&amp;format=pjpg&amp;auto=webp&amp;s=b71dc5414f79acfb984c38b2638c7e48c96ed4d2"
      }
    },
    "2022_02_24_en_reddit_reddit__r--nextfuckinglevel--comments--t04x55--ukraine_citizens_in_the_donetsk_wave_their_flag": {
      "id": "2022_02_24_en_reddit_reddit__r--nextfuckinglevel--comments--t04x55--ukraine_citizens_in_the_donetsk_wave_their_flag",
      "url": "https://old.reddit.com/r/nextfuckinglevel/comments/t04x55/ukraine_citizens_in_the_donetsk_wave_their_flag/",
      "date_published": "2022-02-24T13:31:38.000Z",
      "date_modified": "2022-02-24T13:31:38.000Z",
      "_original_published": "2022-02-24T07:22:56.000Z",
      "_original_language": "en",
      "_translations": {
        "en": {
          "title": "Ukraine citizens in the Donetsk wave their flag and sing the national anthem before the Russia war"
        },
        "ja": {
          "title": "ドネツクのウクライナ市民は、ロシア戦争前に国旗を振り、国歌を歌う"
        },
        "zh-Hans": {
          "title": "顿涅茨克的乌克兰公民在俄罗斯战争前挥舞国旗并唱国歌"
        },
        "zh-Hant": {
          "title": "頓涅茨克的烏克蘭公民在俄羅斯戰爭前揮舞國旗並唱國歌"
        }
      },
      "tags": [
        "nextfuckinglevel"
      ],
      "authors": [
        {
          "name": "Patradoxon",
          "url": "https://old.reddit.com/user/Patradoxon"
        }
      ],
      "_links": [
        {
          "url": "https://old.reddit.com/r/nextfuckinglevel/comments/t04x55/ukraine_citizens_in_the_donetsk_wave_their_flag/",
          "name": "&uarr;89823 votes"
        }
      ],
      "image": "https://external-preview.redd.it/q6NnKfxyZSFBpyzOIRozHXpqVe4aTBIv_kBoH4I-VJg.png?width=320&amp;crop=smart&amp;format=pjpg&amp;auto=webp&amp;s=aabdc67a3f64d2bed520fc39686ecb6766e9afdd",
      "_video": {
        "sources": [
          {
            "url": "https://v.redd.it/7d51yiwyfqj81/DASH_360.mp4?source=fallback"
          }
        ],
        "width": 638,
        "height": 360,
        "poster": "https://external-preview.redd.it/q6NnKfxyZSFBpyzOIRozHXpqVe4aTBIv_kBoH4I-VJg.png?width=320&amp;crop=smart&amp;format=pjpg&amp;auto=webp&amp;s=aabdc67a3f64d2bed520fc39686ecb6766e9afdd"
      }
    },
    "2022_02_24_en_reddit_reddit__r--worldnews--comments--t0l0xi--ukrainian_troops_have_recaptured_hostomel": {
      "id": "2022_02_24_en_reddit_reddit__r--worldnews--comments--t0l0xi--ukrainian_troops_have_recaptured_hostomel",
      "url": "https://old.reddit.com/r/worldnews/comments/t0l0xi/ukrainian_troops_have_recaptured_hostomel/",
      "date_published": "2022-02-25T02:15:28.000Z",
      "date_modified": "2022-02-25T02:15:28.000Z",
      "_original_published": "2022-02-24T20:49:37.000Z",
      "_original_language": "en",
      "_translations": {
        "en": {
          "title": "Ukrainian troops have recaptured Hostomel Airfield in the north-west suburbs of Kyiv, a presidential adviser has told the Reuters news agency."
        },
        "ja": {
          "title": "大統領顧問がロイター通信に語ったところによると、ウクライナ軍はキエフ北西部郊外のホストメル飛行場を奪還したとのこと。"
        },
        "zh-Hans": {
          "title": "一名总统顾问告诉路透社记者，乌克兰军队已经夺回了位于基辅西北郊的霍斯托梅尔机场。"
        },
        "zh-Hant": {
          "title": "一名總統顧問告訴路透社記者，烏克蘭軍隊已經奪回了位於基輔西北郊的霍斯托梅爾機場。"
        }
      },
      "tags": [
        "worldnews"
      ],
      "authors": [
        {
          "name": "legmeta",
          "url": "https://old.reddit.com/user/legmeta"
        }
      ],
      "_links": [
        {
          "url": "https://old.reddit.com/r/worldnews/comments/t0l0xi/ukrainian_troops_have_recaptured_hostomel/",
          "name": "&uarr;89313 votes"
        }
      ],
      "image": "https://external-preview.redd.it/DCplGN0Gnrguq-7Skt0CQZ7D215LBzfYPnJNvtQPQrw.jpg?width=1080&amp;crop=smart&amp;auto=webp&amp;s=dbcc3cd94e1f63d4d945e74f9778805a45dcc9a1"
    },
    "2022_02_24_en_reddit_reddit__r--Damnthatsinteresting--comments--t0hm3s--in_moscow_people_are_chanting_no_to_war": {
      "id": "2022_02_24_en_reddit_reddit__r--Damnthatsinteresting--comments--t0hm3s--in_moscow_people_are_chanting_no_to_war",
      "url": "https://old.reddit.com/r/Damnthatsinteresting/comments/t0hm3s/in_moscow_people_are_chanting_no_to_war/",
      "date_published": "2022-02-24T22:19:15.000Z",
      "date_modified": "2022-02-24T22:19:15.000Z",
      "_original_published": "2022-02-24T18:18:57.000Z",
      "_original_language": "en",
      "_translations": {
        "en": {
          "title": "In Moscow, people are chanting \"No to war!\""
        },
        "ja": {
          "title": "モスクワでは、人々が \"戦争反対！\"と叫んでいます。"
        },
        "zh-Hans": {
          "title": "在莫斯科，人们正在高呼 \"反对战争\"。"
        },
        "zh-Hant": {
          "title": "在莫斯科，人們正在高呼 \"反對戰爭\"。"
        }
      },
      "tags": [
        "Damnthatsinteresting"
      ],
      "authors": [
        {
          "name": "mandlebrot235813",
          "url": "https://old.reddit.com/user/mandlebrot235813"
        }
      ],
      "_links": [
        {
          "url": "https://old.reddit.com/r/Damnthatsinteresting/comments/t0hm3s/in_moscow_people_are_chanting_no_to_war/",
          "name": "&uarr;88923 votes"
        }
      ],
      "image": "https://external-preview.redd.it/sHBGVdWB4reqll6xFWH_2aL8wNeGJZMDQqD_fx47JrA.png?width=640&amp;crop=smart&amp;format=pjpg&amp;auto=webp&amp;s=bfca19c2495cb1c24127600c144f7377382e673f",
      "_video": {
        "sources": [
          {
            "url": "https://v.redd.it/nagqhj5uotj81/DASH_360.mp4?source=fallback"
          }
        ],
        "width": 640,
        "height": 360,
        "poster": "https://external-preview.redd.it/sHBGVdWB4reqll6xFWH_2aL8wNeGJZMDQqD_fx47JrA.png?width=640&amp;crop=smart&amp;format=pjpg&amp;auto=webp&amp;s=bfca19c2495cb1c24127600c144f7377382e673f"
      }
    },
    "2022_02_18_en_reddit_reddit__r--memes--comments--svlz6e--who_needs_a_boat_when_you_have_the_starter_car": {
      "id": "2022_02_18_en_reddit_reddit__r--memes--comments--svlz6e--who_needs_a_boat_when_you_have_the_starter_car",
      "url": "https://old.reddit.com/r/memes/comments/svlz6e/who_needs_a_boat_when_you_have_the_starter_car/",
      "date_published": "2022-02-19T01:02:40.000Z",
      "date_modified": "2022-02-19T01:02:40.000Z",
      "_original_published": "2022-02-18T16:26:03.000Z",
      "_original_language": "en",
      "_translations": {
        "en": {
          "title": "Who needs a boat when you have the starter car"
        },
        "ja": {
          "title": "スターターカーがあれば、ボートはいらない。"
        },
        "zh-Hans": {
          "title": "有了启动车，谁还需要船呢？"
        },
        "zh-Hant": {
          "title": "有了啓動車，誰還需要船呢？"
        }
      },
      "tags": [
        "memes"
      ],
      "authors": [
        {
          "name": "Bomboooo",
          "url": "https://old.reddit.com/user/Bomboooo"
        }
      ],
      "_links": [
        {
          "url": "https://old.reddit.com/r/memes/comments/svlz6e/who_needs_a_boat_when_you_have_the_starter_car/",
          "name": "&uarr;86341 votes"
        }
      ],
      "image": "https://preview.redd.it/swm7cs61bmi81.gif?width=640&amp;crop=smart&amp;format=png8&amp;s=50faa8a1cc2dce6a55a4862a24407d7cbb777213",
      "_video": {
        "sources": [
          {
            "url": "https://preview.redd.it/swm7cs61bmi81.gif?format=mp4&amp;s=40d6950e8aa81300552a48e519f149a7b2ea9391"
          }
        ],
        "width": 852,
        "height": 604,
        "poster": "https://preview.redd.it/swm7cs61bmi81.gif?width=640&amp;crop=smart&amp;format=png8&amp;s=50faa8a1cc2dce6a55a4862a24407d7cbb777213"
      }
    },
    "2022_02_21_en_reddit_reddit__r--MadeMeSmile--comments--sxs5kh--now_thats_a_cool_guy": {
      "id": "2022_02_21_en_reddit_reddit__r--MadeMeSmile--comments--sxs5kh--now_thats_a_cool_guy",
      "url": "https://old.reddit.com/r/MadeMeSmile/comments/sxs5kh/now_thats_a_cool_guy/",
      "date_published": "2022-02-21T17:00:35.000Z",
      "date_modified": "2022-02-21T17:00:35.000Z",
      "_original_published": "2022-02-21T12:16:06.000Z",
      "_original_language": "en",
      "_translations": {
        "en": {
          "title": "Now that's a cool guy"
        },
        "ja": {
          "title": "クールな男だ"
        },
        "zh-Hans": {
          "title": "这是个很酷的家伙"
        },
        "zh-Hant": {
          "title": "這是個很酷的傢伙"
        }
      },
      "tags": [
        "MadeMeSmile"
      ],
      "authors": [
        {
          "name": "PeasKhichra",
          "url": "https://old.reddit.com/user/PeasKhichra"
        }
      ],
      "_links": [
        {
          "url": "https://old.reddit.com/r/MadeMeSmile/comments/sxs5kh/now_thats_a_cool_guy/",
          "name": "&uarr;85510 votes"
        }
      ],
      "image": "https://preview.redd.it/uyma7fbhh6j81.jpg?width=1080&amp;crop=smart&amp;auto=webp&amp;s=e832a30bc566674ec17167c1fedff39a22ae6c1a"
    },
    "2022_02_24_en_reddit_reddit__r--interestingasfuck--comments--t0e2lb--people_in_st_petersburg_are_allegedly_protesting": {
      "id": "2022_02_24_en_reddit_reddit__r--interestingasfuck--comments--t0e2lb--people_in_st_petersburg_are_allegedly_protesting",
      "url": "https://old.reddit.com/r/interestingasfuck/comments/t0e2lb/people_in_st_petersburg_are_allegedly_protesting/",
      "date_published": "2022-02-24T19:13:16.000Z",
      "date_modified": "2022-02-24T19:13:16.000Z",
      "_original_published": "2022-02-24T15:45:38.000Z",
      "_original_language": "en",
      "_translations": {
        "en": {
          "title": "People in St Petersburg are allegedly protesting against the invasion of the Ukraine"
        },
        "ja": {
          "title": "サンクトペテルブルクでは、ウクライナへの侵攻に抗議する人々がいるとされる"
        },
        "zh-Hans": {
          "title": "据称圣彼得堡的人们正在抗议对乌克兰的入侵"
        },
        "zh-Hant": {
          "title": "據稱聖彼得堡的人們正在抗議對烏克蘭的入侵"
        }
      },
      "tags": [
        "interestingasfuck"
      ],
      "authors": [
        {
          "name": "GhostSierra117",
          "url": "https://old.reddit.com/user/GhostSierra117"
        }
      ],
      "_links": [
        {
          "url": "https://old.reddit.com/r/interestingasfuck/comments/t0e2lb/people_in_st_petersburg_are_allegedly_protesting/",
          "name": "&uarr;85485 votes"
        }
      ],
      "image": "https://external-preview.redd.it/mwi6fmdTJg6zT8-8J8eFsyqDIiG_8AjIvccDOCO8GXs.png?width=960&amp;crop=smart&amp;format=pjpg&amp;auto=webp&amp;s=1fcf9c880b98bc38d3a1389cd8123ee7d78a5dc6",
      "_video": {
        "sources": [
          {
            "url": "https://v.redd.it/w6arqzinxsj81/DASH_720.mp4?source=fallback"
          }
        ],
        "width": 1280,
        "height": 720,
        "poster": "https://external-preview.redd.it/mwi6fmdTJg6zT8-8J8eFsyqDIiG_8AjIvccDOCO8GXs.png?width=960&amp;crop=smart&amp;format=pjpg&amp;auto=webp&amp;s=1fcf9c880b98bc38d3a1389cd8123ee7d78a5dc6"
      }
    },
    "2022_02_22_en_reddit_reddit__r--cursedcomments--comments--syvvac--cursed_roasting": {
      "id": "2022_02_22_en_reddit_reddit__r--cursedcomments--comments--syvvac--cursed_roasting",
      "url": "https://old.reddit.com/r/cursedcomments/comments/syvvac/cursed_roasting/",
      "date_published": "2022-02-23T02:08:53.000Z",
      "date_modified": "2022-02-23T02:08:53.000Z",
      "_original_published": "2022-02-22T19:21:31.000Z",
      "_original_language": "en",
      "_translations": {
        "en": {
          "title": "Cursed roasting"
        },
        "ja": {
          "title": "呪いの焙煎"
        },
        "zh-Hans": {
          "title": "受诅咒的烤肉"
        },
        "zh-Hant": {
          "title": "受詛咒的烤肉"
        }
      },
      "tags": [
        "cursedcomments"
      ],
      "authors": [
        {
          "name": "Gilgameshbrah",
          "url": "https://old.reddit.com/user/Gilgameshbrah"
        }
      ],
      "_links": [
        {
          "url": "https://old.reddit.com/r/cursedcomments/comments/syvvac/cursed_roasting/",
          "name": "&uarr;85151 votes"
        }
      ],
      "image": "https://preview.redd.it/er21riocqfj81.jpg?width=1080&amp;crop=smart&amp;auto=webp&amp;s=b474a11dcd05b653fc577d41b615881f0d8cd08f"
    },
    "2022_02_22_en_reddit_reddit__r--MadeMeSmile--comments--syj5ai--momma_cat_fixes_bed_after_her_kitten_messed_it_up": {
      "id": "2022_02_22_en_reddit_reddit__r--MadeMeSmile--comments--syj5ai--momma_cat_fixes_bed_after_her_kitten_messed_it_up",
      "url": "https://old.reddit.com/r/MadeMeSmile/comments/syj5ai/momma_cat_fixes_bed_after_her_kitten_messed_it_up/",
      "date_published": "2022-02-22T15:34:30.000Z",
      "date_modified": "2022-02-22T15:34:30.000Z",
      "_original_published": "2022-02-22T09:11:45.000Z",
      "_original_language": "en",
      "_translations": {
        "en": {
          "title": "momma cat fixes bed after her kitten messed it up"
        },
        "ja": {
          "title": "子猫にベッドを汚された母猫がベッドを直す"
        },
        "zh-Hans": {
          "title": "猫妈妈在小猫咪把床弄脏后把它修好了"
        },
        "zh-Hant": {
          "title": "貓媽媽在小貓咪把牀弄髒後把它修好了"
        }
      },
      "tags": [
        "MadeMeSmile"
      ],
      "authors": [
        {
          "name": "candynics",
          "url": "https://old.reddit.com/user/candynics"
        }
      ],
      "_links": [
        {
          "url": "https://old.reddit.com/r/MadeMeSmile/comments/syj5ai/momma_cat_fixes_bed_after_her_kitten_messed_it_up/",
          "name": "&uarr;84771 votes"
        }
      ],
      "image": "https://external-preview.redd.it/d2sNim7wmU6uPYqY235iofaVSKcUAfS_Aa4PNIQZABg.png?width=1080&amp;crop=smart&amp;format=pjpg&amp;auto=webp&amp;s=134b1e750dabc543bc3246077632c56290320436",
      "_video": {
        "sources": [
          {
            "url": "https://v.redd.it/xoovxvrapcj81/DASH_720.mp4?source=fallback"
          }
        ],
        "width": 1208,
        "height": 720,
        "poster": "https://external-preview.redd.it/d2sNim7wmU6uPYqY235iofaVSKcUAfS_Aa4PNIQZABg.png?width=1080&amp;crop=smart&amp;format=pjpg&amp;auto=webp&amp;s=134b1e750dabc543bc3246077632c56290320436"
      }
    }
  }
}
