{
  "items": {
    "2021_03_15_en_reddit_reddit__r--memes--comments--m5mrth--universal_guide_to_mens_nodding_made_in_paint": {
      "id": "2021_03_15_en_reddit_reddit__r--memes--comments--m5mrth--universal_guide_to_mens_nodding_made_in_paint",
      "url": "https://old.reddit.com/r/memes/comments/m5mrth/universal_guide_to_mens_nodding_made_in_paint/",
      "date_published": "2021-03-15T19:40:01.000Z",
      "date_modified": "2021-03-15T19:40:01.000Z",
      "_original_published": "2021-03-15T15:10:18.000Z",
      "_original_language": "en",
      "_translations": {
        "en": {
          "title": "Universal guide to men's nodding. Made in Paint."
        },
        "zh-Hans": {
          "title": "男人点头的通用指南。涂料制造。"
        },
        "zh-Hant": {
          "title": "男人點頭的通用指南。塗料製造。"
        }
      },
      "tags": [
        "memes"
      ],
      "authors": [
        {
          "name": "jp9544",
          "url": "https://old.reddit.com/user/jp9544"
        }
      ],
      "_links": [
        {
          "url": "https://old.reddit.com/r/memes/comments/m5mrth/universal_guide_to_mens_nodding_made_in_paint/",
          "name": "&uarr;160392 votes"
        }
      ],
      "image": "https://preview.redd.it/qldrdzcjj7n61.png?width=960&crop=smart&auto=webp&s=bbc24fdb4cd3ddd1a0af62384ff9a2322f06796a"
    },
    "2021_03_13_en_reddit_reddit__r--wallstreetbets--comments--m4i2ib--a_message_to_wsb_from_the_director_of_the_dian": {
      "id": "2021_03_13_en_reddit_reddit__r--wallstreetbets--comments--m4i2ib--a_message_to_wsb_from_the_director_of_the_dian",
      "url": "https://old.reddit.com/r/wallstreetbets/comments/m4i2ib/a_message_to_wsb_from_the_director_of_the_dian/",
      "date_published": "2021-03-14T03:26:20.000Z",
      "date_modified": "2021-03-14T03:26:20.000Z",
      "_original_published": "2021-03-13T23:14:32.000Z",
      "_original_language": "en",
      "_translations": {
        "en": {
          "title": "A message to WSB from the Director of the Dian Fossey Gorilla Fund!"
        },
        "zh-Hans": {
          "title": "Dian Fossey大猩猩基金主任给WSB的致辞!"
        },
        "zh-Hant": {
          "title": "Dian Fossey大猩猩基金主任給WSB的致辭!"
        }
      },
      "tags": [
        "wallstreetbets"
      ],
      "authors": [
        {
          "name": "kampingcarl",
          "url": "https://old.reddit.com/user/kampingcarl"
        }
      ],
      "_links": [
        {
          "url": "https://old.reddit.com/r/wallstreetbets/comments/m4i2ib/a_message_to_wsb_from_the_director_of_the_dian/",
          "name": "&uarr;160296 votes"
        }
      ],
      "image": "https://external-preview.redd.it/L605-1j9Yn8hAdu9uPW_x1PYSOC4IdksC2Rt7mg1IiY.png?width=640&crop=smart&format=pjpg&auto=webp&s=ef9757f6cbfdcca362c92e53ff7baaf847d4e1b6",
      "_video": {
        "sources": [
          {
            "url": "https://v.redd.it/l3stpkyrnvm61/DASH_480.mp4?source=fallback"
          }
        ],
        "width": 848,
        "height": 480,
        "poster": "https://external-preview.redd.it/L605-1j9Yn8hAdu9uPW_x1PYSOC4IdksC2Rt7mg1IiY.png?width=640&crop=smart&format=pjpg&auto=webp&s=ef9757f6cbfdcca362c92e53ff7baaf847d4e1b6"
      }
    },
    "2021_03_12_en_reddit_reddit__r--PublicFreakout--comments--m3je6n--remember_when_sacha_baron_cohen_pranked_a_bunch": {
      "id": "2021_03_12_en_reddit_reddit__r--PublicFreakout--comments--m3je6n--remember_when_sacha_baron_cohen_pranked_a_bunch",
      "url": "https://old.reddit.com/r/PublicFreakout/comments/m3je6n/remember_when_sacha_baron_cohen_pranked_a_bunch/",
      "date_published": "2021-03-12T20:50:40.000Z",
      "date_modified": "2021-03-12T20:50:40.000Z",
      "_original_published": "2021-03-12T15:04:42.000Z",
      "_original_language": "en",
      "_translations": {
        "en": {
          "title": "Remember when Sacha Baron Cohen pranked a bunch of racists by telling them a mosque was going to be built in their town?"
        },
        "zh-Hans": {
          "title": "还记得萨沙-巴伦-科恩跟一群种族主义者恶作剧说要在他们镇上建一座清真寺吗？"
        },
        "zh-Hant": {
          "title": "還記得薩沙-巴倫-科恩跟一羣種族主義者惡作劇說要在他們鎮上建一座清真寺嗎？"
        }
      },
      "tags": [
        "PublicFreakout"
      ],
      "authors": [
        {
          "name": "LigmaLover56",
          "url": "https://old.reddit.com/user/LigmaLover56"
        }
      ],
      "_links": [
        {
          "url": "https://old.reddit.com/r/PublicFreakout/comments/m3je6n/remember_when_sacha_baron_cohen_pranked_a_bunch/",
          "name": "&uarr;147372 votes"
        }
      ],
      "image": "https://external-preview.redd.it/XkN-3hCXFy1ARZRkHUjcjfzyGKFDoVOKpDT83hljnVU.png?width=1080&crop=smart&format=pjpg&auto=webp&s=a4dbcf34dd7a3baeada2e9c98b12f4b28044348e",
      "_video": {
        "sources": [
          {
            "url": "https://v.redd.it/pgh6mkrs3mm61/DASH_720.mp4?source=fallback"
          }
        ],
        "width": 1280,
        "height": 720,
        "poster": "https://external-preview.redd.it/XkN-3hCXFy1ARZRkHUjcjfzyGKFDoVOKpDT83hljnVU.png?width=1080&crop=smart&format=pjpg&auto=webp&s=a4dbcf34dd7a3baeada2e9c98b12f4b28044348e"
      }
    },
    "2021_03_12_en_reddit_reddit__r--memes--comments--m3e7z1--please_have_mercy": {
      "id": "2021_03_12_en_reddit_reddit__r--memes--comments--m3e7z1--please_have_mercy",
      "url": "https://old.reddit.com/r/memes/comments/m3e7z1/please_have_mercy/",
      "date_published": "2021-03-12T14:26:56.000Z",
      "date_modified": "2021-03-12T14:26:56.000Z",
      "_original_published": "2021-03-12T09:38:01.000Z",
      "_original_language": "en",
      "_translations": {
        "en": {
          "title": "Please have mercy"
        },
        "zh-Hans": {
          "title": "饶了我吧"
        },
        "zh-Hant": {
          "title": "饒了我吧"
        }
      },
      "tags": [
        "memes"
      ],
      "authors": [
        {
          "name": "MrsBASE",
          "url": "https://old.reddit.com/user/MrsBASE"
        }
      ],
      "_links": [
        {
          "url": "https://old.reddit.com/r/memes/comments/m3e7z1/please_have_mercy/",
          "name": "&uarr;144802 votes"
        }
      ],
      "image": "https://preview.redd.it/tqs2encwhkm61.gif?width=320&crop=smart&format=png8&s=5725cb90ffba2d853cf6166b86a67a5ef2f7d79c",
      "_video": {
        "sources": [
          {
            "url": "https://preview.redd.it/tqs2encwhkm61.gif?format=mp4&s=8175d5023d221a88febcab6247746f8cbea93f92"
          }
        ],
        "width": 480,
        "height": 465,
        "poster": "https://preview.redd.it/tqs2encwhkm61.gif?width=320&crop=smart&format=png8&s=5725cb90ffba2d853cf6166b86a67a5ef2f7d79c"
      }
    },
    "2021_03_14_en_reddit_reddit__r--memes--comments--m4qzhr--hell_nah": {
      "id": "2021_03_14_en_reddit_reddit__r--memes--comments--m4qzhr--hell_nah",
      "url": "https://old.reddit.com/r/memes/comments/m4qzhr/hell_nah/",
      "date_published": "2021-03-14T14:25:08.000Z",
      "date_modified": "2021-03-14T14:25:08.000Z",
      "_original_published": "2021-03-14T08:00:52.000Z",
      "_original_language": "en",
      "_translations": {
        "en": {
          "title": "Hell nah"
        },
        "zh-Hans": {
          "title": "地狱nah"
        },
        "zh-Hant": {
          "title": "地獄nah"
        }
      },
      "tags": [
        "memes"
      ],
      "authors": [
        {
          "name": "YatzyErEnSport",
          "url": "https://old.reddit.com/user/YatzyErEnSport"
        }
      ],
      "_links": [
        {
          "url": "https://old.reddit.com/r/memes/comments/m4qzhr/hell_nah/",
          "name": "&uarr;143116 votes"
        }
      ],
      "image": "https://preview.redd.it/ecdmc1qdaym61.jpg?width=320&crop=smart&auto=webp&s=8a3000965ed60e6d14bf7ec5cc44a0311d4b20ca"
    },
    "2021_03_12_en_reddit_reddit__r--nextfuckinglevel--comments--m3rrf8--she_saved_a_whole_colony_of_bees_what_a_legend": {
      "id": "2021_03_12_en_reddit_reddit__r--nextfuckinglevel--comments--m3rrf8--she_saved_a_whole_colony_of_bees_what_a_legend",
      "url": "https://old.reddit.com/r/nextfuckinglevel/comments/m3rrf8/she_saved_a_whole_colony_of_bees_what_a_legend/",
      "date_published": "2021-03-13T02:43:06.000Z",
      "date_modified": "2021-03-13T02:43:06.000Z",
      "_original_published": "2021-03-12T21:34:49.000Z",
      "_original_language": "en",
      "_translations": {
        "en": {
          "title": "She saved a whole colony of bees. What a legend."
        },
        "zh-Hans": {
          "title": "她救了一整群蜜蜂。真是一个传奇。"
        },
        "zh-Hant": {
          "title": "她救了一整羣蜜蜂。真是一個傳奇。"
        }
      },
      "tags": [
        "nextfuckinglevel"
      ],
      "authors": [
        {
          "name": "idrisitogs",
          "url": "https://old.reddit.com/user/idrisitogs"
        }
      ],
      "_links": [
        {
          "url": "https://old.reddit.com/r/nextfuckinglevel/comments/m3rrf8/she_saved_a_whole_colony_of_bees_what_a_legend/",
          "name": "&uarr;141530 votes"
        }
      ],
      "image": "https://external-preview.redd.it/gVfNDmd-ybUATqdJF4M87PHrsw1KVge4m4vq7zTqzhk.png?width=320&crop=smart&format=pjpg&auto=webp&s=c409fd161ef7eb28990d77703ecdc2291e7408eb",
      "_video": {
        "sources": [
          {
            "url": "https://v.redd.it/qr0u25sq1om61/DASH_720.mp4?source=fallback"
          }
        ],
        "width": 405,
        "height": 720,
        "poster": "https://external-preview.redd.it/gVfNDmd-ybUATqdJF4M87PHrsw1KVge4m4vq7zTqzhk.png?width=320&crop=smart&format=pjpg&auto=webp&s=c409fd161ef7eb28990d77703ecdc2291e7408eb"
      }
    },
    "2021_03_15_en_reddit_reddit__r--interestingasfuck--comments--m5h3fg--she_was_11_when_wwi_started_36_when_wwii_started": {
      "id": "2021_03_15_en_reddit_reddit__r--interestingasfuck--comments--m5h3fg--she_was_11_when_wwi_started_36_when_wwii_started",
      "url": "https://old.reddit.com/r/interestingasfuck/comments/m5h3fg/she_was_11_when_wwi_started_36_when_wwii_started/",
      "date_published": "2021-03-15T15:28:15.000Z",
      "date_modified": "2021-03-15T15:28:15.000Z",
      "_original_published": "2021-03-15T09:43:13.000Z",
      "_original_language": "en",
      "_translations": {
        "en": {
          "title": "She was 11 when WWI started, 36 when WWII started, 74 when Star Wars released and 116 when Covid-19 started. And her name is Kane Tanaka as the world’s oldest living person at age 118 years. She was born on January 2, 1903."
        },
        "zh-Hans": {
          "title": "一战开始时她11岁，二战开始时她36岁，星战发布时她74岁，科维德-19开始时她116岁。而她的名字叫田中凯恩，作为世界上最年长的活人，享年118岁。她出生于1903年1月2日。"
        },
        "zh-Hant": {
          "title": "一戰開始時她11歲，二戰開始時她36歲，星戰發佈時她74歲，科維德-19開始時她116歲。而她的名字叫田中凱恩，作爲世界上最年長的活人，享年118歲。她出生於1903年1月2日。"
        }
      },
      "tags": [
        "interestingasfuck"
      ],
      "authors": [
        {
          "name": "prolelol",
          "url": "https://old.reddit.com/user/prolelol"
        }
      ],
      "_links": [
        {
          "url": "https://old.reddit.com/r/interestingasfuck/comments/m5h3fg/she_was_11_when_wwi_started_36_when_wwii_started/",
          "name": "&uarr;138767 votes"
        }
      ],
      "image": "https://preview.redd.it/v2a444nlx5n61.jpg?width=1080&crop=smart&auto=webp&s=7637cd4ada312e1ea73cf5d4ab5d3a1892cdc98d"
    },
    "2021_03_16_en_reddit_reddit__r--memes--comments--m690sc--turtle_power": {
      "id": "2021_03_16_en_reddit_reddit__r--memes--comments--m690sc--turtle_power",
      "url": "https://old.reddit.com/r/memes/comments/m690sc/turtle_power/",
      "date_published": "2021-03-16T18:50:39.000Z",
      "date_modified": "2021-03-16T18:50:39.000Z",
      "_original_published": "2021-03-16T13:26:32.000Z",
      "_original_language": "en",
      "_translations": {
        "en": {
          "title": "Turtle power"
        },
        "zh-Hans": {
          "title": "龟力"
        },
        "zh-Hant": {
          "title": "龜力"
        }
      },
      "tags": [
        "memes"
      ],
      "authors": [
        {
          "name": "NaveenTheBean",
          "url": "https://old.reddit.com/user/NaveenTheBean"
        }
      ],
      "_links": [
        {
          "url": "https://old.reddit.com/r/memes/comments/m690sc/turtle_power/",
          "name": "&uarr;137851 votes"
        }
      ],
      "image": "https://preview.redd.it/f37ojbwc6en61.jpg?width=640&crop=smart&auto=webp&s=7028f424353bc65dfbefd06930f74e8b74ff45af"
    },
    "2021_03_16_en_reddit_reddit__r--funny--comments--m6jjr4--i_work_at_a_call_center_whenever_i_get_a": {
      "id": "2021_03_16_en_reddit_reddit__r--funny--comments--m6jjr4--i_work_at_a_call_center_whenever_i_get_a",
      "url": "https://old.reddit.com/r/funny/comments/m6jjr4/i_work_at_a_call_center_whenever_i_get_a/",
      "date_published": "2021-03-17T02:44:51.000Z",
      "date_modified": "2021-03-17T02:44:51.000Z",
      "_original_published": "2021-03-16T21:11:41.000Z",
      "_original_language": "en",
      "_translations": {
        "en": {
          "title": "I work at a call center. Whenever I get a particularly rude caller, I like to draw what they might look like. Here’s Angie from today after I asked for her account number."
        },
        "zh-Hans": {
          "title": "我在呼叫中心工作。每当我接到一个特别粗鲁的电话，我喜欢画出他们的样子。这是今天的安琪，我问了她的账号之后。"
        },
        "zh-Hant": {
          "title": "我在呼叫中心工作。每當我接到一個特別粗魯的電話，我喜歡畫出他們的樣子。這是今天的安琪，我問了她的賬號之後。"
        }
      },
      "tags": [
        "funny"
      ],
      "authors": [
        {
          "name": "SerAntwon",
          "url": "https://old.reddit.com/user/SerAntwon"
        }
      ],
      "_links": [
        {
          "url": "https://old.reddit.com/r/funny/comments/m6jjr4/i_work_at_a_call_center_whenever_i_get_a/",
          "name": "&uarr;137491 votes"
        }
      ],
      "image": "https://preview.redd.it/s54o9lgchgn61.jpg?width=1080&crop=smart&auto=webp&s=8c33d18093edb52051789ef903196eceecd39f27"
    },
    "2021_03_18_en_reddit_reddit__r--memes--comments--m7wgm9--why_do_we_do_this": {
      "id": "2021_03_18_en_reddit_reddit__r--memes--comments--m7wgm9--why_do_we_do_this",
      "url": "https://old.reddit.com/r/memes/comments/m7wgm9/why_do_we_do_this/",
      "date_published": "2021-03-18T22:21:42.000Z",
      "date_modified": "2021-03-18T22:21:42.000Z",
      "_original_published": "2021-03-18T17:47:18.000Z",
      "_original_language": "en",
      "_translations": {
        "en": {
          "title": "why do we do this"
        },
        "zh-Hans": {
          "title": "为什么要这样做"
        },
        "zh-Hant": {
          "title": "爲什麼要這樣做"
        }
      },
      "tags": [
        "memes"
      ],
      "authors": [
        {
          "name": "PrettyCoolTim",
          "url": "https://old.reddit.com/user/PrettyCoolTim"
        }
      ],
      "_links": [
        {
          "url": "https://old.reddit.com/r/memes/comments/m7wgm9/why_do_we_do_this/",
          "name": "&uarr;140827 votes"
        }
      ],
      "image": "https://preview.redd.it/d7twm80mqtn61.jpg?width=640&crop=smart&auto=webp&s=6a9f55aa312956dad5ebc6c53686daf503490428"
    },
    "2021_03_14_en_reddit_reddit__r--pics--comments--m4yzcu--sign_in_front_of_seaside_oregon_brewery": {
      "id": "2021_03_14_en_reddit_reddit__r--pics--comments--m4yzcu--sign_in_front_of_seaside_oregon_brewery",
      "url": "https://old.reddit.com/r/pics/comments/m4yzcu/sign_in_front_of_seaside_oregon_brewery/",
      "date_published": "2021-03-14T23:30:36.000Z",
      "date_modified": "2021-03-14T23:30:36.000Z",
      "_original_published": "2021-03-14T17:01:26.000Z",
      "_original_language": "en",
      "_translations": {
        "en": {
          "title": "Sign in front of Seaside, Oregon brewery"
        },
        "zh-Hans": {
          "title": "俄勒冈州Seaside啤酒厂前的标志"
        },
        "zh-Hant": {
          "title": "俄勒岡州Seaside啤酒廠前的標誌"
        }
      },
      "tags": [
        "pics"
      ],
      "authors": [
        {
          "name": "DaFunkJunkie",
          "url": "https://old.reddit.com/user/DaFunkJunkie"
        }
      ],
      "_links": [
        {
          "url": "https://old.reddit.com/r/pics/comments/m4yzcu/sign_in_front_of_seaside_oregon_brewery/",
          "name": "&uarr;130233 votes"
        }
      ],
      "image": "https://preview.redd.it/9hg2jcjvy0n61.jpg?width=640&crop=smart&auto=webp&s=5119b774548b1138cf4d012aaae3184b9dc2818a"
    },
    "2021_03_17_en_reddit_reddit__r--todayilearned--comments--m74jtd--til_microsoft_tried_a_4day_workweek_in_japan_as": {
      "id": "2021_03_17_en_reddit_reddit__r--todayilearned--comments--m74jtd--til_microsoft_tried_a_4day_workweek_in_japan_as",
      "url": "https://old.reddit.com/r/todayilearned/comments/m74jtd/til_microsoft_tried_a_4day_workweek_in_japan_as/",
      "date_published": "2021-03-17T22:37:44.000Z",
      "date_modified": "2021-03-17T22:37:44.000Z",
      "_original_published": "2021-03-17T16:39:52.000Z",
      "_original_language": "en",
      "_translations": {
        "en": {
          "title": "TIL: Microsoft tried a 4-day workweek in Japan as part of a \"Work Life Choice Challenge\" by shutting down offices every Friday. Productivity, measured by sales per employee, increased by almost 40% compared to the same period the previous year."
        },
        "zh-Hans": {
          "title": "TIL：作为 \"工作生活选择挑战 \"的一部分，微软在日本尝试了4天工作周，每周五关闭办公室。以每名员工的销售额来衡量的生产力比前一年同期增长了近40%。"
        },
        "zh-Hant": {
          "title": "TIL：作爲 \"工作生活選擇挑戰 \"的一部分，微軟在日本嘗試了4天工作周，每週五關閉辦公室。以每名員工的銷售額來衡量的生產力比前一年同期增長了近40%。"
        }
      },
      "tags": [
        "todayilearned"
      ],
      "authors": [
        {
          "name": "SeizeOpportunity",
          "url": "https://old.reddit.com/user/SeizeOpportunity"
        }
      ],
      "_links": [
        {
          "url": "https://old.reddit.com/r/todayilearned/comments/m74jtd/til_microsoft_tried_a_4day_workweek_in_japan_as/",
          "name": "&uarr;130209 votes"
        }
      ],
      "image": "https://external-preview.redd.it/6Ex_laEX5SscY4YOAUtlnQjrcxM6dIXfmSNfitvgmS0.jpg?width=1080&crop=smart&auto=webp&s=10b5fd346d5f3ea2608055c93ebe0201a889f6cd"
    },
    "2021_03_14_en_reddit_reddit__r--memes--comments--m4v17l--a_calculated_business_risk": {
      "id": "2021_03_14_en_reddit_reddit__r--memes--comments--m4v17l--a_calculated_business_risk",
      "url": "https://old.reddit.com/r/memes/comments/m4v17l/a_calculated_business_risk/",
      "date_published": "2021-03-14T18:50:23.000Z",
      "date_modified": "2021-03-14T18:50:23.000Z",
      "_original_published": "2021-03-14T13:26:45.000Z",
      "_original_language": "en",
      "_translations": {
        "en": {
          "title": "A calculated business risk."
        },
        "zh-Hans": {
          "title": "一个经过计算的商业风险。"
        },
        "zh-Hant": {
          "title": "一個經過計算的商業風險。"
        }
      },
      "tags": [
        "memes"
      ],
      "authors": [
        {
          "name": "Greedy-Assist3616",
          "url": "https://old.reddit.com/user/Greedy-Assist3616"
        }
      ],
      "_links": [
        {
          "url": "https://old.reddit.com/r/memes/comments/m4v17l/a_calculated_business_risk/",
          "name": "&uarr;129992 votes"
        }
      ],
      "image": "https://preview.redd.it/xiw9q2siwzm61.jpg?width=320&crop=smart&auto=webp&s=5bedd14e4ba4c7347343e5f02f218294a00a8640"
    },
    "2021_03_16_en_reddit_reddit__r--aww--comments--m6ivdy--sometimes_noodle_prefers_to_have_his_existential": {
      "id": "2021_03_16_en_reddit_reddit__r--aww--comments--m6ivdy--sometimes_noodle_prefers_to_have_his_existential",
      "url": "https://old.reddit.com/r/aww/comments/m6ivdy/sometimes_noodle_prefers_to_have_his_existential/",
      "date_published": "2021-03-17T02:44:51.000Z",
      "date_modified": "2021-03-17T02:44:51.000Z",
      "_original_published": "2021-03-16T20:41:44.000Z",
      "_original_language": "en",
      "_translations": {
        "en": {
          "title": "sometimes Noodle prefers to have his existential crisis in the fridge"
        },
        "zh-Hans": {
          "title": "有时候，面条更喜欢把他的生存危机放在冰箱里。"
        },
        "zh-Hant": {
          "title": "有時候，麪條更喜歡把他的生存危機放在冰箱裏。"
        }
      },
      "tags": [
        "aww"
      ],
      "authors": [
        {
          "name": "friendlynoodless",
          "url": "https://old.reddit.com/user/friendlynoodless"
        }
      ],
      "_links": [
        {
          "url": "https://old.reddit.com/r/aww/comments/m6ivdy/sometimes_noodle_prefers_to_have_his_existential/",
          "name": "&uarr;128872 votes"
        }
      ],
      "image": "https://preview.redd.it/9fkg2l20cgn61.jpg?width=1080&crop=smart&auto=webp&s=eaa739d0c5dc3c1a6e91c16e2c2f733f682353b5"
    },
    "2021_03_13_en_reddit_reddit__r--pics--comments--m46srq--trying_to_rock_my_2000s_gear_at_age_39": {
      "id": "2021_03_13_en_reddit_reddit__r--pics--comments--m46srq--trying_to_rock_my_2000s_gear_at_age_39",
      "url": "https://old.reddit.com/r/pics/comments/m46srq/trying_to_rock_my_2000s_gear_at_age_39/",
      "date_published": "2021-03-13T20:28:38.000Z",
      "date_modified": "2021-03-13T20:28:38.000Z",
      "_original_published": "2021-03-13T13:58:58.000Z",
      "_original_language": "en",
      "_translations": {
        "en": {
          "title": "Trying to rock my 2000’s gear at age 39! 🤟"
        },
        "zh-Hans": {
          "title": "在39岁的时候，尝试着摇滚我的2000年代的装备! 🤟"
        },
        "zh-Hant": {
          "title": "在39歲的時候，嘗試着搖滾我的2000年代的裝備! 🤟"
        }
      },
      "tags": [
        "pics"
      ],
      "authors": [
        {
          "name": "MarkIrishdude",
          "url": "https://old.reddit.com/user/MarkIrishdude"
        }
      ],
      "_links": [
        {
          "url": "https://old.reddit.com/r/pics/comments/m46srq/trying_to_rock_my_2000s_gear_at_age_39/",
          "name": "&uarr;126570 votes"
        }
      ],
      "image": "https://preview.redd.it/htiyxwsexsm61.jpg?width=320&crop=smart&auto=webp&s=fdd94f29bcec1aad86f7059633f2b027f1a93ee6"
    },
    "2021_03_12_en_reddit_reddit__r--memes--comments--m39xtf--every_wednesday_night": {
      "id": "2021_03_12_en_reddit_reddit__r--memes--comments--m39xtf--every_wednesday_night",
      "url": "https://old.reddit.com/r/memes/comments/m39xtf/every_wednesday_night/",
      "date_published": "2021-03-12T11:23:15.000Z",
      "date_modified": "2021-03-12T11:23:15.000Z",
      "_original_published": "2021-03-12T04:43:21.000Z",
      "_original_language": "en",
      "_translations": {
        "en": {
          "title": "Every wednesday night"
        },
        "zh-Hans": {
          "title": "每周三晚上"
        },
        "zh-Hant": {
          "title": "每週三晚上"
        }
      },
      "tags": [
        "memes"
      ],
      "authors": [
        {
          "name": "pigzRgr8",
          "url": "https://old.reddit.com/user/pigzRgr8"
        }
      ],
      "_links": [
        {
          "url": "https://old.reddit.com/r/memes/comments/m39xtf/every_wednesday_night/",
          "name": "&uarr;125466 votes"
        }
      ],
      "image": "https://preview.redd.it/1767amgc1jm61.jpg?width=640&crop=smart&auto=webp&s=c5caa8408d15ff1636ee41b8c21ed8bb0e98cb71"
    },
    "2021_03_17_en_reddit_reddit__r--pics--comments--m6wdjr--twenty_skies": {
      "id": "2021_03_17_en_reddit_reddit__r--pics--comments--m6wdjr--twenty_skies",
      "url": "https://old.reddit.com/r/pics/comments/m6wdjr/twenty_skies/",
      "date_published": "2021-03-17T15:29:16.000Z",
      "date_modified": "2021-03-17T15:29:16.000Z",
      "_original_published": "2021-03-17T09:18:21.000Z",
      "_original_language": "en",
      "_translations": {
        "en": {
          "title": "Twenty skies"
        },
        "zh-Hans": {
          "title": "二十天"
        },
        "zh-Hant": {
          "title": "二十天"
        }
      },
      "tags": [
        "pics"
      ],
      "authors": [
        {
          "name": "Darabont09",
          "url": "https://old.reddit.com/user/Darabont09"
        }
      ],
      "_links": [
        {
          "url": "https://old.reddit.com/r/pics/comments/m6wdjr/twenty_skies/",
          "name": "&uarr;123671 votes"
        }
      ],
      "image": "https://preview.redd.it/d6yn5n1z2kn61.jpg?width=1080&crop=smart&auto=webp&s=1b8a4ad623912a4d211aa1f51749af10d6feaf27"
    },
    "2021_03_18_en_reddit_reddit__r--memes--comments--m7pvzm--it_was_like_that_back_then": {
      "id": "2021_03_18_en_reddit_reddit__r--memes--comments--m7pvzm--it_was_like_that_back_then",
      "url": "https://old.reddit.com/r/memes/comments/m7pvzm/it_was_like_that_back_then/",
      "date_published": "2021-03-18T18:30:29.000Z",
      "date_modified": "2021-03-18T18:30:29.000Z",
      "_original_published": "2021-03-18T12:38:03.000Z",
      "_original_language": "en",
      "_translations": {
        "en": {
          "title": "It was like that back then"
        },
        "zh-Hans": {
          "title": "当年也是这样"
        },
        "zh-Hant": {
          "title": "當年也是這樣"
        }
      },
      "tags": [
        "memes"
      ],
      "authors": [
        {
          "name": "lonelyreptile",
          "url": "https://old.reddit.com/user/lonelyreptile"
        }
      ],
      "_links": [
        {
          "url": "https://old.reddit.com/r/memes/comments/m7pvzm/it_was_like_that_back_then/",
          "name": "&uarr;122375 votes"
        }
      ],
      "image": "https://preview.redd.it/xx9go0th7sn61.gif?width=640&crop=smart&format=png8&s=a647a4bc5e0ec5f5abbc2d509eab2369bc50c729",
      "_video": {
        "sources": [
          {
            "url": "https://preview.redd.it/xx9go0th7sn61.gif?format=mp4&s=283d9a8f68e51a5d0aa8839d3dfad632718cb72b"
          }
        ],
        "width": 660,
        "height": 550,
        "poster": "https://preview.redd.it/xx9go0th7sn61.gif?width=640&crop=smart&format=png8&s=a647a4bc5e0ec5f5abbc2d509eab2369bc50c729"
      }
    },
    "2021_03_13_en_reddit_reddit__r--Damnthatsinteresting--comments--m48ttv--how_the_ancient_greeks_knew_the_earth_was_round": {
      "id": "2021_03_13_en_reddit_reddit__r--Damnthatsinteresting--comments--m48ttv--how_the_ancient_greeks_knew_the_earth_was_round",
      "url": "https://old.reddit.com/r/Damnthatsinteresting/comments/m48ttv/how_the_ancient_greeks_knew_the_earth_was_round/",
      "date_published": "2021-03-13T23:25:30.000Z",
      "date_modified": "2021-03-13T23:25:30.000Z",
      "_original_published": "2021-03-13T15:46:54.000Z",
      "_original_language": "en",
      "_translations": {
        "en": {
          "title": "How the ancient Greeks knew the Earth was round. All you need is sticks, eyes, feet and brains."
        },
        "zh-Hans": {
          "title": "古希腊人如何知道地球是圆的？你需要的只是棍子、眼睛、脚和大脑。"
        },
        "zh-Hant": {
          "title": "古希臘人如何知道地球是圓的？你需要的只是棍子、眼睛、腳和大腦。"
        }
      },
      "tags": [
        "Damnthatsinteresting"
      ],
      "authors": [
        {
          "name": "Dum_Fuchs",
          "url": "https://old.reddit.com/user/Dum_Fuchs"
        }
      ],
      "_links": [
        {
          "url": "https://old.reddit.com/r/Damnthatsinteresting/comments/m48ttv/how_the_ancient_greeks_knew_the_earth_was_round/",
          "name": "&uarr;118468 votes"
        }
      ],
      "image": "https://external-preview.redd.it/8Ta3FZqmLS-WBjFgkZh2bT14XHLfviGR6qaWAS2JFrE.png?width=640&crop=smart&format=pjpg&auto=webp&s=9b3870bf5bf9667c43aa64154c6a7348f349f60f",
      "_video": {
        "sources": [
          {
            "url": "https://v.redd.it/dy7gng3egtm61/DASH_480.mp4?source=fallback"
          }
        ],
        "width": 649,
        "height": 480,
        "poster": "https://external-preview.redd.it/8Ta3FZqmLS-WBjFgkZh2bT14XHLfviGR6qaWAS2JFrE.png?width=640&crop=smart&format=pjpg&auto=webp&s=9b3870bf5bf9667c43aa64154c6a7348f349f60f"
      }
    },
    "2021_03_14_en_reddit_reddit__r--memes--comments--m4vdd4--peter_pan_syndrome_or_something": {
      "id": "2021_03_14_en_reddit_reddit__r--memes--comments--m4vdd4--peter_pan_syndrome_or_something",
      "url": "https://old.reddit.com/r/memes/comments/m4vdd4/peter_pan_syndrome_or_something/",
      "date_published": "2021-03-14T19:46:42.000Z",
      "date_modified": "2021-03-14T19:46:42.000Z",
      "_original_published": "2021-03-14T13:51:30.000Z",
      "_original_language": "en",
      "_translations": {
        "en": {
          "title": "Peter Pan Syndrome or something"
        },
        "zh-Hans": {
          "title": "小飞侠综合症什么的"
        },
        "zh-Hant": {
          "title": "小飛俠綜合症什麼的"
        }
      },
      "tags": [
        "memes"
      ],
      "authors": [
        {
          "name": "IGotGolfTips",
          "url": "https://old.reddit.com/user/IGotGolfTips"
        }
      ],
      "_links": [
        {
          "url": "https://old.reddit.com/r/memes/comments/m4vdd4/peter_pan_syndrome_or_something/",
          "name": "&uarr;118431 votes"
        }
      ],
      "image": "https://preview.redd.it/zlhfizyu00n61.jpg?width=640&crop=smart&auto=webp&s=97c0c31576235a423fe6ceb8d302a80ad165dfd3"
    }
  }
}
