{
  "id": "2022_05_21_en_reddit_reddit__r--gaming--comments--uukgjd--he_is_trying_his_best",
  "url": "https://old.reddit.com/r/gaming/comments/uukgjd/he_is_trying_his_best/",
  "date_published": "2022-05-22T03:36:38.000Z",
  "date_modified": "2022-05-22T03:36:38.000Z",
  "_original_published": "2022-05-21T10:35:46.000Z",
  "_original_language": "en",
  "_translations": {
    "en": {
      "title": "He is trying his best"
    },
    "ja": {
      "title": "彼はがんばっている"
    },
    "zh-Hans": {
      "title": "他正在尽力而为"
    },
    "zh-Hant": {
      "title": "他正在盡力而爲"
    }
  },
  "tags": [
    "gaming"
  ],
  "authors": [
    {
      "name": "CHAMAROP",
      "url": "https://old.reddit.com/user/CHAMAROP"
    }
  ],
  "_links": [
    {
      "url": "https://old.reddit.com/r/gaming/comments/uukgjd/he_is_trying_his_best/",
      "name": "&uarr;75049 votes"
    }
  ],
  "image": "https://preview.redd.it/uyue28hr4t091.gif?width=320&amp;crop=smart&amp;format=png8&amp;s=9718f2d765dc5de9e9a88fea08e3f3c3906e54c8",
  "_video": {
    "sources": [
      {
        "url": "https://preview.redd.it/uyue28hr4t091.gif?format=mp4&amp;s=e7c21e67668d49fb184e290f23f8128b67036787"
      }
    ],
    "width": 546,
    "height": 536,
    "poster": "https://preview.redd.it/uyue28hr4t091.gif?width=320&amp;crop=smart&amp;format=png8&amp;s=9718f2d765dc5de9e9a88fea08e3f3c3906e54c8"
  }
}
