{
  "id": "2022_05_21_en_reddit_reddit__r--interestingasfuck--comments--uuy7t0--concepts_for_polymer_us_dollars",
  "url": "https://old.reddit.com/r/interestingasfuck/comments/uuy7t0/concepts_for_polymer_us_dollars/",
  "date_published": "2022-05-22T11:15:14.000Z",
  "date_modified": "2022-05-22T11:15:14.000Z",
  "_original_published": "2022-05-21T23:03:44.000Z",
  "_original_language": "en",
  "_translations": {
    "en": {
      "title": "Concepts for polymer US dollars."
    },
    "ja": {
      "title": "ポリマーUSドル用コンセプト。"
    },
    "zh-Hans": {
      "title": "聚合物美元的概念。"
    },
    "zh-Hant": {
      "title": "聚合物美元的概念。"
    }
  },
  "tags": [
    "interestingasfuck"
  ],
  "authors": [
    {
      "name": "mccsc23",
      "url": "https://old.reddit.com/user/mccsc23"
    }
  ],
  "_links": [
    {
      "url": "https://old.reddit.com/r/interestingasfuck/comments/uuy7t0/concepts_for_polymer_us_dollars/",
      "name": "&uarr;75593 votes"
    }
  ],
  "image": "https://preview.redd.it/kqvl6tx6uw091.jpg?width=1080&amp;crop=smart&amp;auto=webp&amp;s=903fc1c9a8860e96e4270f7632dd1ce6df7afaeb"
}
