{
  "meta": {
    "name": "facepalm"
  },
  "items": {
    "2022_08_18_en_reddit_reddit__r--facepalm--comments--wrf5zn--still_doing_better_than_you": {
      "id": "2022_08_18_en_reddit_reddit__r--facepalm--comments--wrf5zn--still_doing_better_than_you",
      "url": "https://old.reddit.com/r/facepalm/comments/wrf5zn/still_doing_better_than_you/",
      "date_published": "2022-08-18T21:53:49.000Z",
      "date_modified": "2022-08-18T21:53:49.000Z",
      "_original_published": "2022-08-18T09:40:40.000Z",
      "_original_language": "en",
      "_translations": {
        "en": {
          "title": "Still doing better than you"
        },
        "ja": {
          "title": "まだ、あなたよりうまくいっている"
        },
        "zh-Hans": {
          "title": "仍然比你做得更好"
        },
        "zh-Hant": {
          "title": "仍然比你做得更好"
        }
      },
      "tags": [
        "facepalm"
      ],
      "authors": [
        {
          "name": "Sxencode",
          "url": "https://old.reddit.com/user/Sxencode"
        }
      ],
      "_links": [
        {
          "url": "https://old.reddit.com/r/facepalm/comments/wrf5zn/still_doing_better_than_you/",
          "name": "&uarr;75350 votes"
        }
      ],
      "image": "https://preview.redd.it/6ew3l3ivzfi91.jpg?width=320&amp;crop=smart&amp;auto=webp&amp;s=ef4cc5a9e70f52303323e0f673337099c4617939"
    },
    "2022_03_16_en_reddit_reddit__r--facepalm--comments--tfeb7p--how_is_this_possible": {
      "id": "2022_03_16_en_reddit_reddit__r--facepalm--comments--tfeb7p--how_is_this_possible",
      "url": "https://old.reddit.com/r/facepalm/comments/tfeb7p/how_is_this_possible/",
      "date_published": "2022-03-16T19:42:44.000Z",
      "date_modified": "2022-03-16T19:42:44.000Z",
      "_original_published": "2022-03-16T10:14:05.000Z",
      "_original_language": "en",
      "_translations": {
        "en": {
          "title": "☠️☠️☠️ how is this possible"
        },
        "ja": {
          "title": "☠️☠️どうしてこうなった"
        },
        "zh-Hans": {
          "title": "☠ৠৠৠৠৠৠ"
        },
        "zh-Hant": {
          "title": "☠ৠৠৠৠৠৠ"
        }
      },
      "tags": [
        "facepalm"
      ],
      "authors": [
        {
          "name": "Vendruscolo",
          "url": "https://old.reddit.com/user/Vendruscolo"
        }
      ],
      "_links": [
        {
          "url": "https://old.reddit.com/r/facepalm/comments/tfeb7p/how_is_this_possible/",
          "name": "&uarr;75831 votes"
        }
      ],
      "image": "https://preview.redd.it/wowpvskq0qn81.jpg?width=1080&amp;crop=smart&amp;auto=webp&amp;s=241cfa01d921edd00f07f514ab5198fd19f6c6ec"
    },
    "2021_12_03_en_reddit_reddit__r--facepalm--comments--r7wsmr--man_arrested_fordoing_exactly_what_he_was_told": {
      "id": "2021_12_03_en_reddit_reddit__r--facepalm--comments--r7wsmr--man_arrested_fordoing_exactly_what_he_was_told",
      "url": "https://old.reddit.com/r/facepalm/comments/r7wsmr/man_arrested_fordoing_exactly_what_he_was_told/",
      "date_published": "2021-12-03T20:17:42.000Z",
      "date_modified": "2021-12-03T20:17:42.000Z",
      "_original_published": "2021-12-03T11:07:56.000Z",
      "_original_language": "en",
      "_translations": {
        "en": {
          "title": "Man arrested for....doing exactly what he was told"
        },
        "ja": {
          "title": "逮捕された男性....、言われたことをそのまま実行した。"
        },
        "zh-Hans": {
          "title": "男子因....，完全按要求行事而被捕"
        },
        "zh-Hant": {
          "title": "男子因....，完全按要求行事而被捕"
        }
      },
      "tags": [
        "facepalm"
      ],
      "authors": [
        {
          "name": "_Xyreo_",
          "url": "https://old.reddit.com/user/_Xyreo_"
        }
      ],
      "_links": [
        {
          "url": "https://old.reddit.com/r/facepalm/comments/r7wsmr/man_arrested_fordoing_exactly_what_he_was_told/",
          "name": "&uarr;75194 votes"
        }
      ],
      "image": "https://external-preview.redd.it/CY1YwPvIMFi4zLPGu3lxSPmft7smce2O5fju-P8uBTc.png?width=320&amp;crop=smart&amp;format=pjpg&amp;auto=webp&amp;s=f9faf6cd17b14bd6f41a22f845129c5b0efe28ff",
      "_video": {
        "sources": [
          {
            "url": "https://v.redd.it/1uap88ae8b381/DASH_240.mp4?source=fallback"
          }
        ],
        "width": 426,
        "height": 238,
        "poster": "https://external-preview.redd.it/CY1YwPvIMFi4zLPGu3lxSPmft7smce2O5fju-P8uBTc.png?width=320&amp;crop=smart&amp;format=pjpg&amp;auto=webp&amp;s=f9faf6cd17b14bd6f41a22f845129c5b0efe28ff"
      }
    },
    "2021_09_26_en_reddit_reddit__r--facepalm--comments--pvizoa--home_inspection_of_brand_new_500k_house": {
      "id": "2021_09_26_en_reddit_reddit__r--facepalm--comments--pvizoa--home_inspection_of_brand_new_500k_house",
      "url": "https://old.reddit.com/r/facepalm/comments/pvizoa/home_inspection_of_brand_new_500k_house/",
      "date_published": "2021-09-26T10:24:53.000Z",
      "date_modified": "2021-09-26T10:24:53.000Z",
      "_original_published": "2021-09-26T00:28:48.000Z",
      "_original_language": "en",
      "_translations": {
        "en": {
          "title": "Home Inspection of brand new $500k+ house"
        },
        "ja": {
          "title": "$500k+の新築住宅のホームインスペクション"
        },
        "zh-Hans": {
          "title": "对50万美元以上的全新房屋进行房屋检查"
        },
        "zh-Hant": {
          "title": "對50萬美元以上的全新房屋進行房屋檢查"
        }
      },
      "tags": [
        "facepalm"
      ],
      "authors": [
        {
          "name": "Different_Cup1610",
          "url": "https://old.reddit.com/user/Different_Cup1610"
        }
      ],
      "_links": [
        {
          "url": "https://old.reddit.com/r/facepalm/comments/pvizoa/home_inspection_of_brand_new_500k_house/",
          "name": "&uarr;76937 votes"
        }
      ],
      "image": "https://external-preview.redd.it/BdFurcfhzZ2pycGoqnUUjdQ6yJY3eFXLPbPOGdzb-GA.png?width=320&crop=smart&format=pjpg&auto=webp&s=26915ee15909d07707df126c26656ba0f851b021",
      "_video": {
        "sources": [
          {
            "url": "https://v.redd.it/wukrciwdsqp71/DASH_720.mp4?source=fallback"
          }
        ],
        "width": 406,
        "height": 720,
        "poster": "https://external-preview.redd.it/BdFurcfhzZ2pycGoqnUUjdQ6yJY3eFXLPbPOGdzb-GA.png?width=320&crop=smart&format=pjpg&auto=webp&s=26915ee15909d07707df126c26656ba0f851b021"
      }
    },
    "2021_07_11_en_reddit_reddit__r--facepalm--comments--oi8oeu--poison_all_right": {
      "id": "2021_07_11_en_reddit_reddit__r--facepalm--comments--oi8oeu--poison_all_right",
      "url": "https://old.reddit.com/r/facepalm/comments/oi8oeu/poison_all_right/",
      "date_published": "2021-07-12T13:55:32.000Z",
      "date_modified": "2021-07-12T13:55:32.000Z",
      "_original_published": "2021-07-11T17:27:02.000Z",
      "_original_language": "en",
      "_translations": {
        "en": {
          "title": "Poison all right"
        },
        "ja": {
          "title": "ポイズンオールライト"
        },
        "zh-Hans": {
          "title": "毒药所有权利"
        },
        "zh-Hant": {
          "title": "毒藥所有權利"
        }
      },
      "tags": [
        "facepalm"
      ],
      "authors": [
        {
          "name": "Obama_is_watching",
          "url": "https://old.reddit.com/user/Obama_is_watching"
        }
      ],
      "_links": [
        {
          "url": "https://old.reddit.com/r/facepalm/comments/oi8oeu/poison_all_right/",
          "name": "&uarr;75060 votes"
        }
      ],
      "image": "https://preview.redd.it/mnijig2xbma71.jpg?width=1080&crop=smart&auto=webp&s=5f6f76e8fe8de78893b9c0a1f8ddde69a6af5ed3"
    },
    "2021_06_19_en_reddit_reddit__r--facepalm--comments--o3psn8--okay_peter": {
      "id": "2021_06_19_en_reddit_reddit__r--facepalm--comments--o3psn8--okay_peter",
      "url": "https://old.reddit.com/r/facepalm/comments/o3psn8/okay_peter/",
      "date_published": "2021-06-20T06:29:29.000Z",
      "date_modified": "2021-06-20T06:29:29.000Z",
      "_original_published": "2021-06-19T21:03:17.000Z",
      "_original_language": "en",
      "_translations": {
        "en": {
          "title": "Okay Peter…"
        },
        "ja": {
          "title": "よし、ピーター...。"
        },
        "zh-Hans": {
          "title": "好的，彼得..."
        },
        "zh-Hant": {
          "title": "好的，彼得..."
        }
      },
      "tags": [
        "facepalm"
      ],
      "authors": [
        {
          "name": "Capital_Accountant58",
          "url": "https://old.reddit.com/user/Capital_Accountant58"
        }
      ],
      "_links": [
        {
          "url": "https://old.reddit.com/r/facepalm/comments/o3psn8/okay_peter/",
          "name": "&uarr;76895 votes"
        }
      ],
      "image": "https://preview.redd.it/g99tga0gea671.jpg?width=640&crop=smart&auto=webp&s=04c1a6eaa2db24418f717d38c9f839101d66924a"
    },
    "2021_05_02_en_reddit_reddit__r--facepalm--comments--n3gn0q--im_stuck_on_that_too": {
      "id": "2021_05_02_en_reddit_reddit__r--facepalm--comments--n3gn0q--im_stuck_on_that_too",
      "url": "https://old.reddit.com/r/facepalm/comments/n3gn0q/im_stuck_on_that_too/",
      "date_published": "2021-05-03T10:54:59.000Z",
      "date_modified": "2021-05-03T10:54:59.000Z",
      "_original_published": "2021-05-02T21:38:58.000Z",
      "_original_language": "en",
      "_translations": {
        "en": {
          "title": "I'm stuck on that too"
        },
        "ja": {
          "title": "私もそれで困っています"
        },
        "zh-Hans": {
          "title": "我也卡在这上面了"
        },
        "zh-Hant": {
          "title": "我也卡在這上面了"
        }
      },
      "tags": [
        "facepalm"
      ],
      "authors": [
        {
          "name": "LoneShark81",
          "url": "https://old.reddit.com/user/LoneShark81"
        }
      ],
      "_links": [
        {
          "url": "https://old.reddit.com/r/facepalm/comments/n3gn0q/im_stuck_on_that_too/",
          "name": "&uarr;84200 votes"
        }
      ],
      "image": "https://preview.redd.it/u4bv7ku01sw61.jpg?width=1080&crop=smart&auto=webp&s=199e36ed9c0ec1d52a18d3baf9354d8d7489a975"
    },
    "2021_03_07_en_reddit_reddit__r--facepalm--comments--lztj29--it_would_be_easy_they_said": {
      "id": "2021_03_07_en_reddit_reddit__r--facepalm--comments--lztj29--it_would_be_easy_they_said",
      "url": "https://old.reddit.com/r/facepalm/comments/lztj29/it_would_be_easy_they_said/",
      "date_published": "2021-03-08T04:58:34.000Z",
      "date_modified": "2021-03-08T04:58:34.000Z",
      "_original_published": "2021-03-07T16:03:58.000Z",
      "_original_language": "en",
      "_translations": {
        "en": {
          "title": "It would be easy they said"
        },
        "zh-Hans": {
          "title": "他们说，这很容易"
        },
        "zh-Hant": {
          "title": "他們說，這很容易"
        }
      },
      "tags": [
        "facepalm"
      ],
      "authors": [
        {
          "name": "memezzer",
          "url": "https://old.reddit.com/user/memezzer"
        }
      ],
      "_links": [
        {
          "url": "https://old.reddit.com/r/facepalm/comments/lztj29/it_would_be_easy_they_said/",
          "name": "&uarr;85869 votes"
        }
      ],
      "image": "https://preview.redd.it/o50s5vr8qml61.jpg?width=640&crop=smart&auto=webp&s=8b1ee5931df48b8fb1b37a4ef2d48c1aa0c01d01"
    },
    "2021_01_13_en_reddit_reddit__r--facepalm--comments--kwc0fv--wearing_shoes_not_necessary_for_our_survival": {
      "id": "2021_01_13_en_reddit_reddit__r--facepalm--comments--kwc0fv--wearing_shoes_not_necessary_for_our_survival",
      "url": "https://old.reddit.com/r/facepalm/comments/kwc0fv/wearing_shoes_not_necessary_for_our_survival/",
      "date_published": "2021-01-13T19:40:44.000Z",
      "date_modified": "2021-01-13T19:40:44.000Z",
      "_original_published": "2021-01-13T07:59:00.000Z",
      "_original_language": "en",
      "_translations": {
        "en": {
          "title": "Wearing shoes not necessary for our survival !"
        },
        "zh-Hans": {
          "title": "穿鞋不是我们生存的必要条件！"
        },
        "zh-Hant": {
          "title": "穿鞋不是我們生存的必要條件！"
        }
      },
      "tags": [
        "facepalm"
      ],
      "authors": [
        {
          "name": "Pleasant-Force",
          "url": "https://old.reddit.com/user/Pleasant-Force"
        }
      ],
      "_links": [
        {
          "url": "https://old.reddit.com/r/facepalm/comments/kwc0fv/wearing_shoes_not_necessary_for_our_survival/",
          "name": "&uarr;88373 votes"
        }
      ],
      "image": "https://preview.redd.it/qodn24ld32b61.png?width=320&crop=smart&auto=webp&s=143cc5387aee143d2b147847742da832259ddccd"
    },
    "2021_01_01_en_reddit_reddit__r--facepalm--comments--koaz4k--idiots_idiots_everywhere": {
      "id": "2021_01_01_en_reddit_reddit__r--facepalm--comments--koaz4k--idiots_idiots_everywhere",
      "url": "https://old.reddit.com/r/facepalm/comments/koaz4k/idiots_idiots_everywhere/",
      "date_published": "2021-01-01T19:25:00.000Z",
      "date_modified": "2021-01-01T19:25:00.000Z",
      "_original_published": "2021-01-01T13:03:36.000Z",
      "_original_language": "en",
      "_translations": {
        "en": {
          "title": "Idiots, idiots everywhere"
        },
        "zh-Hans": {
          "title": "白痴，到处都是白痴"
        },
        "zh-Hant": {
          "title": "白癡，到處都是白癡"
        }
      },
      "tags": [
        "facepalm"
      ],
      "authors": [
        {
          "name": "rgatoNacho",
          "url": "https://old.reddit.com/user/rgatoNacho"
        }
      ],
      "_links": [
        {
          "url": "https://old.reddit.com/r/facepalm/comments/koaz4k/idiots_idiots_everywhere/",
          "name": "&uarr;116978 votes"
        }
      ],
      "image": "https://preview.redd.it/ih4sgz2typ861.jpg?width=640&crop=smart&auto=webp&s=6e8ca9494bb8cffafbe2a223e38f73b0fcf634f3"
    },
    "2021_01_01_en_reddit_reddit__r--facepalm--comments--ko2tkq--a_reason_why_youtube_ads_are_a_problem": {
      "id": "2021_01_01_en_reddit_reddit__r--facepalm--comments--ko2tkq--a_reason_why_youtube_ads_are_a_problem",
      "url": "https://old.reddit.com/r/facepalm/comments/ko2tkq/a_reason_why_youtube_ads_are_a_problem/",
      "date_published": "2021-01-01T12:54:58.000Z",
      "date_modified": "2021-01-01T12:54:58.000Z",
      "_original_published": "2021-01-01T01:53:54.000Z",
      "_original_language": "en",
      "_translations": {
        "en": {
          "title": "A reason why YouTube ads are a problem"
        },
        "zh-Hans": {
          "title": "YouTube广告之所以成为问题的一个原因"
        },
        "zh-Hant": {
          "title": "YouTube廣告之所以成爲問題的一個原因"
        }
      },
      "tags": [
        "facepalm"
      ],
      "authors": [
        {
          "name": "GrantFunko",
          "url": "https://old.reddit.com/user/GrantFunko"
        }
      ],
      "_links": [
        {
          "url": "https://old.reddit.com/r/facepalm/comments/ko2tkq/a_reason_why_youtube_ads_are_a_problem/",
          "name": "&uarr;118773 votes"
        }
      ],
      "image": "https://preview.redd.it/mvemxjb7nm861.jpg?width=1080&crop=smart&auto=webp&s=39e1581c42d32eb1ddbb27011194dd1de470cbd4"
    },
    "2020_12_22_en_reddit_reddit__r--facepalm--comments--ki2eys--tips_on_how_to_use_corona_virus_stimulus_check": {
      "id": "2020_12_22_en_reddit_reddit__r--facepalm--comments--ki2eys--tips_on_how_to_use_corona_virus_stimulus_check",
      "url": "https://old.reddit.com/r/facepalm/comments/ki2eys/tips_on_how_to_use_corona_virus_stimulus_check/",
      "date_published": "2020-12-23T03:25:27.000Z",
      "date_modified": "2020-12-23T03:25:27.000Z",
      "_original_published": "2020-12-22T09:56:49.000Z",
      "_original_language": "en",
      "_translations": {
        "en": {
          "title": "Tips on how to use Corona virus stimulus check"
        },
        "zh-Hans": {
          "title": "关于如何使用电晕病毒刺激检查的提示"
        },
        "zh-Hant": {
          "title": "關於如何使用電暈病毒刺激檢查的提示"
        }
      },
      "tags": [
        "facepalm"
      ],
      "authors": [
        {
          "name": "Active-Ad-233",
          "url": "https://old.reddit.com/user/Active-Ad-233"
        }
      ],
      "_links": [
        {
          "url": "https://old.reddit.com/r/facepalm/comments/ki2eys/tips_on_how_to_use_corona_virus_stimulus_check/",
          "name": "&uarr;76970 votes"
        }
      ],
      "image": "https://preview.redd.it/capnjx83op661.png?width=320&crop=smart&auto=webp&s=7604b0aabed8dcf682c9ab9bd64684b057e83a62"
    }
  }
}
