{
  "items": {
    "2020_12_01_en_reddit_reddit__r--PublicFreakout--comments--k4of64--metal_jesus_covid_freakout": {
      "id": "2020_12_01_en_reddit_reddit__r--PublicFreakout--comments--k4of64--metal_jesus_covid_freakout",
      "url": "https://old.reddit.com/r/PublicFreakout/comments/k4of64/metal_jesus_covid_freakout/",
      "date_published": "2020-12-02T01:18:34.000Z",
      "date_modified": "2020-12-02T01:18:34.000Z",
      "_original_published": "2020-12-01T16:38:07.000Z",
      "_original_language": "en",
      "_translations": {
        "en": {
          "title": "Metal Jesus COVID FREAKOUT"
        },
        "zh-Hans": {
          "title": "金属耶稣COVID惊慌失措"
        },
        "zh-Hant": {
          "title": "金屬耶穌COVID驚慌失措"
        }
      },
      "tags": [
        "PublicFreakout"
      ],
      "authors": [
        {
          "name": "eyefearnobeer",
          "url": "https://old.reddit.com/user/eyefearnobeer"
        }
      ],
      "_links": [
        {
          "url": "https://old.reddit.com/r/PublicFreakout/comments/k4of64/metal_jesus_covid_freakout/",
          "name": "&uarr;143996 votes"
        }
      ],
      "image": "https://external-preview.redd.it/hA4W8RDNHa2GWEzHpEqYIQ9_mDkAjNz2-T0zaehlLsc.png?width=1080&crop=smart&format=pjpg&auto=webp&s=4e5b49b378916062ed5f5c919847f68c9453ac37",
      "_video": {
        "sources": [
          {
            "url": "https://v.redd.it/t0a0dkxqsl261/DASH_720.mp4?source=fallback"
          }
        ],
        "width": 1280,
        "height": 720,
        "poster": "https://external-preview.redd.it/hA4W8RDNHa2GWEzHpEqYIQ9_mDkAjNz2-T0zaehlLsc.png?width=1080&crop=smart&format=pjpg&auto=webp&s=4e5b49b378916062ed5f5c919847f68c9453ac37"
      }
    },
    "2020_12_01_en_reddit_reddit__r--worldnews--comments--k4qide--an_antigay_hungarian_politician_has_resigned": {
      "id": "2020_12_01_en_reddit_reddit__r--worldnews--comments--k4qide--an_antigay_hungarian_politician_has_resigned",
      "url": "https://old.reddit.com/r/worldnews/comments/k4qide/an_antigay_hungarian_politician_has_resigned/",
      "date_published": "2020-12-01T23:07:11.000Z",
      "date_modified": "2020-12-01T23:07:11.000Z",
      "_original_published": "2020-12-01T18:15:32.000Z",
      "_original_language": "en",
      "_translations": {
        "en": {
          "title": "An anti-gay Hungarian politician has resigned after being caught by police fleeing a 25-man orgy through a window"
        },
        "zh-Hans": {
          "title": "一名反同性恋的匈牙利政客在被警方抓获后辞职，此前他正从窗户逃离一场25人的狂欢活动。"
        },
        "zh-Hant": {
          "title": "壹名反同性戀的匈牙利政客在被警方抓獲後辭職，此前他正從窗戶逃離壹場25人的狂歡活動。"
        }
      },
      "tags": [
        "worldnews"
      ],
      "authors": [
        {
          "name": "stem12345679",
          "url": "https://old.reddit.com/user/stem12345679"
        }
      ],
      "_links": [
        {
          "url": "https://old.reddit.com/r/worldnews/comments/k4qide/an_antigay_hungarian_politician_has_resigned/",
          "name": "&uarr;198025 votes"
        }
      ],
      "image": "https://external-preview.redd.it/6WfYUppJ8T04KWa74EYAbRpvq0Lcci0r8snabJeT_R4.jpg?width=1080&crop=smart&auto=webp&s=f35bcb58ca0b611310fd7b2b0f238c45e0647e2c"
    },
    "2020_11_30_en_reddit_reddit__r--nextfuckinglevel--comments--k40yac--when_you_have_100_control_over_bike_and_no": {
      "id": "2020_11_30_en_reddit_reddit__r--nextfuckinglevel--comments--k40yac--when_you_have_100_control_over_bike_and_no",
      "url": "https://old.reddit.com/r/nextfuckinglevel/comments/k40yac/when_you_have_100_control_over_bike_and_no/",
      "date_published": "2020-11-30T23:46:21.000Z",
      "date_modified": "2020-11-30T23:46:21.000Z",
      "_original_published": "2020-11-30T17:51:01.000Z",
      "_original_language": "en",
      "_translations": {
        "en": {
          "title": "When you have 100% control over bike and no obstacle can stop you."
        },
        "zh-Hans": {
          "title": "当你100%控制了自行车，没有任何障碍可以阻止你的时候。"
        },
        "zh-Hant": {
          "title": "當妳100%控制了自行車，沒有任何障礙可以阻止妳的時候。"
        }
      },
      "tags": [
        "nextfuckinglevel"
      ],
      "authors": [
        {
          "name": "mohiemen",
          "url": "https://old.reddit.com/user/mohiemen"
        }
      ],
      "_links": [
        {
          "url": "https://old.reddit.com/r/nextfuckinglevel/comments/k40yac/when_you_have_100_control_over_bike_and_no/",
          "name": "&uarr;139644 votes"
        }
      ],
      "image": "https://external-preview.redd.it/0-jz1ftqX4It-FnDo-INlBbhqR9tjjeG8Ee6sxnYi54.png?width=640&crop=smart&format=pjpg&auto=webp&s=fee2f108051393b448c797217b61c65e617ff496",
      "_video": {
        "sources": [
          {
            "url": "https://v.redd.it/sxwvp9lp0f261/DASH_240.mp4?source=fallback"
          }
        ],
        "width": 426,
        "height": 236,
        "poster": "https://external-preview.redd.it/0-jz1ftqX4It-FnDo-INlBbhqR9tjjeG8Ee6sxnYi54.png?width=640&crop=smart&format=pjpg&auto=webp&s=fee2f108051393b448c797217b61c65e617ff496"
      }
    },
    "2020_11_30_en_reddit_reddit__r--news--comments--k3yin8--fcc_chairman_ajit_pai_will_step_down_on_january_20": {
      "id": "2020_11_30_en_reddit_reddit__r--news--comments--k3yin8--fcc_chairman_ajit_pai_will_step_down_on_january_20",
      "url": "https://old.reddit.com/r/news/comments/k3yin8/fcc_chairman_ajit_pai_will_step_down_on_january_20/",
      "date_published": "2020-11-30T20:57:49.000Z",
      "date_modified": "2020-11-30T20:57:49.000Z",
      "_original_published": "2020-11-30T15:58:32.000Z",
      "_original_language": "en",
      "_translations": {
        "en": {
          "title": "FCC Chairman Ajit Pai will step down on January 20"
        },
        "zh-Hans": {
          "title": "FCC主席阿吉特·派将于1月20日卸任"
        },
        "zh-Hant": {
          "title": "FCC主席阿吉特·派將於1月20日卸任"
        }
      },
      "tags": [
        "news"
      ],
      "authors": [
        {
          "name": "harushiga",
          "url": "https://old.reddit.com/user/harushiga"
        }
      ],
      "_links": [
        {
          "url": "https://old.reddit.com/r/news/comments/k3yin8/fcc_chairman_ajit_pai_will_step_down_on_january_20/",
          "name": "&uarr;141137 votes"
        }
      ],
      "image": "https://external-preview.redd.it/73IW8E5hW4nJX7j4QcPZGM8lpkMn-Xtfur8su9wGyfo.jpg?width=1080&crop=smart&auto=webp&s=ec8d699e84965fff3ee1b7f5d5e5a71240269894"
    },
    "2020_11_30_en_reddit_reddit__r--dankmemes--comments--k3tiqd--50_holy_damage": {
      "id": "2020_11_30_en_reddit_reddit__r--dankmemes--comments--k3tiqd--50_holy_damage",
      "url": "https://old.reddit.com/r/dankmemes/comments/k3tiqd/50_holy_damage/",
      "date_published": "2020-11-30T18:17:28.000Z",
      "date_modified": "2020-11-30T18:17:28.000Z",
      "_original_published": "2020-11-30T10:39:41.000Z",
      "_original_language": "en",
      "_translations": {
        "en": {
          "title": "+50 holy damage"
        },
        "zh-Hans": {
          "title": "+50点神圣伤害"
        },
        "zh-Hant": {
          "title": "+50點神聖傷害"
        }
      },
      "tags": [
        "dankmemes"
      ],
      "authors": [
        {
          "name": "Putinkov",
          "url": "https://old.reddit.com/user/Putinkov"
        }
      ],
      "_links": [
        {
          "url": "https://old.reddit.com/r/dankmemes/comments/k3tiqd/50_holy_damage/",
          "name": "&uarr;139496 votes"
        }
      ],
      "image": "https://preview.redd.it/v2knx67ovc261.png?width=1080&crop=smart&auto=webp&s=de549aa075a1f409a45a3546ac2fa862d22aa331"
    },
    "2020_11_29_en_reddit_reddit__r--memes--comments--k38zcv--dark_mode_friendly_meme": {
      "id": "2020_11_29_en_reddit_reddit__r--memes--comments--k38zcv--dark_mode_friendly_meme",
      "url": "https://old.reddit.com/r/memes/comments/k38zcv/dark_mode_friendly_meme/",
      "date_published": "2020-11-30T08:35:52.000Z",
      "date_modified": "2020-11-30T08:35:52.000Z",
      "_original_published": "2020-11-29T12:59:14.000Z",
      "_original_language": "en",
      "_translations": {
        "en": {
          "title": "DARK mode friendly meme"
        },
        "zh-Hans": {
          "title": "暗模式友好表情包"
        },
        "zh-Hant": {
          "title": "暗模式友好表情包"
        }
      },
      "tags": [
        "memes"
      ],
      "authors": [
        {
          "name": "imperial_dragon_7",
          "url": "https://old.reddit.com/user/imperial_dragon_7"
        }
      ],
      "_links": [
        {
          "url": "https://old.reddit.com/r/memes/comments/k38zcv/dark_mode_friendly_meme/",
          "name": "&uarr;151973 votes"
        }
      ],
      "image": "https://preview.redd.it/38xkosdxf6261.gif?width=320&crop=smart&format=png8&s=dfe1b6522ed80774038f028f9ab4b937d82ed2bf",
      "_video": {
        "sources": [
          {
            "url": "https://preview.redd.it/38xkosdxf6261.gif?format=mp4&s=99b76996834f343ef800e8d397252299df0d0dfb"
          }
        ],
        "width": 512,
        "height": 592,
        "poster": "https://preview.redd.it/38xkosdxf6261.gif?width=320&crop=smart&format=png8&s=dfe1b6522ed80774038f028f9ab4b937d82ed2bf"
      }
    },
    "2020_11_29_en_reddit_reddit__r--memes--comments--k36p4w--draco_my_father_will_hear_about_this": {
      "id": "2020_11_29_en_reddit_reddit__r--memes--comments--k36p4w--draco_my_father_will_hear_about_this",
      "url": "https://old.reddit.com/r/memes/comments/k36p4w/draco_my_father_will_hear_about_this/",
      "date_published": "2020-11-30T08:35:52.000Z",
      "date_modified": "2020-11-30T08:35:52.000Z",
      "_original_published": "2020-11-29T09:32:50.000Z",
      "_original_language": "en",
      "_translations": {
        "en": {
          "title": "Draco: My father will hear about this."
        },
        "zh-Hans": {
          "title": "德拉科：我父亲会知道这件事的。"
        },
        "zh-Hant": {
          "title": "德拉科：我父親會知道這件事的。"
        }
      },
      "tags": [
        "memes"
      ],
      "authors": [
        {
          "name": "JMTran98",
          "url": "https://old.reddit.com/user/JMTran98"
        }
      ],
      "_links": [
        {
          "url": "https://old.reddit.com/r/memes/comments/k36p4w/draco_my_father_will_hear_about_this/",
          "name": "&uarr;138845 votes"
        }
      ],
      "image": "https://preview.redd.it/ntcsfe8se5261.jpg?width=320&crop=smart&auto=webp&s=0aa771a4df8569d0bfc869345b02d2f3a4361c3f"
    },
    "2020_11_29_en_reddit_reddit__r--memes--comments--k3799b--monke_awaits": {
      "id": "2020_11_29_en_reddit_reddit__r--memes--comments--k3799b--monke_awaits",
      "url": "https://old.reddit.com/r/memes/comments/k3799b/monke_awaits/",
      "date_published": "2020-11-30T08:35:52.000Z",
      "date_modified": "2020-11-30T08:35:52.000Z",
      "_original_published": "2020-11-29T10:25:25.000Z",
      "_original_language": "en",
      "_translations": {
        "en": {
          "title": "Monke awaits"
        },
        "zh-Hans": {
          "title": "蒙克在等着"
        },
        "zh-Hant": {
          "title": "蒙克在等著"
        }
      },
      "tags": [
        "memes"
      ],
      "authors": [
        {
          "name": "-TheConductor-",
          "url": "https://old.reddit.com/user/-TheConductor-"
        }
      ],
      "_links": [
        {
          "url": "https://old.reddit.com/r/memes/comments/k3799b/monke_awaits/",
          "name": "&uarr;101762 votes"
        }
      ],
      "image": "https://preview.redd.it/x1ualb2io5261.jpg?width=320&crop=smart&auto=webp&s=1e049bef2d62d8a03a0732164e406252a3fc5ace"
    },
    "2020_11_29_en_reddit_reddit__r--gaming--comments--k39h6p--this_game_use_to_be_my_life": {
      "id": "2020_11_29_en_reddit_reddit__r--gaming--comments--k39h6p--this_game_use_to_be_my_life",
      "url": "https://old.reddit.com/r/gaming/comments/k39h6p/this_game_use_to_be_my_life/",
      "date_published": "2020-11-30T08:35:52.000Z",
      "date_modified": "2020-11-30T08:35:52.000Z",
      "_original_published": "2020-11-29T13:36:13.000Z",
      "_original_language": "en",
      "_translations": {
        "en": {
          "title": "This game use to be my life"
        },
        "zh-Hans": {
          "title": "这个游戏曾经是我的生命"
        },
        "zh-Hant": {
          "title": "這個遊戲曾經是我的生命"
        }
      },
      "tags": [
        "gaming"
      ],
      "authors": [
        {
          "name": "wollfviibe",
          "url": "https://old.reddit.com/user/wollfviibe"
        }
      ],
      "_links": [
        {
          "url": "https://old.reddit.com/r/gaming/comments/k39h6p/this_game_use_to_be_my_life/",
          "name": "&uarr;102093 votes"
        }
      ],
      "image": "https://preview.redd.it/lvyedvsjm6261.jpg?width=640&crop=smart&auto=webp&s=45ff0597a9ba76578b2b0eadb0fa66df8d4cb4f2"
    },
    "2020_11_29_en_reddit_reddit__r--dankmemes--comments--k36vfk--i_cant_set_it_back": {
      "id": "2020_11_29_en_reddit_reddit__r--dankmemes--comments--k36vfk--i_cant_set_it_back",
      "url": "https://old.reddit.com/r/dankmemes/comments/k36vfk/i_cant_set_it_back/",
      "date_published": "2020-11-30T08:35:52.000Z",
      "date_modified": "2020-11-30T08:35:52.000Z",
      "_original_published": "2020-11-29T09:48:53.000Z",
      "_original_language": "en",
      "_translations": {
        "en": {
          "title": "I can't set it back"
        },
        "zh-Hans": {
          "title": "我不能让它倒退"
        },
        "zh-Hant": {
          "title": "我不能讓它倒退"
        }
      },
      "tags": [
        "dankmemes"
      ],
      "authors": [
        {
          "name": "malnourished_child",
          "url": "https://old.reddit.com/user/malnourished_child"
        }
      ],
      "_links": [
        {
          "url": "https://old.reddit.com/r/dankmemes/comments/k36vfk/i_cant_set_it_back/",
          "name": "&uarr;100067 votes"
        }
      ],
      "image": "https://preview.redd.it/66nns46vh5261.gif?width=640&crop=smart&format=png8&s=1e81b6d5725f269bebab7fa1113439cbaf59de8d",
      "_video": {
        "sources": [
          {
            "url": "https://preview.redd.it/66nns46vh5261.gif?format=mp4&s=13426b191a2ee7bdd229dd16734db852e7282ccd"
          }
        ],
        "width": 946,
        "height": 1280,
        "poster": "https://preview.redd.it/66nns46vh5261.gif?width=640&crop=smart&format=png8&s=1e81b6d5725f269bebab7fa1113439cbaf59de8d"
      }
    },
    "2020_11_29_en_reddit_reddit__r--me_irl--comments--k38k96--me_irl": {
      "id": "2020_11_29_en_reddit_reddit__r--me_irl--comments--k38k96--me_irl",
      "url": "https://old.reddit.com/r/me_irl/comments/k38k96/me_irl/",
      "date_published": "2020-11-30T08:35:52.000Z",
      "date_modified": "2020-11-30T08:35:52.000Z",
      "_original_published": "2020-11-29T12:24:38.000Z",
      "_original_language": "en",
      "_translations": {
        "en": {
          "title": "me irl"
        },
        "zh-Hans": {
          "title": "我的现实中的我"
        },
        "zh-Hant": {
          "title": "我的現實中的我"
        }
      },
      "tags": [
        "me_irl"
      ],
      "authors": [
        {
          "name": "generichumanidk",
          "url": "https://old.reddit.com/user/generichumanidk"
        }
      ],
      "_links": [
        {
          "url": "https://old.reddit.com/r/me_irl/comments/k38k96/me_irl/",
          "name": "&uarr;88346 votes"
        }
      ],
      "image": "https://preview.redd.it/vs0j1rvr96261.jpg?width=1080&crop=smart&auto=webp&s=bbf4353eaf8771ee86a035f26c3c987d59ff41a1"
    },
    "2020_11_29_en_reddit_reddit__r--memes--comments--k3goqa--i_mean_it_makes_sense": {
      "id": "2020_11_29_en_reddit_reddit__r--memes--comments--k3goqa--i_mean_it_makes_sense",
      "url": "https://old.reddit.com/r/memes/comments/k3goqa/i_mean_it_makes_sense/",
      "date_published": "2020-11-30T04:12:49.000Z",
      "date_modified": "2020-11-30T04:12:49.000Z",
      "_original_published": "2020-11-29T20:32:11.000Z",
      "_original_language": "en",
      "_translations": {
        "en": {
          "title": "I mean it makes sense"
        },
        "zh-Hans": {
          "title": "我是说这是有道理的"
        },
        "zh-Hant": {
          "title": "我是說這是有道理的"
        }
      },
      "tags": [
        "memes"
      ],
      "authors": [
        {
          "name": "bernardof270",
          "url": "https://old.reddit.com/user/bernardof270"
        }
      ],
      "_links": [
        {
          "url": "https://old.reddit.com/r/memes/comments/k3goqa/i_mean_it_makes_sense/",
          "name": "&uarr;126465 votes"
        }
      ],
      "image": "https://preview.redd.it/cif14otno8261.png?width=320&crop=smart&auto=webp&s=8c1df00ff596ae69d0d19eed994cac7d1f599eb8"
    },
    "2020_11_29_en_reddit_reddit__r--interestingasfuck--comments--k3fmb7--my_kind_of_christmas_tree": {
      "id": "2020_11_29_en_reddit_reddit__r--interestingasfuck--comments--k3fmb7--my_kind_of_christmas_tree",
      "url": "https://old.reddit.com/r/interestingasfuck/comments/k3fmb7/my_kind_of_christmas_tree/",
      "date_published": "2020-11-30T02:57:28.000Z",
      "date_modified": "2020-11-30T02:57:28.000Z",
      "_original_published": "2020-11-29T19:33:04.000Z",
      "_original_language": "en",
      "_translations": {
        "en": {
          "title": "My kind of Christmas tree."
        },
        "zh-Hans": {
          "title": "我喜欢的圣诞树。"
        },
        "zh-Hant": {
          "title": "我喜歡的聖誕樹。"
        }
      },
      "tags": [
        "interestingasfuck"
      ],
      "authors": [
        {
          "name": "Browndog888",
          "url": "https://old.reddit.com/user/Browndog888"
        }
      ],
      "_links": [
        {
          "url": "https://old.reddit.com/r/interestingasfuck/comments/k3fmb7/my_kind_of_christmas_tree/",
          "name": "&uarr;111417 votes"
        }
      ],
      "image": "https://preview.redd.it/p0udzqg7e8261.jpg?width=640&crop=smart&auto=webp&s=de5b2031bbabac55bfffc9619d5e38599df30834"
    },
    "2020_11_29_en_reddit_reddit__r--aww--comments--k3f6xe--cat_suddenly_realises_that_it_has_4paws": {
      "id": "2020_11_29_en_reddit_reddit__r--aww--comments--k3f6xe--cat_suddenly_realises_that_it_has_4paws",
      "url": "https://old.reddit.com/r/aww/comments/k3f6xe/cat_suddenly_realises_that_it_has_4paws/",
      "date_published": "2020-11-30T02:57:28.000Z",
      "date_modified": "2020-11-30T02:57:28.000Z",
      "_original_published": "2020-11-29T19:09:52.000Z",
      "_original_language": "en",
      "_translations": {
        "en": {
          "title": "Cat suddenly realises that it has 4paws"
        },
        "zh-Hans": {
          "title": "猫突然意识到它有4PAWS"
        },
        "zh-Hant": {
          "title": "貓突然意識到它有4PAWS"
        }
      },
      "tags": [
        "aww"
      ],
      "authors": [
        {
          "name": "offender_defender_",
          "url": "https://old.reddit.com/user/offender_defender_"
        }
      ],
      "_links": [
        {
          "url": "https://old.reddit.com/r/aww/comments/k3f6xe/cat_suddenly_realises_that_it_has_4paws/",
          "name": "&uarr;114631 votes"
        }
      ],
      "image": "https://external-preview.redd.it/JIUI_rRSd8P42DkAhfMp23VcZZlS9lbL-a5uVvt6c6g.png?width=216&crop=smart&format=pjpg&auto=webp&s=6a42373d816f0f159512f630d9b199793817c3b6",
      "_video": {
        "sources": [
          {
            "url": "https://v.redd.it/lqbwfhsy98261/DASH_360.mp4?source=fallback"
          }
        ],
        "width": 268,
        "height": 360,
        "poster": "https://external-preview.redd.it/JIUI_rRSd8P42DkAhfMp23VcZZlS9lbL-a5uVvt6c6g.png?width=216&crop=smart&format=pjpg&auto=webp&s=6a42373d816f0f159512f630d9b199793817c3b6"
      }
    },
    "2020_11_29_en_reddit_reddit__r--nextfuckinglevel--comments--k3e8tw--this_beautiful_picture_that_looks_like_a_painting": {
      "id": "2020_11_29_en_reddit_reddit__r--nextfuckinglevel--comments--k3e8tw--this_beautiful_picture_that_looks_like_a_painting",
      "url": "https://old.reddit.com/r/nextfuckinglevel/comments/k3e8tw/this_beautiful_picture_that_looks_like_a_painting/",
      "date_published": "2020-11-30T01:13:10.000Z",
      "date_modified": "2020-11-30T01:13:10.000Z",
      "_original_published": "2020-11-29T18:18:06.000Z",
      "_original_language": "en",
      "_translations": {
        "en": {
          "title": "This beautiful picture that looks like a painting."
        },
        "zh-Hans": {
          "title": "这幅美丽的画看起来像一幅画。"
        },
        "zh-Hant": {
          "title": "這幅美麗的畫看起來像壹幅畫。"
        }
      },
      "tags": [
        "nextfuckinglevel"
      ],
      "authors": [
        {
          "name": "mib47225",
          "url": "https://old.reddit.com/user/mib47225"
        }
      ],
      "_links": [
        {
          "url": "https://old.reddit.com/r/nextfuckinglevel/comments/k3e8tw/this_beautiful_picture_that_looks_like_a_painting/",
          "name": "&uarr;110994 votes"
        }
      ],
      "image": "https://preview.redd.it/neoy4xwt08261.jpg?width=640&crop=smart&auto=webp&s=28bba9cf435d13d1d5a1d84cbe878efdcb284e63"
    },
    "2020_11_28_en_reddit_reddit__r--memes--comments--k2x5km--no_karen_bad_karen": {
      "id": "2020_11_28_en_reddit_reddit__r--memes--comments--k2x5km--no_karen_bad_karen",
      "url": "https://old.reddit.com/r/memes/comments/k2x5km/no_karen_bad_karen/",
      "date_published": "2020-11-29T08:35:26.000Z",
      "date_modified": "2020-11-29T08:35:26.000Z",
      "_original_published": "2020-11-28T22:29:32.000Z",
      "_original_language": "en",
      "_translations": {
        "en": {
          "title": "No Karen, Bad Karen"
        },
        "zh-Hans": {
          "title": "没有凯伦，坏凯伦"
        },
        "zh-Hant": {
          "title": "沒有凱倫，壞凱倫"
        }
      },
      "tags": [
        "memes"
      ],
      "authors": [
        {
          "name": "robdizzle10",
          "url": "https://old.reddit.com/user/robdizzle10"
        }
      ],
      "_links": [
        {
          "url": "https://old.reddit.com/r/memes/comments/k2x5km/no_karen_bad_karen/",
          "name": "&uarr;118079 votes"
        }
      ],
      "image": "https://preview.redd.it/qqva9kbs42261.jpg?width=640&crop=smart&auto=webp&s=a89f8d7dc1169db04c6aa494609d35aa1b73bab5"
    },
    "2020_11_28_en_reddit_reddit__r--funny--comments--k2vh72--i_was_tasked_with_clearing_out_the_crawlspace_but": {
      "id": "2020_11_28_en_reddit_reddit__r--funny--comments--k2vh72--i_was_tasked_with_clearing_out_the_crawlspace_but",
      "url": "https://old.reddit.com/r/funny/comments/k2vh72/i_was_tasked_with_clearing_out_the_crawlspace_but/",
      "date_published": "2020-11-29T03:16:30.000Z",
      "date_modified": "2020-11-29T03:16:30.000Z",
      "_original_published": "2020-11-28T20:55:16.000Z",
      "_original_language": "en",
      "_translations": {
        "en": {
          "title": "I was tasked with clearing out the crawlspace, but then I found my old slot car track and progress haulted. A+ would clean again."
        },
        "zh-Hans": {
          "title": "我的任务是清理爬行空间，但后来我发现我的旧老虎机跑道和进度都被拖走了。A+会再次清洗。"
        },
        "zh-Hant": {
          "title": "我的任務是清理爬行空間，但後來我發現我的舊老虎機跑道和進度都被拖走了。A+會再次清洗。"
        }
      },
      "tags": [
        "funny"
      ],
      "authors": [
        {
          "name": "kingevanxii",
          "url": "https://old.reddit.com/user/kingevanxii"
        }
      ],
      "_links": [
        {
          "url": "https://old.reddit.com/r/funny/comments/k2vh72/i_was_tasked_with_clearing_out_the_crawlspace_but/",
          "name": "&uarr;125323 votes"
        }
      ],
      "image": "https://preview.redd.it/hso7ljpyn1261.jpg?width=1080&crop=smart&auto=webp&s=1502320dfce3b7a501bb28947d886b3d7d75c49f"
    },
    "2020_11_28_en_reddit_reddit__r--PublicFreakout--comments--k2qvnm--the_french_arent_happy_about_a_proposed_ban_on": {
      "id": "2020_11_28_en_reddit_reddit__r--PublicFreakout--comments--k2qvnm--the_french_arent_happy_about_a_proposed_ban_on",
      "url": "https://old.reddit.com/r/PublicFreakout/comments/k2qvnm/the_french_arent_happy_about_a_proposed_ban_on/",
      "date_published": "2020-11-29T02:30:30.000Z",
      "date_modified": "2020-11-29T02:30:30.000Z",
      "_original_published": "2020-11-28T16:45:58.000Z",
      "_original_language": "en",
      "_translations": {
        "en": {
          "title": "The French aren't happy about a proposed ban on filming and photographing police"
        },
        "zh-Hans": {
          "title": "法国人对禁止拍摄和拍摄警察的提议感到不满"
        },
        "zh-Hant": {
          "title": "法國人對禁止拍攝和拍攝警察的提議感到不滿"
        }
      },
      "tags": [
        "PublicFreakout"
      ],
      "authors": [
        {
          "name": "lowtire",
          "url": "https://old.reddit.com/user/lowtire"
        }
      ],
      "_links": [
        {
          "url": "https://old.reddit.com/r/PublicFreakout/comments/k2qvnm/the_french_arent_happy_about_a_proposed_ban_on/",
          "name": "&uarr;95711 votes"
        }
      ],
      "image": "https://external-preview.redd.it/cK68a5KUpsL8Pn66HSE35sATnkEnJvhCJWDedCypf1k.png?width=1080&crop=smart&format=pjpg&auto=webp&s=a102ef68f1bfa00c5f19810aa022b594cfe99f02",
      "_video": {
        "sources": [
          {
            "url": "https://v.redd.it/ed9bseyqe0261/DASH_720.mp4?source=fallback"
          }
        ],
        "width": 1280,
        "height": 720,
        "poster": "https://external-preview.redd.it/cK68a5KUpsL8Pn66HSE35sATnkEnJvhCJWDedCypf1k.png?width=1080&crop=smart&format=pjpg&auto=webp&s=a102ef68f1bfa00c5f19810aa022b594cfe99f02"
      }
    },
    "2020_11_28_en_reddit_reddit__r--nextfuckinglevel--comments--k2q6jk--low_budget_cosplay_or_lonelyman_on_ig_is_a": {
      "id": "2020_11_28_en_reddit_reddit__r--nextfuckinglevel--comments--k2q6jk--low_budget_cosplay_or_lonelyman_on_ig_is_a",
      "url": "https://old.reddit.com/r/nextfuckinglevel/comments/k2q6jk/low_budget_cosplay_or_lonelyman_on_ig_is_a/",
      "date_published": "2020-11-29T01:19:01.000Z",
      "date_modified": "2020-11-29T01:19:01.000Z",
      "_original_published": "2020-11-28T16:07:40.000Z",
      "_original_language": "en",
      "_translations": {
        "en": {
          "title": "Low budget cosplay or Lonelyman on IG is a cosplay legend"
        },
        "zh-Hans": {
          "title": "IG上的低预算cosplay或Lonelyman是cosplay的传奇"
        },
        "zh-Hant": {
          "title": "IG上的低預算cosplay或Lonelyman是cosplay的傳奇"
        }
      },
      "tags": [
        "nextfuckinglevel"
      ],
      "authors": [
        {
          "name": "Jappabrow",
          "url": "https://old.reddit.com/user/Jappabrow"
        }
      ],
      "_links": [
        {
          "url": "https://old.reddit.com/r/nextfuckinglevel/comments/k2q6jk/low_budget_cosplay_or_lonelyman_on_ig_is_a/",
          "name": "&uarr;97912 votes"
        }
      ],
      "image": "https://preview.redd.it/qwjgbbnn80261.jpg?width=640&crop=smart&auto=webp&s=68727f7a18cd9039685ae43d478e53c3d719d422"
    },
    "2020_11_28_en_reddit_reddit__r--insanepeoplefacebook--comments--k2q1xq--this_is_how_it_feels_to_be_a_white_conservative": {
      "id": "2020_11_28_en_reddit_reddit__r--insanepeoplefacebook--comments--k2q1xq--this_is_how_it_feels_to_be_a_white_conservative",
      "url": "https://old.reddit.com/r/insanepeoplefacebook/comments/k2q1xq/this_is_how_it_feels_to_be_a_white_conservative/",
      "date_published": "2020-11-29T01:19:01.000Z",
      "date_modified": "2020-11-29T01:19:01.000Z",
      "_original_published": "2020-11-28T16:00:44.000Z",
      "_original_language": "en",
      "_translations": {
        "en": {
          "title": "“This is how it feels to be a white conservative”"
        },
        "zh-Hans": {
          "title": "“这就是身为白人保守派的感觉。”"
        },
        "zh-Hant": {
          "title": "“這就是身為白人保守派的感覺。”"
        }
      },
      "tags": [
        "insanepeoplefacebook"
      ],
      "authors": [
        {
          "name": "asianj1m",
          "url": "https://old.reddit.com/user/asianj1m"
        }
      ],
      "_links": [
        {
          "url": "https://old.reddit.com/r/insanepeoplefacebook/comments/k2q1xq/this_is_how_it_feels_to_be_a_white_conservative/",
          "name": "&uarr;95395 votes"
        }
      ],
      "image": "https://preview.redd.it/3n7scw3f70261.jpg?width=640&crop=smart&auto=webp&s=ba85be0cda9dbf2e274b19668e549aee6fb552e2"
    },
    "2020_11_28_en_reddit_reddit__r--news--comments--k2ni53--native_americans_renew_decadeslong_push_to": {
      "id": "2020_11_28_en_reddit_reddit__r--news--comments--k2ni53--native_americans_renew_decadeslong_push_to",
      "url": "https://old.reddit.com/r/news/comments/k2ni53/native_americans_renew_decadeslong_push_to/",
      "date_published": "2020-11-29T01:19:01.000Z",
      "date_modified": "2020-11-29T01:19:01.000Z",
      "_original_published": "2020-11-28T13:18:31.000Z",
      "_original_language": "en",
      "_translations": {
        "en": {
          "title": "Native Americans renew decades-long push to reclaim millions of acres in the Black Hills"
        },
        "zh-Hans": {
          "title": "美洲原住民重新推动数十年来在黑山开垦数百万英亩土地的努力"
        },
        "zh-Hant": {
          "title": "美洲原住民重新推動數十年來在黑山開墾數百萬英畝土地的努力"
        }
      },
      "tags": [
        "news"
      ],
      "authors": [
        {
          "name": "MarxReadsRushdie",
          "url": "https://old.reddit.com/user/MarxReadsRushdie"
        }
      ],
      "_links": [
        {
          "url": "https://old.reddit.com/r/news/comments/k2ni53/native_americans_renew_decadeslong_push_to/",
          "name": "&uarr;89668 votes"
        }
      ],
      "image": "https://external-preview.redd.it/JOQb-0wQQv4FdCECHOaoprTZzPND5_eoWt52CZiPl3s.jpg?width=960&crop=smart&auto=webp&s=39ccf2c38ff978620660104e04fcd1a116607872"
    },
    "2020_11_28_en_reddit_reddit__r--aww--comments--k2pxza--timelapse_of_a_lady_and_her_cat": {
      "id": "2020_11_28_en_reddit_reddit__r--aww--comments--k2pxza--timelapse_of_a_lady_and_her_cat",
      "url": "https://old.reddit.com/r/aww/comments/k2pxza/timelapse_of_a_lady_and_her_cat/",
      "date_published": "2020-11-28T22:29:38.000Z",
      "date_modified": "2020-11-28T22:29:38.000Z",
      "_original_published": "2020-11-28T15:54:26.000Z",
      "_original_language": "en",
      "_translations": {
        "en": {
          "title": "Timelapse of a lady and her cat"
        },
        "zh-Hans": {
          "title": "一位女士和她的猫的时间流逝"
        },
        "zh-Hant": {
          "title": "壹位女士和她的貓的時間流逝"
        }
      },
      "tags": [
        "aww"
      ],
      "authors": [
        {
          "name": "asianj1m",
          "url": "https://old.reddit.com/user/asianj1m"
        }
      ],
      "_links": [
        {
          "url": "https://old.reddit.com/r/aww/comments/k2pxza/timelapse_of_a_lady_and_her_cat/",
          "name": "&uarr;119942 votes"
        }
      ],
      "image": "https://external-preview.redd.it/Xsgvz9d_bKd2hewHpcFmF8FHeZJQXJpvkovAJUoIU_I.png?width=320&crop=smart&format=pjpg&auto=webp&s=791d7ad7613632bfe3f915f9e41aee35072d7c82",
      "_video": {
        "sources": [
          {
            "url": "https://v.redd.it/n3q8pd0a60261/DASH_480.mp4?source=fallback"
          }
        ],
        "width": 378,
        "height": 480,
        "poster": "https://external-preview.redd.it/Xsgvz9d_bKd2hewHpcFmF8FHeZJQXJpvkovAJUoIU_I.png?width=320&crop=smart&format=pjpg&auto=webp&s=791d7ad7613632bfe3f915f9e41aee35072d7c82"
      }
    },
    "2020_11_28_en_reddit_reddit__r--dankmemes--comments--k2opkv--the_worst_she_can_say_is_no_they_said": {
      "id": "2020_11_28_en_reddit_reddit__r--dankmemes--comments--k2opkv--the_worst_she_can_say_is_no_they_said",
      "url": "https://old.reddit.com/r/dankmemes/comments/k2opkv/the_worst_she_can_say_is_no_they_said/",
      "date_published": "2020-11-28T22:29:38.000Z",
      "date_modified": "2020-11-28T22:29:38.000Z",
      "_original_published": "2020-11-28T14:40:16.000Z",
      "_original_language": "en",
      "_translations": {
        "en": {
          "title": "The worst she can say is no, they said"
        },
        "zh-Hans": {
          "title": "他们说，她最多只能说不"
        },
        "zh-Hant": {
          "title": "他們說，她最多只能說不"
        }
      },
      "tags": [
        "dankmemes"
      ],
      "authors": [
        {
          "name": "ArmouredBobcat",
          "url": "https://old.reddit.com/user/ArmouredBobcat"
        }
      ],
      "_links": [
        {
          "url": "https://old.reddit.com/r/dankmemes/comments/k2opkv/the_worst_she_can_say_is_no_they_said/",
          "name": "&uarr;113798 votes"
        }
      ],
      "image": "https://preview.redd.it/38d9k352tz161.jpg?width=320&crop=smart&auto=webp&s=fc8121c7d955ed663a7eaac13c3ee7f5be5ff78a"
    },
    "2020_11_28_en_reddit_reddit__r--nextfuckinglevel--comments--k2oln5--west_point_graduate_alex_idrache_grew_up_in_a": {
      "id": "2020_11_28_en_reddit_reddit__r--nextfuckinglevel--comments--k2oln5--west_point_graduate_alex_idrache_grew_up_in_a",
      "url": "https://old.reddit.com/r/nextfuckinglevel/comments/k2oln5/west_point_graduate_alex_idrache_grew_up_in_a/",
      "date_published": "2020-11-28T22:29:38.000Z",
      "date_modified": "2020-11-28T22:29:38.000Z",
      "_original_published": "2020-11-28T14:33:08.000Z",
      "_original_language": "en",
      "_translations": {
        "en": {
          "title": "West Point graduate Alex Idrache grew up in a slum in Haiti, despite lacking a formal education he graduated top 5% of his class. He went on to become a US Army Blackhawk pilot and was recently chosen to attend Marine Expeditionary Warfare School."
        },
        "zh-Hans": {
          "title": "西点军校毕业生亚历克斯·伊德拉奇在海地的一个贫民窟长大，尽管他没有接受过正规教育，但他毕业时的成绩是班级前5%。他后来成为一名美国陆军黑鹰飞行员，最近被选入海军陆战队远征作战学校。"
        },
        "zh-Hant": {
          "title": "西點軍校畢業生亞歷克斯·伊德拉奇在海地的壹個貧民窟長大，盡管他沒有接受過正規教育，但他畢業時的成績是班級前5%。他後來成為壹名美國陸軍黑鷹飛行員，最近被選入海軍陸戰隊遠征作戰學校。"
        }
      },
      "tags": [
        "nextfuckinglevel"
      ],
      "authors": [
        {
          "name": "NineteenEighty9",
          "url": "https://old.reddit.com/user/NineteenEighty9"
        }
      ],
      "_links": [
        {
          "url": "https://old.reddit.com/r/nextfuckinglevel/comments/k2oln5/west_point_graduate_alex_idrache_grew_up_in_a/",
          "name": "&uarr;101225 votes"
        }
      ],
      "image": "https://preview.redd.it/nzg425lsrz161.jpg?width=640&crop=smart&auto=webp&s=21db20acd46ed9097bad94757553d86026fa182c"
    },
    "2020_11_28_en_reddit_reddit__r--facepalm--comments--k2mzca--aoc_nikki_haley_confused_between_municipal_vs": {
      "id": "2020_11_28_en_reddit_reddit__r--facepalm--comments--k2mzca--aoc_nikki_haley_confused_between_municipal_vs",
      "url": "https://old.reddit.com/r/facepalm/comments/k2mzca/aoc_nikki_haley_confused_between_municipal_vs/",
      "date_published": "2020-11-28T22:29:38.000Z",
      "date_modified": "2020-11-28T22:29:38.000Z",
      "_original_published": "2020-11-28T12:37:56.000Z",
      "_original_language": "en",
      "_translations": {
        "en": {
          "title": "AOC: Nikki Haley confused between municipal VS federal"
        },
        "zh-Hans": {
          "title": "AOC：尼基·黑利(Nikki Haley)在市政和联邦之间感到困惑"
        },
        "zh-Hant": {
          "title": "AOC：尼基·黑利(Nikki Haley)在市政和聯邦之間感到困惑"
        }
      },
      "tags": [
        "facepalm"
      ],
      "authors": [
        {
          "name": "Active-Ad-233",
          "url": "https://old.reddit.com/user/Active-Ad-233"
        }
      ],
      "_links": [
        {
          "url": "https://old.reddit.com/r/facepalm/comments/k2mzca/aoc_nikki_haley_confused_between_municipal_vs/",
          "name": "&uarr;89725 votes"
        }
      ],
      "image": "https://preview.redd.it/l5ur60j77z161.png?width=320&crop=smart&auto=webp&s=ff5945699cd929763ccbbda8c0882b624f310ba5"
    }
  }
}
