{
  "items": {
    "2021_05_23_en_reddit_reddit__r--memes--comments--nj4vly--the_trickster": {
      "id": "2021_05_23_en_reddit_reddit__r--memes--comments--nj4vly--the_trickster",
      "url": "https://old.reddit.com/r/memes/comments/nj4vly/the_trickster/",
      "date_published": "2021-05-23T15:16:41.000Z",
      "date_modified": "2021-05-23T15:16:41.000Z",
      "_original_published": "2021-05-23T10:14:56.000Z",
      "_original_language": "en",
      "_translations": {
        "en": {
          "title": "The trickster"
        },
        "ja": {
          "title": "トリックスター"
        },
        "zh-Hans": {
          "title": "欺骗者"
        },
        "zh-Hant": {
          "title": "欺騙者"
        }
      },
      "tags": [
        "memes"
      ],
      "authors": [
        {
          "name": "Robin7344",
          "url": "https://old.reddit.com/user/Robin7344"
        }
      ],
      "_links": [
        {
          "url": "https://old.reddit.com/r/memes/comments/nj4vly/the_trickster/",
          "name": "&uarr;153826 votes"
        }
      ],
      "image": "https://external-preview.redd.it/CxAgmYjqR1nqoQ7kBMpio4b19VMYZNJMQ4EErnrgY9Q.png?width=960&crop=smart&format=pjpg&auto=webp&s=1a544273d0ee009c285615b91a921a5d008e4b61",
      "_video": {
        "sources": [
          {
            "url": "https://v.redd.it/ahrxhr02iu071/DASH_720.mp4?source=fallback"
          }
        ],
        "width": 880,
        "height": 720,
        "poster": "https://external-preview.redd.it/CxAgmYjqR1nqoQ7kBMpio4b19VMYZNJMQ4EErnrgY9Q.png?width=960&crop=smart&format=pjpg&auto=webp&s=1a544273d0ee009c285615b91a921a5d008e4b61"
      }
    },
    "2021_05_25_en_reddit_reddit__r--memes--comments--nkjfc8--its_so_genious": {
      "id": "2021_05_25_en_reddit_reddit__r--memes--comments--nkjfc8--its_so_genious",
      "url": "https://old.reddit.com/r/memes/comments/nkjfc8/its_so_genious/",
      "date_published": "2021-05-25T12:47:49.000Z",
      "date_modified": "2021-05-25T12:47:49.000Z",
      "_original_published": "2021-05-25T06:57:58.000Z",
      "_original_language": "en",
      "_translations": {
        "en": {
          "title": "It's so genious."
        },
        "ja": {
          "title": "それはとても天才的です。"
        },
        "zh-Hans": {
          "title": "这真是太有才了。"
        },
        "zh-Hant": {
          "title": "這真是太有才了。"
        }
      },
      "tags": [
        "memes"
      ],
      "authors": [
        {
          "name": "MichalTrue",
          "url": "https://old.reddit.com/user/MichalTrue"
        }
      ],
      "_links": [
        {
          "url": "https://old.reddit.com/r/memes/comments/nkjfc8/its_so_genious/",
          "name": "&uarr;152371 votes"
        }
      ],
      "image": "https://external-preview.redd.it/MirvHGhJWCiV9-hmxWA3ZLk0AXaoGh8vqC2pK9MElyU.png?width=640&crop=smart&format=pjpg&auto=webp&s=f767b9bac3b0c5ab98bc779e7e9a5f3b557f4438",
      "_video": {
        "sources": [
          {
            "url": "https://v.redd.it/w2yrsk7ss7171/DASH_720.mp4?source=fallback"
          }
        ],
        "width": 575,
        "height": 720,
        "poster": "https://external-preview.redd.it/MirvHGhJWCiV9-hmxWA3ZLk0AXaoGh8vqC2pK9MElyU.png?width=640&crop=smart&format=pjpg&auto=webp&s=f767b9bac3b0c5ab98bc779e7e9a5f3b557f4438"
      }
    },
    "2021_05_25_en_reddit_reddit__r--gaming--comments--nkdc5p--pretty_please": {
      "id": "2021_05_25_en_reddit_reddit__r--gaming--comments--nkdc5p--pretty_please",
      "url": "https://old.reddit.com/r/gaming/comments/nkdc5p/pretty_please/",
      "date_published": "2021-05-25T07:19:51.000Z",
      "date_modified": "2021-05-25T07:19:51.000Z",
      "_original_published": "2021-05-25T01:05:56.000Z",
      "_original_language": "en",
      "_translations": {
        "en": {
          "title": "Pretty please"
        },
        "ja": {
          "title": "Pretty please"
        },
        "zh-Hans": {
          "title": "请漂亮点"
        },
        "zh-Hant": {
          "title": "請漂亮點"
        }
      },
      "tags": [
        "gaming"
      ],
      "authors": [
        {
          "name": "authorsofwrestling",
          "url": "https://old.reddit.com/user/authorsofwrestling"
        }
      ],
      "_links": [
        {
          "url": "https://old.reddit.com/r/gaming/comments/nkdc5p/pretty_please/",
          "name": "&uarr;142873 votes"
        }
      ],
      "image": "https://preview.redd.it/zm3fd9a126171.jpg?width=640&crop=smart&auto=webp&s=bcf1d1bb4f9f84931cfb502c271e5beac6332a92"
    },
    "2021_05_24_en_reddit_reddit__r--memes--comments--njtcfr--live_to_fight_another_day_boys": {
      "id": "2021_05_24_en_reddit_reddit__r--memes--comments--njtcfr--live_to_fight_another_day_boys",
      "url": "https://old.reddit.com/r/memes/comments/njtcfr/live_to_fight_another_day_boys/",
      "date_published": "2021-05-24T14:27:50.000Z",
      "date_modified": "2021-05-24T14:27:50.000Z",
      "_original_published": "2021-05-24T08:52:47.000Z",
      "_original_language": "en",
      "_translations": {
        "en": {
          "title": "Live to fight another day boys!"
        },
        "ja": {
          "title": "頑張ってください。"
        },
        "zh-Hans": {
          "title": "活到老学到老，孩子们!"
        },
        "zh-Hant": {
          "title": "活到老學到老，孩子們!"
        }
      },
      "tags": [
        "memes"
      ],
      "authors": [
        {
          "name": "ShrekkingHandsome",
          "url": "https://old.reddit.com/user/ShrekkingHandsome"
        }
      ],
      "_links": [
        {
          "url": "https://old.reddit.com/r/memes/comments/njtcfr/live_to_fight_another_day_boys/",
          "name": "&uarr;142648 votes"
        }
      ],
      "image": "https://preview.redd.it/av0h07vb81171.gif?width=1080&crop=smart&format=png8&s=1a0115c75e474c2d43ea90cb3d69b02e4b2dadcf",
      "_video": {
        "sources": [
          {
            "url": "https://preview.redd.it/av0h07vb81171.gif?format=mp4&s=3c9634e05a09e631611fefe9ecc27a715f4e1b61"
          }
        ],
        "width": 2560,
        "height": 2298,
        "poster": "https://preview.redd.it/av0h07vb81171.gif?width=1080&crop=smart&format=png8&s=1a0115c75e474c2d43ea90cb3d69b02e4b2dadcf"
      }
    },
    "2021_05_21_en_reddit_reddit__r--memes--comments--nhp4p0--well_this_is_shit": {
      "id": "2021_05_21_en_reddit_reddit__r--memes--comments--nhp4p0--well_this_is_shit",
      "url": "https://old.reddit.com/r/memes/comments/nhp4p0/well_this_is_shit/",
      "date_published": "2021-05-21T15:21:24.000Z",
      "date_modified": "2021-05-21T15:21:24.000Z",
      "_original_published": "2021-05-21T10:19:33.000Z",
      "_original_language": "en",
      "_translations": {
        "en": {
          "title": "well this is shit.."
        },
        "ja": {
          "title": "まあ、これはクソだが...。"
        },
        "zh-Hans": {
          "title": "这简直是狗屎..."
        },
        "zh-Hant": {
          "title": "這簡直是狗屎..."
        }
      },
      "tags": [
        "memes"
      ],
      "authors": [
        {
          "name": "sarcasticnepali2058",
          "url": "https://old.reddit.com/user/sarcasticnepali2058"
        }
      ],
      "_links": [
        {
          "url": "https://old.reddit.com/r/memes/comments/nhp4p0/well_this_is_shit/",
          "name": "&uarr;136896 votes"
        }
      ],
      "image": "https://preview.redd.it/4fg4uiq39g071.png?width=640&crop=smart&auto=webp&s=91c19e3b575e6da4b70660f79efb67ddfc00a53c"
    },
    "2021_05_21_en_reddit_reddit__r--nextfuckinglevel--comments--ni53v2--man_trying_to_solve_a_rubiks_cube_blindly_but_in": {
      "id": "2021_05_21_en_reddit_reddit__r--nextfuckinglevel--comments--ni53v2--man_trying_to_solve_a_rubiks_cube_blindly_but_in",
      "url": "https://old.reddit.com/r/nextfuckinglevel/comments/ni53v2/man_trying_to_solve_a_rubiks_cube_blindly_but_in/",
      "date_published": "2021-05-22T05:04:03.000Z",
      "date_modified": "2021-05-22T05:04:03.000Z",
      "_original_published": "2021-05-21T22:54:14.000Z",
      "_original_language": "en",
      "_translations": {
        "en": {
          "title": "Man trying to solve a Rubik's Cube blindly, but in a different way"
        },
        "ja": {
          "title": "ルービックキューブをブラインドで解こうとする男性。"
        },
        "zh-Hans": {
          "title": "男子试图盲目地解开魔方，但方式不同"
        },
        "zh-Hant": {
          "title": "男子試圖盲目地解開魔方，但方式不同"
        }
      },
      "tags": [
        "nextfuckinglevel"
      ],
      "authors": [
        {
          "name": "MoonKnifeTaoist",
          "url": "https://old.reddit.com/user/MoonKnifeTaoist"
        }
      ],
      "_links": [
        {
          "url": "https://old.reddit.com/r/nextfuckinglevel/comments/ni53v2/man_trying_to_solve_a_rubiks_cube_blindly_but_in/",
          "name": "&uarr;132551 votes"
        }
      ],
      "image": "https://external-preview.redd.it/PmgrzcoxKW1nKfGMXJmk7BDuAwAQnuIazUexA9Tsx5Q.png?width=320&crop=smart&format=pjpg&auto=webp&s=91fd467b2269e0e62d848d72e39597e089e2c704",
      "_video": {
        "sources": [
          {
            "url": "https://v.redd.it/zsxc70tnzj071/DASH_720.mp4?source=fallback"
          }
        ],
        "width": 405,
        "height": 720,
        "poster": "https://external-preview.redd.it/PmgrzcoxKW1nKfGMXJmk7BDuAwAQnuIazUexA9Tsx5Q.png?width=320&crop=smart&format=pjpg&auto=webp&s=91fd467b2269e0e62d848d72e39597e089e2c704"
      }
    },
    "2021_05_24_en_reddit_reddit__r--nextfuckinglevel--comments--njmbn6--a_guy_holding_the_line_with_a_homemade_shield": {
      "id": "2021_05_24_en_reddit_reddit__r--nextfuckinglevel--comments--njmbn6--a_guy_holding_the_line_with_a_homemade_shield",
      "url": "https://old.reddit.com/r/nextfuckinglevel/comments/njmbn6/a_guy_holding_the_line_with_a_homemade_shield/",
      "date_published": "2021-05-24T08:30:37.000Z",
      "date_modified": "2021-05-24T08:30:37.000Z",
      "_original_published": "2021-05-24T01:25:52.000Z",
      "_original_language": "en",
      "_translations": {
        "en": {
          "title": "A guy holding the line with a home-made shield against an armored water cannon truck during the current riots in Colombia"
        },
        "ja": {
          "title": "コロンビアで起きた暴動で、装甲された水鉄砲トラックに対し、自作の盾でラインを維持する男"
        },
        "zh-Hans": {
          "title": "在哥伦比亚目前的骚乱中，一个人用自制的盾牌抵挡装甲水炮车，坚守阵地。"
        },
        "zh-Hant": {
          "title": "在哥倫比亞目前的騷亂中，一個人用自制的盾牌抵擋裝甲水炮車，堅守陣地。"
        }
      },
      "tags": [
        "nextfuckinglevel"
      ],
      "authors": [
        {
          "name": "c6munoz",
          "url": "https://old.reddit.com/user/c6munoz"
        }
      ],
      "_links": [
        {
          "url": "https://old.reddit.com/r/nextfuckinglevel/comments/njmbn6/a_guy_holding_the_line_with_a_homemade_shield/",
          "name": "&uarr;132536 votes"
        }
      ],
      "image": "https://preview.redd.it/wsyio2go0z071.jpg?width=1080&crop=smart&auto=webp&s=a286ac652b60f820a8ececd890a756e2eefce859"
    },
    "2021_05_27_en_reddit_reddit__r--MadeMeSmile--comments--nm3alr--3d_printing_hopefully_to_stop_poachers_killing": {
      "id": "2021_05_27_en_reddit_reddit__r--MadeMeSmile--comments--nm3alr--3d_printing_hopefully_to_stop_poachers_killing",
      "url": "https://old.reddit.com/r/MadeMeSmile/comments/nm3alr/3d_printing_hopefully_to_stop_poachers_killing/",
      "date_published": "2021-05-27T15:14:19.000Z",
      "date_modified": "2021-05-27T15:14:19.000Z",
      "_original_published": "2021-05-27T09:03:57.000Z",
      "_original_language": "en",
      "_translations": {
        "en": {
          "title": "3D printing hopefully to stop poachers killing animals 🦏"
        },
        "ja": {
          "title": "密猟者が動物を殺すのを阻止するための3Dプリンティングへの期待"
        },
        "zh-Hans": {
          "title": "3D打印有望阻止偷猎者杀害动物 🦏"
        },
        "zh-Hant": {
          "title": "3D打印有望阻止偷獵者殺害動物 🦏"
        }
      },
      "tags": [
        "MadeMeSmile"
      ],
      "authors": [
        {
          "name": "lshic",
          "url": "https://old.reddit.com/user/lshic"
        }
      ],
      "_links": [
        {
          "url": "https://old.reddit.com/r/MadeMeSmile/comments/nm3alr/3d_printing_hopefully_to_stop_poachers_killing/",
          "name": "&uarr;132906 votes"
        }
      ],
      "image": "https://preview.redd.it/0juzs825pm171.jpg?width=320&crop=smart&auto=webp&s=b616f6bd21b369ef74f8dde0aaf4a08aeca3dd93"
    },
    "2021_05_21_en_reddit_reddit__r--memes--comments--ni3tkh--excuse_me_but_wtf": {
      "id": "2021_05_21_en_reddit_reddit__r--memes--comments--ni3tkh--excuse_me_but_wtf",
      "url": "https://old.reddit.com/r/memes/comments/ni3tkh/excuse_me_but_wtf/",
      "date_published": "2021-05-22T04:26:22.000Z",
      "date_modified": "2021-05-22T04:26:22.000Z",
      "_original_published": "2021-05-21T21:50:29.000Z",
      "_original_language": "en",
      "_translations": {
        "en": {
          "title": "Excuse me but wtf"
        },
        "ja": {
          "title": "失礼ですがwtf"
        },
        "zh-Hans": {
          "title": "对不起，我不知道该怎么说。"
        },
        "zh-Hant": {
          "title": "對不起，我不知道該怎麼說。"
        }
      },
      "tags": [
        "memes"
      ],
      "authors": [
        {
          "name": "thedirtdirt",
          "url": "https://old.reddit.com/user/thedirtdirt"
        }
      ],
      "_links": [
        {
          "url": "https://old.reddit.com/r/memes/comments/ni3tkh/excuse_me_but_wtf/",
          "name": "&uarr;128765 votes"
        }
      ],
      "image": "https://preview.redd.it/j49i1jhfoj071.jpg?width=1080&crop=smart&auto=webp&s=832cb6f6fa9bb58994cdbf6516551a8106ed26cf"
    },
    "2021_05_23_en_reddit_reddit__r--nextfuckinglevel--comments--nj8y8h--yoyo_champion_hunter_feuerstein_demonstrates_his": {
      "id": "2021_05_23_en_reddit_reddit__r--nextfuckinglevel--comments--nj8y8h--yoyo_champion_hunter_feuerstein_demonstrates_his",
      "url": "https://old.reddit.com/r/nextfuckinglevel/comments/nj8y8h/yoyo_champion_hunter_feuerstein_demonstrates_his/",
      "date_published": "2021-05-23T20:48:53.000Z",
      "date_modified": "2021-05-23T20:48:53.000Z",
      "_original_published": "2021-05-23T14:33:24.000Z",
      "_original_language": "en",
      "_translations": {
        "en": {
          "title": "Yoyo champion Hunter Feuerstein demonstrates his \"DNA\" trick"
        },
        "ja": {
          "title": "ヨーヨーのチャンピオン、ハンター・フォイヤースタインが「DNA」のトリックを披露"
        },
        "zh-Hans": {
          "title": "溜溜球冠军亨特-费尔斯坦展示他的 \"DNA \"技巧"
        },
        "zh-Hant": {
          "title": "溜溜球冠軍亨特-費爾斯坦展示他的 \"DNA \"技巧"
        }
      },
      "tags": [
        "nextfuckinglevel"
      ],
      "authors": [
        {
          "name": "solateor",
          "url": "https://old.reddit.com/user/solateor"
        }
      ],
      "_links": [
        {
          "url": "https://old.reddit.com/r/nextfuckinglevel/comments/nj8y8h/yoyo_champion_hunter_feuerstein_demonstrates_his/",
          "name": "&uarr;126101 votes"
        }
      ],
      "image": "https://external-preview.redd.it/U1x1MdOtxsQxpg3X799tWvHwXulyQspTsso0fE6JP8E.jpg?width=960&crop=smart&auto=webp&s=8540752c481ac2f077195868b9473671ea512fbd",
      "_video": {
        "sources": [
          {
            "url": "https://v.redd.it/zv2gb10asv071/DASH_480.mp4"
          }
        ],
        "width": 853,
        "height": 480,
        "poster": "https://external-preview.redd.it/U1x1MdOtxsQxpg3X799tWvHwXulyQspTsso0fE6JP8E.jpg?width=960&crop=smart&auto=webp&s=8540752c481ac2f077195868b9473671ea512fbd"
      }
    },
    "2021_05_21_en_reddit_reddit__r--nextfuckinglevel--comments--nhlt87--usain_bolt_what_a_legend_you_can_tell_a_lot_about": {
      "id": "2021_05_21_en_reddit_reddit__r--nextfuckinglevel--comments--nhlt87--usain_bolt_what_a_legend_you_can_tell_a_lot_about",
      "url": "https://old.reddit.com/r/nextfuckinglevel/comments/nhlt87/usain_bolt_what_a_legend_you_can_tell_a_lot_about/",
      "date_published": "2021-05-21T13:40:08.000Z",
      "date_modified": "2021-05-21T13:40:08.000Z",
      "_original_published": "2021-05-21T06:27:29.000Z",
      "_original_language": "en",
      "_translations": {
        "en": {
          "title": "Usain Bolt, what a legend. You can tell a lot about a person from the way they treat support staff."
        },
        "ja": {
          "title": "ウサイン・ボルト、伝説の男だ。サポートスタッフへの接し方で、その人のことがよくわかります。"
        },
        "zh-Hans": {
          "title": "尤塞恩-博尔特，真是一个传奇。你可以从一个人对待支持人员的方式中看出很多东西。"
        },
        "zh-Hant": {
          "title": "尤塞恩-博爾特，真是一個傳奇。你可以從一個人對待支持人員的方式中看出很多東西。"
        }
      },
      "tags": [
        "nextfuckinglevel"
      ],
      "authors": [
        {
          "name": "N1GHT-MOON-UN1C0RN",
          "url": "https://old.reddit.com/user/N1GHT-MOON-UN1C0RN"
        }
      ],
      "_links": [
        {
          "url": "https://old.reddit.com/r/nextfuckinglevel/comments/nhlt87/usain_bolt_what_a_legend_you_can_tell_a_lot_about/",
          "name": "&uarr;125450 votes"
        }
      ],
      "image": "https://external-preview.redd.it/iorNyu9os8Lpk7RlWU_DQLNXa8OgvBI3Dg8V4U1Tcmc.png?width=960&crop=smart&format=pjpg&auto=webp&s=009a9c8d086248e4ef680af41c18a647fce31838",
      "_video": {
        "sources": [
          {
            "url": "https://v.redd.it/ubzsm6vi3f071/DASH_720.mp4?source=fallback"
          }
        ],
        "width": 720,
        "height": 720,
        "poster": "https://external-preview.redd.it/iorNyu9os8Lpk7RlWU_DQLNXa8OgvBI3Dg8V4U1Tcmc.png?width=960&crop=smart&format=pjpg&auto=webp&s=009a9c8d086248e4ef680af41c18a647fce31838"
      }
    },
    "2021_05_22_en_reddit_reddit__r--interestingasfuck--comments--nip04k--a_cow_escaped_from_a_polish_farm_and_was_spotted": {
      "id": "2021_05_22_en_reddit_reddit__r--interestingasfuck--comments--nip04k--a_cow_escaped_from_a_polish_farm_and_was_spotted",
      "url": "https://old.reddit.com/r/interestingasfuck/comments/nip04k/a_cow_escaped_from_a_polish_farm_and_was_spotted/",
      "date_published": "2021-05-23T00:42:08.000Z",
      "date_modified": "2021-05-23T00:42:08.000Z",
      "_original_published": "2021-05-22T18:35:31.000Z",
      "_original_language": "en",
      "_translations": {
        "en": {
          "title": "A Cow escaped from a Polish farm and was spotted months later living with a herd of wild bison."
        },
        "ja": {
          "title": "ポーランドの農場から逃げ出した牛が、数ヶ月後に野生のバイソンの群れと一緒に暮らしているところを目撃されました。"
        },
        "zh-Hans": {
          "title": "一头奶牛从波兰农场逃出，几个月后被发现与一群野生野牛生活在一起。"
        },
        "zh-Hant": {
          "title": "一頭奶牛從波蘭農場逃出，幾個月後被發現與一羣野生野牛生活在一起。"
        }
      },
      "tags": [
        "interestingasfuck"
      ],
      "authors": [
        {
          "name": "Successful_Donut_928",
          "url": "https://old.reddit.com/user/Successful_Donut_928"
        }
      ],
      "_links": [
        {
          "url": "https://old.reddit.com/r/interestingasfuck/comments/nip04k/a_cow_escaped_from_a_polish_farm_and_was_spotted/",
          "name": "&uarr;122380 votes"
        }
      ],
      "image": "https://preview.redd.it/qceik8vjup071.jpg?width=640&crop=smart&auto=webp&s=c7c7d01360c07068e824221b71f9911c7776f755"
    },
    "2021_05_21_en_reddit_reddit__r--mildlyinteresting--comments--nhuso5--our_electrician_left_all_of_the_screws_in_a": {
      "id": "2021_05_21_en_reddit_reddit__r--mildlyinteresting--comments--nhuso5--our_electrician_left_all_of_the_screws_in_a",
      "url": "https://old.reddit.com/r/mildlyinteresting/comments/nhuso5/our_electrician_left_all_of_the_screws_in_a/",
      "date_published": "2021-05-21T21:58:19.000Z",
      "date_modified": "2021-05-21T21:58:19.000Z",
      "_original_published": "2021-05-21T15:09:57.000Z",
      "_original_language": "en",
      "_translations": {
        "en": {
          "title": "Our electrician left all of the screws in a vertical position in our new kitchen"
        },
        "ja": {
          "title": "新しいキッチンでは、電気屋さんがすべてのネジを垂直にしておいてくれました。"
        },
        "zh-Hans": {
          "title": "我们的电工把所有的螺丝钉都留在了新厨房的垂直位置上。"
        },
        "zh-Hant": {
          "title": "我們的電工把所有的螺絲釘都留在了新廚房的垂直位置上。"
        }
      },
      "tags": [
        "mildlyinteresting"
      ],
      "authors": [
        {
          "name": "wobwobwob42",
          "url": "https://old.reddit.com/user/wobwobwob42"
        }
      ],
      "_links": [
        {
          "url": "https://old.reddit.com/r/mildlyinteresting/comments/nhuso5/our_electrician_left_all_of_the_screws_in_a/",
          "name": "&uarr;119433 votes"
        }
      ],
      "image": "https://external-preview.redd.it/6uNXg985nKR4tTm9ZohQ9lToIhCxr36ev-BvuCKlL6s.jpg?width=960&crop=smart&auto=webp&s=d28ac7b9e7755afeda6d74e0cf6c74d810e3fccf"
    },
    "2021_05_24_en_reddit_reddit__r--politics--comments--nk564e--sen_elizabeth_warren_wants_to_bar_members_of": {
      "id": "2021_05_24_en_reddit_reddit__r--politics--comments--nk564e--sen_elizabeth_warren_wants_to_bar_members_of",
      "url": "https://old.reddit.com/r/politics/comments/nk564e/sen_elizabeth_warren_wants_to_bar_members_of/",
      "date_published": "2021-05-25T01:52:37.000Z",
      "date_modified": "2021-05-25T01:52:37.000Z",
      "_original_published": "2021-05-24T18:48:42.000Z",
      "_original_language": "en",
      "_translations": {
        "en": {
          "title": "Sen. Elizabeth Warren wants to bar members of Congress from ever trading individual stocks again"
        },
        "ja": {
          "title": "エリザベス・ウォーレン上院議員は、議会のメンバーが再び個別株を取引することを禁止したいと考えています。"
        },
        "zh-Hans": {
          "title": "伊丽莎白-沃伦参议员想禁止国会议员再进行个人股票交易"
        },
        "zh-Hant": {
          "title": "伊麗莎白-沃倫參議員想禁止國會議員再進行個人股票交易"
        }
      },
      "tags": [
        "politics"
      ],
      "authors": [
        {
          "name": "mepper",
          "url": "https://old.reddit.com/user/mepper"
        }
      ],
      "_links": [
        {
          "url": "https://old.reddit.com/r/politics/comments/nk564e/sen_elizabeth_warren_wants_to_bar_members_of/",
          "name": "&uarr;118878 votes"
        }
      ],
      "image": "https://external-preview.redd.it/8qkw-kr1XI3yZwJApZI1pN87gslvLCZ5FY1wOYUKGUM.jpg?width=1080&crop=smart&auto=webp&s=a61549de66ac82013e3835569c7d64179708a210"
    },
    "2021_05_21_en_reddit_reddit__r--memes--comments--nhtrbc--super_intense": {
      "id": "2021_05_21_en_reddit_reddit__r--memes--comments--nhtrbc--super_intense",
      "url": "https://old.reddit.com/r/memes/comments/nhtrbc/super_intense/",
      "date_published": "2021-05-21T20:11:30.000Z",
      "date_modified": "2021-05-21T20:11:30.000Z",
      "_original_published": "2021-05-21T14:24:24.000Z",
      "_original_language": "en",
      "_translations": {
        "en": {
          "title": "Super Intense"
        },
        "ja": {
          "title": "スーパーインテンス"
        },
        "zh-Hans": {
          "title": "超强密集型"
        },
        "zh-Hant": {
          "title": "超強密集型"
        }
      },
      "tags": [
        "memes"
      ],
      "authors": [
        {
          "name": "King_Bumi_Of_Omashu",
          "url": "https://old.reddit.com/user/King_Bumi_Of_Omashu"
        }
      ],
      "_links": [
        {
          "url": "https://old.reddit.com/r/memes/comments/nhtrbc/super_intense/",
          "name": "&uarr;118708 votes"
        }
      ],
      "image": "https://preview.redd.it/xxaf8tfugh071.jpg?width=960&crop=smart&auto=webp&s=0202be5e504042834eb5f389a57ceb1984863a3f"
    },
    "2021_05_25_en_reddit_reddit__r--funny--comments--nkry4f--i_cancelled_a_call_midpresentation_bc_my_9yo_told": {
      "id": "2021_05_25_en_reddit_reddit__r--funny--comments--nkry4f--i_cancelled_a_call_midpresentation_bc_my_9yo_told",
      "url": "https://old.reddit.com/r/funny/comments/nkry4f/i_cancelled_a_call_midpresentation_bc_my_9yo_told/",
      "date_published": "2021-05-25T20:55:25.000Z",
      "date_modified": "2021-05-25T20:55:25.000Z",
      "_original_published": "2021-05-25T15:07:47.000Z",
      "_original_language": "en",
      "_translations": {
        "en": {
          "title": "I cancelled a call mid-presentation bc my 9yo told me water was running all over her bathroom floor…"
        },
        "ja": {
          "title": "プレゼンの途中で電話をキャンセルしたのは、9歳の子供がバスルームの床に水が流れていると言ったからです...。"
        },
        "zh-Hans": {
          "title": "我在演讲中取消了一个电话，因为我的9岁孩子告诉我，她的浴室地板上到处是水。"
        },
        "zh-Hant": {
          "title": "我在演講中取消了一個電話，因爲我的9歲孩子告訴我，她的浴室地板上到處是水。"
        }
      },
      "tags": [
        "funny"
      ],
      "authors": [
        {
          "name": "Mahhhbster27",
          "url": "https://old.reddit.com/user/Mahhhbster27"
        }
      ],
      "_links": [
        {
          "url": "https://old.reddit.com/r/funny/comments/nkry4f/i_cancelled_a_call_midpresentation_bc_my_9yo_told/",
          "name": "&uarr;118533 votes"
        }
      ],
      "image": "https://preview.redd.it/roa3zn988a171.jpg?width=1080&crop=smart&auto=webp&s=41e04004aded39d0cdecc310a618745144f26375"
    },
    "2021_05_22_en_reddit_reddit__r--HolUp--comments--nimh1q--gordont": {
      "id": "2021_05_22_en_reddit_reddit__r--HolUp--comments--nimh1q--gordont",
      "url": "https://old.reddit.com/r/HolUp/comments/nimh1q/gordont/",
      "date_published": "2021-05-22T22:50:59.000Z",
      "date_modified": "2021-05-22T22:50:59.000Z",
      "_original_published": "2021-05-22T16:35:52.000Z",
      "_original_language": "en",
      "_translations": {
        "en": {
          "title": "Gordon’t"
        },
        "ja": {
          "title": "ゴードンは"
        },
        "zh-Hans": {
          "title": "戈登不"
        },
        "zh-Hant": {
          "title": "戈登不"
        }
      },
      "tags": [
        "HolUp"
      ],
      "authors": [
        {
          "name": "ProdigalSurgeon",
          "url": "https://old.reddit.com/user/ProdigalSurgeon"
        }
      ],
      "_links": [
        {
          "url": "https://old.reddit.com/r/HolUp/comments/nimh1q/gordont/",
          "name": "&uarr;118063 votes"
        }
      ],
      "image": "https://preview.redd.it/orn8k6e79p071.jpg?width=640&crop=smart&auto=webp&s=e45ecb97aa72abb967e03702e74de51405ef076c"
    },
    "2021_05_27_en_reddit_reddit__r--nextfuckinglevel--comments--nm8z5a--lonely_fan_was_the_only_fan_at_his_teams_stadium": {
      "id": "2021_05_27_en_reddit_reddit__r--nextfuckinglevel--comments--nm8z5a--lonely_fan_was_the_only_fan_at_his_teams_stadium",
      "url": "https://old.reddit.com/r/nextfuckinglevel/comments/nm8z5a/lonely_fan_was_the_only_fan_at_his_teams_stadium/",
      "date_published": "2021-05-27T20:52:12.000Z",
      "date_modified": "2021-05-27T20:52:12.000Z",
      "_original_published": "2021-05-27T14:41:47.000Z",
      "_original_language": "en",
      "_translations": {
        "en": {
          "title": "\"Lonely fan\" was the only fan at his team's stadium in a game in 2012. In 2014 he became the club president and in 2020 they've won the FGF cup and classified for Copa do Brasil for the first time in the history of the club"
        },
        "ja": {
          "title": "\"Lonely fan \"は、2012年の試合で、自チームのスタジアムにいた唯一のファンだった。2014年にはクラブ会長に就任し、2020年にはFGFカップを制覇し、クラブ史上初めてコパ・ド・ブラジルに分類されました"
        },
        "zh-Hans": {
          "title": "在2012年的一场比赛中，\"孤独的球迷 \"是他所在球队球场的唯一球迷。2014年，他成为俱乐部主席，2020年，他们赢得了FGF杯，并在俱乐部历史上首次入围巴西杯。"
        },
        "zh-Hant": {
          "title": "在2012年的一場比賽中，\"孤獨的球迷 \"是他所在球隊球場的唯一球迷。2014年，他成爲俱樂部主席，2020年，他們贏得了FGF杯，並在俱樂部歷史上首次入圍巴西杯。"
        }
      },
      "tags": [
        "nextfuckinglevel"
      ],
      "authors": [
        {
          "name": "the-bill-cipher",
          "url": "https://old.reddit.com/user/the-bill-cipher"
        }
      ],
      "_links": [
        {
          "url": "https://old.reddit.com/r/nextfuckinglevel/comments/nm8z5a/lonely_fan_was_the_only_fan_at_his_teams_stadium/",
          "name": "&uarr;118952 votes"
        }
      ],
      "image": "https://preview.redd.it/2ju6eaf8do171.png?width=1080&crop=smart&auto=webp&s=404652f828c96794838ad966d24735ec605bee69"
    },
    "2021_05_24_en_reddit_reddit__r--memes--comments--njyw76--and_we_thought_we_had_seen_it_all": {
      "id": "2021_05_24_en_reddit_reddit__r--memes--comments--njyw76--and_we_thought_we_had_seen_it_all",
      "url": "https://old.reddit.com/r/memes/comments/njyw76/and_we_thought_we_had_seen_it_all/",
      "date_published": "2021-05-24T20:32:19.000Z",
      "date_modified": "2021-05-24T20:32:19.000Z",
      "_original_published": "2021-05-24T14:12:08.000Z",
      "_original_language": "en",
      "_translations": {
        "en": {
          "title": "And we thought we had seen it all..."
        },
        "ja": {
          "title": "そして、私たちはすべてを見たと思っていた...。"
        },
        "zh-Hans": {
          "title": "我们以为我们已经看到了这一切......。"
        },
        "zh-Hant": {
          "title": "我們以爲我們已經看到了這一切......。"
        }
      },
      "tags": [
        "memes"
      ],
      "authors": [
        {
          "name": "sohamrockz",
          "url": "https://old.reddit.com/user/sohamrockz"
        }
      ],
      "_links": [
        {
          "url": "https://old.reddit.com/r/memes/comments/njyw76/and_we_thought_we_had_seen_it_all/",
          "name": "&uarr;115471 votes"
        }
      ],
      "image": "https://preview.redd.it/dd0h9nqdt2171.jpg?width=1080&crop=smart&auto=webp&s=fa65ab7b31e24bc81a21403348c5e12914973144"
    },
    "2021_05_22_en_reddit_reddit__r--Unexpected--comments--niks4i--better_luck_next_time": {
      "id": "2021_05_22_en_reddit_reddit__r--Unexpected--comments--niks4i--better_luck_next_time",
      "url": "https://old.reddit.com/r/Unexpected/comments/niks4i/better_luck_next_time/",
      "date_published": "2021-05-22T22:27:56.000Z",
      "date_modified": "2021-05-22T22:27:56.000Z",
      "_original_published": "2021-05-22T15:15:17.000Z",
      "_original_language": "en",
      "_translations": {
        "en": {
          "title": "Better luck next time"
        },
        "ja": {
          "title": "次はもっと頑張ってください。"
        },
        "zh-Hans": {
          "title": "下次运气会更好"
        },
        "zh-Hant": {
          "title": "下次運氣會更好"
        }
      },
      "tags": [
        "Unexpected"
      ],
      "authors": [
        {
          "name": "-xHanix-",
          "url": "https://old.reddit.com/user/-xHanix-"
        }
      ],
      "_links": [
        {
          "url": "https://old.reddit.com/r/Unexpected/comments/niks4i/better_luck_next_time/",
          "name": "&uarr;111851 votes"
        }
      ],
      "image": "https://external-preview.redd.it/7rYBGy1_MrCe-7q8qK0WN_Ke6pJFyB4CnnMleGG00Z0.png?width=320&crop=smart&format=pjpg&auto=webp&s=7474272d860226e67abe2a2703e77500712ed09d",
      "_video": {
        "sources": [
          {
            "url": "https://v.redd.it/2kzz13fruo071/DASH_720.mp4?source=fallback"
          }
        ],
        "width": 404,
        "height": 720,
        "poster": "https://external-preview.redd.it/7rYBGy1_MrCe-7q8qK0WN_Ke6pJFyB4CnnMleGG00Z0.png?width=320&crop=smart&format=pjpg&auto=webp&s=7474272d860226e67abe2a2703e77500712ed09d"
      }
    }
  }
}
