{
  "items": {
    "2022_03_28_en_reddit_reddit__r--oddlysatisfying--comments--tqgxwj--almost_seedless_mango_mahachanok_from_thailand": {
      "id": "2022_03_28_en_reddit_reddit__r--oddlysatisfying--comments--tqgxwj--almost_seedless_mango_mahachanok_from_thailand",
      "url": "https://old.reddit.com/r/oddlysatisfying/comments/tqgxwj/almost_seedless_mango_mahachanok_from_thailand/",
      "date_published": "2022-03-29T02:49:31.000Z",
      "date_modified": "2022-03-29T02:49:31.000Z",
      "_original_published": "2022-03-28T19:16:07.000Z",
      "_original_language": "en",
      "_translations": {
        "en": {
          "title": "Almost seedless mango (Mahachanok from Thailand)"
        },
        "ja": {
          "title": "ほぼ種無しマンゴー（タイ産マハチャノック）"
        },
        "zh-Hans": {
          "title": "几乎无籽的芒果（泰国的Mahachanok）。"
        },
        "zh-Hant": {
          "title": "幾乎無籽的芒果（泰國的Mahachanok）。"
        }
      },
      "tags": [
        "oddlysatisfying"
      ],
      "authors": [
        {
          "name": "SinjiOnO",
          "url": "https://old.reddit.com/user/SinjiOnO"
        }
      ],
      "_links": [
        {
          "url": "https://old.reddit.com/r/oddlysatisfying/comments/tqgxwj/almost_seedless_mango_mahachanok_from_thailand/",
          "name": "&uarr;83005 votes"
        }
      ],
      "image": "https://external-preview.redd.it/fwRZcKaJYI5kK2Yir8eqo4zUJj9KDxsGSordztjnQT8.jpg?width=320&amp;crop=smart&amp;format=pjpg&amp;auto=webp&amp;s=0e77475e03edb13af5290932b0c667194260fc2d",
      "_video": {
        "sources": [
          {
            "url": "https://v.redd.it/s1unyfkdc6q81/DASH_720.mp4?source=fallback"
          }
        ],
        "width": 405,
        "height": 720,
        "poster": "https://external-preview.redd.it/fwRZcKaJYI5kK2Yir8eqo4zUJj9KDxsGSordztjnQT8.jpg?width=320&amp;crop=smart&amp;format=pjpg&amp;auto=webp&amp;s=0e77475e03edb13af5290932b0c667194260fc2d"
      }
    },
    "2022_03_25_en_reddit_reddit__r--MadeMeSmile--comments--tnz2cf--ukranian_defender_reuniting_with_his_wife_for_a": {
      "id": "2022_03_25_en_reddit_reddit__r--MadeMeSmile--comments--tnz2cf--ukranian_defender_reuniting_with_his_wife_for_a",
      "url": "https://old.reddit.com/r/MadeMeSmile/comments/tnz2cf/ukranian_defender_reuniting_with_his_wife_for_a/",
      "date_published": "2022-03-26T02:42:24.000Z",
      "date_modified": "2022-03-26T02:42:24.000Z",
      "_original_published": "2022-03-25T21:03:59.000Z",
      "_original_language": "en",
      "_translations": {
        "en": {
          "title": "Ukranian defender reuniting with his wife for a precious minute"
        },
        "ja": {
          "title": "妻と貴重な再会を果たしたウクライナのDF"
        },
        "zh-Hans": {
          "title": "乌克兰后卫与妻子团聚的宝贵时间"
        },
        "zh-Hant": {
          "title": "烏克蘭後衛與妻子團聚的寶貴時間"
        }
      },
      "tags": [
        "MadeMeSmile"
      ],
      "authors": [
        {
          "name": "-martinique-",
          "url": "https://old.reddit.com/user/-martinique-"
        }
      ],
      "_links": [
        {
          "url": "https://old.reddit.com/r/MadeMeSmile/comments/tnz2cf/ukranian_defender_reuniting_with_his_wife_for_a/",
          "name": "&uarr;82466 votes"
        }
      ],
      "image": "https://external-preview.redd.it/qWGUhH_BCMDoWqfH_vN9sT0K_ABlkKidGmuXvvXOHEU.png?width=640&amp;crop=smart&amp;format=pjpg&amp;auto=webp&amp;s=61b0fa2d5f6fddd690fe7e84af85ad24e98110ad",
      "_video": {
        "sources": [
          {
            "url": "https://v.redd.it/zpnhwyrnglp81/DASH_720.mp4?source=fallback"
          }
        ],
        "width": 652,
        "height": 720,
        "poster": "https://external-preview.redd.it/qWGUhH_BCMDoWqfH_vN9sT0K_ABlkKidGmuXvvXOHEU.png?width=640&amp;crop=smart&amp;format=pjpg&amp;auto=webp&amp;s=61b0fa2d5f6fddd690fe7e84af85ad24e98110ad"
      }
    },
    "2022_03_28_en_reddit_reddit__r--HolUp--comments--tq0mhk--will_smith_slaps_chris_rock_at_the_oscars_full": {
      "id": "2022_03_28_en_reddit_reddit__r--HolUp--comments--tq0mhk--will_smith_slaps_chris_rock_at_the_oscars_full",
      "url": "https://old.reddit.com/r/HolUp/comments/tq0mhk/will_smith_slaps_chris_rock_at_the_oscars_full/",
      "date_published": "2022-03-28T11:07:35.000Z",
      "date_modified": "2022-03-28T11:07:35.000Z",
      "_original_published": "2022-03-28T03:54:04.000Z",
      "_original_language": "en",
      "_translations": {
        "en": {
          "title": "Will Smith slaps Chris Rock at the Oscars - Full Uncensored Version"
        },
        "ja": {
          "title": "ウィル・スミス、アカデミー賞でクリス・ロックをビンタ - 完全ノーカット版"
        },
        "zh-Hans": {
          "title": "威尔-史密斯在奥斯卡颁奖典礼上掌掴克里斯-洛克--完整的无删减版本"
        },
        "zh-Hant": {
          "title": "威爾-史密斯在奧斯卡頒獎典禮上掌摑克里斯-洛克--完整的無刪減版本"
        }
      },
      "tags": [
        "HolUp"
      ],
      "authors": [
        {
          "name": "ZiggyBlunt",
          "url": "https://old.reddit.com/user/ZiggyBlunt"
        }
      ],
      "_links": [
        {
          "url": "https://old.reddit.com/r/HolUp/comments/tq0mhk/will_smith_slaps_chris_rock_at_the_oscars_full/",
          "name": "&uarr;81594 votes"
        }
      ],
      "image": "https://external-preview.redd.it/8xFhQcyEy6doNrKcmnZnupfjjT72uc7Wvb8za6px730.png?width=640&amp;crop=smart&amp;format=pjpg&amp;auto=webp&amp;s=28d2466cde2647246dae15c97ad5655240763f64",
      "_video": {
        "sources": [
          {
            "url": "https://v.redd.it/g45o9p5tr1q81/DASH_360.mp4?source=fallback"
          }
        ],
        "width": 639,
        "height": 360,
        "poster": "https://external-preview.redd.it/8xFhQcyEy6doNrKcmnZnupfjjT72uc7Wvb8za6px730.png?width=640&amp;crop=smart&amp;format=pjpg&amp;auto=webp&amp;s=28d2466cde2647246dae15c97ad5655240763f64"
      }
    },
    "2022_03_28_en_reddit_reddit__r--MadeMeSmile--comments--tqkssv--raised_right": {
      "id": "2022_03_28_en_reddit_reddit__r--MadeMeSmile--comments--tqkssv--raised_right",
      "url": "https://old.reddit.com/r/MadeMeSmile/comments/tqkssv/raised_right/",
      "date_published": "2022-03-29T07:17:08.000Z",
      "date_modified": "2022-03-29T07:17:08.000Z",
      "_original_published": "2022-03-28T22:15:04.000Z",
      "_original_language": "en",
      "_translations": {
        "en": {
          "title": "raised right"
        },
        "ja": {
          "title": "右上がり"
        },
        "zh-Hans": {
          "title": "向右转"
        },
        "zh-Hant": {
          "title": "向右轉"
        }
      },
      "tags": [
        "MadeMeSmile"
      ],
      "authors": [
        {
          "name": "siempremajima",
          "url": "https://old.reddit.com/user/siempremajima"
        }
      ],
      "_links": [
        {
          "url": "https://old.reddit.com/r/MadeMeSmile/comments/tqkssv/raised_right/",
          "name": "&uarr;80395 votes"
        }
      ],
      "image": "https://preview.redd.it/etcj3gf887q81.jpg?width=640&amp;crop=smart&amp;auto=webp&amp;s=d7bb57901e195ff5bbbe3b39e29abb6f90e649ea"
    },
    "2022_03_28_en_reddit_reddit__r--Showerthoughts--comments--tq9o1b--the_clip_of_will_smith_already_has_more_views": {
      "id": "2022_03_28_en_reddit_reddit__r--Showerthoughts--comments--tq9o1b--the_clip_of_will_smith_already_has_more_views",
      "url": "https://old.reddit.com/r/Showerthoughts/comments/tq9o1b/the_clip_of_will_smith_already_has_more_views/",
      "date_published": "2022-03-29T02:49:31.000Z",
      "date_modified": "2022-03-29T02:49:31.000Z",
      "_original_published": "2022-03-28T13:46:14.000Z",
      "_original_language": "en",
      "_translations": {
        "en": {
          "title": "the clip of Will Smith already has more views than the film he won an Oscar for ever will"
        },
        "ja": {
          "title": "ウィル・スミスのクリップは、彼がオスカーを受賞した映画よりも、すでに多くのビューを獲得しています。"
        },
        "zh-Hans": {
          "title": "威尔-史密斯的剪辑已经比他获得奥斯卡奖的电影有更多的浏览量。"
        },
        "zh-Hant": {
          "title": "威爾-史密斯的剪輯已經比他獲得奧斯卡獎的電影有更多的瀏覽量。"
        }
      },
      "tags": [
        "Showerthoughts"
      ],
      "authors": [
        {
          "name": "RadRightHand",
          "url": "https://old.reddit.com/user/RadRightHand"
        }
      ],
      "_links": [
        {
          "url": "https://old.reddit.com/r/Showerthoughts/comments/tq9o1b/the_clip_of_will_smith_already_has_more_views/",
          "name": "&uarr;80196 votes"
        }
      ]
    },
    "2022_03_29_en_reddit_reddit__r--FunnyAnimals--comments--tr1qa1--you_are_not_supposed_to_be_in_here": {
      "id": "2022_03_29_en_reddit_reddit__r--FunnyAnimals--comments--tr1qa1--you_are_not_supposed_to_be_in_here",
      "url": "https://old.reddit.com/r/FunnyAnimals/comments/tr1qa1/you_are_not_supposed_to_be_in_here/",
      "date_published": "2022-03-30T02:18:35.000Z",
      "date_modified": "2022-03-30T02:18:35.000Z",
      "_original_published": "2022-03-29T14:42:39.000Z",
      "_original_language": "en",
      "_translations": {
        "en": {
          "title": "“You are NOT supposed to be in here 😠😂"
        },
        "ja": {
          "title": "\"あなたはここにいてはいけない\"😠😂。"
        },
        "zh-Hans": {
          "title": "\"你不应该在这里 😠😂"
        },
        "zh-Hant": {
          "title": "\"你不應該在這裏 😠😂"
        }
      },
      "tags": [
        "FunnyAnimals"
      ],
      "authors": [
        {
          "name": "Masquerade669",
          "url": "https://old.reddit.com/user/Masquerade669"
        }
      ],
      "_links": [
        {
          "url": "https://old.reddit.com/r/FunnyAnimals/comments/tr1qa1/you_are_not_supposed_to_be_in_here/",
          "name": "&uarr;79153 votes"
        }
      ],
      "image": "https://external-preview.redd.it/tYhtH2qmouLBZm-LcYuwS94C_1ASn74TSMDxOWucrCY.png?width=320&amp;crop=smart&amp;format=pjpg&amp;auto=webp&amp;s=9ff77f26f24682f8ef21a38c9e79fc54e265e43f",
      "_video": {
        "sources": [
          {
            "url": "https://v.redd.it/qmncrbre4cq81/DASH_480.mp4?source=fallback"
          }
        ],
        "width": 270,
        "height": 480,
        "poster": "https://external-preview.redd.it/tYhtH2qmouLBZm-LcYuwS94C_1ASn74TSMDxOWucrCY.png?width=320&amp;crop=smart&amp;format=pjpg&amp;auto=webp&amp;s=9ff77f26f24682f8ef21a38c9e79fc54e265e43f"
      }
    },
    "2022_03_28_en_reddit_reddit__r--nextfuckinglevel--comments--tqfkbi--man_wins_porsche_with_a_hole_in_one": {
      "id": "2022_03_28_en_reddit_reddit__r--nextfuckinglevel--comments--tqfkbi--man_wins_porsche_with_a_hole_in_one",
      "url": "https://old.reddit.com/r/nextfuckinglevel/comments/tqfkbi/man_wins_porsche_with_a_hole_in_one/",
      "date_published": "2022-03-28T23:10:38.000Z",
      "date_modified": "2022-03-28T23:10:38.000Z",
      "_original_published": "2022-03-28T18:14:19.000Z",
      "_original_language": "en",
      "_translations": {
        "en": {
          "title": "Man wins Porsche with a hole in one"
        },
        "ja": {
          "title": "ホールインワンでポルシェを手に入れた男性"
        },
        "zh-Hans": {
          "title": "男子一杆进洞赢得保时捷"
        },
        "zh-Hant": {
          "title": "男子一桿進洞贏得保時捷"
        }
      },
      "tags": [
        "nextfuckinglevel"
      ],
      "authors": [
        {
          "name": "dump_acc_91",
          "url": "https://old.reddit.com/user/dump_acc_91"
        }
      ],
      "_links": [
        {
          "url": "https://old.reddit.com/r/nextfuckinglevel/comments/tqfkbi/man_wins_porsche_with_a_hole_in_one/",
          "name": "&uarr;78502 votes"
        }
      ],
      "image": "https://external-preview.redd.it/T6gv6p9-SrKeXRHwMMJQ2TkmesgKSW-xe-YP4f4-LBQ.png?width=640&amp;crop=smart&amp;format=pjpg&amp;auto=webp&amp;s=a5fab5a37d1e27b817eebac7b148d73dc92bdb5c",
      "_video": {
        "sources": [
          {
            "url": "https://v.redd.it/vdhm7b8416q81/DASH_360.mp4?source=fallback"
          }
        ],
        "width": 640,
        "height": 360,
        "poster": "https://external-preview.redd.it/T6gv6p9-SrKeXRHwMMJQ2TkmesgKSW-xe-YP4f4-LBQ.png?width=640&amp;crop=smart&amp;format=pjpg&amp;auto=webp&amp;s=a5fab5a37d1e27b817eebac7b148d73dc92bdb5c"
      }
    },
    "2022_03_29_en_reddit_reddit__r--interestingasfuck--comments--tqvlh4--strawberry_goodie_in_japan": {
      "id": "2022_03_29_en_reddit_reddit__r--interestingasfuck--comments--tqvlh4--strawberry_goodie_in_japan",
      "url": "https://old.reddit.com/r/interestingasfuck/comments/tqvlh4/strawberry_goodie_in_japan/",
      "date_published": "2022-03-29T15:40:30.000Z",
      "date_modified": "2022-03-29T15:40:30.000Z",
      "_original_published": "2022-03-29T09:04:13.000Z",
      "_original_language": "en",
      "_translations": {
        "en": {
          "title": "Strawberry goodie in Japan"
        },
        "ja": {
          "title": "日本でのイチゴのおみやげ"
        },
        "zh-Hans": {
          "title": "日本的草莓好物"
        },
        "zh-Hant": {
          "title": "日本的草莓好物"
        }
      },
      "tags": [
        "interestingasfuck"
      ],
      "authors": [
        {
          "name": "bocahtuanakal999",
          "url": "https://old.reddit.com/user/bocahtuanakal999"
        }
      ],
      "_links": [
        {
          "url": "https://old.reddit.com/r/interestingasfuck/comments/tqvlh4/strawberry_goodie_in_japan/",
          "name": "&uarr;78469 votes"
        }
      ],
      "image": "https://external-preview.redd.it/kiEqveUKDDNeujuULFK4uDNyGeTWwNaJ1L25qYde0jk.png?width=320&amp;crop=smart&amp;format=pjpg&amp;auto=webp&amp;s=5f34f10d3a93381677ff166e8bd079edbed29af8",
      "_video": {
        "sources": [
          {
            "url": "https://v.redd.it/9sbvfwt1gaq81/DASH_360.mp4?source=fallback"
          }
        ],
        "width": 350,
        "height": 360,
        "poster": "https://external-preview.redd.it/kiEqveUKDDNeujuULFK4uDNyGeTWwNaJ1L25qYde0jk.png?width=320&amp;crop=smart&amp;format=pjpg&amp;auto=webp&amp;s=5f34f10d3a93381677ff166e8bd079edbed29af8"
      }
    },
    "2022_03_27_en_reddit_reddit__r--nextfuckinglevel--comments--tpgm4h--tiger_saves_man_from_a_leopard_attack": {
      "id": "2022_03_27_en_reddit_reddit__r--nextfuckinglevel--comments--tpgm4h--tiger_saves_man_from_a_leopard_attack",
      "url": "https://old.reddit.com/r/nextfuckinglevel/comments/tpgm4h/tiger_saves_man_from_a_leopard_attack/",
      "date_published": "2022-03-27T16:55:54.000Z",
      "date_modified": "2022-03-27T16:55:54.000Z",
      "_original_published": "2022-03-27T09:43:24.000Z",
      "_original_language": "en",
      "_translations": {
        "en": {
          "title": "Tiger saves man from a leopard attack"
        },
        "ja": {
          "title": "虎がヒョウに襲われた男性を救う"
        },
        "zh-Hans": {
          "title": "老虎在豹子的攻击下救了人"
        },
        "zh-Hant": {
          "title": "老虎在豹子的攻擊下救了人"
        }
      },
      "tags": [
        "nextfuckinglevel"
      ],
      "authors": [
        {
          "name": "dump_acc_91",
          "url": "https://old.reddit.com/user/dump_acc_91"
        }
      ],
      "_links": [
        {
          "url": "https://old.reddit.com/r/nextfuckinglevel/comments/tpgm4h/tiger_saves_man_from_a_leopard_attack/",
          "name": "&uarr;78444 votes"
        }
      ],
      "image": "https://external-preview.redd.it/NYEHFwEgq0EDh6c9LCHO9FJVNTyViAJ4NzQKzh0hvrI.png?width=1080&amp;crop=smart&amp;format=pjpg&amp;auto=webp&amp;s=4d6b278e7cf76b8f9f9715b9003a7a6bee4c3efa",
      "_video": {
        "sources": [
          {
            "url": "https://v.redd.it/fgnnpsq9dwp81/DASH_720.mp4?source=fallback"
          }
        ],
        "width": 1280,
        "height": 720,
        "poster": "https://external-preview.redd.it/NYEHFwEgq0EDh6c9LCHO9FJVNTyViAJ4NzQKzh0hvrI.png?width=1080&amp;crop=smart&amp;format=pjpg&amp;auto=webp&amp;s=4d6b278e7cf76b8f9f9715b9003a7a6bee4c3efa"
      }
    },
    "2022_03_30_en_reddit_reddit__r--meirl--comments--tskaf0--meirl": {
      "id": "2022_03_30_en_reddit_reddit__r--meirl--comments--tskaf0--meirl",
      "url": "https://old.reddit.com/r/meirl/comments/tskaf0/meirl/",
      "date_published": "2022-03-31T03:38:30.000Z",
      "date_modified": "2022-03-31T03:38:30.000Z",
      "_original_published": "2022-03-30T21:53:29.000Z",
      "_original_language": "en",
      "_translations": {
        "en": {
          "title": "meirl"
        },
        "ja": {
          "title": "ミール"
        },
        "zh-Hans": {
          "title": "我的女孩"
        },
        "zh-Hant": {
          "title": "我的女孩"
        }
      },
      "tags": [
        "meirl"
      ],
      "authors": [
        {
          "name": "whitemike40",
          "url": "https://old.reddit.com/user/whitemike40"
        }
      ],
      "_links": [
        {
          "url": "https://old.reddit.com/r/meirl/comments/tskaf0/meirl/",
          "name": "&uarr;78143 votes"
        }
      ],
      "image": "https://preview.redd.it/49f1by7aelq81.jpg?width=1080&amp;crop=smart&amp;auto=webp&amp;s=16752fb85060dcd5ad76ab8167494d4dcc5a9cdd"
    },
    "2022_03_31_en_reddit_reddit__r--memes--comments--tso3wn--no_wonder_he_became_an_actor": {
      "id": "2022_03_31_en_reddit_reddit__r--memes--comments--tso3wn--no_wonder_he_became_an_actor",
      "url": "https://old.reddit.com/r/memes/comments/tso3wn/no_wonder_he_became_an_actor/",
      "date_published": "2022-03-31T07:30:37.000Z",
      "date_modified": "2022-03-31T07:30:37.000Z",
      "_original_published": "2022-03-31T01:06:14.000Z",
      "_original_language": "en",
      "_translations": {
        "en": {
          "title": "No wonder he became an actor"
        },
        "ja": {
          "title": "役者になったのもうなずける"
        },
        "zh-Hans": {
          "title": "难怪他成为一名演员"
        },
        "zh-Hant": {
          "title": "難怪他成爲一名演員"
        }
      },
      "tags": [
        "memes"
      ],
      "authors": [
        {
          "name": "akebomba",
          "url": "https://old.reddit.com/user/akebomba"
        }
      ],
      "_links": [
        {
          "url": "https://old.reddit.com/r/memes/comments/tso3wn/no_wonder_he_became_an_actor/",
          "name": "&uarr;77585 votes"
        }
      ],
      "image": "https://preview.redd.it/zycuveqncmq81.gif?width=320&amp;crop=smart&amp;format=png8&amp;s=c82533443042239532cb077f0f37c60b5176b396",
      "_video": {
        "sources": [
          {
            "url": "https://preview.redd.it/zycuveqncmq81.gif?format=mp4&amp;s=6ddd6305caceb1c5d9dc0978cfba0fafc5ffb247"
          }
        ],
        "width": 396,
        "height": 449,
        "poster": "https://preview.redd.it/zycuveqncmq81.gif?width=320&amp;crop=smart&amp;format=png8&amp;s=c82533443042239532cb077f0f37c60b5176b396"
      }
    },
    "2022_03_27_en_reddit_reddit__r--youseeingthisshit--comments--tpqbb3--it_worked": {
      "id": "2022_03_27_en_reddit_reddit__r--youseeingthisshit--comments--tpqbb3--it_worked",
      "url": "https://old.reddit.com/r/youseeingthisshit/comments/tpqbb3/it_worked/",
      "date_published": "2022-03-28T00:14:43.000Z",
      "date_modified": "2022-03-28T00:14:43.000Z",
      "_original_published": "2022-03-27T18:47:44.000Z",
      "_original_language": "en",
      "_translations": {
        "en": {
          "title": "It worked??"
        },
        "ja": {
          "title": "うまくいったのか？"
        },
        "zh-Hans": {
          "title": "它起作用了吗？"
        },
        "zh-Hant": {
          "title": "它起作用了嗎？"
        }
      },
      "tags": [
        "youseeingthisshit"
      ],
      "authors": [
        {
          "name": "miguelabduarte",
          "url": "https://old.reddit.com/user/miguelabduarte"
        }
      ],
      "_links": [
        {
          "url": "https://old.reddit.com/r/youseeingthisshit/comments/tpqbb3/it_worked/",
          "name": "&uarr;77543 votes"
        }
      ],
      "image": "https://external-preview.redd.it/YXAhafB5CkrTvVcU3hQ8y3O3QR4MHC6BQ-Y9xYtOabA.png?width=1080&amp;crop=smart&amp;format=pjpg&amp;auto=webp&amp;s=9a0527f2ad09312d53fd49fa5661238f9b38b8e1",
      "_video": {
        "sources": [
          {
            "url": "https://v.redd.it/grcexzca2zp81/DASH_1080.mp4?source=fallback"
          }
        ],
        "width": 862,
        "height": 1080,
        "poster": "https://external-preview.redd.it/YXAhafB5CkrTvVcU3hQ8y3O3QR4MHC6BQ-Y9xYtOabA.png?width=1080&amp;crop=smart&amp;format=pjpg&amp;auto=webp&amp;s=9a0527f2ad09312d53fd49fa5661238f9b38b8e1"
      }
    },
    "2022_03_31_en_reddit_reddit__r--worldnews--comments--tt3005--zelenskyy_says_horrors_of_russian_invasion_could": {
      "id": "2022_03_31_en_reddit_reddit__r--worldnews--comments--tt3005--zelenskyy_says_horrors_of_russian_invasion_could",
      "url": "https://old.reddit.com/r/worldnews/comments/tt3005/zelenskyy_says_horrors_of_russian_invasion_could/",
      "date_published": "2022-03-31T21:45:58.000Z",
      "date_modified": "2022-03-31T21:45:58.000Z",
      "_original_published": "2022-03-31T16:00:48.000Z",
      "_original_language": "en",
      "_translations": {
        "en": {
          "title": "Zelenskyy says 'horrors' of Russian invasion could have been avoided if world leaders had punished Putin's annexation of Crimea in 2014"
        },
        "ja": {
          "title": "ゼレンスキーは、2014年に世界の指導者がプーチンのクリミア併合を罰していれば、ロシアの侵略の「恐怖」は避けられたと述べています。"
        },
        "zh-Hans": {
          "title": "泽伦斯基说，如果世界领导人在2014年惩罚普京吞并克里米亚的行为，俄罗斯入侵的 \"恐怖 \"是可以避免的。"
        },
        "zh-Hant": {
          "title": "澤倫斯基說，如果世界領導人在2014年懲罰普京吞併克里米亞的行爲，俄羅斯入侵的 \"恐怖 \"是可以避免的。"
        }
      },
      "tags": [
        "worldnews"
      ],
      "authors": [
        {
          "name": "mryoends",
          "url": "https://old.reddit.com/user/mryoends"
        }
      ],
      "_links": [
        {
          "url": "https://old.reddit.com/r/worldnews/comments/tt3005/zelenskyy_says_horrors_of_russian_invasion_could/",
          "name": "&uarr;77408 votes"
        }
      ],
      "image": "https://external-preview.redd.it/uWl8CcFDio-_UPNnPTBoj2KYqXcDSLpwGspiprKDXvc.jpg?width=1080&amp;crop=smart&amp;auto=webp&amp;s=e28c5c26e0abb0db349cd6755fcaca646843ae06"
    },
    "2022_03_28_en_reddit_reddit__r--antiwork--comments--tqcy2o--at_a_certain_point_it_all_just_feels_like_a": {
      "id": "2022_03_28_en_reddit_reddit__r--antiwork--comments--tqcy2o--at_a_certain_point_it_all_just_feels_like_a",
      "url": "https://old.reddit.com/r/antiwork/comments/tqcy2o/at_a_certain_point_it_all_just_feels_like_a/",
      "date_published": "2022-03-29T01:26:51.000Z",
      "date_modified": "2022-03-29T01:26:51.000Z",
      "_original_published": "2022-03-28T16:18:12.000Z",
      "_original_language": "en",
      "_translations": {
        "en": {
          "title": "At a certain point it all just feels like a constant distraction"
        },
        "ja": {
          "title": "ある時点から、すべてが常に気が散っているように感じられるようになりました。"
        },
        "zh-Hans": {
          "title": "在某种程度上，这一切都让人觉得是一种持续的分心。"
        },
        "zh-Hant": {
          "title": "在某種程度上，這一切都讓人覺得是一種持續的分心。"
        }
      },
      "tags": [
        "antiwork"
      ],
      "authors": [
        {
          "name": "Testacc88",
          "url": "https://old.reddit.com/user/Testacc88"
        }
      ],
      "_links": [
        {
          "url": "https://old.reddit.com/r/antiwork/comments/tqcy2o/at_a_certain_point_it_all_just_feels_like_a/",
          "name": "&uarr;77388 votes"
        }
      ],
      "image": "https://preview.redd.it/yrm4kjdkg5q81.jpg?width=640&amp;crop=smart&amp;auto=webp&amp;s=2c6526b2137691b6cfa47266f6fe2b7e04626644"
    },
    "2022_03_30_en_reddit_reddit__r--MadeMeSmile--comments--ts55k4--i_am_umiraclman31_and_i_can_finally_stand_with_no": {
      "id": "2022_03_30_en_reddit_reddit__r--MadeMeSmile--comments--ts55k4--i_am_umiraclman31_and_i_can_finally_stand_with_no",
      "url": "https://old.reddit.com/r/MadeMeSmile/comments/ts55k4/i_am_umiraclman31_and_i_can_finally_stand_with_no/",
      "date_published": "2022-03-30T16:52:34.000Z",
      "date_modified": "2022-03-30T16:52:34.000Z",
      "_original_published": "2022-03-30T12:18:59.000Z",
      "_original_language": "en",
      "_translations": {
        "en": {
          "title": "I am u/miraclman31 and I can finally stand with no hands"
        },
        "ja": {
          "title": "私はu/miraclman31で、ようやく手ぶらで立てるようになりました。"
        },
        "zh-Hans": {
          "title": "我是u/miraclman31，我终于可以不用手站立了。"
        },
        "zh-Hant": {
          "title": "我是u/miraclman31，我終於可以不用手站立了。"
        }
      },
      "tags": [
        "MadeMeSmile"
      ],
      "authors": [
        {
          "name": "miraclman31",
          "url": "https://old.reddit.com/user/miraclman31"
        }
      ],
      "_links": [
        {
          "url": "https://old.reddit.com/r/MadeMeSmile/comments/ts55k4/i_am_umiraclman31_and_i_can_finally_stand_with_no/",
          "name": "&uarr;77360 votes"
        }
      ],
      "image": "https://preview.redd.it/l0mndyasjiq81.jpg?width=1080&amp;crop=smart&amp;auto=webp&amp;s=fc90eee7ce8872838b687f22e2df774b196ead9f"
    },
    "2022_03_30_en_reddit_reddit__r--HolUp--comments--ts09nj--dayum": {
      "id": "2022_03_30_en_reddit_reddit__r--HolUp--comments--ts09nj--dayum",
      "url": "https://old.reddit.com/r/HolUp/comments/ts09nj/dayum/",
      "date_published": "2022-03-30T14:25:56.000Z",
      "date_modified": "2022-03-30T14:25:56.000Z",
      "_original_published": "2022-03-30T06:37:22.000Z",
      "_original_language": "en",
      "_translations": {
        "en": {
          "title": "dayum"
        },
        "ja": {
          "title": "デーオム"
        },
        "zh-Hans": {
          "title": "日子"
        },
        "zh-Hant": {
          "title": "日子"
        }
      },
      "tags": [
        "HolUp"
      ],
      "authors": [
        {
          "name": "bisisicul",
          "url": "https://old.reddit.com/user/bisisicul"
        }
      ],
      "_links": [
        {
          "url": "https://old.reddit.com/r/HolUp/comments/ts09nj/dayum/",
          "name": "&uarr;77321 votes"
        }
      ],
      "image": "https://preview.redd.it/8uhw6z0uugq81.jpg?width=1080&amp;crop=smart&amp;auto=webp&amp;s=d9742b3968b08b4b4c7181a7838546202f06f964"
    },
    "2022_03_28_en_reddit_reddit__r--funny--comments--tqf6ni--everyone_is_going_to_the_wrong_twitter_account": {
      "id": "2022_03_28_en_reddit_reddit__r--funny--comments--tqf6ni--everyone_is_going_to_the_wrong_twitter_account",
      "url": "https://old.reddit.com/r/funny/comments/tqf6ni/everyone_is_going_to_the_wrong_twitter_account/",
      "date_published": "2022-03-29T02:49:31.000Z",
      "date_modified": "2022-03-29T02:49:31.000Z",
      "_original_published": "2022-03-28T17:57:14.000Z",
      "_original_language": "en",
      "_translations": {
        "en": {
          "title": "Everyone is going to... the wrong twitter account (627k at the time of this post)"
        },
        "ja": {
          "title": "みんなが行くのは...間違ったツイッターアカウント（投稿時627k）"
        },
        "zh-Hans": {
          "title": "每个人都会去......错误的twitter账户（在本帖发布时为627k）。"
        },
        "zh-Hant": {
          "title": "每個人都會去......錯誤的twitter賬戶（在本帖發佈時爲627k）。"
        }
      },
      "tags": [
        "funny"
      ],
      "authors": [
        {
          "name": "SrGrafo",
          "url": "https://old.reddit.com/user/SrGrafo"
        }
      ],
      "_links": [
        {
          "url": "https://old.reddit.com/r/funny/comments/tqf6ni/everyone_is_going_to_the_wrong_twitter_account/",
          "name": "&uarr;77244 votes"
        }
      ],
      "image": "https://preview.redd.it/efvlfdu7y5q81.jpg?width=640&amp;crop=smart&amp;auto=webp&amp;s=7f9dd1ac2b9322224c9fbf7fe015400bb168a697"
    },
    "2022_03_29_en_reddit_reddit__r--funny--comments--trajke--canadians_according_to_a_japanese_textbook": {
      "id": "2022_03_29_en_reddit_reddit__r--funny--comments--trajke--canadians_according_to_a_japanese_textbook",
      "url": "https://old.reddit.com/r/funny/comments/trajke/canadians_according_to_a_japanese_textbook/",
      "date_published": "2022-03-29T23:05:28.000Z",
      "date_modified": "2022-03-29T23:05:28.000Z",
      "_original_published": "2022-03-29T17:39:56.000Z",
      "_original_language": "en",
      "_translations": {
        "en": {
          "title": "Canadians according to a Japanese textbook"
        },
        "ja": {
          "title": "日本の教科書によるとカナダ人"
        },
        "zh-Hans": {
          "title": "根据一本日本教科书，加拿大人"
        },
        "zh-Hant": {
          "title": "根據一本日本教科書，加拿大人"
        }
      },
      "tags": [
        "funny"
      ],
      "authors": [
        {
          "name": "orgasmic_protoplasm",
          "url": "https://old.reddit.com/user/orgasmic_protoplasm"
        }
      ],
      "_links": [
        {
          "url": "https://old.reddit.com/r/funny/comments/trajke/canadians_according_to_a_japanese_textbook/",
          "name": "&uarr;77016 votes"
        }
      ],
      "image": "https://preview.redd.it/i1hkc2v40dq81.jpg?width=320&amp;crop=smart&amp;auto=webp&amp;s=6f9238660c14bf83dadd5d3ee51582ededfd4c6a"
    },
    "2022_03_26_en_reddit_reddit__r--meirl--comments--tom65q--meirl": {
      "id": "2022_03_26_en_reddit_reddit__r--meirl--comments--tom65q--meirl",
      "url": "https://old.reddit.com/r/meirl/comments/tom65q/meirl/",
      "date_published": "2022-03-27T02:36:00.000Z",
      "date_modified": "2022-03-27T02:36:00.000Z",
      "_original_published": "2022-03-26T11:02:28.000Z",
      "_original_language": "en",
      "_translations": {
        "en": {
          "title": "meirl"
        },
        "ja": {
          "title": "ミール"
        },
        "zh-Hans": {
          "title": "我的女孩"
        },
        "zh-Hant": {
          "title": "我的女孩"
        }
      },
      "tags": [
        "meirl"
      ],
      "authors": [
        {
          "name": "saaytam",
          "url": "https://old.reddit.com/user/saaytam"
        }
      ],
      "_links": [
        {
          "url": "https://old.reddit.com/r/meirl/comments/tom65q/meirl/",
          "name": "&uarr;77007 votes"
        }
      ],
      "image": "https://preview.redd.it/exnxe8kgmpp81.jpg?width=320&amp;crop=smart&amp;auto=webp&amp;s=2b4b65dc03d8ff65f90a942b7052796009943949"
    },
    "2022_03_25_en_reddit_reddit__r--nextfuckinglevel--comments--tncukb--man_celebrates_bday_and_shares_cake_with_best": {
      "id": "2022_03_25_en_reddit_reddit__r--nextfuckinglevel--comments--tncukb--man_celebrates_bday_and_shares_cake_with_best",
      "url": "https://old.reddit.com/r/nextfuckinglevel/comments/tncukb/man_celebrates_bday_and_shares_cake_with_best/",
      "date_published": "2022-03-25T13:55:38.000Z",
      "date_modified": "2022-03-25T13:55:38.000Z",
      "_original_published": "2022-03-25T03:18:53.000Z",
      "_original_language": "en",
      "_translations": {
        "en": {
          "title": "Man celebrates b-day and shares cake with best buddies"
        },
        "ja": {
          "title": "誕生日を迎えた男性、親友とケーキを分け合う"
        },
        "zh-Hans": {
          "title": "男子庆祝生日并与好兄弟分享蛋糕"
        },
        "zh-Hant": {
          "title": "男子慶祝生日並與好兄弟分享蛋糕"
        }
      },
      "tags": [
        "nextfuckinglevel"
      ],
      "authors": [
        {
          "name": "Apprehensive-Egg6448",
          "url": "https://old.reddit.com/user/Apprehensive-Egg6448"
        }
      ],
      "_links": [
        {
          "url": "https://old.reddit.com/r/nextfuckinglevel/comments/tncukb/man_celebrates_bday_and_shares_cake_with_best/",
          "name": "&uarr;76958 votes"
        }
      ],
      "image": "https://external-preview.redd.it/7Fsp3KA4fdGugWJYUqI9r5PfbUzGFC3TdOZ2UsjWHq4.png?width=640&amp;crop=smart&amp;format=pjpg&amp;auto=webp&amp;s=09b47ca30c89f964c122a5255996a98ebe15716c",
      "_video": {
        "sources": [
          {
            "url": "https://v.redd.it/mhrzedie6gp81/DASH_1080.mp4?source=fallback"
          }
        ],
        "width": 607,
        "height": 1080,
        "poster": "https://external-preview.redd.it/7Fsp3KA4fdGugWJYUqI9r5PfbUzGFC3TdOZ2UsjWHq4.png?width=640&amp;crop=smart&amp;format=pjpg&amp;auto=webp&amp;s=09b47ca30c89f964c122a5255996a98ebe15716c"
      }
    }
  }
}
