{
  "meta": {
    "name": "FunnyAnimals"
  },
  "items": {
    "2022_05_01_en_reddit_reddit__r--FunnyAnimals--comments--ufzo4a--who_wore_it_better": {
      "id": "2022_05_01_en_reddit_reddit__r--FunnyAnimals--comments--ufzo4a--who_wore_it_better",
      "url": "https://old.reddit.com/r/FunnyAnimals/comments/ufzo4a/who_wore_it_better/",
      "date_published": "2022-05-01T22:55:38.000Z",
      "date_modified": "2022-05-01T22:55:38.000Z",
      "_original_published": "2022-05-01T13:14:45.000Z",
      "_original_language": "en",
      "_translations": {
        "en": {
          "title": "Who wore it better?"
        },
        "ja": {
          "title": "どちらが上手に着こなしたか？"
        },
        "zh-Hans": {
          "title": "谁穿得更好？"
        },
        "zh-Hant": {
          "title": "誰穿得更好？"
        }
      },
      "tags": [
        "FunnyAnimals"
      ],
      "authors": [
        {
          "name": "Aztery",
          "url": "https://old.reddit.com/user/Aztery"
        }
      ],
      "_links": [
        {
          "url": "https://old.reddit.com/r/FunnyAnimals/comments/ufzo4a/who_wore_it_better/",
          "name": "&uarr;76595 votes"
        }
      ],
      "image": "https://preview.redd.it/aa53fy9u6vw81.png?width=320&amp;crop=smart&amp;auto=webp&amp;s=a0a6741dc27a370d8276cb50988dad4b720878d3"
    }
  }
}
