{
  "meta": {
    "name": "AnimalsBeingBros"
  },
  "items": {
    "2022_05_04_en_reddit_reddit__r--AnimalsBeingBros--comments--uijjrl--farm_dog_raises_a_rejected_lamb": {
      "id": "2022_05_04_en_reddit_reddit__r--AnimalsBeingBros--comments--uijjrl--farm_dog_raises_a_rejected_lamb",
      "url": "https://old.reddit.com/r/AnimalsBeingBros/comments/uijjrl/farm_dog_raises_a_rejected_lamb/",
      "date_published": "2022-05-05T10:36:35.000Z",
      "date_modified": "2022-05-05T10:36:35.000Z",
      "_original_published": "2022-05-04T23:26:52.000Z",
      "_original_language": "en",
      "_translations": {
        "en": {
          "title": "Farm dog raises a rejected lamb"
        },
        "ja": {
          "title": "不合格になった子羊を育てる牧場の犬"
        },
        "zh-Hans": {
          "title": "农场的狗养了一只被拒绝的小羊"
        },
        "zh-Hant": {
          "title": "農場的狗養了一隻被拒絕的小羊"
        }
      },
      "tags": [
        "AnimalsBeingBros"
      ],
      "authors": [
        {
          "name": "pjokinen",
          "url": "https://old.reddit.com/user/pjokinen"
        }
      ],
      "_links": [
        {
          "url": "https://old.reddit.com/r/AnimalsBeingBros/comments/uijjrl/farm_dog_raises_a_rejected_lamb/",
          "name": "&uarr;76174 votes"
        }
      ],
      "image": "https://external-preview.redd.it/dJyr6JOwGm7wiwiSqq3J0LWFAlHzw1aBdIEEN6PeuTs.png?width=320&amp;crop=smart&amp;format=pjpg&amp;auto=webp&amp;s=dbca2dfe99ceaf1ff4b2ec0ccc4ebdad7d32c27d",
      "_video": {
        "sources": [
          {
            "url": "https://v.redd.it/dj1d03gsmjx81/DASH_720.mp4?source=fallback"
          }
        ],
        "width": 405,
        "height": 720,
        "poster": "https://external-preview.redd.it/dJyr6JOwGm7wiwiSqq3J0LWFAlHzw1aBdIEEN6PeuTs.png?width=320&amp;crop=smart&amp;format=pjpg&amp;auto=webp&amp;s=dbca2dfe99ceaf1ff4b2ec0ccc4ebdad7d32c27d"
      }
    }
  }
}
