{
  "items": {
    "2021_04_20_en_reddit_reddit__r--news--comments--mv0fzt--chauvin_found_guilty_of_murder_manslaughter_in": {
      "id": "2021_04_20_en_reddit_reddit__r--news--comments--mv0fzt--chauvin_found_guilty_of_murder_manslaughter_in",
      "url": "https://old.reddit.com/r/news/comments/mv0fzt/chauvin_found_guilty_of_murder_manslaughter_in/",
      "date_published": "2021-04-20T23:29:54.000Z",
      "date_modified": "2021-04-20T23:29:54.000Z",
      "_original_published": "2021-04-20T21:07:44.000Z",
      "_original_language": "en",
      "_translations": {
        "en": {
          "title": "Chauvin found guilty of murder, manslaughter in George Floyd's death"
        },
        "ja": {
          "title": "ジョージ・フロイド氏死去の件で、ショービン氏に殺人および過失致死の有罪判決。"
        },
        "zh-Hans": {
          "title": "周文被认定在乔治-弗洛伊德的死亡中犯有谋杀和过失杀人罪"
        },
        "zh-Hant": {
          "title": "周文被認定在喬治-弗洛伊德的死亡中犯有謀殺和過失殺人罪"
        }
      },
      "tags": [
        "news"
      ],
      "authors": [
        {
          "name": "Too_Hood_95",
          "url": "https://old.reddit.com/user/Too_Hood_95"
        }
      ],
      "_links": [
        {
          "url": "https://old.reddit.com/r/news/comments/mv0fzt/chauvin_found_guilty_of_murder_manslaughter_in/",
          "name": "&uarr;242551 votes"
        }
      ],
      "image": "https://external-preview.redd.it/TpOiXH-1_Knn1XGPV7UfGpfxrRAGJNiyeURLV6nquU4.jpg?width=640&crop=smart&auto=webp&s=a0a6a10fbedee6ef810b6905912c3920cec90355"
    },
    "2021_04_20_en_reddit_reddit__r--memes--comments--munuxm--hot_climate": {
      "id": "2021_04_20_en_reddit_reddit__r--memes--comments--munuxm--hot_climate",
      "url": "https://old.reddit.com/r/memes/comments/munuxm/hot_climate/",
      "date_published": "2021-04-20T15:27:03.000Z",
      "date_modified": "2021-04-20T15:27:03.000Z",
      "_original_published": "2021-04-20T11:02:23.000Z",
      "_original_language": "en",
      "_translations": {
        "en": {
          "title": "Hot climate"
        },
        "ja": {
          "title": "暑い気候"
        },
        "zh-Hans": {
          "title": "炎热的气候"
        },
        "zh-Hant": {
          "title": "炎熱的氣候"
        }
      },
      "tags": [
        "memes"
      ],
      "authors": [
        {
          "name": "Agoevan05",
          "url": "https://old.reddit.com/user/Agoevan05"
        }
      ],
      "_links": [
        {
          "url": "https://old.reddit.com/r/memes/comments/munuxm/hot_climate/",
          "name": "&uarr;164998 votes"
        }
      ],
      "image": "https://preview.redd.it/uqh27jjj8bu61.jpg?width=960&crop=smart&auto=webp&s=4b6716694b2b902a09392c2f568b4f901673183d"
    },
    "2021_04_17_en_reddit_reddit__r--memes--comments--msu71y--man_got_scared_asf": {
      "id": "2021_04_17_en_reddit_reddit__r--memes--comments--msu71y--man_got_scared_asf",
      "url": "https://old.reddit.com/r/memes/comments/msu71y/man_got_scared_asf/",
      "date_published": "2021-04-17T21:10:37.000Z",
      "date_modified": "2021-04-17T21:10:37.000Z",
      "_original_published": "2021-04-17T16:44:50.000Z",
      "_original_language": "en",
      "_translations": {
        "en": {
          "title": "Man got scared asf"
        },
        "ja": {
          "title": "怖いもの知らずの男"
        },
        "zh-Hans": {
          "title": "男子害怕了，因为"
        },
        "zh-Hant": {
          "title": "男子害怕了，因爲"
        }
      },
      "tags": [
        "memes"
      ],
      "authors": [
        {
          "name": "CHXR1Z",
          "url": "https://old.reddit.com/user/CHXR1Z"
        }
      ],
      "_links": [
        {
          "url": "https://old.reddit.com/r/memes/comments/msu71y/man_got_scared_asf/",
          "name": "&uarr;160915 votes"
        }
      ],
      "image": "https://preview.redd.it/l2ldkoiuirt61.gif?width=640&crop=smart&format=png8&s=6a6079d59397a6712d1754918fb082a6bf888ca1",
      "_video": {
        "sources": [
          {
            "url": "https://preview.redd.it/l2ldkoiuirt61.gif?format=mp4&s=a5d9bc27d9e6fb7524705dc5a252f02fa8f984ff"
          }
        ],
        "width": 640,
        "height": 484,
        "poster": "https://preview.redd.it/l2ldkoiuirt61.gif?width=640&crop=smart&format=png8&s=6a6079d59397a6712d1754918fb082a6bf888ca1"
      }
    },
    "2021_04_17_en_reddit_reddit__r--funny--comments--msyd6k--here_we_go_again": {
      "id": "2021_04_17_en_reddit_reddit__r--funny--comments--msyd6k--here_we_go_again",
      "url": "https://old.reddit.com/r/funny/comments/msyd6k/here_we_go_again/",
      "date_published": "2021-04-18T01:58:04.000Z",
      "date_modified": "2021-04-18T01:58:04.000Z",
      "_original_published": "2021-04-17T20:24:46.000Z",
      "_original_language": "en",
      "_translations": {
        "en": {
          "title": "Here we go again"
        },
        "ja": {
          "title": "また来たよ"
        },
        "zh-Hans": {
          "title": "又来了"
        },
        "zh-Hant": {
          "title": "又來了"
        }
      },
      "tags": [
        "funny"
      ],
      "authors": [
        {
          "name": "hapinuyirsalahat",
          "url": "https://old.reddit.com/user/hapinuyirsalahat"
        }
      ],
      "_links": [
        {
          "url": "https://old.reddit.com/r/funny/comments/msyd6k/here_we_go_again/",
          "name": "&uarr;144865 votes"
        }
      ],
      "image": "https://external-preview.redd.it/nmqTJrjGgP8rPpyRjzHKuQzY2AbA_DzeaWtZSq5OA60.png?width=320&crop=smart&format=pjpg&auto=webp&s=83900c2e802332a87c8f6e368f595c121b1c43e3",
      "_video": {
        "sources": [
          {
            "url": "https://v.redd.it/gaqtu5g4mst61/DASH_360.mp4?source=fallback"
          }
        ],
        "width": 360,
        "height": 360,
        "poster": "https://external-preview.redd.it/nmqTJrjGgP8rPpyRjzHKuQzY2AbA_DzeaWtZSq5OA60.png?width=320&crop=smart&format=pjpg&auto=webp&s=83900c2e802332a87c8f6e368f595c121b1c43e3"
      }
    },
    "2021_04_19_en_reddit_reddit__r--nextfuckinglevel--comments--mu1cip--back_in_2000_kevin_hines_jumped_off_the_golden": {
      "id": "2021_04_19_en_reddit_reddit__r--nextfuckinglevel--comments--mu1cip--back_in_2000_kevin_hines_jumped_off_the_golden",
      "url": "https://old.reddit.com/r/nextfuckinglevel/comments/mu1cip/back_in_2000_kevin_hines_jumped_off_the_golden/",
      "date_published": "2021-04-19T19:16:38.000Z",
      "date_modified": "2021-04-19T19:16:38.000Z",
      "_original_published": "2021-04-19T14:06:38.000Z",
      "_original_language": "en",
      "_translations": {
        "en": {
          "title": "Back in 2000, Kevin Hines jumped off the golden gate bridge due mental illnesses. He miraculous survived because a sea lion was bumping him up and kept his head above water. Now he is a suicide prevention speaker."
        },
        "ja": {
          "title": "2000年、ケビン・ハインズは精神疾患のためにゴールデンゲートブリッジから飛び降りました。しかし、アシカが彼の体にぶつかってきたため、奇跡的に助かりました。現在、彼は自殺防止のための講演を行っています。"
        },
        "zh-Hans": {
          "title": "早在2000年，凯文-海因斯因精神疾病从金门大桥上跳下。他奇迹般地活了下来，因为有一只海狮在撞击他，让他的头保持在水面上。现在，他是一个预防自杀的演讲者。"
        },
        "zh-Hant": {
          "title": "早在2000年，凱文-海因斯因精神疾病從金門大橋上跳下。他奇蹟般地活了下來，因爲有一隻海獅在撞擊他，讓他的頭保持在水面上。現在，他是一個預防自殺的演講者。"
        }
      },
      "tags": [
        "nextfuckinglevel"
      ],
      "authors": [
        {
          "name": "Nazo5",
          "url": "https://old.reddit.com/user/Nazo5"
        }
      ],
      "_links": [
        {
          "url": "https://old.reddit.com/r/nextfuckinglevel/comments/mu1cip/back_in_2000_kevin_hines_jumped_off_the_golden/",
          "name": "&uarr;144747 votes"
        }
      ],
      "image": "https://preview.redd.it/s6wzjs0i05u61.jpg?width=960&crop=smart&auto=webp&s=8a85cc6deb2d3d55c5fef9b924397bf8b0414ad1"
    },
    "2021_04_18_en_reddit_reddit__r--funny--comments--mtkdux--oc_my_15yo_son_jake_is_an_aspiring_comic_artist": {
      "id": "2021_04_18_en_reddit_reddit__r--funny--comments--mtkdux--oc_my_15yo_son_jake_is_an_aspiring_comic_artist",
      "url": "https://old.reddit.com/r/funny/comments/mtkdux/oc_my_15yo_son_jake_is_an_aspiring_comic_artist/",
      "date_published": "2021-04-19T00:53:09.000Z",
      "date_modified": "2021-04-19T00:53:09.000Z",
      "_original_published": "2021-04-18T20:08:56.000Z",
      "_original_language": "en",
      "_translations": {
        "en": {
          "title": "[OC] My 15yo son Jake is an aspiring comic artist, here's the latest from his bedroom door whiteboard!"
        },
        "ja": {
          "title": "OC] 15歳の息子Jakeは漫画家志望です。彼の寝室のドアのホワイトボードに描かれた最新の作品をご紹介します。"
        },
        "zh-Hans": {
          "title": "我15岁的儿子杰克是个有抱负的漫画家，这是他卧室门上白板上的最新作品!"
        },
        "zh-Hant": {
          "title": "我15歲的兒子傑克是個有抱負的漫畫家，這是他臥室門上白板上的最新作品!"
        }
      },
      "tags": [
        "funny"
      ],
      "authors": [
        {
          "name": "alanstanwyk",
          "url": "https://old.reddit.com/user/alanstanwyk"
        }
      ],
      "_links": [
        {
          "url": "https://old.reddit.com/r/funny/comments/mtkdux/oc_my_15yo_son_jake_is_an_aspiring_comic_artist/",
          "name": "&uarr;139479 votes"
        }
      ],
      "image": "https://preview.redd.it/2bhq0u66ozt61.png?width=1080&crop=smart&auto=webp&s=005b856088ac936ee63ad4f5016b7a4dffc05014"
    },
    "2021_04_19_en_reddit_reddit__r--funny--comments--mu71cz--sign_posted_outside_a_fencing_academy": {
      "id": "2021_04_19_en_reddit_reddit__r--funny--comments--mu71cz--sign_posted_outside_a_fencing_academy",
      "url": "https://old.reddit.com/r/funny/comments/mu71cz/sign_posted_outside_a_fencing_academy/",
      "date_published": "2021-04-19T23:14:12.000Z",
      "date_modified": "2021-04-19T23:14:12.000Z",
      "_original_published": "2021-04-19T18:26:11.000Z",
      "_original_language": "en",
      "_translations": {
        "en": {
          "title": "Sign posted outside a fencing academy!"
        },
        "ja": {
          "title": "フェンシングアカデミーの外に掲げられた看板"
        },
        "zh-Hans": {
          "title": "一家击剑学院外面贴的牌子!"
        },
        "zh-Hant": {
          "title": "一家擊劍學院外面貼的牌子!"
        }
      },
      "tags": [
        "funny"
      ],
      "authors": [
        {
          "name": "shksona",
          "url": "https://old.reddit.com/user/shksona"
        }
      ],
      "_links": [
        {
          "url": "https://old.reddit.com/r/funny/comments/mu71cz/sign_posted_outside_a_fencing_academy/",
          "name": "&uarr;139430 votes"
        }
      ],
      "image": "https://preview.redd.it/zmd8993ta6u61.jpg?width=1080&crop=smart&auto=webp&s=f4bf621e4ef240dbf96e00b7886637453d89561a"
    },
    "2021_04_21_en_reddit_reddit__r--memes--comments--mvfsi1--just_to_have_someone_to_share_it_with": {
      "id": "2021_04_21_en_reddit_reddit__r--memes--comments--mvfsi1--just_to_have_someone_to_share_it_with",
      "url": "https://old.reddit.com/r/memes/comments/mvfsi1/just_to_have_someone_to_share_it_with/",
      "date_published": "2021-04-21T18:47:11.000Z",
      "date_modified": "2021-04-21T18:47:11.000Z",
      "_original_published": "2021-04-21T13:34:31.000Z",
      "_original_language": "en",
      "_translations": {
        "en": {
          "title": "Just to have someone to share it with..."
        },
        "ja": {
          "title": "それを共有できる人がいれば...。"
        },
        "zh-Hans": {
          "title": "只是为了有人分享......。"
        },
        "zh-Hant": {
          "title": "只是爲了有人分享......。"
        }
      },
      "tags": [
        "memes"
      ],
      "authors": [
        {
          "name": "Phylogenetic_twig",
          "url": "https://old.reddit.com/user/Phylogenetic_twig"
        }
      ],
      "_links": [
        {
          "url": "https://old.reddit.com/r/memes/comments/mvfsi1/just_to_have_someone_to_share_it_with/",
          "name": "&uarr;137909 votes"
        }
      ],
      "image": "https://preview.redd.it/scrj0rhl4ju61.jpg?width=640&crop=smart&auto=webp&s=3b57d36d3e24689c33c92e781fed9591de6f3d9d"
    },
    "2021_04_16_en_reddit_reddit__r--memes--comments--ms1eh3--the_teacher_believes_it": {
      "id": "2021_04_16_en_reddit_reddit__r--memes--comments--ms1eh3--the_teacher_believes_it",
      "url": "https://old.reddit.com/r/memes/comments/ms1eh3/the_teacher_believes_it/",
      "date_published": "2021-04-16T17:43:30.000Z",
      "date_modified": "2021-04-16T17:43:30.000Z",
      "_original_published": "2021-04-16T11:43:40.000Z",
      "_original_language": "en",
      "_translations": {
        "en": {
          "title": "The teacher believes it"
        },
        "ja": {
          "title": "先生はそれを信じています。"
        },
        "zh-Hans": {
          "title": "老师认为"
        },
        "zh-Hant": {
          "title": "老師認爲"
        }
      },
      "tags": [
        "memes"
      ],
      "authors": [
        {
          "name": "Leaper29th",
          "url": "https://old.reddit.com/user/Leaper29th"
        }
      ],
      "_links": [
        {
          "url": "https://old.reddit.com/r/memes/comments/ms1eh3/the_teacher_believes_it/",
          "name": "&uarr;137672 votes"
        }
      ],
      "image": "https://preview.redd.it/187qyf5uvit61.gif?width=320&crop=smart&format=png8&s=fff0c324cf5a5707caa5ffc529ada18083bffe2f",
      "_video": {
        "sources": [
          {
            "url": "https://preview.redd.it/187qyf5uvit61.gif?format=mp4&s=11a0991bd501a7e1dcd4274e71591a8d3c8aa128"
          }
        ],
        "width": 600,
        "height": 422,
        "poster": "https://preview.redd.it/187qyf5uvit61.gif?width=320&crop=smart&format=png8&s=fff0c324cf5a5707caa5ffc529ada18083bffe2f"
      }
    },
    "2021_04_21_en_reddit_reddit__r--nextfuckinglevel--comments--mvdu8e--this_prank_with_two_pairs_of_twins": {
      "id": "2021_04_21_en_reddit_reddit__r--nextfuckinglevel--comments--mvdu8e--this_prank_with_two_pairs_of_twins",
      "url": "https://old.reddit.com/r/nextfuckinglevel/comments/mvdu8e/this_prank_with_two_pairs_of_twins/",
      "date_published": "2021-04-21T16:42:00.000Z",
      "date_modified": "2021-04-21T16:42:00.000Z",
      "_original_published": "2021-04-21T11:42:51.000Z",
      "_original_language": "en",
      "_translations": {
        "en": {
          "title": "This Prank with two pairs of twins"
        },
        "ja": {
          "title": "2組の双子を使ったこのいたずら"
        },
        "zh-Hans": {
          "title": "这个有两对双胞胎的恶作剧"
        },
        "zh-Hant": {
          "title": "這個有兩對雙胞胎的惡作劇"
        }
      },
      "tags": [
        "nextfuckinglevel"
      ],
      "authors": [
        {
          "name": "LennyMcdaniel",
          "url": "https://old.reddit.com/user/LennyMcdaniel"
        }
      ],
      "_links": [
        {
          "url": "https://old.reddit.com/r/nextfuckinglevel/comments/mvdu8e/this_prank_with_two_pairs_of_twins/",
          "name": "&uarr;134293 votes"
        }
      ],
      "image": "https://external-preview.redd.it/YE_HxMWp_H0bbtBzGuOWg0CWvw-k_2p1yelytHV5R4s.gif?width=640&crop=smart&format=png8&s=08c6f96ec6f2e3dc1a1614e0d1eebdeb813b4547",
      "_video": {
        "sources": [
          {
            "url": "https://external-preview.redd.it/YE_HxMWp_H0bbtBzGuOWg0CWvw-k_2p1yelytHV5R4s.gif?format=mp4&s=4e5db1ebc3915e79c067dbb72a2baa8bd2735a61"
          }
        ],
        "width": 728,
        "height": 546,
        "poster": "https://external-preview.redd.it/YE_HxMWp_H0bbtBzGuOWg0CWvw-k_2p1yelytHV5R4s.gif?width=640&crop=smart&format=png8&s=08c6f96ec6f2e3dc1a1614e0d1eebdeb813b4547"
      }
    },
    "2021_04_20_en_reddit_reddit__r--nextfuckinglevel--comments--muldd9--this_good_boy_deserves_a_medal_he_even_trying_not": {
      "id": "2021_04_20_en_reddit_reddit__r--nextfuckinglevel--comments--muldd9--this_good_boy_deserves_a_medal_he_even_trying_not",
      "url": "https://old.reddit.com/r/nextfuckinglevel/comments/muldd9/this_good_boy_deserves_a_medal_he_even_trying_not/",
      "date_published": "2021-04-20T14:31:02.000Z",
      "date_modified": "2021-04-20T14:31:02.000Z",
      "_original_published": "2021-04-20T07:48:45.000Z",
      "_original_language": "en",
      "_translations": {
        "en": {
          "title": "This good boy deserves a medal.. He even trying not to hurt his little friend"
        },
        "ja": {
          "title": "この良い子はメダルに値する。小さなお友達を傷つけないようにしています。"
        },
        "zh-Hans": {
          "title": "这个好孩子应该得到一枚奖章。他甚至试图不伤害他的小伙伴"
        },
        "zh-Hant": {
          "title": "這個好孩子應該得到一枚獎章。他甚至試圖不傷害他的小夥伴"
        }
      },
      "tags": [
        "nextfuckinglevel"
      ],
      "authors": [
        {
          "name": "mynameisgabsmith12",
          "url": "https://old.reddit.com/user/mynameisgabsmith12"
        }
      ],
      "_links": [
        {
          "url": "https://old.reddit.com/r/nextfuckinglevel/comments/muldd9/this_good_boy_deserves_a_medal_he_even_trying_not/",
          "name": "&uarr;134208 votes"
        }
      ],
      "image": "https://external-preview.redd.it/a-2QeWiF7ufcN8FNmYo8SbKNUx7qsxGPQsF0SA8C7Yg.png?width=320&crop=smart&format=pjpg&auto=webp&s=f68704917426eb500268561b130f23d854e8f603",
      "_video": {
        "sources": [
          {
            "url": "https://v.redd.it/qvc5fhgw9au61/DASH_240.mp4?source=fallback"
          }
        ],
        "width": 347,
        "height": 240,
        "poster": "https://external-preview.redd.it/a-2QeWiF7ufcN8FNmYo8SbKNUx7qsxGPQsF0SA8C7Yg.png?width=320&crop=smart&format=pjpg&auto=webp&s=f68704917426eb500268561b130f23d854e8f603"
      }
    },
    "2021_04_17_en_reddit_reddit__r--MurderedByWords--comments--msgu2h--usa_usa_were_number_1_except_when_it_comes_to": {
      "id": "2021_04_17_en_reddit_reddit__r--MurderedByWords--comments--msgu2h--usa_usa_were_number_1_except_when_it_comes_to",
      "url": "https://old.reddit.com/r/MurderedByWords/comments/msgu2h/usa_usa_were_number_1_except_when_it_comes_to/",
      "date_published": "2021-04-17T12:38:37.000Z",
      "date_modified": "2021-04-17T12:38:37.000Z",
      "_original_published": "2021-04-17T01:02:55.000Z",
      "_original_language": "en",
      "_translations": {
        "en": {
          "title": "USA! USA! We're number 1... except when it comes to medical expenses"
        },
        "ja": {
          "title": "USA! USA! 私たちはナンバーワンです...医療費に関しては別ですが"
        },
        "zh-Hans": {
          "title": "美国！美国！我们是第一... 除了在医疗费用上，我们是第一名"
        },
        "zh-Hant": {
          "title": "美國！美國！我們是第一... 除了在醫療費用上，我們是第一名"
        }
      },
      "tags": [
        "MurderedByWords"
      ],
      "authors": [
        {
          "name": "Iangator",
          "url": "https://old.reddit.com/user/Iangator"
        }
      ],
      "_links": [
        {
          "url": "https://old.reddit.com/r/MurderedByWords/comments/msgu2h/usa_usa_were_number_1_except_when_it_comes_to/",
          "name": "&uarr;132594 votes"
        }
      ],
      "image": "https://preview.redd.it/bhiuy2vuumt61.jpg?width=640&crop=smart&auto=webp&s=89c593561f8a813e6561b47c7c6c24ae96f0ae54"
    },
    "2021_04_19_en_reddit_reddit__r--memes--comments--mu70rm--dont_do_my_boy_like_that": {
      "id": "2021_04_19_en_reddit_reddit__r--memes--comments--mu70rm--dont_do_my_boy_like_that",
      "url": "https://old.reddit.com/r/memes/comments/mu70rm/dont_do_my_boy_like_that/",
      "date_published": "2021-04-19T22:31:04.000Z",
      "date_modified": "2021-04-19T22:31:04.000Z",
      "_original_published": "2021-04-19T18:25:26.000Z",
      "_original_language": "en",
      "_translations": {
        "en": {
          "title": "Don't do my boy like that"
        },
        "ja": {
          "title": "私の息子をそんな風にしないで"
        },
        "zh-Hans": {
          "title": "别这样对我儿子"
        },
        "zh-Hant": {
          "title": "別這樣對我兒子"
        }
      },
      "tags": [
        "memes"
      ],
      "authors": [
        {
          "name": "KnownNormie",
          "url": "https://old.reddit.com/user/KnownNormie"
        }
      ],
      "_links": [
        {
          "url": "https://old.reddit.com/r/memes/comments/mu70rm/dont_do_my_boy_like_that/",
          "name": "&uarr;129688 votes"
        }
      ],
      "image": "https://preview.redd.it/zwupzzeoa6u61.jpg?width=640&crop=smart&auto=webp&s=87351c127285e9b2bc2c0f79c66a164629fb6d35"
    },
    "2021_04_22_en_reddit_reddit__r--nextfuckinglevel--comments--mw7aol--grandpa_with_perfect_form_on_the_dismount_1010": {
      "id": "2021_04_22_en_reddit_reddit__r--nextfuckinglevel--comments--mw7aol--grandpa_with_perfect_form_on_the_dismount_1010",
      "url": "https://old.reddit.com/r/nextfuckinglevel/comments/mw7aol/grandpa_with_perfect_form_on_the_dismount_1010/",
      "date_published": "2021-04-22T20:27:43.000Z",
      "date_modified": "2021-04-22T20:27:43.000Z",
      "_original_published": "2021-04-22T15:29:10.000Z",
      "_original_language": "en",
      "_translations": {
        "en": {
          "title": "Grandpa with perfect form on the dismount, 10/10."
        },
        "ja": {
          "title": "おじいちゃんが完璧なフォームで降りてきた、10/10。"
        },
        "zh-Hans": {
          "title": "爷爷在下马时有完美的姿势，10分。"
        },
        "zh-Hant": {
          "title": "爺爺在下馬時有完美的姿勢，10分。"
        }
      },
      "tags": [
        "nextfuckinglevel"
      ],
      "authors": [
        {
          "name": "JDBAZ",
          "url": "https://old.reddit.com/user/JDBAZ"
        }
      ],
      "_links": [
        {
          "url": "https://old.reddit.com/r/nextfuckinglevel/comments/mw7aol/grandpa_with_perfect_form_on_the_dismount_1010/",
          "name": "&uarr;131240 votes"
        }
      ],
      "image": "https://external-preview.redd.it/RbazdR3rCt3B92UQL9cEWkrbRSuyiq7HrKltN0HW5Cs.jpg?width=960&crop=smart&auto=webp&s=1bcc63ea8a72605c20ad511757784e21c9f792c6",
      "_video": {
        "sources": [
          {
            "url": "https://v.redd.it/uv4hj0wytqu61/DASH_1080.mp4"
          }
        ],
        "width": 864,
        "height": 1080,
        "poster": "https://external-preview.redd.it/RbazdR3rCt3B92UQL9cEWkrbRSuyiq7HrKltN0HW5Cs.jpg?width=960&crop=smart&auto=webp&s=1bcc63ea8a72605c20ad511757784e21c9f792c6"
      }
    },
    "2021_04_17_en_reddit_reddit__r--memes--comments--msothw--brain_works_in_a_strange_way": {
      "id": "2021_04_17_en_reddit_reddit__r--memes--comments--msothw--brain_works_in_a_strange_way",
      "url": "https://old.reddit.com/r/memes/comments/msothw/brain_works_in_a_strange_way/",
      "date_published": "2021-04-17T17:11:06.000Z",
      "date_modified": "2021-04-17T17:11:06.000Z",
      "_original_published": "2021-04-17T11:11:19.000Z",
      "_original_language": "en",
      "_translations": {
        "en": {
          "title": "brain works in a strange way"
        },
        "ja": {
          "title": "奇妙な方法で脳を働かせる"
        },
        "zh-Hans": {
          "title": "脑筋急转弯"
        },
        "zh-Hant": {
          "title": "腦筋急轉彎"
        }
      },
      "tags": [
        "memes"
      ],
      "authors": [
        {
          "name": "sarcasticnepali2058",
          "url": "https://old.reddit.com/user/sarcasticnepali2058"
        }
      ],
      "_links": [
        {
          "url": "https://old.reddit.com/r/memes/comments/msothw/brain_works_in_a_strange_way/",
          "name": "&uarr;128484 votes"
        }
      ],
      "image": "https://preview.redd.it/w1p9blpavpt61.png?width=320&crop=smart&auto=webp&s=b99a78e3ac916d3887bf5ade032571e0da3db67e"
    },
    "2021_04_17_en_reddit_reddit__r--nextfuckinglevel--comments--mstaic--a_gallery_owner_was_arrested_after_leaving_a": {
      "id": "2021_04_17_en_reddit_reddit__r--nextfuckinglevel--comments--mstaic--a_gallery_owner_was_arrested_after_leaving_a",
      "url": "https://old.reddit.com/r/nextfuckinglevel/comments/mstaic/a_gallery_owner_was_arrested_after_leaving_a/",
      "date_published": "2021-04-17T20:53:05.000Z",
      "date_modified": "2021-04-17T20:53:05.000Z",
      "_original_published": "2021-04-17T15:56:54.000Z",
      "_original_language": "en",
      "_translations": {
        "en": {
          "title": "A Gallery Owner was arrested after leaving a 10-Foot Heroin Spoon Sculpture outside OxyContin maker purdue pharma"
        },
        "ja": {
          "title": "10フィートのヘロインスプーンの彫刻を外に置いていたギャラリーのオーナーが逮捕されました。 OxyContinメーカーのPurdue pharma"
        },
        "zh-Hans": {
          "title": "画廊老板在离开10英尺长的海洛因勺子雕塑后被捕，OxyContin制造商Purdue Pharma。"
        },
        "zh-Hant": {
          "title": "畫廊老闆在離開10英尺長的海洛因勺子雕塑後被捕，OxyContin製造商Purdue Pharma。"
        }
      },
      "tags": [
        "nextfuckinglevel"
      ],
      "authors": [
        {
          "name": "NRGpop",
          "url": "https://old.reddit.com/user/NRGpop"
        }
      ],
      "_links": [
        {
          "url": "https://old.reddit.com/r/nextfuckinglevel/comments/mstaic/a_gallery_owner_was_arrested_after_leaving_a/",
          "name": "&uarr;128101 votes"
        }
      ],
      "image": "https://preview.redd.it/08r1f5j7art61.png?width=640&crop=smart&auto=webp&s=d3f114324381adc0650228a6477ebd324150ff78"
    },
    "2021_04_19_en_reddit_reddit__r--memes--comments--mtvw86--oops_i_did_it_again": {
      "id": "2021_04_19_en_reddit_reddit__r--memes--comments--mtvw86--oops_i_did_it_again",
      "url": "https://old.reddit.com/r/memes/comments/mtvw86/oops_i_did_it_again/",
      "date_published": "2021-04-19T13:37:08.000Z",
      "date_modified": "2021-04-19T13:37:08.000Z",
      "_original_published": "2021-04-19T08:07:55.000Z",
      "_original_language": "en",
      "_translations": {
        "en": {
          "title": "Oops I did it again"
        },
        "ja": {
          "title": "おっと、またやってしまった"
        },
        "zh-Hans": {
          "title": "哎呀，我又来了"
        },
        "zh-Hant": {
          "title": "哎呀，我又來了"
        }
      },
      "tags": [
        "memes"
      ],
      "authors": [
        {
          "name": "starone368",
          "url": "https://old.reddit.com/user/starone368"
        }
      ],
      "_links": [
        {
          "url": "https://old.reddit.com/r/memes/comments/mtvw86/oops_i_did_it_again/",
          "name": "&uarr;122801 votes"
        }
      ],
      "image": "https://preview.redd.it/l0adfg7i83u61.jpg?width=1080&crop=smart&auto=webp&s=d27a25b93a67a27a0d63cb094a886b8b1ea31efe"
    },
    "2021_04_21_en_reddit_reddit__r--nextfuckinglevel--comments--mvl624--godzilla_carved_from_a_grain_of_rice": {
      "id": "2021_04_21_en_reddit_reddit__r--nextfuckinglevel--comments--mvl624--godzilla_carved_from_a_grain_of_rice",
      "url": "https://old.reddit.com/r/nextfuckinglevel/comments/mvl624/godzilla_carved_from_a_grain_of_rice/",
      "date_published": "2021-04-21T23:25:18.000Z",
      "date_modified": "2021-04-21T23:25:18.000Z",
      "_original_published": "2021-04-21T17:47:47.000Z",
      "_original_language": "en",
      "_translations": {
        "en": {
          "title": "Godzilla carved from a grain of rice"
        },
        "ja": {
          "title": "米粒から削り出したゴジラ"
        },
        "zh-Hans": {
          "title": "用米粒雕刻的哥斯拉"
        },
        "zh-Hant": {
          "title": "用米粒雕刻的哥斯拉"
        }
      },
      "tags": [
        "nextfuckinglevel"
      ],
      "authors": [
        {
          "name": "alexander_the_dead",
          "url": "https://old.reddit.com/user/alexander_the_dead"
        }
      ],
      "_links": [
        {
          "url": "https://old.reddit.com/r/nextfuckinglevel/comments/mvl624/godzilla_carved_from_a_grain_of_rice/",
          "name": "&uarr;122789 votes"
        }
      ],
      "image": "https://external-preview.redd.it/A1WcNBip-p9JSUH73m60Xca7nb_OWJdQ6g6woD4bIyc.png?width=320&crop=smart&format=pjpg&auto=webp&s=20b999a35943020fd4bbc2121150921d293f6b33",
      "_video": {
        "sources": [
          {
            "url": "https://v.redd.it/3fkgaf9rdku61/DASH_720.mp4?source=fallback"
          }
        ],
        "width": 405,
        "height": 720,
        "poster": "https://external-preview.redd.it/A1WcNBip-p9JSUH73m60Xca7nb_OWJdQ6g6woD4bIyc.png?width=320&crop=smart&format=pjpg&auto=webp&s=20b999a35943020fd4bbc2121150921d293f6b33"
      }
    },
    "2021_04_19_en_reddit_reddit__r--memes--comments--mu16dp--cant_buy_a_better_toy": {
      "id": "2021_04_19_en_reddit_reddit__r--memes--comments--mu16dp--cant_buy_a_better_toy",
      "url": "https://old.reddit.com/r/memes/comments/mu16dp/cant_buy_a_better_toy/",
      "date_published": "2021-04-19T19:16:38.000Z",
      "date_modified": "2021-04-19T19:16:38.000Z",
      "_original_published": "2021-04-19T13:58:26.000Z",
      "_original_language": "en",
      "_translations": {
        "en": {
          "title": "can't buy a better toy"
        },
        "ja": {
          "title": "これ以上のおもちゃは買えない"
        },
        "zh-Hans": {
          "title": "买不到更好的玩具"
        },
        "zh-Hant": {
          "title": "買不到更好的玩具"
        }
      },
      "tags": [
        "memes"
      ],
      "authors": [
        {
          "name": "PrettyCoolTim",
          "url": "https://old.reddit.com/user/PrettyCoolTim"
        }
      ],
      "_links": [
        {
          "url": "https://old.reddit.com/r/memes/comments/mu16dp/cant_buy_a_better_toy/",
          "name": "&uarr;122634 votes"
        }
      ],
      "image": "https://preview.redd.it/9zfdmzyvy4u61.jpg?width=640&crop=smart&auto=webp&s=8fb266ad1caa5d07c731297f5bb6ee386a1b673a"
    },
    "2021_04_22_en_reddit_reddit__r--memes--comments--mw25bu--ah_shit_here_we_go_again": {
      "id": "2021_04_22_en_reddit_reddit__r--memes--comments--mw25bu--ah_shit_here_we_go_again",
      "url": "https://old.reddit.com/r/memes/comments/mw25bu/ah_shit_here_we_go_again/",
      "date_published": "2021-04-22T17:11:04.000Z",
      "date_modified": "2021-04-22T17:11:04.000Z",
      "_original_published": "2021-04-22T10:54:07.000Z",
      "_original_language": "en",
      "_translations": {
        "en": {
          "title": "Ah, shit Here we go again"
        },
        "ja": {
          "title": "あー、くそー、また始まったか"
        },
        "zh-Hans": {
          "title": "啊，该死 又来了"
        },
        "zh-Hant": {
          "title": "啊，該死 又來了"
        }
      },
      "tags": [
        "memes"
      ],
      "authors": [
        {
          "name": "Ok_Raccoon2337",
          "url": "https://old.reddit.com/user/Ok_Raccoon2337"
        }
      ],
      "_links": [
        {
          "url": "https://old.reddit.com/r/memes/comments/mw25bu/ah_shit_here_we_go_again/",
          "name": "&uarr;119882 votes"
        }
      ],
      "image": "https://preview.redd.it/ufq8a60wgpu61.jpg?width=640&crop=smart&auto=webp&s=9d8454f8d86170bde65563551323669d1797c547"
    }
  }
}
