{
  "id": "2022_05_10_en_reddit_reddit__r--facepalm--comments--umh98v--it_would_have_been_a_nice_heads_up",
  "url": "https://old.reddit.com/r/facepalm/comments/umh98v/it_would_have_been_a_nice_heads_up/",
  "date_published": "2022-05-10T18:43:59.000Z",
  "date_modified": "2022-05-10T18:43:59.000Z",
  "_original_published": "2022-05-10T12:11:43.000Z",
  "_original_language": "en",
  "_translations": {
    "en": {
      "title": "It would have been a nice heads up"
    },
    "ja": {
      "title": "それは良い警告だったでしょう"
    },
    "zh-Hans": {
      "title": "这将是一个很好的提示"
    },
    "zh-Hant": {
      "title": "這將是一個很好的提示"
    }
  },
  "tags": [
    "facepalm"
  ],
  "authors": [
    {
      "name": "pietradolce",
      "url": "https://old.reddit.com/user/pietradolce"
    }
  ],
  "_links": [
    {
      "url": "https://old.reddit.com/r/facepalm/comments/umh98v/it_would_have_been_a_nice_heads_up/",
      "name": "&uarr;75423 votes"
    }
  ],
  "image": "https://preview.redd.it/dbq5ua1v3ny81.jpg?width=1080&amp;crop=smart&amp;auto=webp&amp;s=260a28d30fc51d51410cd1e707bb72ec171f0024"
}
