{
  "id": "2022_05_10_en_reddit_reddit__r--Damnthatsinteresting--comments--umgnnb--principles_of_topology",
  "url": "https://old.reddit.com/r/Damnthatsinteresting/comments/umgnnb/principles_of_topology/",
  "date_published": "2022-05-11T01:19:20.000Z",
  "date_modified": "2022-05-11T01:19:20.000Z",
  "_original_published": "2022-05-10T11:37:32.000Z",
  "_original_language": "en",
  "_translations": {
    "en": {
      "title": "Principles of topology"
    },
    "ja": {
      "title": "トポロジーの原理"
    },
    "zh-Hans": {
      "title": "拓扑学的原理"
    },
    "zh-Hant": {
      "title": "拓撲學的原理"
    }
  },
  "tags": [
    "Damnthatsinteresting"
  ],
  "authors": [
    {
      "name": "Happy_go_luc",
      "url": "https://old.reddit.com/user/Happy_go_luc"
    }
  ],
  "_links": [
    {
      "url": "https://old.reddit.com/r/Damnthatsinteresting/comments/umgnnb/principles_of_topology/",
      "name": "&uarr;75587 votes"
    }
  ],
  "image": "https://external-preview.redd.it/rjEEV2ol7Q-Py3Z_ZIVtoxCA2qLPKPwz_k5Nqg3dMr8.png?width=320&amp;crop=smart&amp;format=pjpg&amp;auto=webp&amp;s=edff76262e96f09fe61650a0c17dc850b43f3b5a",
  "_video": {
    "sources": [
      {
        "url": "https://v.redd.it/tq2k4koqxmy81/DASH_240.mp4?source=fallback"
      }
    ],
    "width": 426,
    "height": 208,
    "poster": "https://external-preview.redd.it/rjEEV2ol7Q-Py3Z_ZIVtoxCA2qLPKPwz_k5Nqg3dMr8.png?width=320&amp;crop=smart&amp;format=pjpg&amp;auto=webp&amp;s=edff76262e96f09fe61650a0c17dc850b43f3b5a"
  }
}
