{
  "id": "2022_05_10_en_reddit_reddit__r--MadeMeSmile--comments--um6se4--thus_guy_getting_a_surprise_from_his_best_friend",
  "url": "https://old.reddit.com/r/MadeMeSmile/comments/um6se4/thus_guy_getting_a_surprise_from_his_best_friend/",
  "date_published": "2022-05-10T13:34:22.000Z",
  "date_modified": "2022-05-10T13:34:22.000Z",
  "_original_published": "2022-05-10T01:28:12.000Z",
  "_original_language": "en",
  "_translations": {
    "en": {
      "title": "Thus guy getting a surprise from his best friend."
    },
    "ja": {
      "title": "こうして、親友からサプライズを受ける男。"
    },
    "zh-Hant": {
      "title": "こうして、親友からサプライズを受ける男。"
    },
    "zh-Hans": {
      "title": "因此，男人从他最好的朋友那里得到了一个惊喜。"
    }
  },
  "tags": [
    "MadeMeSmile"
  ],
  "authors": [
    {
      "name": "ajfoucault",
      "url": "https://old.reddit.com/user/ajfoucault"
    }
  ],
  "_links": [
    {
      "url": "https://old.reddit.com/r/MadeMeSmile/comments/um6se4/thus_guy_getting_a_surprise_from_his_best_friend/",
      "name": "&uarr;75140 votes"
    }
  ],
  "image": "https://preview.redd.it/w42xhhj1xjy81.png?width=1080&amp;crop=smart&amp;auto=webp&amp;s=f40e4807af518835be858e99610a7ceabe47a871"
}
