{
  "id": "2022_05_10_en_reddit_reddit__r--MadeMeSmile--comments--ume13n--they_all_showed_up",
  "url": "https://old.reddit.com/r/MadeMeSmile/comments/ume13n/they_all_showed_up/",
  "date_published": "2022-05-10T15:30:58.000Z",
  "date_modified": "2022-05-10T15:30:58.000Z",
  "_original_published": "2022-05-10T08:38:35.000Z",
  "_original_language": "en",
  "_translations": {
    "en": {
      "title": "They All Showed Up"
    },
    "ja": {
      "title": "全員集合"
    },
    "zh-Hans": {
      "title": "他们都出现了"
    },
    "zh-Hant": {
      "title": "他們都出現了"
    }
  },
  "tags": [
    "MadeMeSmile"
  ],
  "authors": [
    {
      "name": "teem0m0",
      "url": "https://old.reddit.com/user/teem0m0"
    }
  ],
  "_links": [
    {
      "url": "https://old.reddit.com/r/MadeMeSmile/comments/ume13n/they_all_showed_up/",
      "name": "&uarr;77912 votes"
    }
  ],
  "image": "https://preview.redd.it/pofg6lzt1my81.jpg?width=320&amp;crop=smart&amp;auto=webp&amp;s=62e0e7c69e360377bfae6165b0ff137ad56b0fee"
}
