{
  "id": "2022_05_10_en_reddit_reddit__r--FunnyAnimals--comments--umew3l--be_like_rosie",
  "url": "https://old.reddit.com/r/FunnyAnimals/comments/umew3l/be_like_rosie/",
  "date_published": "2022-05-10T22:16:30.000Z",
  "date_modified": "2022-05-10T22:16:30.000Z",
  "_original_published": "2022-05-10T09:42:35.000Z",
  "_original_language": "en",
  "_translations": {
    "en": {
      "title": "Be like rosie"
    },
    "ja": {
      "title": "ロージーのようになる"
    },
    "zh-Hans": {
      "title": "像罗西一样"
    },
    "zh-Hant": {
      "title": "像羅西一樣"
    }
  },
  "tags": [
    "FunnyAnimals"
  ],
  "authors": [
    {
      "name": "Ken_token123",
      "url": "https://old.reddit.com/user/Ken_token123"
    }
  ],
  "_links": [
    {
      "url": "https://old.reddit.com/r/FunnyAnimals/comments/umew3l/be_like_rosie/",
      "name": "&uarr;75800 votes"
    }
  ],
  "image": "https://preview.redd.it/ztttoyr8dmy81.jpg?width=320&amp;crop=smart&amp;auto=webp&amp;s=4705ae94cbf1b849c2d63e1c8ff8d240b731ff97"
}
