{
  "id": "2022_05_10_en_reddit_reddit__r--funny--comments--umccnu--good_vibes",
  "url": "https://old.reddit.com/r/funny/comments/umccnu/good_vibes/",
  "date_published": "2022-05-10T22:36:51.000Z",
  "date_modified": "2022-05-10T22:36:51.000Z",
  "_original_published": "2022-05-10T06:39:31.000Z",
  "_original_language": "en",
  "_translations": {
    "en": {
      "title": "good vibes"
    },
    "ja": {
      "title": "良い感じ"
    },
    "zh-Hans": {
      "title": "好心情"
    },
    "zh-Hant": {
      "title": "好心情"
    }
  },
  "tags": [
    "funny"
  ],
  "authors": [
    {
      "name": "miciy5",
      "url": "https://old.reddit.com/user/miciy5"
    }
  ],
  "_links": [
    {
      "url": "https://old.reddit.com/r/funny/comments/umccnu/good_vibes/",
      "name": "&uarr;75525 votes"
    }
  ],
  "image": "https://external-preview.redd.it/SLZPHWi-eQadARQvHDgEpqiJqPJ1YrW0alSgG2cOPzY.png?width=640&amp;crop=smart&amp;format=pjpg&amp;auto=webp&amp;s=f74ad8cce5979ab5d0c4502d8e67cb2a364fa199",
  "_video": {
    "sources": [
      {
        "url": "https://v.redd.it/8p4bmxdigly81/DASH_480.mp4?source=fallback"
      }
    ],
    "width": 450,
    "height": 480,
    "poster": "https://external-preview.redd.it/SLZPHWi-eQadARQvHDgEpqiJqPJ1YrW0alSgG2cOPzY.png?width=640&amp;crop=smart&amp;format=pjpg&amp;auto=webp&amp;s=f74ad8cce5979ab5d0c4502d8e67cb2a364fa199"
  }
}
