{
  "id": "2022_05_10_en_reddit_reddit__r--Unexpected--comments--umjxzi--the_real_language_of_love",
  "url": "https://old.reddit.com/r/Unexpected/comments/umjxzi/the_real_language_of_love/",
  "date_published": "2022-05-10T21:56:31.000Z",
  "date_modified": "2022-05-10T21:56:31.000Z",
  "_original_published": "2022-05-10T14:25:53.000Z",
  "_original_language": "en",
  "_translations": {
    "en": {
      "title": "The real language of love"
    },
    "ja": {
      "title": "本当の愛の言葉"
    },
    "zh-Hans": {
      "title": "真正的爱的语言"
    },
    "zh-Hant": {
      "title": "真正的愛的語言"
    }
  },
  "tags": [
    "Unexpected"
  ],
  "authors": [
    {
      "name": "deadstar420",
      "url": "https://old.reddit.com/user/deadstar420"
    }
  ],
  "_links": [
    {
      "url": "https://old.reddit.com/r/Unexpected/comments/umjxzi/the_real_language_of_love/",
      "name": "&uarr;75631 votes"
    }
  ],
  "image": "https://external-preview.redd.it/r5yiX35SPSGgYj6e3O9SURiJYy4zRZGSEPtMVlOSdGc.png?width=640&amp;crop=smart&amp;format=pjpg&amp;auto=webp&amp;s=1c6e5a0706e92aba11bb9622223e60dad3ea9e5c",
  "_video": {
    "sources": [
      {
        "url": "https://v.redd.it/qwk5nlyorny81/DASH_1080.mp4?source=fallback"
      }
    ],
    "width": 665,
    "height": 1080,
    "poster": "https://external-preview.redd.it/r5yiX35SPSGgYj6e3O9SURiJYy4zRZGSEPtMVlOSdGc.png?width=640&amp;crop=smart&amp;format=pjpg&amp;auto=webp&amp;s=1c6e5a0706e92aba11bb9622223e60dad3ea9e5c"
  }
}
