{
  "id": "2022_05_10_en_reddit_reddit__r--news--comments--umfaym--lithuania_recognises_war_in_ukraine_as_genocide",
  "url": "https://old.reddit.com/r/news/comments/umfaym/lithuania_recognises_war_in_ukraine_as_genocide/",
  "date_published": "2022-05-11T03:08:18.000Z",
  "date_modified": "2022-05-11T03:08:18.000Z",
  "_original_published": "2022-05-10T10:11:05.000Z",
  "_original_language": "en",
  "_translations": {
    "en": {
      "title": "Lithuania recognises war in Ukraine as genocide, Russia as terrorist state"
    },
    "ja": {
      "title": "リトアニア、ウクライナ戦争を大量虐殺と認定、ロシアをテロ国家と認定"
    },
    "zh-Hans": {
      "title": "立陶宛承认乌克兰战争是种族灭绝，俄罗斯是恐怖主义国家"
    },
    "zh-Hant": {
      "title": "立陶宛承認烏克蘭戰爭是種族滅絕，俄羅斯是恐怖主義國家"
    }
  },
  "tags": [
    "news"
  ],
  "authors": [
    {
      "name": "jatawis",
      "url": "https://old.reddit.com/user/jatawis"
    }
  ],
  "_links": [
    {
      "url": "https://old.reddit.com/r/news/comments/umfaym/lithuania_recognises_war_in_ukraine_as_genocide/",
      "name": "&uarr;76007 votes"
    }
  ],
  "image": "https://external-preview.redd.it/gR0jXRaHVxbQoiUZT8hT0V0lAdpq00SMPnN7KGM3RZU.jpg?width=1080&amp;crop=smart&amp;auto=webp&amp;s=ecce80d30a45a70aed73e93fcd3df91b7070568d"
}
