{
  "id": "2022_05_10_en_reddit_reddit__r--gaming--comments--umnzo3--how_the_grim_reaper_sends_good_boys_to_the",
  "url": "https://old.reddit.com/r/gaming/comments/umnzo3/how_the_grim_reaper_sends_good_boys_to_the/",
  "date_published": "2022-05-10T21:56:31.000Z",
  "date_modified": "2022-05-10T21:56:31.000Z",
  "_original_published": "2022-05-10T17:28:12.000Z",
  "_original_language": "en",
  "_translations": {
    "en": {
      "title": "How the Grim Reaper sends good boys to the afterlife in The Sims 3"
    },
    "ja": {
      "title": "ザ・シムズ3』死神が良い子をあの世に送る方法"
    },
    "zh-Hans": {
      "title": "在《模拟人生3》中，死神是如何将好孩子送入来世的？"
    },
    "zh-Hant": {
      "title": "在《模擬人生3》中，死神是如何將好孩子送入來世的？"
    }
  },
  "tags": [
    "gaming"
  ],
  "authors": [
    {
      "name": "CanYouPetTheDog",
      "url": "https://old.reddit.com/user/CanYouPetTheDog"
    }
  ],
  "_links": [
    {
      "url": "https://old.reddit.com/r/gaming/comments/umnzo3/how_the_grim_reaper_sends_good_boys_to_the/",
      "name": "&uarr;79746 votes"
    }
  ],
  "image": "https://external-preview.redd.it/CM6fHM9hcWA_2lsFBBGdW22NxnTSRe3EuB0j_CrypaI.jpg?width=216&amp;crop=smart&amp;auto=webp&amp;s=e2b8609cd6bef15f0707f854923bc3cbd0634479",
  "_video": {
    "sources": [
      {
        "url": "https://v.redd.it/8wg4dj4cooy81/DASH_480.mp4"
      }
    ],
    "width": 480,
    "height": 480,
    "poster": "https://external-preview.redd.it/CM6fHM9hcWA_2lsFBBGdW22NxnTSRe3EuB0j_CrypaI.jpg?width=216&amp;crop=smart&amp;auto=webp&amp;s=e2b8609cd6bef15f0707f854923bc3cbd0634479"
  }
}
