{
  "id": "2022_05_10_en_reddit_reddit__r--interestingasfuck--comments--umgzhw--heir_to_the_english_throne_prince_charles_sits",
  "url": "https://old.reddit.com/r/interestingasfuck/comments/umgzhw/heir_to_the_english_throne_prince_charles_sits/",
  "date_published": "2022-05-10T20:16:49.000Z",
  "date_modified": "2022-05-10T20:16:49.000Z",
  "_original_published": "2022-05-10T11:56:46.000Z",
  "_original_language": "en",
  "_translations": {
    "en": {
      "title": "Heir to the English throne Prince Charles sits alone during the State Opening of Parliament in London today. This is the first time that the Queen has missed the event in almost 60 years"
    },
    "ja": {
      "title": "英国王位継承者チャールズ皇太子は、本日ロンドンで行われた国会開会式に一人で着席しました。女王がこの行事を欠席するのは、約60年ぶりのことである"
    },
    "zh-Hans": {
      "title": "英国王位继承人查尔斯王子今天在伦敦举行的议会开幕式上独自坐着。这是近60年来女王首次错过这一活动。"
    },
    "zh-Hant": {
      "title": "英國王位繼承人查爾斯王子今天在倫敦舉行的議會開幕式上獨自坐着。這是近60年來女王首次錯過這一活動。"
    }
  },
  "tags": [
    "interestingasfuck"
  ],
  "authors": [
    {
      "name": "werdmouf",
      "url": "https://old.reddit.com/user/werdmouf"
    }
  ],
  "_links": [
    {
      "url": "https://old.reddit.com/r/interestingasfuck/comments/umgzhw/heir_to_the_english_throne_prince_charles_sits/",
      "name": "&uarr;78463 votes"
    }
  ],
  "image": "https://preview.redd.it/j4pkq5go0ny81.jpg?width=640&amp;crop=smart&amp;auto=webp&amp;s=32a6d5528071772dc10a46e01db3038f074c1505"
}
