{
  "meta": {
    "name": "PrequelMemes"
  },
  "items": {
    "2021_01_18_en_reddit_reddit__r--PrequelMemes--comments--kztnx5--r2d2_noises_intensify": {
      "id": "2021_01_18_en_reddit_reddit__r--PrequelMemes--comments--kztnx5--r2d2_noises_intensify",
      "url": "https://old.reddit.com/r/PrequelMemes/comments/kztnx5/r2d2_noises_intensify/",
      "date_published": "2021-01-18T21:47:24.000Z",
      "date_modified": "2021-01-18T21:47:24.000Z",
      "_original_published": "2021-01-18T12:22:33.000Z",
      "_original_language": "en",
      "_translations": {
        "en": {
          "title": "R2-D2 noises intensify"
        },
        "zh-Hans": {
          "title": "R2-D2的噪音加剧"
        },
        "zh-Hant": {
          "title": "R2-D2的噪音加劇"
        }
      },
      "tags": [
        "PrequelMemes"
      ],
      "authors": [
        {
          "name": "LiamBoutjerr",
          "url": "https://old.reddit.com/user/LiamBoutjerr"
        }
      ],
      "_links": [
        {
          "url": "https://old.reddit.com/r/PrequelMemes/comments/kztnx5/r2d2_noises_intensify/",
          "name": "&uarr;81451 votes"
        }
      ],
      "image": "https://preview.redd.it/ho4eof9z23c61.jpg?width=1080&crop=smart&auto=webp&s=171cab03977c3cb4fb9569b28b79ab23ecad2b36"
    },
    "2020_12_22_en_reddit_reddit__r--PrequelMemes--comments--kidr3f--dooku_makes_some_good_points": {
      "id": "2020_12_22_en_reddit_reddit__r--PrequelMemes--comments--kidr3f--dooku_makes_some_good_points",
      "url": "https://old.reddit.com/r/PrequelMemes/comments/kidr3f/dooku_makes_some_good_points/",
      "date_published": "2020-12-23T07:12:33.000Z",
      "date_modified": "2020-12-23T07:12:33.000Z",
      "_original_published": "2020-12-22T20:48:41.000Z",
      "_original_language": "en",
      "_translations": {
        "en": {
          "title": "Dooku makes some good points"
        },
        "zh-Hans": {
          "title": "杜库提出了一些好观点"
        },
        "zh-Hant": {
          "title": "杜庫提出了一些好觀點"
        }
      },
      "tags": [
        "PrequelMemes"
      ],
      "authors": [
        {
          "name": "L-I-G-H-T-",
          "url": "https://old.reddit.com/user/L-I-G-H-T-"
        }
      ],
      "_links": [
        {
          "url": "https://old.reddit.com/r/PrequelMemes/comments/kidr3f/dooku_makes_some_good_points/",
          "name": "&uarr;101090 votes"
        }
      ],
      "image": "https://preview.redd.it/tm5sa45ows661.jpg?width=640&crop=smart&auto=webp&s=04ae09e3611175724426590547019245653941e4"
    }
  }
}
