{
  "id": "2022_05_26_en_reddit_reddit__r--pics--comments--uy5kg1--oc_cop_wassault_rifle_ready_to_tase_parents_but",
  "url": "https://old.reddit.com/r/pics/comments/uy5kg1/oc_cop_wassault_rifle_ready_to_tase_parents_but/",
  "date_published": "2022-05-26T22:01:55.000Z",
  "date_modified": "2022-05-26T22:01:55.000Z",
  "_original_published": "2022-05-26T11:35:25.000Z",
  "_original_language": "en",
  "_translations": {
    "en": {
      "title": "[OC] Cop w/assault rifle ready to tase parents but won't help children in a school shooting"
    },
    "ja": {
      "title": "[OC] アサルトライフルを持った警官は、親にはテーザー銃を撃つが、学校での銃乱射事件では子供を助けない。"
    },
    "zh-Hans": {
      "title": "[携带突击步枪的警察准备电击家长，但不会帮助学校枪击案中的儿童"
    },
    "zh-Hant": {
      "title": "[攜帶突擊步槍的警察準備電擊家長，但不會幫助學校槍擊案中的兒童"
    }
  },
  "tags": [
    "pics"
  ],
  "authors": [
    {
      "name": "Chableezy",
      "url": "https://old.reddit.com/user/Chableezy"
    }
  ],
  "_links": [
    {
      "url": "https://old.reddit.com/r/pics/comments/uy5kg1/oc_cop_wassault_rifle_ready_to_tase_parents_but/",
      "name": "&uarr;75709 votes"
    }
  ],
  "image": "https://external-preview.redd.it/9yCa_i4R9WnGJP4PZI2jFLQ8ABqAJXqL_MMLMin1tig.jpg?width=960&amp;crop=smart&amp;auto=webp&amp;s=11841e2bdeca1166327b7c3eca29c485acd43941"
}
