{
  "id": "2022_05_26_en_reddit_reddit__r--memes--comments--uy86oa--well_that_and_politicians",
  "url": "https://old.reddit.com/r/memes/comments/uy86oa/well_that_and_politicians/",
  "date_published": "2022-05-26T23:57:02.000Z",
  "date_modified": "2022-05-26T23:57:02.000Z",
  "_original_published": "2022-05-26T13:55:45.000Z",
  "_original_language": "en",
  "_translations": {
    "en": {
      "title": "Well that and politicians"
    },
    "ja": {
      "title": "それはそうと、政治家"
    },
    "zh-Hans": {
      "title": "这和政治家一样"
    },
    "zh-Hant": {
      "title": "這和政治家一樣"
    }
  },
  "tags": [
    "memes"
  ],
  "authors": [
    {
      "name": "Left-Twix420",
      "url": "https://old.reddit.com/user/Left-Twix420"
    }
  ],
  "_links": [
    {
      "url": "https://old.reddit.com/r/memes/comments/uy86oa/well_that_and_politicians/",
      "name": "&uarr;75797 votes"
    }
  ],
  "image": "https://preview.redd.it/f1gbwhtzst191.gif?width=320&amp;crop=smart&amp;format=png8&amp;s=798a69966ba6c20a4bbc4174c987f773d8592410",
  "_video": {
    "sources": [
      {
        "url": "https://preview.redd.it/f1gbwhtzst191.gif?format=mp4&amp;s=dd15ff8177d2da20400874c3cf38cd0f664e414e"
      }
    ],
    "width": 614,
    "height": 750,
    "poster": "https://preview.redd.it/f1gbwhtzst191.gif?width=320&amp;crop=smart&amp;format=png8&amp;s=798a69966ba6c20a4bbc4174c987f773d8592410"
  }
}
