{
  "id": "2022_05_26_en_reddit_reddit__r--news--comments--uyjqsw--11yearold_survivor_of_uvalde_massacre_put_blood",
  "url": "https://old.reddit.com/r/news/comments/uyjqsw/11yearold_survivor_of_uvalde_massacre_put_blood/",
  "date_published": "2022-05-27T17:40:57.000Z",
  "date_modified": "2022-05-27T17:40:57.000Z",
  "_original_published": "2022-05-26T22:50:39.000Z",
  "_original_language": "en",
  "_translations": {
    "en": {
      "title": "11-Year-Old Survivor of Uvalde Massacre Put Blood on Herself and Played Dead, Aunt Says"
    },
    "ja": {
      "title": "ユバルデ虐殺の11歳の生存者は自分に血をつけ、死んだふりをしたと叔母は言う。"
    },
    "zh-Hans": {
      "title": "姨妈说，乌瓦尔德大屠杀的11岁幸存者把血涂在自己身上并装死"
    },
    "zh-Hant": {
      "title": "姨媽說，烏瓦爾德大屠殺的11歲倖存者把血塗在自己身上並裝死"
    }
  },
  "tags": [
    "news"
  ],
  "authors": [
    {
      "name": "manoflick",
      "url": "https://old.reddit.com/user/manoflick"
    }
  ],
  "_links": [
    {
      "url": "https://old.reddit.com/r/news/comments/uyjqsw/11yearold_survivor_of_uvalde_massacre_put_blood/",
      "name": "&uarr;75176 votes"
    }
  ],
  "image": "https://external-preview.redd.it/TH9CP2Y0fj5uOUiSc-blz8NeSB9NRM_YoyY9SN7EA0o.jpg?width=1080&amp;crop=smart&amp;auto=webp&amp;s=4da878531e8edb03a80c079981a929f62ed440b8"
}
