{
  "id": "2022_05_26_en_reddit_reddit__r--Unexpected--comments--uxyisr--ninja_jackson",
  "url": "https://old.reddit.com/r/Unexpected/comments/uxyisr/ninja_jackson/",
  "date_published": "2022-05-26T13:52:05.000Z",
  "date_modified": "2022-05-26T13:52:05.000Z",
  "_original_published": "2022-05-26T03:29:45.000Z",
  "_original_language": "en",
  "_translations": {
    "en": {
      "title": "Ninja Jackson"
    },
    "ja": {
      "title": "忍者ジャクソン"
    },
    "zh-Hans": {
      "title": "忍者杰克逊"
    },
    "zh-Hant": {
      "title": "忍者傑克遜"
    }
  },
  "tags": [
    "Unexpected"
  ],
  "authors": [
    {
      "name": "0zone042",
      "url": "https://old.reddit.com/user/0zone042"
    }
  ],
  "_links": [
    {
      "url": "https://old.reddit.com/r/Unexpected/comments/uxyisr/ninja_jackson/",
      "name": "&uarr;78021 votes"
    }
  ],
  "image": "https://external-preview.redd.it/BlmSOq2F7JYA1bjpPd58r5bhu4EKSnlhgkuSMcM1-yo.jpg?width=640&amp;crop=smart&amp;format=pjpg&amp;auto=webp&amp;s=cdb5517f606fae0cde9d3131a3784dbc7dd83ca0",
  "_video": {
    "sources": [
      {
        "url": "https://v.redd.it/58vwgjeapq191/DASH_1080.mp4?source=fallback"
      }
    ],
    "width": 607,
    "height": 1080,
    "poster": "https://external-preview.redd.it/BlmSOq2F7JYA1bjpPd58r5bhu4EKSnlhgkuSMcM1-yo.jpg?width=640&amp;crop=smart&amp;format=pjpg&amp;auto=webp&amp;s=cdb5517f606fae0cde9d3131a3784dbc7dd83ca0"
  }
}
