{
  "id": "2022_05_26_en_reddit_reddit__r--WhitePeopleTwitter--comments--uyd54o--thatll_send_a_message",
  "url": "https://old.reddit.com/r/WhitePeopleTwitter/comments/uyd54o/thatll_send_a_message/",
  "date_published": "2022-05-26T23:35:08.000Z",
  "date_modified": "2022-05-26T23:35:08.000Z",
  "_original_published": "2022-05-26T17:44:13.000Z",
  "_original_language": "en",
  "_translations": {
    "en": {
      "title": "That'll send a message."
    },
    "ja": {
      "title": "それがメッセージになる。"
    },
    "zh-Hans": {
      "title": "这将发出一个信息。"
    },
    "zh-Hant": {
      "title": "這將發出一個信息。"
    }
  },
  "tags": [
    "WhitePeopleTwitter"
  ],
  "authors": [
    {
      "name": "ExpertAccident",
      "url": "https://old.reddit.com/user/ExpertAccident"
    }
  ],
  "_links": [
    {
      "url": "https://old.reddit.com/r/WhitePeopleTwitter/comments/uyd54o/thatll_send_a_message/",
      "name": "&uarr;76655 votes"
    }
  ],
  "image": "https://preview.redd.it/711gqo6rxu191.png?width=640&amp;crop=smart&amp;auto=webp&amp;s=215699888af690ccc05701e70009c0a26db06ac0"
}
