{
  "id": "2022_05_26_en_reddit_reddit__r--memes--comments--uy34oo--youre_too_slow",
  "url": "https://old.reddit.com/r/memes/comments/uy34oo/youre_too_slow/",
  "date_published": "2022-05-26T18:05:00.000Z",
  "date_modified": "2022-05-26T18:05:00.000Z",
  "_original_published": "2022-05-26T08:46:45.000Z",
  "_original_language": "en",
  "_translations": {
    "en": {
      "title": "“You’re too slow”"
    },
    "ja": {
      "title": "\"遅い\""
    },
    "zh-Hans": {
      "title": "\"你太慢了\""
    },
    "zh-Hant": {
      "title": "\"你太慢了\""
    }
  },
  "tags": [
    "memes"
  ],
  "authors": [
    {
      "name": "ToizMoiz",
      "url": "https://old.reddit.com/user/ToizMoiz"
    }
  ],
  "_links": [
    {
      "url": "https://old.reddit.com/r/memes/comments/uy34oo/youre_too_slow/",
      "name": "&uarr;75742 votes"
    }
  ],
  "image": "https://preview.redd.it/1oir7ejv9s191.gif?width=320&amp;crop=smart&amp;format=png8&amp;s=9bcafc570b32cc9875b6617984b309c2d3ac34c1",
  "_video": {
    "sources": [
      {
        "url": "https://preview.redd.it/1oir7ejv9s191.gif?format=mp4&amp;s=d00a35af299e1def7b8e4eb49cee607c4ce55e48"
      }
    ],
    "width": 480,
    "height": 480,
    "poster": "https://preview.redd.it/1oir7ejv9s191.gif?width=320&amp;crop=smart&amp;format=png8&amp;s=9bcafc570b32cc9875b6617984b309c2d3ac34c1"
  }
}
