{
  "id": "2022_05_26_en_reddit_reddit__r--news--comments--uxz8eh--victims_families_urged_armed_police_officers_to",
  "url": "https://old.reddit.com/r/news/comments/uxz8eh/victims_families_urged_armed_police_officers_to/",
  "date_published": "2022-05-26T13:52:05.000Z",
  "date_modified": "2022-05-26T13:52:05.000Z",
  "_original_published": "2022-05-26T04:12:14.000Z",
  "_original_language": "en",
  "_translations": {
    "en": {
      "title": "Victims' families urged armed police officers to charge into Uvalde school while massacre carried on for upwards of 40 minutes"
    },
    "ja": {
      "title": "犠牲者の家族は武装警察官にウバルデの学校への突撃を促し、虐殺は40分以上続きました。"
    },
    "zh-Hans": {
      "title": "受害者家属敦促武装警察冲进乌瓦尔德学校，而大屠杀持续了40多分钟"
    },
    "zh-Hant": {
      "title": "受害者家屬敦促武裝警察衝進烏瓦爾德學校，而大屠殺持續了40多分鐘"
    }
  },
  "tags": [
    "news"
  ],
  "authors": [
    {
      "name": "parkernorwood",
      "url": "https://old.reddit.com/user/parkernorwood"
    }
  ],
  "_links": [
    {
      "url": "https://old.reddit.com/r/news/comments/uxz8eh/victims_families_urged_armed_police_officers_to/",
      "name": "&uarr;78840 votes"
    }
  ],
  "image": "https://external-preview.redd.it/Vv_n5XkbRIoACscSfwOsCtSnxmlY0nxNME3xmDoNyc8.jpg?width=1080&amp;crop=smart&amp;auto=webp&amp;s=6391502fd1686ee25417216342bb88cf48eb492f"
}
