{
  "id": "2022_05_26_en_reddit_reddit__r--PublicFreakout--comments--uxzh88--the_cops_at_uvalde_literally_stood_outside_and",
  "url": "https://old.reddit.com/r/PublicFreakout/comments/uxzh88/the_cops_at_uvalde_literally_stood_outside_and/",
  "date_published": "2022-05-27T03:10:47.000Z",
  "date_modified": "2022-05-27T03:10:47.000Z",
  "_original_published": "2022-05-26T04:27:11.000Z",
  "_original_language": "en",
  "_translations": {
    "en": {
      "title": "the cops at Uvalde literally stood outside and refused to go in after the shooter and even stopped parents from helping their kids"
    },
    "ja": {
      "title": "ウバルデの警官は文字通り外に立っていて、犯人の後に入るのを拒み、子供を助けようとする親を止めさえしました。"
    },
    "zh-Hans": {
      "title": "Uvalde的警察真的站在外面，拒绝在枪手之后进去，甚至阻止父母帮助他们的孩子。"
    },
    "zh-Hant": {
      "title": "Uvalde的警察真的站在外面，拒絕在槍手之後進去，甚至阻止父母幫助他們的孩子。"
    }
  },
  "tags": [
    "PublicFreakout"
  ],
  "authors": [
    {
      "name": "Lilyo",
      "url": "https://old.reddit.com/user/Lilyo"
    }
  ],
  "_links": [
    {
      "url": "https://old.reddit.com/r/PublicFreakout/comments/uxzh88/the_cops_at_uvalde_literally_stood_outside_and/",
      "name": "&uarr;76055 votes"
    }
  ],
  "image": "https://external-preview.redd.it/P2RsOi1CNamq4ZyPtvTkpERlVl7oC1bkmMeqII2cJnQ.png?width=320&amp;crop=smart&amp;format=pjpg&amp;auto=webp&amp;s=74cca461adbaddf9feb19191ec8355ddab1adc09",
  "_video": {
    "sources": [
      {
        "url": "https://v.redd.it/z37nc8oazq191/DASH_720.mp4?source=fallback"
      }
    ],
    "width": 405,
    "height": 720,
    "poster": "https://external-preview.redd.it/P2RsOi1CNamq4ZyPtvTkpERlVl7oC1bkmMeqII2cJnQ.png?width=320&amp;crop=smart&amp;format=pjpg&amp;auto=webp&amp;s=74cca461adbaddf9feb19191ec8355ddab1adc09"
  }
}
