{
  "id": "2022_05_26_en_reddit_reddit__r--BeAmazed--comments--uy8u8k--the_man_climbed_out_of_his_eighth_floor_apartment",
  "url": "https://old.reddit.com/r/BeAmazed/comments/uy8u8k/the_man_climbed_out_of_his_eighth_floor_apartment/",
  "date_published": "2022-05-27T03:10:47.000Z",
  "date_modified": "2022-05-27T03:10:47.000Z",
  "_original_published": "2022-05-26T14:26:55.000Z",
  "_original_language": "en",
  "_translations": {
    "en": {
      "title": "The man climbed out of his eighth floor apartment window to catch the helpless three-year-old girl."
    },
    "ja": {
      "title": "男は8階のアパートの窓から外に出て、無力な3歳の女の子を捕らえた。"
    },
    "zh-Hans": {
      "title": "这名男子从八楼的公寓窗户爬出来，抓住了这个无助的三岁女孩。"
    },
    "zh-Hant": {
      "title": "這名男子從八樓的公寓窗戶爬出來，抓住了這個無助的三歲女孩。"
    }
  },
  "tags": [
    "BeAmazed"
  ],
  "authors": [
    {
      "name": "WorldHub995",
      "url": "https://old.reddit.com/user/WorldHub995"
    }
  ],
  "_links": [
    {
      "url": "https://old.reddit.com/r/BeAmazed/comments/uy8u8k/the_man_climbed_out_of_his_eighth_floor_apartment/",
      "name": "&uarr;85521 votes"
    }
  ],
  "image": "https://external-preview.redd.it/6GcuStUS1JmS1F-spMEWA5-JKE1UfcDGy8cfgk4PSL0.png?width=320&amp;crop=smart&amp;format=pjpg&amp;auto=webp&amp;s=c0f66119975cea4719123a8b8bff7279d2599159",
  "_video": {
    "sources": [
      {
        "url": "https://v.redd.it/8zurxuwgyt191/DASH_720.mp4?source=fallback"
      }
    ],
    "width": 405,
    "height": 720,
    "poster": "https://external-preview.redd.it/6GcuStUS1JmS1F-spMEWA5-JKE1UfcDGy8cfgk4PSL0.png?width=320&amp;crop=smart&amp;format=pjpg&amp;auto=webp&amp;s=c0f66119975cea4719123a8b8bff7279d2599159"
  }
}
