{
  "id": "2022_05_26_en_reddit_reddit__r--movies--comments--uyb024--goodfellas_star_ray_liotta_dies_at_67",
  "url": "https://old.reddit.com/r/movies/comments/uyb024/goodfellas_star_ray_liotta_dies_at_67/",
  "date_published": "2022-05-27T03:10:47.000Z",
  "date_modified": "2022-05-27T03:10:47.000Z",
  "_original_published": "2022-05-26T16:06:00.000Z",
  "_original_language": "en",
  "_translations": {
    "en": {
      "title": "‘Goodfellas’ Star Ray Liotta Dies at 67"
    },
    "ja": {
      "title": "訃報】「グッドフェローズ」のレイ・リオッタさん、67歳で死去"
    },
    "zh-Hans": {
      "title": "古惑仔》明星雷-利奥塔去世，享年67岁"
    },
    "zh-Hant": {
      "title": "古惑仔》明星雷-利奧塔去世，享年67歲"
    }
  },
  "tags": [
    "movies"
  ],
  "authors": [
    {
      "name": "DemiFiendRSA",
      "url": "https://old.reddit.com/user/DemiFiendRSA"
    }
  ],
  "_links": [
    {
      "url": "https://old.reddit.com/r/movies/comments/uyb024/goodfellas_star_ray_liotta_dies_at_67/",
      "name": "&uarr;76357 votes"
    }
  ],
  "image": "https://external-preview.redd.it/TttEnu4AMTpdijbh-AjZr788CpMpvJhGzc44LPbNdqs.jpg?width=960&amp;crop=smart&amp;auto=webp&amp;s=9a6c72a30eb26d46c13f2dc5db25e7ab82bf82a2"
}
