{
  "id": "2022_05_26_en_reddit_reddit__r--Damnthatsinteresting--comments--uxwuh2--preserved_edo_period_neighborhood_in_japan",
  "url": "https://old.reddit.com/r/Damnthatsinteresting/comments/uxwuh2/preserved_edo_period_neighborhood_in_japan/",
  "date_published": "2022-05-26T13:25:27.000Z",
  "date_modified": "2022-05-26T13:25:27.000Z",
  "_original_published": "2022-05-26T01:57:35.000Z",
  "_original_language": "en",
  "_translations": {
    "en": {
      "title": "Preserved Edo period neighborhood in Japan"
    },
    "ja": {
      "title": "江戸時代の町並みが保存されている"
    },
    "zh-Hans": {
      "title": "保存下来的日本江户时代的街区"
    },
    "zh-Hant": {
      "title": "保存下來的日本江戶時代的街區"
    }
  },
  "tags": [
    "Damnthatsinteresting"
  ],
  "authors": [
    {
      "name": "DrFetusRN",
      "url": "https://old.reddit.com/user/DrFetusRN"
    }
  ],
  "_links": [
    {
      "url": "https://old.reddit.com/r/Damnthatsinteresting/comments/uxwuh2/preserved_edo_period_neighborhood_in_japan/",
      "name": "&uarr;76203 votes"
    }
  ],
  "image": "https://preview.redd.it/enox1phv8q191.jpg?width=1080&amp;crop=smart&amp;auto=webp&amp;s=63d044a45b172795e1c139aa0706abc5b1fa831c"
}
