{
  "id": "2022_05_26_en_reddit_reddit__r--aww--comments--uy591s--the_foster_puppies_get_a_treat_for_pooping",
  "url": "https://old.reddit.com/r/aww/comments/uy591s/the_foster_puppies_get_a_treat_for_pooping/",
  "date_published": "2022-05-27T04:38:31.000Z",
  "date_modified": "2022-05-27T04:38:31.000Z",
  "_original_published": "2022-05-26T11:15:43.000Z",
  "_original_language": "en",
  "_translations": {
    "en": {
      "title": "The foster puppies get a treat for pooping outside. Gus now thinks he too deserves a treat for pooping outside."
    },
    "ja": {
      "title": "里親の子犬は、外でウンチをするとおやつがもらえます。ガスは今、自分も外でウンチをしたらご褒美をもらえると思っています。"
    },
    "zh-Hans": {
      "title": "寄养的小狗们在外面拉屎会得到奖励。格斯现在认为它在外面拉屎也应该得到奖励。"
    },
    "zh-Hant": {
      "title": "寄養的小狗們在外面拉屎會得到獎勵。格斯現在認爲它在外面拉屎也應該得到獎勵。"
    }
  },
  "tags": [
    "aww"
  ],
  "authors": [
    {
      "name": "MadMaxsHannah",
      "url": "https://old.reddit.com/user/MadMaxsHannah"
    }
  ],
  "_links": [
    {
      "url": "https://old.reddit.com/r/aww/comments/uy591s/the_foster_puppies_get_a_treat_for_pooping/",
      "name": "&uarr;75239 votes"
    }
  ],
  "image": "https://preview.redd.it/x9i8btdg0t191.jpg?width=1080&amp;crop=smart&amp;auto=webp&amp;s=9f0132e46d7015cd4ec0fbd7f3f727467cbe9db3"
}
