{
  "id": "2022_05_26_en_reddit_reddit__r--MadeMeSmile--comments--uyahec--so_suave_and_smooth_with_a_masterful_ending",
  "url": "https://old.reddit.com/r/MadeMeSmile/comments/uyahec/so_suave_and_smooth_with_a_masterful_ending/",
  "date_published": "2022-05-26T20:49:51.000Z",
  "date_modified": "2022-05-26T20:49:51.000Z",
  "_original_published": "2022-05-26T15:42:28.000Z",
  "_original_language": "en",
  "_translations": {
    "en": {
      "title": "So suave and smooth with a masterful ending!"
    },
    "ja": {
      "title": "このように洗練され、滑らかで、見事なエンディングを迎えることができました。"
    },
    "zh-Hans": {
      "title": "如此的风流倜傥，流畅的结局，堪称大师级的作品!"
    },
    "zh-Hant": {
      "title": "如此的風流倜儻，流暢的結局，堪稱大師級的作品!"
    }
  },
  "tags": [
    "MadeMeSmile"
  ],
  "authors": [
    {
      "name": "Thund3rbolt",
      "url": "https://old.reddit.com/user/Thund3rbolt"
    }
  ],
  "_links": [
    {
      "url": "https://old.reddit.com/r/MadeMeSmile/comments/uyahec/so_suave_and_smooth_with_a_masterful_ending/",
      "name": "&uarr;76789 votes"
    }
  ],
  "image": "https://external-preview.redd.it/FZyUKHveALBvYQvDf7GnUtLJao8NBvBAomDOHg2rFKQ.png?width=320&amp;crop=smart&amp;format=pjpg&amp;auto=webp&amp;s=82d4569e0b59e42c776a06eafa075561f6d75fa0",
  "_video": {
    "sources": [
      {
        "url": "https://v.redd.it/4nrs8c5vbu191/DASH_720.mp4?source=fallback"
      }
    ],
    "width": 405,
    "height": 720,
    "poster": "https://external-preview.redd.it/FZyUKHveALBvYQvDf7GnUtLJao8NBvBAomDOHg2rFKQ.png?width=320&amp;crop=smart&amp;format=pjpg&amp;auto=webp&amp;s=82d4569e0b59e42c776a06eafa075561f6d75fa0"
  }
}
