{
  "id": "2022_05_26_en_reddit_reddit__r--technology--comments--uye42h--twitter_shareholder_sues_elon_musk_for_tanking",
  "url": "https://old.reddit.com/r/technology/comments/uye42h/twitter_shareholder_sues_elon_musk_for_tanking/",
  "date_published": "2022-05-27T13:31:04.000Z",
  "date_modified": "2022-05-27T13:31:04.000Z",
  "_original_published": "2022-05-26T18:29:21.000Z",
  "_original_language": "en",
  "_translations": {
    "en": {
      "title": "Twitter shareholder sues Elon Musk for tanking the company’s stock"
    },
    "ja": {
      "title": "Twitterの株主がイーロン・マスクを提訴、同社の株価を暴落させる"
    },
    "zh-Hans": {
      "title": "推特股东起诉埃隆-马斯克使公司股票下跌"
    },
    "zh-Hant": {
      "title": "推特股東起訴埃隆-馬斯克使公司股票下跌"
    }
  },
  "tags": [
    "technology"
  ],
  "authors": [
    {
      "name": "DemiFiendRSA",
      "url": "https://old.reddit.com/user/DemiFiendRSA"
    }
  ],
  "_links": [
    {
      "url": "https://old.reddit.com/r/technology/comments/uye42h/twitter_shareholder_sues_elon_musk_for_tanking/",
      "name": "&uarr;75071 votes"
    }
  ],
  "image": "https://external-preview.redd.it/L5DV6ZvgYndqogVm1NIZ50aHMo1puroI4-E6H1EHMWg.jpg?width=1080&amp;crop=smart&amp;auto=webp&amp;s=8679a8a50117e9c24667b92e807c5e35908d8157"
}
