{
  "id": "2022_05_26_en_reddit_reddit__r--mildlyinteresting--comments--uyii75--got_my_piece_of_shot_down_russian_plane_today",
  "url": "https://old.reddit.com/r/mildlyinteresting/comments/uyii75/got_my_piece_of_shot_down_russian_plane_today/",
  "date_published": "2022-05-27T15:43:31.000Z",
  "date_modified": "2022-05-27T15:43:31.000Z",
  "_original_published": "2022-05-26T21:52:12.000Z",
  "_original_language": "en",
  "_translations": {
    "en": {
      "title": "Got my piece of shot down Russian plane today after donating to dronesforukraine.fund"
    },
    "ja": {
      "title": "dronesforukraine.fundに寄付して、今日、撃墜されたロシア機の一部を手に入れました。"
    },
    "zh-Hans": {
      "title": "在向乌克兰无人机基金捐款后，我今天得到了被击落的俄罗斯飞机的碎片。"
    },
    "zh-Hant": {
      "title": "在向烏克蘭無人機基金捐款後，我今天得到了被擊落的俄羅斯飛機的碎片。"
    }
  },
  "tags": [
    "mildlyinteresting"
  ],
  "authors": [
    {
      "name": "hamiltsd",
      "url": "https://old.reddit.com/user/hamiltsd"
    }
  ],
  "_links": [
    {
      "url": "https://old.reddit.com/r/mildlyinteresting/comments/uyii75/got_my_piece_of_shot_down_russian_plane_today/",
      "name": "&uarr;75077 votes"
    }
  ],
  "image": "https://preview.redd.it/y6jrefc06w191.jpg?width=1080&amp;crop=smart&amp;auto=webp&amp;s=14ee5f79141c7e6237b8347fb8c1d419877ac68b"
}
