{
  "id": "2022_05_26_en_reddit_reddit__r--memes--comments--uyd88k--not_so_silent_but_deadly",
  "url": "https://old.reddit.com/r/memes/comments/uyd88k/not_so_silent_but_deadly/",
  "date_published": "2022-05-27T05:04:58.000Z",
  "date_modified": "2022-05-27T05:04:58.000Z",
  "_original_published": "2022-05-26T17:48:28.000Z",
  "_original_language": "en",
  "_translations": {
    "en": {
      "title": "Not so silent but deadly"
    },
    "ja": {
      "title": "静かなようでいて命がけ"
    },
    "zh-Hans": {
      "title": "不那么沉默，但很致命"
    },
    "zh-Hant": {
      "title": "不那麼沉默，但很致命"
    }
  },
  "tags": [
    "memes"
  ],
  "authors": [
    {
      "name": "johnlen1n",
      "url": "https://old.reddit.com/user/johnlen1n"
    }
  ],
  "_links": [
    {
      "url": "https://old.reddit.com/r/memes/comments/uyd88k/not_so_silent_but_deadly/",
      "name": "&uarr;75736 votes"
    }
  ],
  "image": "https://preview.redd.it/oks9a7rvts191.gif?width=1080&amp;crop=smart&amp;format=png8&amp;s=0f7a8bc96d4a2de8c11333df0b4eaed1c274a5e1",
  "_video": {
    "sources": [
      {
        "url": "https://preview.redd.it/oks9a7rvts191.gif?format=mp4&amp;s=9ff5c26f0ca3205323185c7a0e4d66263f29ba42"
      }
    ],
    "width": 1280,
    "height": 1106,
    "poster": "https://preview.redd.it/oks9a7rvts191.gif?width=1080&amp;crop=smart&amp;format=png8&amp;s=0f7a8bc96d4a2de8c11333df0b4eaed1c274a5e1"
  }
}
