{
  "id": "2022_05_26_en_reddit_reddit__r--iamatotalpieceofshit--comments--uy587x--ted_cruz_permanent_member_nomination",
  "url": "https://old.reddit.com/r/iamatotalpieceofshit/comments/uy587x/ted_cruz_permanent_member_nomination/",
  "date_published": "2022-05-27T01:11:10.000Z",
  "date_modified": "2022-05-27T01:11:10.000Z",
  "_original_published": "2022-05-26T11:14:19.000Z",
  "_original_language": "en",
  "_translations": {
    "en": {
      "title": "Ted Cruz - permanent member nomination"
    },
    "ja": {
      "title": "テッド・クルーズ - 正会員推薦"
    },
    "zh-Hans": {
      "title": "特德-克鲁兹--常任理事国提名"
    },
    "zh-Hant": {
      "title": "特德-克魯茲--常任理事國提名"
    }
  },
  "tags": [
    "iamatotalpieceofshit"
  ],
  "authors": [
    {
      "name": "wx-1",
      "url": "https://old.reddit.com/user/wx-1"
    }
  ],
  "_links": [
    {
      "url": "https://old.reddit.com/r/iamatotalpieceofshit/comments/uy587x/ted_cruz_permanent_member_nomination/",
      "name": "&uarr;76740 votes"
    }
  ],
  "image": "https://external-preview.redd.it/rcN2IPc9cB_17BIo32FFWKyvxNROLC_O_WRPBjKGacg.png?width=320&amp;crop=smart&amp;format=pjpg&amp;auto=webp&amp;s=754709d72f4bf0344ea9c0f58726d309d9a2447c",
  "_video": {
    "sources": [
      {
        "url": "https://v.redd.it/ukjsqmr40t191/DASH_480.mp4?source=fallback"
      }
    ],
    "width": 480,
    "height": 480,
    "poster": "https://external-preview.redd.it/rcN2IPc9cB_17BIo32FFWKyvxNROLC_O_WRPBjKGacg.png?width=320&amp;crop=smart&amp;format=pjpg&amp;auto=webp&amp;s=754709d72f4bf0344ea9c0f58726d309d9a2447c"
  }
}
