{
  "items": {
    "2022_02_13_en_reddit_reddit__r--nextfuckinglevel--comments--srrfml--french_farmers_art_for_tour_de_france": {
      "id": "2022_02_13_en_reddit_reddit__r--nextfuckinglevel--comments--srrfml--french_farmers_art_for_tour_de_france",
      "url": "https://old.reddit.com/r/nextfuckinglevel/comments/srrfml/french_farmers_art_for_tour_de_france/",
      "date_published": "2022-02-14T02:11:48.000Z",
      "date_modified": "2022-02-14T02:11:48.000Z",
      "_original_published": "2022-02-13T19:59:25.000Z",
      "_original_language": "en",
      "_translations": {
        "en": {
          "title": "French farmers' art for Tour de France!"
        },
        "ja": {
          "title": "フランスの農家がツール・ド・フランスのために描いたアート!"
        },
        "zh-Hans": {
          "title": "法国农民的环法艺术!"
        },
        "zh-Hant": {
          "title": "法國農民的環法藝術!"
        }
      },
      "tags": [
        "nextfuckinglevel"
      ],
      "authors": [
        {
          "name": "shitgamer52",
          "url": "https://old.reddit.com/user/shitgamer52"
        }
      ],
      "_links": [
        {
          "url": "https://old.reddit.com/r/nextfuckinglevel/comments/srrfml/french_farmers_art_for_tour_de_france/",
          "name": "&uarr;81148 votes"
        }
      ],
      "image": "https://external-preview.redd.it/O8SdnWilhpkJVRf2EU06LevghfZawUacrBTtA6r0MG8.png?width=1080&amp;crop=smart&amp;format=pjpg&amp;auto=webp&amp;s=b9f0f05cc9d5b0fe8273e73403e8c62d804a25b6",
      "_video": {
        "sources": [
          {
            "url": "https://v.redd.it/0fovf51wonh81/DASH_720.mp4?source=fallback"
          }
        ],
        "width": 1280,
        "height": 720,
        "poster": "https://external-preview.redd.it/O8SdnWilhpkJVRf2EU06LevghfZawUacrBTtA6r0MG8.png?width=1080&amp;crop=smart&amp;format=pjpg&amp;auto=webp&amp;s=b9f0f05cc9d5b0fe8273e73403e8c62d804a25b6"
      }
    },
    "2022_02_13_en_reddit_reddit__r--interestingasfuck--comments--srly4v--a_crowd_of_angry_parents_hurl_insults_at_6": {
      "id": "2022_02_13_en_reddit_reddit__r--interestingasfuck--comments--srly4v--a_crowd_of_angry_parents_hurl_insults_at_6",
      "url": "https://old.reddit.com/r/interestingasfuck/comments/srly4v/a_crowd_of_angry_parents_hurl_insults_at_6/",
      "date_published": "2022-02-14T01:34:48.000Z",
      "date_modified": "2022-02-14T01:34:48.000Z",
      "_original_published": "2022-02-13T16:04:44.000Z",
      "_original_language": "en",
      "_translations": {
        "en": {
          "title": "A crowd of angry parents hurl insults at 6 year-old Ruby Bridges as she enters a traditionally all-white school, the first black child to do so in the United States South, 1960. Bridges is just 67 today. (Colorized by me)"
        },
        "ja": {
          "title": "1960年、アメリカ南部で初めて黒人児童として伝統的に白人だけの学校に入学した6歳のルビー・ブリッジスに対し、怒った親たちが侮辱の言葉を浴びせる。ブリッジズは現在67歳。（カラー化：私）"
        },
        "zh-Hans": {
          "title": "1960年，一群愤怒的家长对6岁的鲁比-布里奇斯进行辱骂，她是美国南方第一个进入传统的全白学校的黑人儿童。布里奇斯今天只有67岁。(Colorized by me)"
        },
        "zh-Hant": {
          "title": "1960年，一羣憤怒的家長對6歲的魯比-布里奇斯進行辱罵，她是美國南方第一個進入傳統的全白學校的黑人兒童。布里奇斯今天只有67歲。(Colorized by me)"
        }
      },
      "tags": [
        "interestingasfuck"
      ],
      "authors": [
        {
          "name": "Haxdawg",
          "url": "https://old.reddit.com/user/Haxdawg"
        }
      ],
      "_links": [
        {
          "url": "https://old.reddit.com/r/interestingasfuck/comments/srly4v/a_crowd_of_angry_parents_hurl_insults_at_6/",
          "name": "&uarr;80348 votes"
        }
      ],
      "image": "https://preview.redd.it/jbegzjtximh81.jpg?width=1080&amp;crop=smart&amp;auto=webp&amp;s=fd2726909d60731805bfe28d57fe50792426629e"
    },
    "2022_02_16_en_reddit_reddit__r--facepalm--comments--su2fnc--it_was_media_control_all_along": {
      "id": "2022_02_16_en_reddit_reddit__r--facepalm--comments--su2fnc--it_was_media_control_all_along",
      "url": "https://old.reddit.com/r/facepalm/comments/su2fnc/it_was_media_control_all_along/",
      "date_published": "2022-02-17T01:02:52.000Z",
      "date_modified": "2022-02-17T01:02:52.000Z",
      "_original_published": "2022-02-16T18:16:49.000Z",
      "_original_language": "en",
      "_translations": {
        "en": {
          "title": "It was media control all along"
        },
        "ja": {
          "title": "ずっとメディアコントロールされていた"
        },
        "zh-Hans": {
          "title": "一直以来都是媒体控制"
        },
        "zh-Hant": {
          "title": "一直以來都是媒體控制"
        }
      },
      "tags": [
        "facepalm"
      ],
      "authors": [
        {
          "name": "bradhrad",
          "url": "https://old.reddit.com/user/bradhrad"
        }
      ],
      "_links": [
        {
          "url": "https://old.reddit.com/r/facepalm/comments/su2fnc/it_was_media_control_all_along/",
          "name": "&uarr;80275 votes"
        }
      ],
      "image": "https://preview.redd.it/brcb0808l8i81.jpg?width=1080&amp;crop=smart&amp;auto=webp&amp;s=67a8b619adf59e95f3eefd94a182b4222f59acde"
    },
    "2022_02_17_en_reddit_reddit__r--nextfuckinglevel--comments--sungp1--smart_dog_invented_a_new_game_he_can_play_all_by": {
      "id": "2022_02_17_en_reddit_reddit__r--nextfuckinglevel--comments--sungp1--smart_dog_invented_a_new_game_he_can_play_all_by",
      "url": "https://old.reddit.com/r/nextfuckinglevel/comments/sungp1/smart_dog_invented_a_new_game_he_can_play_all_by/",
      "date_published": "2022-02-17T18:39:18.000Z",
      "date_modified": "2022-02-17T18:39:18.000Z",
      "_original_published": "2022-02-17T12:16:36.000Z",
      "_original_language": "en",
      "_translations": {
        "en": {
          "title": "Smart dog invented a new game he can play all by himself!"
        },
        "ja": {
          "title": "賢い犬は、一人で遊べる新しいゲームを発明した!"
        },
        "zh-Hans": {
          "title": "聪明的狗发明了一种它可以自己玩的新游戏!"
        },
        "zh-Hant": {
          "title": "聰明的狗發明了一種它可以自己玩的新遊戲!"
        }
      },
      "tags": [
        "nextfuckinglevel"
      ],
      "authors": [
        {
          "name": "forked_wizard09",
          "url": "https://old.reddit.com/user/forked_wizard09"
        }
      ],
      "_links": [
        {
          "url": "https://old.reddit.com/r/nextfuckinglevel/comments/sungp1/smart_dog_invented_a_new_game_he_can_play_all_by/",
          "name": "&uarr;79503 votes"
        }
      ],
      "image": "https://external-preview.redd.it/gqqGGiDXWb8xRVCHNnT7JWrtNpTKl_B4rDoXOKiZTb8.png?width=320&amp;crop=smart&amp;format=pjpg&amp;auto=webp&amp;s=5f6f052c9c99974d85cf27fe999bce04db064654",
      "_video": {
        "sources": [
          {
            "url": "https://v.redd.it/gm4udl2wxdi81/DASH_1080.mp4?source=fallback"
          }
        ],
        "width": 608,
        "height": 1080,
        "poster": "https://external-preview.redd.it/gqqGGiDXWb8xRVCHNnT7JWrtNpTKl_B4rDoXOKiZTb8.png?width=320&amp;crop=smart&amp;format=pjpg&amp;auto=webp&amp;s=5f6f052c9c99974d85cf27fe999bce04db064654"
      }
    },
    "2022_02_17_en_reddit_reddit__r--MadeMeSmile--comments--suqhhy--the_strength_of_humanity": {
      "id": "2022_02_17_en_reddit_reddit__r--MadeMeSmile--comments--suqhhy--the_strength_of_humanity",
      "url": "https://old.reddit.com/r/MadeMeSmile/comments/suqhhy/the_strength_of_humanity/",
      "date_published": "2022-02-17T20:57:01.000Z",
      "date_modified": "2022-02-17T20:57:01.000Z",
      "_original_published": "2022-02-17T14:46:20.000Z",
      "_original_language": "en",
      "_translations": {
        "en": {
          "title": "The strength of humanity"
        },
        "ja": {
          "title": "人間の強さ"
        },
        "zh-Hans": {
          "title": "人类的力量"
        },
        "zh-Hant": {
          "title": "人類的力量"
        }
      },
      "tags": [
        "MadeMeSmile"
      ],
      "authors": [
        {
          "name": "_Xyreo_",
          "url": "https://old.reddit.com/user/_Xyreo_"
        }
      ],
      "_links": [
        {
          "url": "https://old.reddit.com/r/MadeMeSmile/comments/suqhhy/the_strength_of_humanity/",
          "name": "&uarr;78746 votes"
        }
      ],
      "image": "https://preview.redd.it/ek1l6gqooei81.png?width=640&amp;crop=smart&amp;auto=webp&amp;s=03b4dfdc46c7c89ba3b3b9ed795aa3f6dee9c501"
    },
    "2022_02_11_en_reddit_reddit__r--Damnthatsinteresting--comments--sq5126--finlands_olympic_athlete_dormitory_in_beijing": {
      "id": "2022_02_11_en_reddit_reddit__r--Damnthatsinteresting--comments--sq5126--finlands_olympic_athlete_dormitory_in_beijing",
      "url": "https://old.reddit.com/r/Damnthatsinteresting/comments/sq5126/finlands_olympic_athlete_dormitory_in_beijing/",
      "date_published": "2022-02-12T02:29:38.000Z",
      "date_modified": "2022-02-12T02:29:38.000Z",
      "_original_published": "2022-02-11T17:41:13.000Z",
      "_original_language": "en",
      "_translations": {
        "en": {
          "title": "Finland's Olympic athlete dormitory in Beijing today"
        },
        "ja": {
          "title": "フィンランド、北京のオリンピック選手寮の今"
        },
        "zh-Hans": {
          "title": "今天在北京的芬兰奥运运动员宿舍"
        },
        "zh-Hant": {
          "title": "今天在北京的芬蘭奧運運動員宿舍"
        }
      },
      "tags": [
        "Damnthatsinteresting"
      ],
      "authors": [
        {
          "name": "PeasKhichra",
          "url": "https://old.reddit.com/user/PeasKhichra"
        }
      ],
      "_links": [
        {
          "url": "https://old.reddit.com/r/Damnthatsinteresting/comments/sq5126/finlands_olympic_athlete_dormitory_in_beijing/",
          "name": "&uarr;78129 votes"
        }
      ],
      "image": "https://preview.redd.it/rnme1jveq8h81.jpg?width=320&amp;crop=smart&amp;auto=webp&amp;s=f12a5941f6b1bb76197b5c74918566c63ce0a460"
    },
    "2022_02_12_en_reddit_reddit__r--Damnthatsinteresting--comments--sqme4a--a_duck_mom_hatched_a_crocodile_egg_the_little": {
      "id": "2022_02_12_en_reddit_reddit__r--Damnthatsinteresting--comments--sqme4a--a_duck_mom_hatched_a_crocodile_egg_the_little",
      "url": "https://old.reddit.com/r/Damnthatsinteresting/comments/sqme4a/a_duck_mom_hatched_a_crocodile_egg_the_little/",
      "date_published": "2022-02-12T16:33:03.000Z",
      "date_modified": "2022-02-12T16:33:03.000Z",
      "_original_published": "2022-02-12T07:59:24.000Z",
      "_original_language": "en",
      "_translations": {
        "en": {
          "title": "A duck mom hatched a crocodile egg. The little animal thinks she is his mother!"
        },
        "ja": {
          "title": "アヒルのお母さんがワニの卵をふ化させた。小さな動物は、彼女を母親だと思っているのです"
        },
        "zh-Hans": {
          "title": "一个鸭妈妈孵出了一个鳄鱼蛋。这只小动物认为她是自己的母亲!"
        },
        "zh-Hant": {
          "title": "一個鴨媽媽孵出了一個鱷魚蛋。這隻小動物認爲她是自己的母親!"
        }
      },
      "tags": [
        "Damnthatsinteresting"
      ],
      "authors": [
        {
          "name": "Scientiaetnatura065",
          "url": "https://old.reddit.com/user/Scientiaetnatura065"
        }
      ],
      "_links": [
        {
          "url": "https://old.reddit.com/r/Damnthatsinteresting/comments/sqme4a/a_duck_mom_hatched_a_crocodile_egg_the_little/",
          "name": "&uarr;77785 votes"
        }
      ],
      "image": "https://external-preview.redd.it/_KWadv92Qxvs7SwMDcV18o8bbTmvD8lzdelm2eQZ7CI.png?width=640&amp;crop=smart&amp;format=pjpg&amp;auto=webp&amp;s=66d6516f3f2af9816b64eea606f3686887c5525c",
      "_video": {
        "sources": [
          {
            "url": "https://v.redd.it/3dfxh085zch81/DASH_480.mp4?source=fallback"
          }
        ],
        "width": 854,
        "height": 474,
        "poster": "https://external-preview.redd.it/_KWadv92Qxvs7SwMDcV18o8bbTmvD8lzdelm2eQZ7CI.png?width=640&amp;crop=smart&amp;format=pjpg&amp;auto=webp&amp;s=66d6516f3f2af9816b64eea606f3686887c5525c"
      }
    },
    "2022_02_14_en_reddit_reddit__r--MadeMeSmile--comments--ssgr2a--shaq_just_doesnt_stop_giving": {
      "id": "2022_02_14_en_reddit_reddit__r--MadeMeSmile--comments--ssgr2a--shaq_just_doesnt_stop_giving",
      "url": "https://old.reddit.com/r/MadeMeSmile/comments/ssgr2a/shaq_just_doesnt_stop_giving/",
      "date_published": "2022-02-15T00:24:45.000Z",
      "date_modified": "2022-02-15T00:24:45.000Z",
      "_original_published": "2022-02-14T17:54:57.000Z",
      "_original_language": "en",
      "_translations": {
        "en": {
          "title": "Shaq just doesn't stop giving"
        },
        "ja": {
          "title": "シャックは、ただ与えることを止めない"
        },
        "zh-Hans": {
          "title": "沙克从未停止过奉献"
        },
        "zh-Hant": {
          "title": "沙克從未停止過奉獻"
        }
      },
      "tags": [
        "MadeMeSmile"
      ],
      "authors": [
        {
          "name": "alemkalender",
          "url": "https://old.reddit.com/user/alemkalender"
        }
      ],
      "_links": [
        {
          "url": "https://old.reddit.com/r/MadeMeSmile/comments/ssgr2a/shaq_just_doesnt_stop_giving/",
          "name": "&uarr;77683 votes"
        }
      ],
      "image": "https://external-preview.redd.it/Zv4h9Kh4_WU1YcWi-_LER3tZF-vJjQZHMBVKWglQtj4.png?width=320&amp;crop=smart&amp;format=pjpg&amp;auto=webp&amp;s=f2d64dd00acced0817857efee9311556ecc76d8d",
      "_video": {
        "sources": [
          {
            "url": "https://v.redd.it/k4gvoqxl7uh81/DASH_720.mp4?source=fallback"
          }
        ],
        "width": 405,
        "height": 720,
        "poster": "https://external-preview.redd.it/Zv4h9Kh4_WU1YcWi-_LER3tZF-vJjQZHMBVKWglQtj4.png?width=320&amp;crop=smart&amp;format=pjpg&amp;auto=webp&amp;s=f2d64dd00acced0817857efee9311556ecc76d8d"
      }
    },
    "2022_02_11_en_reddit_reddit__r--oddlyterrifying--comments--sq4aov--biblically_accurate_angel": {
      "id": "2022_02_11_en_reddit_reddit__r--oddlyterrifying--comments--sq4aov--biblically_accurate_angel",
      "url": "https://old.reddit.com/r/oddlyterrifying/comments/sq4aov/biblically_accurate_angel/",
      "date_published": "2022-02-12T00:34:13.000Z",
      "date_modified": "2022-02-12T00:34:13.000Z",
      "_original_published": "2022-02-11T17:09:29.000Z",
      "_original_language": "en",
      "_translations": {
        "en": {
          "title": "Biblically Accurate Angel"
        },
        "ja": {
          "title": "聖書のように正確な天使"
        },
        "zh-Hans": {
          "title": "符合《圣经》的天使"
        },
        "zh-Hant": {
          "title": "符合《聖經》的天使"
        }
      },
      "tags": [
        "oddlyterrifying"
      ],
      "authors": [
        {
          "name": "Yachisaorick",
          "url": "https://old.reddit.com/user/Yachisaorick"
        }
      ],
      "_links": [
        {
          "url": "https://old.reddit.com/r/oddlyterrifying/comments/sq4aov/biblically_accurate_angel/",
          "name": "&uarr;77478 votes"
        }
      ],
      "image": "https://external-preview.redd.it/ZoAVUlJ33064ObDhgQXOp6G_U4mgYC5hu18dzCdwOAE.png?width=320&amp;crop=smart&amp;format=pjpg&amp;auto=webp&amp;s=8ab7d60d6d1ab37e35b9d0222a1355ac793a18db",
      "_video": {
        "sources": [
          {
            "url": "https://v.redd.it/6vakdtbqk8h81/DASH_480.mp4?source=fallback"
          }
        ],
        "width": 418,
        "height": 480,
        "poster": "https://external-preview.redd.it/ZoAVUlJ33064ObDhgQXOp6G_U4mgYC5hu18dzCdwOAE.png?width=320&amp;crop=smart&amp;format=pjpg&amp;auto=webp&amp;s=8ab7d60d6d1ab37e35b9d0222a1355ac793a18db"
      }
    },
    "2022_02_15_en_reddit_reddit__r--interestingasfuck--comments--ssyxnp--probably_the_most_realistic_cavalry_charge_you": {
      "id": "2022_02_15_en_reddit_reddit__r--interestingasfuck--comments--ssyxnp--probably_the_most_realistic_cavalry_charge_you",
      "url": "https://old.reddit.com/r/interestingasfuck/comments/ssyxnp/probably_the_most_realistic_cavalry_charge_you/",
      "date_published": "2022-02-15T17:27:43.000Z",
      "date_modified": "2022-02-15T17:27:43.000Z",
      "_original_published": "2022-02-15T09:16:25.000Z",
      "_original_language": "en",
      "_translations": {
        "en": {
          "title": "Probably the most realistic cavalry charge you will ever see."
        },
        "ja": {
          "title": "おそらく、これまでで最もリアルな騎兵隊の突撃が見られるはずです。"
        },
        "zh-Hans": {
          "title": "可能是你见过的最真实的骑兵冲锋。"
        },
        "zh-Hant": {
          "title": "可能是你見過的最真實的騎兵衝鋒。"
        }
      },
      "tags": [
        "interestingasfuck"
      ],
      "authors": [
        {
          "name": "Coffeyyy96",
          "url": "https://old.reddit.com/user/Coffeyyy96"
        }
      ],
      "_links": [
        {
          "url": "https://old.reddit.com/r/interestingasfuck/comments/ssyxnp/probably_the_most_realistic_cavalry_charge_you/",
          "name": "&uarr;77453 votes"
        }
      ],
      "image": "https://external-preview.redd.it/Dc2vdISLmGJC8hEszZ286Z1g1QXaCHpvMW7L-lHbsfU.png?width=320&amp;crop=smart&amp;format=pjpg&amp;auto=webp&amp;s=0444b053b63af5fa1b1fb5931c1e976e7602ac1e",
      "_video": {
        "sources": [
          {
            "url": "https://v.redd.it/qjzd8tcxryh81/DASH_360.mp4?source=fallback"
          }
        ],
        "width": 360,
        "height": 360,
        "poster": "https://external-preview.redd.it/Dc2vdISLmGJC8hEszZ286Z1g1QXaCHpvMW7L-lHbsfU.png?width=320&amp;crop=smart&amp;format=pjpg&amp;auto=webp&amp;s=0444b053b63af5fa1b1fb5931c1e976e7602ac1e"
      }
    },
    "2022_02_11_en_reddit_reddit__r--antiwork--comments--sq3btj--im_so_proud": {
      "id": "2022_02_11_en_reddit_reddit__r--antiwork--comments--sq3btj--im_so_proud",
      "url": "https://old.reddit.com/r/antiwork/comments/sq3btj/im_so_proud/",
      "date_published": "2022-02-11T23:02:51.000Z",
      "date_modified": "2022-02-11T23:02:51.000Z",
      "_original_published": "2022-02-11T16:27:38.000Z",
      "_original_language": "en",
      "_translations": {
        "en": {
          "title": "I'm so proud"
        },
        "ja": {
          "title": "I'm so proud"
        },
        "zh-Hans": {
          "title": "我很自豪"
        },
        "zh-Hant": {
          "title": "我很自豪"
        }
      },
      "tags": [
        "antiwork"
      ],
      "authors": [
        {
          "name": "BewareNixonsGhost",
          "url": "https://old.reddit.com/user/BewareNixonsGhost"
        }
      ],
      "_links": [
        {
          "url": "https://old.reddit.com/r/antiwork/comments/sq3btj/im_so_proud/",
          "name": "&uarr;77077 votes"
        }
      ],
      "image": "https://preview.redd.it/2n0os4vad8h81.jpg?width=960&amp;crop=smart&amp;auto=webp&amp;s=d95c2d2d7fd099583eb1f787aff30b816de3acd0"
    },
    "2022_02_14_en_reddit_reddit__r--nextfuckinglevel--comments--ssdfym--the_editing_skills_are_just_wow_source_owlkitty": {
      "id": "2022_02_14_en_reddit_reddit__r--nextfuckinglevel--comments--ssdfym--the_editing_skills_are_just_wow_source_owlkitty",
      "url": "https://old.reddit.com/r/nextfuckinglevel/comments/ssdfym/the_editing_skills_are_just_wow_source_owlkitty/",
      "date_published": "2022-02-15T01:48:15.000Z",
      "date_modified": "2022-02-15T01:48:15.000Z",
      "_original_published": "2022-02-14T15:37:34.000Z",
      "_original_language": "en",
      "_translations": {
        "en": {
          "title": "The editing skills are just.. Wow! (source Owlkitty)"
        },
        "ja": {
          "title": "編集の腕前は、まさに・・・すごい (ソース Owlkitty)"
        },
        "zh-Hans": {
          "title": "编辑技巧真是......哇! (来源：Owlkitty)"
        },
        "zh-Hant": {
          "title": "編輯技巧真是......哇! (來源：Owlkitty)"
        }
      },
      "tags": [
        "nextfuckinglevel"
      ],
      "authors": [
        {
          "name": "shitgamer52",
          "url": "https://old.reddit.com/user/shitgamer52"
        }
      ],
      "_links": [
        {
          "url": "https://old.reddit.com/r/nextfuckinglevel/comments/ssdfym/the_editing_skills_are_just_wow_source_owlkitty/",
          "name": "&uarr;76965 votes"
        }
      ],
      "image": "https://external-preview.redd.it/_kreFvQND4IlAClr3hD6BSpbM_Y0Hy8qK3vHVIuX9Zg.png?width=320&amp;crop=smart&amp;format=pjpg&amp;auto=webp&amp;s=96b5eac8e6f436334e0df019c49abfef61c340e7",
      "_video": {
        "sources": [
          {
            "url": "https://v.redd.it/a3wnzls1jth81/DASH_480.mp4?source=fallback"
          }
        ],
        "width": 480,
        "height": 480,
        "poster": "https://external-preview.redd.it/_kreFvQND4IlAClr3hD6BSpbM_Y0Hy8qK3vHVIuX9Zg.png?width=320&amp;crop=smart&amp;format=pjpg&amp;auto=webp&amp;s=96b5eac8e6f436334e0df019c49abfef61c340e7"
      }
    },
    "2022_02_17_en_reddit_reddit__r--nextfuckinglevel--comments--suc5ey--this_cat_making_the_most_precise_jump_ever": {
      "id": "2022_02_17_en_reddit_reddit__r--nextfuckinglevel--comments--suc5ey--this_cat_making_the_most_precise_jump_ever",
      "url": "https://old.reddit.com/r/nextfuckinglevel/comments/suc5ey/this_cat_making_the_most_precise_jump_ever/",
      "date_published": "2022-02-17T11:51:37.000Z",
      "date_modified": "2022-02-17T11:51:37.000Z",
      "_original_published": "2022-02-17T01:23:59.000Z",
      "_original_language": "en",
      "_translations": {
        "en": {
          "title": "This Cat making the most precise jump ever"
        },
        "ja": {
          "title": "史上最も正確なジャンプをする猫"
        },
        "zh-Hans": {
          "title": "这只猫正在进行有史以来最精确的跳跃"
        },
        "zh-Hant": {
          "title": "這隻貓正在進行有史以來最精確的跳躍"
        }
      },
      "tags": [
        "nextfuckinglevel"
      ],
      "authors": [
        {
          "name": "NiceCasualRedditGuy",
          "url": "https://old.reddit.com/user/NiceCasualRedditGuy"
        }
      ],
      "_links": [
        {
          "url": "https://old.reddit.com/r/nextfuckinglevel/comments/suc5ey/this_cat_making_the_most_precise_jump_ever/",
          "name": "&uarr;76858 votes"
        }
      ],
      "image": "https://external-preview.redd.it/T1N-MQ8Z0561d-6xM0MsDsAWv7rfQhNSprULk39z47c.png?width=960&amp;crop=smart&amp;format=pjpg&amp;auto=webp&amp;s=4f8c7f3daabd827e85634828767f2c837e0cc0c1",
      "_video": {
        "sources": [
          {
            "url": "https://v.redd.it/p90muqfdpai81/DASH_1080.mp4?source=fallback"
          }
        ],
        "width": 607,
        "height": 1080,
        "poster": "https://external-preview.redd.it/T1N-MQ8Z0561d-6xM0MsDsAWv7rfQhNSprULk39z47c.png?width=960&amp;crop=smart&amp;format=pjpg&amp;auto=webp&amp;s=4f8c7f3daabd827e85634828767f2c837e0cc0c1"
      }
    },
    "2022_02_12_en_reddit_reddit__r--nextfuckinglevel--comments--sqwskj--two_kids_create_their_own_fighting_game": {
      "id": "2022_02_12_en_reddit_reddit__r--nextfuckinglevel--comments--sqwskj--two_kids_create_their_own_fighting_game",
      "url": "https://old.reddit.com/r/nextfuckinglevel/comments/sqwskj/two_kids_create_their_own_fighting_game/",
      "date_published": "2022-02-13T02:22:59.000Z",
      "date_modified": "2022-02-13T02:22:59.000Z",
      "_original_published": "2022-02-12T17:39:33.000Z",
      "_original_language": "en",
      "_translations": {
        "en": {
          "title": "Two kids create their own fighting game"
        },
        "ja": {
          "title": "2人の子供が自分たちで格闘ゲームを制作"
        },
        "zh-Hans": {
          "title": "两个孩子创造了他们自己的格斗游戏"
        },
        "zh-Hant": {
          "title": "兩個孩子創造了他們自己的格鬥遊戲"
        }
      },
      "tags": [
        "nextfuckinglevel"
      ],
      "authors": [
        {
          "name": "MonsterJuiced",
          "url": "https://old.reddit.com/user/MonsterJuiced"
        }
      ],
      "_links": [
        {
          "url": "https://old.reddit.com/r/nextfuckinglevel/comments/sqwskj/two_kids_create_their_own_fighting_game/",
          "name": "&uarr;76836 votes"
        }
      ],
      "image": "https://external-preview.redd.it/dWkeyv5_qM2SCG5SXcLDxFJleZFM4jMkzaBcNNZBSLU.png?width=320&amp;crop=smart&amp;format=pjpg&amp;auto=webp&amp;s=799d27d75cf3faa18179d70940c98fe57fba13cf",
      "_video": {
        "sources": [
          {
            "url": "https://v.redd.it/x0hexsszufh81/DASH_480.mp4?source=fallback"
          }
        ],
        "width": 270,
        "height": 480,
        "poster": "https://external-preview.redd.it/dWkeyv5_qM2SCG5SXcLDxFJleZFM4jMkzaBcNNZBSLU.png?width=320&amp;crop=smart&amp;format=pjpg&amp;auto=webp&amp;s=799d27d75cf3faa18179d70940c98fe57fba13cf"
      }
    },
    "2022_02_11_en_reddit_reddit__r--mildlyinfuriating--comments--sq23vd--seriously_wtf_wall_street_journal": {
      "id": "2022_02_11_en_reddit_reddit__r--mildlyinfuriating--comments--sq23vd--seriously_wtf_wall_street_journal",
      "url": "https://old.reddit.com/r/mildlyinfuriating/comments/sq23vd/seriously_wtf_wall_street_journal/",
      "date_published": "2022-02-12T02:29:38.000Z",
      "date_modified": "2022-02-12T02:29:38.000Z",
      "_original_published": "2022-02-11T15:33:16.000Z",
      "_original_language": "en",
      "_translations": {
        "en": {
          "title": "Seriously? Wtf Wall Street Journal"
        },
        "ja": {
          "title": "マジで？Wtf ウォールストリートジャーナル"
        },
        "zh-Hans": {
          "title": "真的吗？华尔街日报》Wtf"
        },
        "zh-Hant": {
          "title": "真的嗎？華爾街日報》Wtf"
        }
      },
      "tags": [
        "mildlyinfuriating"
      ],
      "authors": [
        {
          "name": "AfiliaTheCat",
          "url": "https://old.reddit.com/user/AfiliaTheCat"
        }
      ],
      "_links": [
        {
          "url": "https://old.reddit.com/r/mildlyinfuriating/comments/sq23vd/seriously_wtf_wall_street_journal/",
          "name": "&uarr;76693 votes"
        }
      ],
      "image": "https://preview.redd.it/t0v3rwql38h81.jpg?width=1080&amp;crop=smart&amp;auto=webp&amp;s=851e8bdb1e732e42badba0b1706d9ffefb79d5b8"
    },
    "2022_02_14_en_reddit_reddit__r--funny--comments--ss6psr--thats_one_hell_of_an_edit_lol_source_owlkitty": {
      "id": "2022_02_14_en_reddit_reddit__r--funny--comments--ss6psr--thats_one_hell_of_an_edit_lol_source_owlkitty",
      "url": "https://old.reddit.com/r/funny/comments/ss6psr/thats_one_hell_of_an_edit_lol_source_owlkitty/",
      "date_published": "2022-02-14T16:11:03.000Z",
      "date_modified": "2022-02-14T16:11:03.000Z",
      "_original_published": "2022-02-14T09:35:06.000Z",
      "_original_language": "en",
      "_translations": {
        "en": {
          "title": "That’s one hell of an edit!, lol (source - owlkitty)"
        },
        "ja": {
          "title": "とんでもない編集ですね！、笑（出典 - owlkittyさん）"
        },
        "zh-Hans": {
          "title": "那是一个地狱般的编辑！, lol (来源 - owlkitty)"
        },
        "zh-Hant": {
          "title": "那是一個地獄般的編輯！, lol (來源 - owlkitty)"
        }
      },
      "tags": [
        "funny"
      ],
      "authors": [
        {
          "name": "iamallanvsteve",
          "url": "https://old.reddit.com/user/iamallanvsteve"
        }
      ],
      "_links": [
        {
          "url": "https://old.reddit.com/r/funny/comments/ss6psr/thats_one_hell_of_an_edit_lol_source_owlkitty/",
          "name": "&uarr;76664 votes"
        }
      ],
      "image": "https://external-preview.redd.it/mrkX29UukykSdcbwBb5UaZV1Cx4vj4tDqTs0sTnFjzc.png?width=320&amp;crop=smart&amp;format=pjpg&amp;auto=webp&amp;s=35e59c5d212a8bd37499bb6e40ab7020758be523",
      "_video": {
        "sources": [
          {
            "url": "https://v.redd.it/b9fn45hfqrh81/DASH_480.mp4?source=fallback"
          }
        ],
        "width": 480,
        "height": 480,
        "poster": "https://external-preview.redd.it/mrkX29UukykSdcbwBb5UaZV1Cx4vj4tDqTs0sTnFjzc.png?width=320&amp;crop=smart&amp;format=pjpg&amp;auto=webp&amp;s=35e59c5d212a8bd37499bb6e40ab7020758be523"
      }
    },
    "2022_02_14_en_reddit_reddit__r--memes--comments--ss1x36--maguire_has_the_staff_job_holland_is_an_avenger": {
      "id": "2022_02_14_en_reddit_reddit__r--memes--comments--ss1x36--maguire_has_the_staff_job_holland_is_an_avenger",
      "url": "https://old.reddit.com/r/memes/comments/ss1x36/maguire_has_the_staff_job_holland_is_an_avenger/",
      "date_published": "2022-02-14T14:28:19.000Z",
      "date_modified": "2022-02-14T14:28:19.000Z",
      "_original_published": "2022-02-14T04:34:49.000Z",
      "_original_language": "en",
      "_translations": {
        "en": {
          "title": "Maguire, has the staff job. Holland, is an avenger. meanwhile Garfield"
        },
        "ja": {
          "title": "マグワイアはスタッフとして働いている。ホランドはアベンジャーズ。"
        },
        "zh-Hans": {
          "title": "马奎尔，有工作人员的工作。H"
        },
        "zh-Hant": {
          "title": "馬奎爾，有工作人員的工作。H"
        }
      },
      "tags": [
        "memes"
      ],
      "authors": [
        {
          "name": "ludicrosity548",
          "url": "https://old.reddit.com/user/ludicrosity548"
        }
      ],
      "_links": [
        {
          "url": "https://old.reddit.com/r/memes/comments/ss1x36/maguire_has_the_staff_job_holland_is_an_avenger/",
          "name": "&uarr;76471 votes"
        }
      ],
      "image": "https://preview.redd.it/uqjjwuwp8qh81.gif?width=1080&amp;crop=smart&amp;format=png8&amp;s=e9d743234780e3f78efca2e8d10f8b867cd0a30e",
      "_video": {
        "sources": [
          {
            "url": "https://preview.redd.it/uqjjwuwp8qh81.gif?format=mp4&amp;s=3b1215d42d2c08558fd025ecdef4710dee07ab5a"
          }
        ],
        "width": 1280,
        "height": 872,
        "poster": "https://preview.redd.it/uqjjwuwp8qh81.gif?width=1080&amp;crop=smart&amp;format=png8&amp;s=e9d743234780e3f78efca2e8d10f8b867cd0a30e"
      }
    },
    "2022_02_15_en_reddit_reddit__r--IdiotsInCars--comments--st4zgg--bentley_breakcheck_bat": {
      "id": "2022_02_15_en_reddit_reddit__r--IdiotsInCars--comments--st4zgg--bentley_breakcheck_bat",
      "url": "https://old.reddit.com/r/IdiotsInCars/comments/st4zgg/bentley_breakcheck_bat/",
      "date_published": "2022-02-16T00:01:14.000Z",
      "date_modified": "2022-02-16T00:01:14.000Z",
      "_original_published": "2022-02-15T15:06:16.000Z",
      "_original_language": "en",
      "_translations": {
        "en": {
          "title": "Bentley, break-check, bat"
        },
        "ja": {
          "title": "ベントレー、ブレイクチェック、バット"
        },
        "zh-Hans": {
          "title": "本特利, 突破性检查, 蝙蝠"
        },
        "zh-Hant": {
          "title": "本特利, 突破性檢查, 蝙蝠"
        }
      },
      "tags": [
        "IdiotsInCars"
      ],
      "authors": [
        {
          "name": "will10000",
          "url": "https://old.reddit.com/user/will10000"
        }
      ],
      "_links": [
        {
          "url": "https://old.reddit.com/r/IdiotsInCars/comments/st4zgg/bentley_breakcheck_bat/",
          "name": "&uarr;76466 votes"
        }
      ],
      "image": "https://external-preview.redd.it/Ig76_gtcxrlxXNYYQyGYpbS7-4YA7XNS7Yn5HkDKDXo.png?width=1080&amp;crop=smart&amp;format=pjpg&amp;auto=webp&amp;s=32ad52dd772860f76a0bfd54a143aa1ec5ac103f",
      "_video": {
        "sources": [
          {
            "url": "https://v.redd.it/ax32n228i0i81/DASH_1080.mp4?source=fallback"
          }
        ],
        "width": 1920,
        "height": 1080,
        "poster": "https://external-preview.redd.it/Ig76_gtcxrlxXNYYQyGYpbS7-4YA7XNS7Yn5HkDKDXo.png?width=1080&amp;crop=smart&amp;format=pjpg&amp;auto=webp&amp;s=32ad52dd772860f76a0bfd54a143aa1ec5ac103f"
      }
    },
    "2022_02_13_en_reddit_reddit__r--memes--comments--srln7l--just_give_me_paw": {
      "id": "2022_02_13_en_reddit_reddit__r--memes--comments--srln7l--just_give_me_paw",
      "url": "https://old.reddit.com/r/memes/comments/srln7l/just_give_me_paw/",
      "date_published": "2022-02-14T01:34:48.000Z",
      "date_modified": "2022-02-14T01:34:48.000Z",
      "_original_published": "2022-02-13T15:52:24.000Z",
      "_original_language": "en",
      "_translations": {
        "en": {
          "title": "Just give me paw!"
        },
        "ja": {
          "title": "前足を出して！"
        },
        "zh-Hans": {
          "title": "只要给我的爪子!"
        },
        "zh-Hant": {
          "title": "只要給我的爪子!"
        }
      },
      "tags": [
        "memes"
      ],
      "authors": [
        {
          "name": "KannaKamuitheDragon",
          "url": "https://old.reddit.com/user/KannaKamuitheDragon"
        }
      ],
      "_links": [
        {
          "url": "https://old.reddit.com/r/memes/comments/srln7l/just_give_me_paw/",
          "name": "&uarr;76464 votes"
        }
      ],
      "image": "https://preview.redd.it/npby05usgmh81.gif?width=640&amp;crop=smart&amp;format=png8&amp;s=6975ff08ed989f7216c56b78bbf9ef27a81a2e77",
      "_video": {
        "sources": [
          {
            "url": "https://preview.redd.it/npby05usgmh81.gif?format=mp4&amp;s=afded4b5145067824f595adb06bbcd264d01e4fe"
          }
        ],
        "width": 800,
        "height": 730,
        "poster": "https://preview.redd.it/npby05usgmh81.gif?width=640&amp;crop=smart&amp;format=png8&amp;s=6975ff08ed989f7216c56b78bbf9ef27a81a2e77"
      }
    },
    "2022_02_16_en_reddit_reddit__r--wholesomememes--comments--stvh32--how_to_inspire_children": {
      "id": "2022_02_16_en_reddit_reddit__r--wholesomememes--comments--stvh32--how_to_inspire_children",
      "url": "https://old.reddit.com/r/wholesomememes/comments/stvh32/how_to_inspire_children/",
      "date_published": "2022-02-16T21:56:38.000Z",
      "date_modified": "2022-02-16T21:56:38.000Z",
      "_original_published": "2022-02-16T13:06:37.000Z",
      "_original_language": "en",
      "_translations": {
        "en": {
          "title": "How to inspire children."
        },
        "ja": {
          "title": "子どもたちをどう感動させるか。"
        },
        "zh-Hans": {
          "title": "如何激励儿童。"
        },
        "zh-Hant": {
          "title": "如何激勵兒童。"
        }
      },
      "tags": [
        "wholesomememes"
      ],
      "authors": [
        {
          "name": "TheCheechWizardUnit",
          "url": "https://old.reddit.com/user/TheCheechWizardUnit"
        }
      ],
      "_links": [
        {
          "url": "https://old.reddit.com/r/wholesomememes/comments/stvh32/how_to_inspire_children/",
          "name": "&uarr;76421 votes"
        }
      ],
      "image": "https://preview.redd.it/iq3rekoz17i81.gif?width=320&amp;crop=smart&amp;format=png8&amp;s=cd72ad357d063ae425e4624bc705daab977afb4d",
      "_video": {
        "sources": [
          {
            "url": "https://preview.redd.it/iq3rekoz17i81.gif?format=mp4&amp;s=18e409352acdbc367f0d91ff27818bed610e2c37"
          }
        ],
        "width": 546,
        "height": 671,
        "poster": "https://preview.redd.it/iq3rekoz17i81.gif?width=320&amp;crop=smart&amp;format=png8&amp;s=cd72ad357d063ae425e4624bc705daab977afb4d"
      }
    }
  }
}
