{
  "items": {
    "2022_06_28_en_reddit_reddit__r--funny--comments--vmvbil--beats_most_fashion_walks": {
      "id": "2022_06_28_en_reddit_reddit__r--funny--comments--vmvbil--beats_most_fashion_walks",
      "url": "https://old.reddit.com/r/funny/comments/vmvbil/beats_most_fashion_walks/",
      "date_published": "2022-06-29T03:04:58.000Z",
      "date_modified": "2022-06-29T03:04:58.000Z",
      "_original_published": "2022-06-28T19:17:06.000Z",
      "_original_language": "en",
      "_translations": {
        "en": {
          "title": "Beats most fashion walks"
        },
        "ja": {
          "title": "ほとんどのファッションウォークを打ち負かす"
        },
        "zh-Hans": {
          "title": "胜过大多数的时尚走秀"
        },
        "zh-Hant": {
          "title": "勝過大多數的時尚走秀"
        }
      },
      "tags": [
        "funny"
      ],
      "authors": [
        {
          "name": "Chk232",
          "url": "https://old.reddit.com/user/Chk232"
        }
      ],
      "_links": [
        {
          "url": "https://old.reddit.com/r/funny/comments/vmvbil/beats_most_fashion_walks/",
          "name": "&uarr;91815 votes"
        }
      ],
      "image": "https://external-preview.redd.it/Mr0AjqeBQhQSTi2roiXfJEWsbUYPFOw38XB-NXYiZTo.png?width=640&amp;crop=smart&amp;format=pjpg&amp;auto=webp&amp;s=cd4331f7f2cadfb95de4ddae11b9f303e0f150d4",
      "_video": {
        "sources": [
          {
            "url": "https://v.redd.it/smjfn234we891/DASH_720.mp4?source=fallback"
          }
        ],
        "width": 578,
        "height": 720,
        "poster": "https://external-preview.redd.it/Mr0AjqeBQhQSTi2roiXfJEWsbUYPFOw38XB-NXYiZTo.png?width=640&amp;crop=smart&amp;format=pjpg&amp;auto=webp&amp;s=cd4331f7f2cadfb95de4ddae11b9f303e0f150d4"
      }
    },
    "2022_06_26_en_reddit_reddit__r--worldnews--comments--vleqp0--canada_will_allow_americans_to_cross_the_border": {
      "id": "2022_06_26_en_reddit_reddit__r--worldnews--comments--vleqp0--canada_will_allow_americans_to_cross_the_border",
      "url": "https://old.reddit.com/r/worldnews/comments/vleqp0/canada_will_allow_americans_to_cross_the_border/",
      "date_published": "2022-06-27T03:37:17.000Z",
      "date_modified": "2022-06-27T03:37:17.000Z",
      "_original_published": "2022-06-26T21:20:00.000Z",
      "_original_language": "en",
      "_translations": {
        "en": {
          "title": "Canada Will Allow Americans To Cross The Border For Abortions: Trudeau"
        },
        "ja": {
          "title": "カナダは、アメリカ人が中絶のために国境を越えることを許可する。トルドー"
        },
        "zh-Hans": {
          "title": "加拿大将允许美国人越过边境进行堕胎。特鲁多：加拿大将允许美国人越境堕胎"
        },
        "zh-Hant": {
          "title": "加拿大將允許美國人越過邊境進行墮胎。特魯多：加拿大將允許美國人越境墮胎"
        }
      },
      "tags": [
        "worldnews"
      ],
      "authors": [
        {
          "name": "Picture-unrelated",
          "url": "https://old.reddit.com/user/Picture-unrelated"
        }
      ],
      "_links": [
        {
          "url": "https://old.reddit.com/r/worldnews/comments/vleqp0/canada_will_allow_americans_to_cross_the_border/",
          "name": "&uarr;88000 votes"
        }
      ],
      "image": "https://external-preview.redd.it/PZniZ_2aVU0FBYF7O3Yfx2ogsB3dIenAmR61JGLysrs.jpg?width=1080&amp;crop=smart&amp;auto=webp&amp;s=a6a0990b53625a95266f461830645e60089e8b34"
    },
    "2022_06_24_en_reddit_reddit__r--meirl--comments--vjp58y--meirl": {
      "id": "2022_06_24_en_reddit_reddit__r--meirl--comments--vjp58y--meirl",
      "url": "https://old.reddit.com/r/meirl/comments/vjp58y/meirl/",
      "date_published": "2022-06-25T01:58:06.000Z",
      "date_modified": "2022-06-25T01:58:06.000Z",
      "_original_published": "2022-06-24T14:00:53.000Z",
      "_original_language": "en",
      "_translations": {
        "en": {
          "title": "meirl"
        },
        "ja": {
          "title": "ミール"
        },
        "zh-Hans": {
          "title": "我的女孩"
        },
        "zh-Hant": {
          "title": "我的女孩"
        }
      },
      "tags": [
        "meirl"
      ],
      "authors": [
        {
          "name": "krxzy_wxrlxck",
          "url": "https://old.reddit.com/user/krxzy_wxrlxck"
        }
      ],
      "_links": [
        {
          "url": "https://old.reddit.com/r/meirl/comments/vjp58y/meirl/",
          "name": "&uarr;82348 votes"
        }
      ],
      "image": "https://preview.redd.it/laa7o9ecsk791.jpg?width=1080&amp;crop=smart&amp;auto=webp&amp;s=0c3f00f20654de6736ce399a702e675597e5f547"
    },
    "2022_06_27_en_reddit_reddit__r--politics--comments--vm0217--petition_to_impeach_clarence_thomas_passes_300000": {
      "id": "2022_06_27_en_reddit_reddit__r--politics--comments--vm0217--petition_to_impeach_clarence_thomas_passes_300000",
      "url": "https://old.reddit.com/r/politics/comments/vm0217/petition_to_impeach_clarence_thomas_passes_300000/",
      "date_published": "2022-06-28T03:53:18.000Z",
      "date_modified": "2022-06-28T03:53:18.000Z",
      "_original_published": "2022-06-27T16:52:12.000Z",
      "_original_language": "en",
      "_translations": {
        "en": {
          "title": "Petition to impeach Clarence Thomas passes 300,000 signatures"
        },
        "ja": {
          "title": "クラレンス・トーマス氏の弾劾嘆願書、30万人突破"
        },
        "zh-Hans": {
          "title": "弹劾克拉伦斯-托马斯的请愿书超过30万个签名"
        },
        "zh-Hant": {
          "title": "彈劾克拉倫斯-托馬斯的請願書超過30萬個簽名"
        }
      },
      "tags": [
        "politics"
      ],
      "authors": [
        {
          "name": "Arpith2019",
          "url": "https://old.reddit.com/user/Arpith2019"
        }
      ],
      "_links": [
        {
          "url": "https://old.reddit.com/r/politics/comments/vm0217/petition_to_impeach_clarence_thomas_passes_300000/",
          "name": "&uarr;81287 votes"
        }
      ],
      "image": "https://external-preview.redd.it/4HBL8ex39EASt8CxVeOo7QKyknt96-aJe7E3D5GhhP8.jpg?width=1080&amp;crop=smart&amp;auto=webp&amp;s=5a3817c68e80cabc99036f20705897b9b6a18c1b"
    },
    "2022_06_29_en_reddit_reddit__r--meirl--comments--vnlu6l--meirl": {
      "id": "2022_06_29_en_reddit_reddit__r--meirl--comments--vnlu6l--meirl",
      "url": "https://old.reddit.com/r/meirl/comments/vnlu6l/meirl/",
      "date_published": "2022-06-30T04:04:39.000Z",
      "date_modified": "2022-06-30T04:04:39.000Z",
      "_original_published": "2022-06-29T17:54:04.000Z",
      "_original_language": "en",
      "_translations": {
        "en": {
          "title": "meirl"
        },
        "ja": {
          "title": "ミール"
        },
        "zh-Hans": {
          "title": "我的女孩"
        },
        "zh-Hant": {
          "title": "我的女孩"
        }
      },
      "tags": [
        "meirl"
      ],
      "authors": [
        {
          "name": "TwasAnChild",
          "url": "https://old.reddit.com/user/TwasAnChild"
        }
      ],
      "_links": [
        {
          "url": "https://old.reddit.com/r/meirl/comments/vnlu6l/meirl/",
          "name": "&uarr;79647 votes"
        }
      ],
      "image": "https://preview.redd.it/4bjmnidiml891.png?width=960&amp;crop=smart&amp;auto=webp&amp;s=fa7a043be6d170939e62c1280ff50d8998b2a16d"
    },
    "2022_06_29_en_reddit_reddit__r--meirl--comments--vnemma--meirl": {
      "id": "2022_06_29_en_reddit_reddit__r--meirl--comments--vnemma--meirl",
      "url": "https://old.reddit.com/r/meirl/comments/vnemma/meirl/",
      "date_published": "2022-06-30T03:04:21.000Z",
      "date_modified": "2022-06-30T03:04:21.000Z",
      "_original_published": "2022-06-29T12:27:28.000Z",
      "_original_language": "en",
      "_translations": {
        "en": {
          "title": "meirl"
        },
        "ja": {
          "title": "ミール"
        },
        "zh-Hans": {
          "title": "我的女孩"
        },
        "zh-Hant": {
          "title": "我的女孩"
        }
      },
      "tags": [
        "meirl"
      ],
      "authors": [
        {
          "name": "Aztery",
          "url": "https://old.reddit.com/user/Aztery"
        }
      ],
      "_links": [
        {
          "url": "https://old.reddit.com/r/meirl/comments/vnemma/meirl/",
          "name": "&uarr;79555 votes"
        }
      ],
      "image": "https://preview.redd.it/m4brjve80k891.png?width=1080&amp;crop=smart&amp;auto=webp&amp;s=d5c6f6d5d613ae69bac8d8c72b6d3ecc91e8c92b"
    },
    "2022_06_24_en_reddit_reddit__r--atheism--comments--vjpvsa--in_honor_of_todays_supreme_court_ruling_i_just": {
      "id": "2022_06_24_en_reddit_reddit__r--atheism--comments--vjpvsa--in_honor_of_todays_supreme_court_ruling_i_just",
      "url": "https://old.reddit.com/r/atheism/comments/vjpvsa/in_honor_of_todays_supreme_court_ruling_i_just/",
      "date_published": "2022-06-25T03:29:43.000Z",
      "date_modified": "2022-06-25T03:29:43.000Z",
      "_original_published": "2022-06-24T14:35:12.000Z",
      "_original_language": "en",
      "_translations": {
        "en": {
          "title": "In honor of today's Supreme Court ruling, I just want to say \"Fuck Christianity\""
        },
        "ja": {
          "title": "今日の最高裁の判決を記念して、私はただ \"キリスト教なんてクソ食らえ \"と言いたいだけです。"
        },
        "zh-Hans": {
          "title": "为了纪念今天最高法院的裁决，我只想说 \"去他妈的基督教\""
        },
        "zh-Hant": {
          "title": "爲了紀念今天最高法院的裁決，我只想說 \"去他媽的基督教\""
        }
      },
      "tags": [
        "atheism"
      ],
      "authors": [
        {
          "name": "opequan",
          "url": "https://old.reddit.com/user/opequan"
        }
      ],
      "_links": [
        {
          "url": "https://old.reddit.com/r/atheism/comments/vjpvsa/in_honor_of_todays_supreme_court_ruling_i_just/",
          "name": "&uarr;78732 votes"
        }
      ]
    },
    "2022_06_30_en_reddit_reddit__r--meirl--comments--vo6ufl--me_irl": {
      "id": "2022_06_30_en_reddit_reddit__r--meirl--comments--vo6ufl--me_irl",
      "url": "https://old.reddit.com/r/meirl/comments/vo6ufl/me_irl/",
      "date_published": "2022-07-01T04:04:46.000Z",
      "date_modified": "2022-07-01T04:04:46.000Z",
      "_original_published": "2022-06-30T12:09:24.000Z",
      "_original_language": "en",
      "_translations": {
        "en": {
          "title": "me irl"
        },
        "ja": {
          "title": "わたくしども"
        },
        "zh-Hans": {
          "title": "我在网上"
        },
        "zh-Hant": {
          "title": "我在網上"
        }
      },
      "tags": [
        "meirl"
      ],
      "authors": [
        {
          "name": "Mapegz",
          "url": "https://old.reddit.com/user/Mapegz"
        }
      ],
      "_links": [
        {
          "url": "https://old.reddit.com/r/meirl/comments/vo6ufl/me_irl/",
          "name": "&uarr;78469 votes"
        }
      ],
      "image": "https://preview.redd.it/gmg3narw1r891.gif?width=640&amp;crop=smart&amp;format=png8&amp;s=f9627bc6e585ad611e5e83422bb527608214315e",
      "_video": {
        "sources": [
          {
            "url": "https://preview.redd.it/gmg3narw1r891.gif?format=mp4&amp;s=f540e6b86f1f35d083c6778a900c501570c5ecd0"
          }
        ],
        "width": 720,
        "height": 1280,
        "poster": "https://preview.redd.it/gmg3narw1r891.gif?width=640&amp;crop=smart&amp;format=png8&amp;s=f9627bc6e585ad611e5e83422bb527608214315e"
      }
    },
    "2022_06_26_en_reddit_reddit__r--wholesomememes--comments--vl4gum--i_believe_the_song_is_bender_is_great": {
      "id": "2022_06_26_en_reddit_reddit__r--wholesomememes--comments--vl4gum--i_believe_the_song_is_bender_is_great",
      "url": "https://old.reddit.com/r/wholesomememes/comments/vl4gum/i_believe_the_song_is_bender_is_great/",
      "date_published": "2022-06-27T03:37:17.000Z",
      "date_modified": "2022-06-27T03:37:17.000Z",
      "_original_published": "2022-06-26T13:13:25.000Z",
      "_original_language": "en",
      "_translations": {
        "en": {
          "title": "I believe the song is 'Bender is great"
        },
        "ja": {
          "title": "曲は「Bender is great」だと思います。"
        },
        "zh-Hans": {
          "title": "我相信这首歌是 \"Bender is great\"。"
        },
        "zh-Hant": {
          "title": "我相信這首歌是 \"Bender is great\"。"
        }
      },
      "tags": [
        "wholesomememes"
      ],
      "authors": [
        {
          "name": "NeelyGilch",
          "url": "https://old.reddit.com/user/NeelyGilch"
        }
      ],
      "_links": [
        {
          "url": "https://old.reddit.com/r/wholesomememes/comments/vl4gum/i_believe_the_song_is_bender_is_great/",
          "name": "&uarr;78275 votes"
        }
      ],
      "image": "https://preview.redd.it/jju6x4dlty791.gif?width=1080&amp;crop=smart&amp;format=png8&amp;s=1b9e258500c22e5953bbe097bfb395ec3c6fee0c",
      "_video": {
        "sources": [
          {
            "url": "https://preview.redd.it/jju6x4dlty791.gif?format=mp4&amp;s=c564d5d0948554536d23e548977dfd50d40607f9"
          }
        ],
        "width": 1148,
        "height": 1192,
        "poster": "https://preview.redd.it/jju6x4dlty791.gif?width=1080&amp;crop=smart&amp;format=png8&amp;s=1b9e258500c22e5953bbe097bfb395ec3c6fee0c"
      }
    },
    "2022_06_25_en_reddit_reddit__r--meirl--comments--vkcn50--meirl": {
      "id": "2022_06_25_en_reddit_reddit__r--meirl--comments--vkcn50--meirl",
      "url": "https://old.reddit.com/r/meirl/comments/vkcn50/meirl/",
      "date_published": "2022-06-25T19:27:27.000Z",
      "date_modified": "2022-06-25T19:27:27.000Z",
      "_original_published": "2022-06-25T11:02:13.000Z",
      "_original_language": "en",
      "_translations": {
        "en": {
          "title": "meirl"
        },
        "ja": {
          "title": "ミール"
        },
        "zh-Hans": {
          "title": "我的女孩"
        },
        "zh-Hant": {
          "title": "我的女孩"
        }
      },
      "tags": [
        "meirl"
      ],
      "authors": [
        {
          "name": "TwasAnChild",
          "url": "https://old.reddit.com/user/TwasAnChild"
        }
      ],
      "_links": [
        {
          "url": "https://old.reddit.com/r/meirl/comments/vkcn50/meirl/",
          "name": "&uarr;78222 votes"
        }
      ],
      "image": "https://preview.redd.it/93cpf1yd1r791.png?width=960&amp;crop=smart&amp;auto=webp&amp;s=9c1b0095bb4e283e1b6c50c1d0fe7edb02270262"
    },
    "2022_06_24_en_reddit_reddit__r--politics--comments--vjuvlk--house_democrats_called_fing_useless_for_singing": {
      "id": "2022_06_24_en_reddit_reddit__r--politics--comments--vjuvlk--house_democrats_called_fing_useless_for_singing",
      "url": "https://old.reddit.com/r/politics/comments/vjuvlk/house_democrats_called_fing_useless_for_singing/",
      "date_published": "2022-06-25T03:29:43.000Z",
      "date_modified": "2022-06-25T03:29:43.000Z",
      "_original_published": "2022-06-24T18:20:04.000Z",
      "_original_language": "en",
      "_translations": {
        "en": {
          "title": "House Democrats called ‘f***ing useless’ for singing ‘God Bless America’ by Capitol after Roe ruling"
        },
        "ja": {
          "title": "ロー判決後にキャピトルで「ゴッド・ブレス・アメリカ」を歌った下院民主党員を「ファッキン役立たず」と罵る"
        },
        "zh-Hans": {
          "title": "众议院民主党人因在罗伊裁决后在国会大厦唱《上帝保佑美国》而被称为 \"该死的废物\"。"
        },
        "zh-Hant": {
          "title": "衆議院民主黨人因在羅伊裁決後在國會大廈唱《上帝保佑美國》而被稱爲 \"該死的廢物\"。"
        }
      },
      "tags": [
        "politics"
      ],
      "authors": [
        {
          "name": "gzingher",
          "url": "https://old.reddit.com/user/gzingher"
        }
      ],
      "_links": [
        {
          "url": "https://old.reddit.com/r/politics/comments/vjuvlk/house_democrats_called_fing_useless_for_singing/",
          "name": "&uarr;78072 votes"
        }
      ],
      "image": "https://external-preview.redd.it/c6Hy0zqP9xbaTUn-1qV1jBx0h0bCOlq09nhjNNdx9iw.jpg?width=1080&amp;crop=smart&amp;auto=webp&amp;s=801b63b3c928837f2ee522ab816bc1d37efd40d0"
    },
    "2022_06_26_en_reddit_reddit__r--politics--comments--vl6xm2--ocasiocortez_says_conservative_justices_lied": {
      "id": "2022_06_26_en_reddit_reddit__r--politics--comments--vl6xm2--ocasiocortez_says_conservative_justices_lied",
      "url": "https://old.reddit.com/r/politics/comments/vl6xm2/ocasiocortez_says_conservative_justices_lied/",
      "date_published": "2022-06-26T22:22:21.000Z",
      "date_modified": "2022-06-26T22:22:21.000Z",
      "_original_published": "2022-06-26T15:16:36.000Z",
      "_original_language": "en",
      "_translations": {
        "en": {
          "title": "Ocasio-Cortez says conservative justices lied under oath, should be impeached"
        },
        "ja": {
          "title": "オカシオ・コルテス氏、保守派判事が宣誓の上で嘘をつき、弾劾されるべきと発言"
        },
        "zh-Hans": {
          "title": "奥卡西奥-科特兹称保守派大法官宣誓后撒谎，应被弹劾"
        },
        "zh-Hant": {
          "title": "奧卡西奧-科特茲稱保守派大法官宣誓後撒謊，應被彈劾"
        }
      },
      "tags": [
        "politics"
      ],
      "authors": [
        {
          "name": "Arpith2019",
          "url": "https://old.reddit.com/user/Arpith2019"
        }
      ],
      "_links": [
        {
          "url": "https://old.reddit.com/r/politics/comments/vl6xm2/ocasiocortez_says_conservative_justices_lied/",
          "name": "&uarr;78066 votes"
        }
      ],
      "image": "https://external-preview.redd.it/0mDZ4GQodgpyk5zqm1cTWwr_fpTOb0TkVn52UQwz_D8.jpg?width=1080&amp;crop=smart&amp;auto=webp&amp;s=a04d2326bd9389314c1bb03dc017fb4cab10e7d3"
    },
    "2022_06_27_en_reddit_reddit__r--MadeMeSmile--comments--vm68dp--true_freedom": {
      "id": "2022_06_27_en_reddit_reddit__r--MadeMeSmile--comments--vm68dp--true_freedom",
      "url": "https://old.reddit.com/r/MadeMeSmile/comments/vm68dp/true_freedom/",
      "date_published": "2022-06-28T05:08:02.000Z",
      "date_modified": "2022-06-28T05:08:02.000Z",
      "_original_published": "2022-06-27T21:45:59.000Z",
      "_original_language": "en",
      "_translations": {
        "en": {
          "title": "True freedom …"
        },
        "ja": {
          "title": "真の自由．"
        },
        "zh-Hans": {
          "title": "真正的自由......。"
        },
        "zh-Hant": {
          "title": "真正的自由......。"
        }
      },
      "tags": [
        "MadeMeSmile"
      ],
      "authors": [
        {
          "name": "GroundbreakingSet187",
          "url": "https://old.reddit.com/user/GroundbreakingSet187"
        }
      ],
      "_links": [
        {
          "url": "https://old.reddit.com/r/MadeMeSmile/comments/vm68dp/true_freedom/",
          "name": "&uarr;78025 votes"
        }
      ],
      "image": "https://preview.redd.it/fwv6tsk2i8891.jpg?width=1080&amp;crop=smart&amp;auto=webp&amp;s=e4e022b189f57bc4f3fb03e67a3ed9292ff6fde2"
    },
    "2022_06_29_en_reddit_reddit__r--nextfuckinglevel--comments--vntu4v--a_chimpanzee_doing_the_ninja_warrior_course_in": {
      "id": "2022_06_29_en_reddit_reddit__r--nextfuckinglevel--comments--vntu4v--a_chimpanzee_doing_the_ninja_warrior_course_in",
      "url": "https://old.reddit.com/r/nextfuckinglevel/comments/vntu4v/a_chimpanzee_doing_the_ninja_warrior_course_in/",
      "date_published": "2022-06-30T05:41:48.000Z",
      "date_modified": "2022-06-30T05:41:48.000Z",
      "_original_published": "2022-06-29T23:43:17.000Z",
      "_original_language": "en",
      "_translations": {
        "en": {
          "title": "A chimpanzee doing the Ninja Warrior course in Japan"
        },
        "ja": {
          "title": "日本で忍者修行をするチンパンジー"
        },
        "zh-Hans": {
          "title": "一只黑猩猩在日本做忍者战士课程"
        },
        "zh-Hant": {
          "title": "一隻黑猩猩在日本做忍者戰士課程"
        }
      },
      "tags": [
        "nextfuckinglevel"
      ],
      "authors": [
        {
          "name": "ThatPoetry4",
          "url": "https://old.reddit.com/user/ThatPoetry4"
        }
      ],
      "_links": [
        {
          "url": "https://old.reddit.com/r/nextfuckinglevel/comments/vntu4v/a_chimpanzee_doing_the_ninja_warrior_course_in/",
          "name": "&uarr;77881 votes"
        }
      ],
      "image": "https://external-preview.redd.it/-nDmBspvwVaXRMcDgYZJNWbZxLbXUxtC5nqnednZY8A.png?width=320&amp;crop=smart&amp;format=pjpg&amp;auto=webp&amp;s=e375145f882428066f97e24bdbb51c68d744fdc9",
      "_video": {
        "sources": [
          {
            "url": "https://v.redd.it/ecfcwovocn891/DASH_360.mp4?source=fallback"
          }
        ],
        "width": 360,
        "height": 360,
        "poster": "https://external-preview.redd.it/-nDmBspvwVaXRMcDgYZJNWbZxLbXUxtC5nqnednZY8A.png?width=320&amp;crop=smart&amp;format=pjpg&amp;auto=webp&amp;s=e375145f882428066f97e24bdbb51c68d744fdc9"
      }
    },
    "2022_06_28_en_reddit_reddit__r--memes--comments--vmm75w--he_did_a_science": {
      "id": "2022_06_28_en_reddit_reddit__r--memes--comments--vmm75w--he_did_a_science",
      "url": "https://old.reddit.com/r/memes/comments/vmm75w/he_did_a_science/",
      "date_published": "2022-06-29T03:04:58.000Z",
      "date_modified": "2022-06-29T03:04:58.000Z",
      "_original_published": "2022-06-28T12:33:34.000Z",
      "_original_language": "en",
      "_translations": {
        "en": {
          "title": "He did a science"
        },
        "ja": {
          "title": "彼は科学"
        },
        "zh-Hans": {
          "title": "他做了一个科学"
        },
        "zh-Hant": {
          "title": "他做了一個科學"
        }
      },
      "tags": [
        "memes"
      ],
      "authors": [
        {
          "name": "wcslater",
          "url": "https://old.reddit.com/user/wcslater"
        }
      ],
      "_links": [
        {
          "url": "https://old.reddit.com/r/memes/comments/vmm75w/he_did_a_science/",
          "name": "&uarr;77815 votes"
        }
      ],
      "image": "https://preview.redd.it/w2xg0lxewc891.gif?width=320&amp;crop=smart&amp;format=png8&amp;s=f6d204470f89070c49b1bf7efb7072fa809e7adf",
      "_video": {
        "sources": [
          {
            "url": "https://preview.redd.it/w2xg0lxewc891.gif?format=mp4&amp;s=b4d4b656f69a7a6677c9119cd00e18daa5af1f8e"
          }
        ],
        "width": 344,
        "height": 342,
        "poster": "https://preview.redd.it/w2xg0lxewc891.gif?width=320&amp;crop=smart&amp;format=png8&amp;s=f6d204470f89070c49b1bf7efb7072fa809e7adf"
      }
    },
    "2022_06_28_en_reddit_reddit__r--politics--comments--vn00q0--majority_of_americans_say_its_time_to_place_term": {
      "id": "2022_06_28_en_reddit_reddit__r--politics--comments--vn00q0--majority_of_americans_say_its_time_to_place_term",
      "url": "https://old.reddit.com/r/politics/comments/vn00q0/majority_of_americans_say_its_time_to_place_term/",
      "date_published": "2022-06-29T13:50:52.000Z",
      "date_modified": "2022-06-29T13:50:52.000Z",
      "_original_published": "2022-06-28T22:41:29.000Z",
      "_original_language": "en",
      "_translations": {
        "en": {
          "title": "Majority of Americans Say It’s Time to Place Term Limits on the Supreme Court"
        },
        "ja": {
          "title": "米国民の大多数が「最高裁に任期制を導入する時期」と回答"
        },
        "zh-Hans": {
          "title": "大多数美国人认为现在是对最高法院实行任期限制的时候了"
        },
        "zh-Hant": {
          "title": "大多數美國人認爲現在是對最高法院實行任期限制的時候了"
        }
      },
      "tags": [
        "politics"
      ],
      "authors": [
        {
          "name": "StuffyGoose",
          "url": "https://old.reddit.com/user/StuffyGoose"
        }
      ],
      "_links": [
        {
          "url": "https://old.reddit.com/r/politics/comments/vn00q0/majority_of_americans_say_its_time_to_place_term/",
          "name": "&uarr;77806 votes"
        }
      ],
      "image": "https://external-preview.redd.it/Kbr_xdH2AYn0XwKz7am-8uL3bTwx1QEQUKQ1e34LPK8.jpg?width=1080&amp;crop=smart&amp;auto=webp&amp;s=28eada9b88c1e7df6bdde0f825b8d7d388814a75"
    },
    "2022_06_26_en_reddit_reddit__r--funny--comments--vlbbz6--spoken_to": {
      "id": "2022_06_26_en_reddit_reddit__r--funny--comments--vlbbz6--spoken_to",
      "url": "https://old.reddit.com/r/funny/comments/vlbbz6/spoken_to/",
      "date_published": "2022-06-27T03:37:17.000Z",
      "date_modified": "2022-06-27T03:37:17.000Z",
      "_original_published": "2022-06-26T18:39:28.000Z",
      "_original_language": "en",
      "_translations": {
        "en": {
          "title": "Spoken To"
        },
        "ja": {
          "title": "Spoken To"
        },
        "zh-Hans": {
          "title": "说话的人"
        },
        "zh-Hant": {
          "title": "說話的人"
        }
      },
      "tags": [
        "funny"
      ],
      "authors": [
        {
          "name": "StBeals",
          "url": "https://old.reddit.com/user/StBeals"
        }
      ],
      "_links": [
        {
          "url": "https://old.reddit.com/r/funny/comments/vlbbz6/spoken_to/",
          "name": "&uarr;77708 votes"
        }
      ],
      "image": "https://preview.redd.it/a39yvgvuf0891.jpg?width=640&amp;crop=smart&amp;auto=webp&amp;s=27d31a42eaf85fd09802178b52d9a5c7f6a62d3e"
    },
    "2022_06_27_en_reddit_reddit__r--meirl--comments--vlrg0n--meirl": {
      "id": "2022_06_27_en_reddit_reddit__r--meirl--comments--vlrg0n--meirl",
      "url": "https://old.reddit.com/r/meirl/comments/vlrg0n/meirl/",
      "date_published": "2022-06-28T02:20:31.000Z",
      "date_modified": "2022-06-28T02:20:31.000Z",
      "_original_published": "2022-06-27T09:25:08.000Z",
      "_original_language": "en",
      "_translations": {
        "en": {
          "title": "meirl"
        },
        "ja": {
          "title": "ミール"
        },
        "zh-Hans": {
          "title": "我的女孩"
        },
        "zh-Hant": {
          "title": "我的女孩"
        }
      },
      "tags": [
        "meirl"
      ],
      "authors": [
        {
          "name": "TwasAnChild",
          "url": "https://old.reddit.com/user/TwasAnChild"
        }
      ],
      "_links": [
        {
          "url": "https://old.reddit.com/r/meirl/comments/vlrg0n/meirl/",
          "name": "&uarr;77652 votes"
        }
      ],
      "image": "https://preview.redd.it/3us0pvyvt4891.png?width=960&amp;crop=smart&amp;auto=webp&amp;s=5d4bbb1c401148cd85909ff89c8807636e243311"
    },
    "2022_06_27_en_reddit_reddit__r--gifs--comments--vlriq4--the_cctv_footage_of_the_brutal_assault_of_rudy": {
      "id": "2022_06_27_en_reddit_reddit__r--gifs--comments--vlriq4--the_cctv_footage_of_the_brutal_assault_of_rudy",
      "url": "https://old.reddit.com/r/gifs/comments/vlriq4/the_cctv_footage_of_the_brutal_assault_of_rudy/",
      "date_published": "2022-06-27T16:25:07.000Z",
      "date_modified": "2022-06-27T16:25:07.000Z",
      "_original_published": "2022-06-27T09:30:28.000Z",
      "_original_language": "en",
      "_translations": {
        "en": {
          "title": "The CCTV footage of the brutal assault of Rudy Giuliani, where he said if he wasn’t in better shape, he would’ve fallen, cracked his skull, and died."
        },
        "ja": {
          "title": "ルディ・ジュリアーニへの残虐な暴行事件のCCTV映像で、「もっと体調が良くなければ、転んで頭蓋骨にヒビが入って死んでいただろう」と語っています。"
        },
        "zh-Hans": {
          "title": "鲁迪-朱利安尼遭到残酷攻击的闭路电视录像，他说如果不是他的身体状况比较好，他就会摔倒，头骨破裂，然后死亡。"
        },
        "zh-Hant": {
          "title": "魯迪-朱利安尼遭到殘酷攻擊的閉路電視錄像，他說如果不是他的身體狀況比較好，他就會摔倒，頭骨破裂，然後死亡。"
        }
      },
      "tags": [
        "gifs"
      ],
      "authors": [
        {
          "name": "FinestOldToby",
          "url": "https://old.reddit.com/user/FinestOldToby"
        }
      ],
      "_links": [
        {
          "url": "https://old.reddit.com/r/gifs/comments/vlriq4/the_cctv_footage_of_the_brutal_assault_of_rudy/",
          "name": "&uarr;77631 votes"
        }
      ],
      "image": "https://preview.redd.it/78sjr8ybu4891.gif?width=320&amp;crop=smart&amp;format=png8&amp;s=adbe554b71b85a4dbc3b8148b2cd8120ce726785",
      "_video": {
        "sources": [
          {
            "url": "https://preview.redd.it/78sjr8ybu4891.gif?format=mp4&amp;s=2483eba99756bb4bde1c39db216d9d3fa2a13211"
          }
        ],
        "width": 600,
        "height": 326,
        "poster": "https://preview.redd.it/78sjr8ybu4891.gif?width=320&amp;crop=smart&amp;format=png8&amp;s=adbe554b71b85a4dbc3b8148b2cd8120ce726785"
      }
    },
    "2022_06_25_en_reddit_reddit__r--MadeMeSmile--comments--vk8u25--aweee": {
      "id": "2022_06_25_en_reddit_reddit__r--MadeMeSmile--comments--vk8u25--aweee",
      "url": "https://old.reddit.com/r/MadeMeSmile/comments/vk8u25/aweee/",
      "date_published": "2022-06-25T14:58:04.000Z",
      "date_modified": "2022-06-25T14:58:04.000Z",
      "_original_published": "2022-06-25T06:34:52.000Z",
      "_original_language": "en",
      "_translations": {
        "en": {
          "title": "aweee"
        },
        "ja": {
          "title": "イヤッホー"
        },
        "zh-Hans": {
          "title": "嗷嗷嗷嗷嗷嗷嗷嗷嗷嗷嗷嗷嗷嗷嗷嗷嗷嗷嗷嗷嗷嗷嗷嗷嗷"
        },
        "zh-Hant": {
          "title": "嗷嗷嗷嗷嗷嗷嗷嗷嗷嗷嗷嗷嗷嗷嗷嗷嗷嗷嗷嗷嗷嗷嗷嗷嗷"
        }
      },
      "tags": [
        "MadeMeSmile"
      ],
      "authors": [
        {
          "name": "Babykinnsxoxo",
          "url": "https://old.reddit.com/user/Babykinnsxoxo"
        }
      ],
      "_links": [
        {
          "url": "https://old.reddit.com/r/MadeMeSmile/comments/vk8u25/aweee/",
          "name": "&uarr;77127 votes"
        }
      ],
      "image": "https://preview.redd.it/x58y4iyopp791.jpg?width=1080&amp;crop=smart&amp;auto=webp&amp;s=e55a12ecb96b25ecd1982e6707f8896c24d77d13"
    }
  }
}
