{
  "meta": {
    "name": "Wellthatsucks"
  },
  "items": {
    "2021_02_05_en_reddit_reddit__r--Wellthatsucks--comments--ld0aiy--young_teacher_problems": {
      "id": "2021_02_05_en_reddit_reddit__r--Wellthatsucks--comments--ld0aiy--young_teacher_problems",
      "url": "https://old.reddit.com/r/Wellthatsucks/comments/ld0aiy/young_teacher_problems/",
      "date_published": "2021-02-05T19:26:45.000Z",
      "date_modified": "2021-02-05T19:26:45.000Z",
      "_original_published": "2021-02-05T05:24:44.000Z",
      "_original_language": "en",
      "_translations": {
        "en": {
          "title": "Young teacher problems"
        },
        "zh-Hans": {
          "title": "青年教师问题"
        },
        "zh-Hant": {
          "title": "青年教師問題"
        }
      },
      "tags": [
        "Wellthatsucks"
      ],
      "authors": [
        {
          "name": "Miguenzo",
          "url": "https://old.reddit.com/user/Miguenzo"
        }
      ],
      "_links": [
        {
          "url": "https://old.reddit.com/r/Wellthatsucks/comments/ld0aiy/young_teacher_problems/",
          "name": "&uarr;93886 votes"
        }
      ],
      "image": "https://external-preview.redd.it/Cb-OOW8iWxd75ONguCsEn_o04qr7VVFTfVfcmMbLfgw.png?width=320&crop=smart&format=pjpg&auto=webp&s=1898a38e7e85c6ed64b579fd7c53792118e5b6d9",
      "_video": {
        "sources": [
          {
            "url": "https://v.redd.it/uufsaonmglf61/DASH_720.mp4?source=fallback"
          }
        ],
        "width": 405,
        "height": 720,
        "poster": "https://external-preview.redd.it/Cb-OOW8iWxd75ONguCsEn_o04qr7VVFTfVfcmMbLfgw.png?width=320&crop=smart&format=pjpg&auto=webp&s=1898a38e7e85c6ed64b579fd7c53792118e5b6d9"
      }
    },
    "2020_12_25_en_reddit_reddit__r--Wellthatsucks--comments--kk6phx--got_my_dream_microwave_plugged_it_and_its": {
      "id": "2020_12_25_en_reddit_reddit__r--Wellthatsucks--comments--kk6phx--got_my_dream_microwave_plugged_it_and_its",
      "url": "https://old.reddit.com/r/Wellthatsucks/comments/kk6phx/got_my_dream_microwave_plugged_it_and_its/",
      "date_published": "2020-12-26T14:57:57.000Z",
      "date_modified": "2020-12-26T14:57:57.000Z",
      "_original_published": "2020-12-25T21:52:35.000Z",
      "_original_language": "en",
      "_translations": {
        "en": {
          "title": "Got my dream microwave. Plugged it and.... it’s possessed."
        },
        "zh-Hans": {
          "title": "拿到我梦寐以求的微波炉了。插上插头，然后..。它被附身了。"
        },
        "zh-Hant": {
          "title": "拿到我夢寐以求的微波爐了。插上插頭，然後..。它被附身了。"
        }
      },
      "tags": [
        "Wellthatsucks"
      ],
      "authors": [
        {
          "name": "crapatthethriftstore",
          "url": "https://old.reddit.com/user/crapatthethriftstore"
        }
      ],
      "_links": [
        {
          "url": "https://old.reddit.com/r/Wellthatsucks/comments/kk6phx/got_my_dream_microwave_plugged_it_and_its/",
          "name": "&uarr;78630 votes"
        }
      ],
      "image": "https://external-preview.redd.it/Z2Z1shvhmWLvRoSeFv8y3cQFFf3tjXxetrDyM4HvobE.png?width=1080&crop=smart&format=pjpg&auto=webp&s=337d6a34299c50c2ea60296b16edfe140569bde1",
      "_video": {
        "sources": [
          {
            "url": "https://v.redd.it/u8ay2d0qme761/DASH_1080.mp4?source=fallback"
          }
        ],
        "width": 607,
        "height": 1080,
        "poster": "https://external-preview.redd.it/Z2Z1shvhmWLvRoSeFv8y3cQFFf3tjXxetrDyM4HvobE.png?width=1080&crop=smart&format=pjpg&auto=webp&s=337d6a34299c50c2ea60296b16edfe140569bde1"
      }
    }
  }
}
