{
  "items": {
    "2022_03_19_en_reddit_reddit__r--nextfuckinglevel--comments--ti3o4f--dog_suffers_from_psychomotor_seizures_but_his": {
      "id": "2022_03_19_en_reddit_reddit__r--nextfuckinglevel--comments--ti3o4f--dog_suffers_from_psychomotor_seizures_but_his",
      "url": "https://old.reddit.com/r/nextfuckinglevel/comments/ti3o4f/dog_suffers_from_psychomotor_seizures_but_his/",
      "date_published": "2022-03-20T01:24:52.000Z",
      "date_modified": "2022-03-20T01:24:52.000Z",
      "_original_published": "2022-03-19T20:09:53.000Z",
      "_original_language": "en",
      "_translations": {
        "en": {
          "title": "Dog suffers from psycho-motor seizures but his friend helps calm him down"
        },
        "ja": {
          "title": "精神運動性発作に苦しむ犬、友人のおかげで落ち着く"
        },
        "zh-Hans": {
          "title": "狗狗患有精神运动性癫痫，但它的朋友帮助它平静下来"
        },
        "zh-Hant": {
          "title": "狗狗患有精神運動性癲癇，但它的朋友幫助它平靜下來"
        }
      },
      "tags": [
        "nextfuckinglevel"
      ],
      "authors": [
        {
          "name": "MonsterJuiced",
          "url": "https://old.reddit.com/user/MonsterJuiced"
        }
      ],
      "_links": [
        {
          "url": "https://old.reddit.com/r/nextfuckinglevel/comments/ti3o4f/dog_suffers_from_psychomotor_seizures_but_his/",
          "name": "&uarr;93275 votes"
        }
      ],
      "image": "https://external-preview.redd.it/n8yespJN-SNqyZO-LHY_KFO5iCPEpqwWWX6drwkUlhE.png?width=320&amp;crop=smart&amp;format=pjpg&amp;auto=webp&amp;s=4e3cc257b3bb3058ef65152726a326e2fafe6d4d",
      "_video": {
        "sources": [
          {
            "url": "https://v.redd.it/10suef7rdeo81/DASH_240.mp4?source=fallback"
          }
        ],
        "width": 426,
        "height": 235,
        "poster": "https://external-preview.redd.it/n8yespJN-SNqyZO-LHY_KFO5iCPEpqwWWX6drwkUlhE.png?width=320&amp;crop=smart&amp;format=pjpg&amp;auto=webp&amp;s=4e3cc257b3bb3058ef65152726a326e2fafe6d4d"
      }
    },
    "2022_03_23_en_reddit_reddit__r--MadeMeSmile--comments--tl8xsg--i_dont_have_anyone_to_celebrate_with_but_i_lost": {
      "id": "2022_03_23_en_reddit_reddit__r--MadeMeSmile--comments--tl8xsg--i_dont_have_anyone_to_celebrate_with_but_i_lost",
      "url": "https://old.reddit.com/r/MadeMeSmile/comments/tl8xsg/i_dont_have_anyone_to_celebrate_with_but_i_lost/",
      "date_published": "2022-03-24T01:40:48.000Z",
      "date_modified": "2022-03-24T01:40:48.000Z",
      "_original_published": "2022-03-23T19:20:20.000Z",
      "_original_language": "en",
      "_translations": {
        "en": {
          "title": "I don't have anyone to celebrate with but I lost 50+lbs in the last year! (OC)"
        },
        "ja": {
          "title": "一緒に祝ってくれる人はいないけど、去年1年で50ポンド以上痩せました (OC)"
        },
        "zh-Hans": {
          "title": "我没有人和我一起庆祝，但我在去年减掉了50多磅的体重! (OC)"
        },
        "zh-Hant": {
          "title": "我沒有人和我一起慶祝，但我在去年減掉了50多磅的體重! (OC)"
        }
      },
      "tags": [
        "MadeMeSmile"
      ],
      "authors": [
        {
          "name": "thwackity",
          "url": "https://old.reddit.com/user/thwackity"
        }
      ],
      "_links": [
        {
          "url": "https://old.reddit.com/r/MadeMeSmile/comments/tl8xsg/i_dont_have_anyone_to_celebrate_with_but_i_lost/",
          "name": "&uarr;88616 votes"
        }
      ],
      "image": "https://preview.redd.it/mgoa31qko6p81.jpg?width=1080&amp;crop=smart&amp;auto=webp&amp;s=237c8808ffed8cfa5303993ef6c057ee031b8fce"
    },
    "2022_03_20_en_reddit_reddit__r--nextfuckinglevel--comments--tiu0sa--security_guard_risking_his_life_to_save": {
      "id": "2022_03_20_en_reddit_reddit__r--nextfuckinglevel--comments--tiu0sa--security_guard_risking_his_life_to_save",
      "url": "https://old.reddit.com/r/nextfuckinglevel/comments/tiu0sa/security_guard_risking_his_life_to_save/",
      "date_published": "2022-03-21T00:47:42.000Z",
      "date_modified": "2022-03-21T00:47:42.000Z",
      "_original_published": "2022-03-20T20:26:02.000Z",
      "_original_language": "en",
      "_translations": {
        "en": {
          "title": "Security Guard risking his life to save incredibly unalarmed zoo visitors from a hippo"
        },
        "ja": {
          "title": "動物園の警備員、カバから無防備な来園者を命がけで救う"
        },
        "zh-Hans": {
          "title": "保安员冒着生命危险从河马手中救出难以置信的未受伤害的动物园游客"
        },
        "zh-Hant": {
          "title": "保安員冒着生命危險從河馬手中救出難以置信的未受傷害的動物園遊客"
        }
      },
      "tags": [
        "nextfuckinglevel"
      ],
      "authors": [
        {
          "name": "miguelabduarte",
          "url": "https://old.reddit.com/user/miguelabduarte"
        }
      ],
      "_links": [
        {
          "url": "https://old.reddit.com/r/nextfuckinglevel/comments/tiu0sa/security_guard_risking_his_life_to_save/",
          "name": "&uarr;85101 votes"
        }
      ],
      "image": "https://external-preview.redd.it/h6I3Qx0Kcn0voQu7HxaJN7XdzvzyQN7d7L1hQV5luCw.png?width=1080&amp;crop=smart&amp;format=pjpg&amp;auto=webp&amp;s=974c64f2d58250d3e23f7b8ca7e90096c61be0d3",
      "_video": {
        "sources": [
          {
            "url": "https://v.redd.it/jj7ujopallo81/DASH_720.mp4?source=fallback"
          }
        ],
        "width": 1280,
        "height": 672,
        "poster": "https://external-preview.redd.it/h6I3Qx0Kcn0voQu7HxaJN7XdzvzyQN7d7L1hQV5luCw.png?width=1080&amp;crop=smart&amp;format=pjpg&amp;auto=webp&amp;s=974c64f2d58250d3e23f7b8ca7e90096c61be0d3"
      }
    },
    "2022_03_19_en_reddit_reddit__r--MadeMeSmile--comments--ti2zf2--salute_to_this_mom": {
      "id": "2022_03_19_en_reddit_reddit__r--MadeMeSmile--comments--ti2zf2--salute_to_this_mom",
      "url": "https://old.reddit.com/r/MadeMeSmile/comments/ti2zf2/salute_to_this_mom/",
      "date_published": "2022-03-20T02:27:11.000Z",
      "date_modified": "2022-03-20T02:27:11.000Z",
      "_original_published": "2022-03-19T19:37:59.000Z",
      "_original_language": "en",
      "_translations": {
        "en": {
          "title": "Salute to this Mom."
        },
        "ja": {
          "title": "このお母さんに敬意を表します。"
        },
        "zh-Hans": {
          "title": "向这位妈妈致敬。"
        },
        "zh-Hant": {
          "title": "向這位媽媽致敬。"
        }
      },
      "tags": [
        "MadeMeSmile"
      ],
      "authors": [
        {
          "name": "colorfulsoul_",
          "url": "https://old.reddit.com/user/colorfulsoul_"
        }
      ],
      "_links": [
        {
          "url": "https://old.reddit.com/r/MadeMeSmile/comments/ti2zf2/salute_to_this_mom/",
          "name": "&uarr;80462 votes"
        }
      ],
      "image": "https://preview.redd.it/xj8s1ja28eo81.jpg?width=1080&amp;crop=smart&amp;auto=webp&amp;s=064fcc515622b7c71c2cc4066c95c5fea2cddb23"
    },
    "2022_03_22_en_reddit_reddit__r--MadeMeSmile--comments--tk3ate--his_face_says_it_all": {
      "id": "2022_03_22_en_reddit_reddit__r--MadeMeSmile--comments--tk3ate--his_face_says_it_all",
      "url": "https://old.reddit.com/r/MadeMeSmile/comments/tk3ate/his_face_says_it_all/",
      "date_published": "2022-03-22T18:18:17.000Z",
      "date_modified": "2022-03-22T18:18:17.000Z",
      "_original_published": "2022-03-22T13:42:08.000Z",
      "_original_language": "en",
      "_translations": {
        "en": {
          "title": "His face says it all"
        },
        "ja": {
          "title": "彼の顔がすべてを物語っている"
        },
        "zh-Hans": {
          "title": "他的表情说明了一切"
        },
        "zh-Hant": {
          "title": "他的表情說明了一切"
        }
      },
      "tags": [
        "MadeMeSmile"
      ],
      "authors": [
        {
          "name": "B-L-O-C-K-S",
          "url": "https://old.reddit.com/user/B-L-O-C-K-S"
        }
      ],
      "_links": [
        {
          "url": "https://old.reddit.com/r/MadeMeSmile/comments/tk3ate/his_face_says_it_all/",
          "name": "&uarr;79300 votes"
        }
      ],
      "image": "https://external-preview.redd.it/JHXMd7sEH3t5zOpaAGY3rhFSs7gV0dxHDQDVYuxls_k.png?width=640&amp;crop=smart&amp;format=pjpg&amp;auto=webp&amp;s=1d818829df5bea9575d5b181af2f8fe19c385ff3",
      "_video": {
        "sources": [
          {
            "url": "https://v.redd.it/gsm71s8bvxo81/DASH_1080.mp4?source=fallback"
          }
        ],
        "width": 873,
        "height": 1080,
        "poster": "https://external-preview.redd.it/JHXMd7sEH3t5zOpaAGY3rhFSs7gV0dxHDQDVYuxls_k.png?width=640&amp;crop=smart&amp;format=pjpg&amp;auto=webp&amp;s=1d818829df5bea9575d5b181af2f8fe19c385ff3"
      }
    },
    "2022_03_18_en_reddit_reddit__r--funny--comments--thd1dn--barista_asked_if_she_could_make_me_a_surprise": {
      "id": "2022_03_18_en_reddit_reddit__r--funny--comments--thd1dn--barista_asked_if_she_could_make_me_a_surprise",
      "url": "https://old.reddit.com/r/funny/comments/thd1dn/barista_asked_if_she_could_make_me_a_surprise/",
      "date_published": "2022-03-19T02:24:41.000Z",
      "date_modified": "2022-03-19T02:24:41.000Z",
      "_original_published": "2022-03-18T19:28:10.000Z",
      "_original_language": "en",
      "_translations": {
        "en": {
          "title": "Barista asked if she could make me a “surprise coffee, free of charge” and comes back with this"
        },
        "ja": {
          "title": "バリスタが「サプライズコーヒーを無料で作れますか」と聞いてきて、こんなものを出してきた。"
        },
        "zh-Hans": {
          "title": "咖啡师问她是否可以为我做一杯 \"免费的惊喜咖啡\"，她回来的时候给我的是这个"
        },
        "zh-Hant": {
          "title": "咖啡師問她是否可以爲我做一杯 \"免費的驚喜咖啡\"，她回來的時候給我的是這個"
        }
      },
      "tags": [
        "funny"
      ],
      "authors": [
        {
          "name": "capt-nemo3",
          "url": "https://old.reddit.com/user/capt-nemo3"
        }
      ],
      "_links": [
        {
          "url": "https://old.reddit.com/r/funny/comments/thd1dn/barista_asked_if_she_could_make_me_a_surprise/",
          "name": "&uarr;79190 votes"
        }
      ],
      "image": "https://preview.redd.it/i531cble17o81.jpg?width=1080&amp;crop=smart&amp;auto=webp&amp;s=199215a59fc5cdc1fb831189b4c604e926ecc691"
    },
    "2022_03_21_en_reddit_reddit__r--facepalm--comments--tjcrgm--baby_has_anyone_seen_the_baby": {
      "id": "2022_03_21_en_reddit_reddit__r--facepalm--comments--tjcrgm--baby_has_anyone_seen_the_baby",
      "url": "https://old.reddit.com/r/facepalm/comments/tjcrgm/baby_has_anyone_seen_the_baby/",
      "date_published": "2022-03-21T21:16:49.000Z",
      "date_modified": "2022-03-21T21:16:49.000Z",
      "_original_published": "2022-03-21T14:13:34.000Z",
      "_original_language": "en",
      "_translations": {
        "en": {
          "title": "Baby! Has anyone seen the baby?!"
        },
        "ja": {
          "title": "Baby! 誰か赤ん坊を見たか!"
        },
        "zh-Hans": {
          "title": "宝贝! 有谁见过这个孩子吗？"
        },
        "zh-Hant": {
          "title": "寶貝! 有誰見過這個孩子嗎？"
        }
      },
      "tags": [
        "facepalm"
      ],
      "authors": [
        {
          "name": "vaguenonetheless",
          "url": "https://old.reddit.com/user/vaguenonetheless"
        }
      ],
      "_links": [
        {
          "url": "https://old.reddit.com/r/facepalm/comments/tjcrgm/baby_has_anyone_seen_the_baby/",
          "name": "&uarr;78709 votes"
        }
      ],
      "image": "https://external-preview.redd.it/pkdHkLHKB7Dn3xgneVjX_L8vFuhXg3SJ3Lwd3xp6L04.png?width=320&amp;crop=smart&amp;format=pjpg&amp;auto=webp&amp;s=03df7812e64c9b57ec0ecb26483927015710203f",
      "_video": {
        "sources": [
          {
            "url": "https://v.redd.it/1pfeqin0wqo81/DASH_720.mp4?source=fallback"
          }
        ],
        "width": 527,
        "height": 720,
        "poster": "https://external-preview.redd.it/pkdHkLHKB7Dn3xgneVjX_L8vFuhXg3SJ3Lwd3xp6L04.png?width=320&amp;crop=smart&amp;format=pjpg&amp;auto=webp&amp;s=03df7812e64c9b57ec0ecb26483927015710203f"
      }
    },
    "2022_03_20_en_reddit_reddit__r--MadeMeSmile--comments--til3mu--slovak_border_guards_welcoming_ukrainian_refugee": {
      "id": "2022_03_20_en_reddit_reddit__r--MadeMeSmile--comments--til3mu--slovak_border_guards_welcoming_ukrainian_refugee",
      "url": "https://old.reddit.com/r/MadeMeSmile/comments/til3mu/slovak_border_guards_welcoming_ukrainian_refugee/",
      "date_published": "2022-03-20T20:48:47.000Z",
      "date_modified": "2022-03-20T20:48:47.000Z",
      "_original_published": "2022-03-20T13:30:19.000Z",
      "_original_language": "en",
      "_translations": {
        "en": {
          "title": "Slovak border guards welcoming Ukrainian refugee kids into Slovakia"
        },
        "ja": {
          "title": "スロバキア国境警備隊、ウクライナ難民の子供たちをスロバキアに迎え入れる"
        },
        "zh-Hans": {
          "title": "斯洛伐克边防军欢迎乌克兰难民儿童进入斯洛伐克"
        },
        "zh-Hant": {
          "title": "斯洛伐克邊防軍歡迎烏克蘭難民兒童進入斯洛伐克"
        }
      },
      "tags": [
        "MadeMeSmile"
      ],
      "authors": [
        {
          "name": "frosted_bite",
          "url": "https://old.reddit.com/user/frosted_bite"
        }
      ],
      "_links": [
        {
          "url": "https://old.reddit.com/r/MadeMeSmile/comments/til3mu/slovak_border_guards_welcoming_ukrainian_refugee/",
          "name": "&uarr;78293 votes"
        }
      ],
      "image": "https://external-preview.redd.it/9xIf2NtevFv01w_lOVYivmOEx6Sd3MLRoyZgA4WHbQY.png?width=1080&amp;crop=smart&amp;format=pjpg&amp;auto=webp&amp;s=dfe9678272626e1e76bf7a2441a12e43c1bc844f",
      "_video": {
        "sources": [
          {
            "url": "https://v.redd.it/u45wml2djjo81/DASH_720.mp4?source=fallback"
          }
        ],
        "width": 1280,
        "height": 720,
        "poster": "https://external-preview.redd.it/9xIf2NtevFv01w_lOVYivmOEx6Sd3MLRoyZgA4WHbQY.png?width=1080&amp;crop=smart&amp;format=pjpg&amp;auto=webp&amp;s=dfe9678272626e1e76bf7a2441a12e43c1bc844f"
      }
    },
    "2022_03_18_en_reddit_reddit__r--aww--comments--th7cll--a_dog_in_colombia_tried_purchasing_food_with": {
      "id": "2022_03_18_en_reddit_reddit__r--aww--comments--th7cll--a_dog_in_colombia_tried_purchasing_food_with",
      "url": "https://old.reddit.com/r/aww/comments/th7cll/a_dog_in_colombia_tried_purchasing_food_with/",
      "date_published": "2022-03-19T01:25:13.000Z",
      "date_modified": "2022-03-19T01:25:13.000Z",
      "_original_published": "2022-03-18T17:21:06.000Z",
      "_original_language": "en",
      "_translations": {
        "en": {
          "title": "A dog in Colombia tried purchasing food with leaves after observing students buying food"
        },
        "ja": {
          "title": "コロンビアで、学生が食べ物を買うのを見た犬が、葉っぱで食べ物を買おうとした。"
        },
        "zh-Hans": {
          "title": "哥伦比亚的一只狗在观察到学生购买食物后尝试用树叶购买食物"
        },
        "zh-Hant": {
          "title": "哥倫比亞的一隻狗在觀察到學生購買食物後嘗試用樹葉購買食物"
        }
      },
      "tags": [
        "aww"
      ],
      "authors": [
        {
          "name": "LoneBoy96",
          "url": "https://old.reddit.com/user/LoneBoy96"
        }
      ],
      "_links": [
        {
          "url": "https://old.reddit.com/r/aww/comments/th7cll/a_dog_in_colombia_tried_purchasing_food_with/",
          "name": "&uarr;77908 votes"
        }
      ],
      "image": "https://preview.redd.it/2gwgo7loe6o81.jpg?width=1080&amp;crop=smart&amp;auto=webp&amp;s=606b41b68efdf6c9a3b5b06cfed8ef4800feb927"
    },
    "2022_03_23_en_reddit_reddit__r--todayilearned--comments--tlmlnw--til_that_the_animal_planet_reality_series_river": {
      "id": "2022_03_23_en_reddit_reddit__r--todayilearned--comments--tlmlnw--til_that_the_animal_planet_reality_series_river",
      "url": "https://old.reddit.com/r/todayilearned/comments/tlmlnw/til_that_the_animal_planet_reality_series_river/",
      "date_published": "2022-03-24T05:38:41.000Z",
      "date_modified": "2022-03-24T05:38:41.000Z",
      "_original_published": "2022-03-23T23:54:05.000Z",
      "_original_language": "en",
      "_translations": {
        "en": {
          "title": "TIL that the Animal Planet reality series ‘River Monsters’ ended because star Jeremy Wade was able to catch essentially every exceptionally large freshwater fish species on earth, leaving no remaining content for the show"
        },
        "ja": {
          "title": "アニマルプラネットのリアリティ番組「リバーモンスター」が終了したのは、主演のジェレミー・ウェイドが地球上の例外的に大きな淡水魚種をすべて捕まえることができたためで、番組のコンテンツは残されていなかったというTILがある。"
        },
        "zh-Hans": {
          "title": "动物星球》的真人秀节目《河怪》结束了，因为主演杰里米-韦德能够捕捉到地球上几乎所有特别大的淡水鱼种，没有留下任何节目内容。"
        },
        "zh-Hant": {
          "title": "動物星球》的真人秀節目《河怪》結束了，因爲主演傑里米-韋德能夠捕捉到地球上幾乎所有特別大的淡水魚種，沒有留下任何節目內容。"
        }
      },
      "tags": [
        "todayilearned"
      ],
      "authors": [
        {
          "name": "the_freshest_scone",
          "url": "https://old.reddit.com/user/the_freshest_scone"
        }
      ],
      "_links": [
        {
          "url": "https://old.reddit.com/r/todayilearned/comments/tlmlnw/til_that_the_animal_planet_reality_series_river/",
          "name": "&uarr;77759 votes"
        }
      ]
    },
    "2022_03_20_en_reddit_reddit__r--memes--comments--tidjrk--its_not_too_late_to_bring_it_back": {
      "id": "2022_03_20_en_reddit_reddit__r--memes--comments--tidjrk--its_not_too_late_to_bring_it_back",
      "url": "https://old.reddit.com/r/memes/comments/tidjrk/its_not_too_late_to_bring_it_back/",
      "date_published": "2022-03-20T12:26:44.000Z",
      "date_modified": "2022-03-20T12:26:44.000Z",
      "_original_published": "2022-03-20T04:53:58.000Z",
      "_original_language": "en",
      "_translations": {
        "en": {
          "title": "It's not too late to bring it back."
        },
        "ja": {
          "title": "今からでも遅くはない、復活させるんだ。"
        },
        "zh-Hans": {
          "title": "现在把它带回来还不算太晚。"
        },
        "zh-Hant": {
          "title": "現在把它帶回來還不算太晚。"
        }
      },
      "tags": [
        "memes"
      ],
      "authors": [
        {
          "name": "tamilvanan31",
          "url": "https://old.reddit.com/user/tamilvanan31"
        }
      ],
      "_links": [
        {
          "url": "https://old.reddit.com/r/memes/comments/tidjrk/its_not_too_late_to_bring_it_back/",
          "name": "&uarr;77450 votes"
        }
      ],
      "image": "https://preview.redd.it/ktca0rx7zgo81.gif?width=320&amp;crop=smart&amp;format=png8&amp;s=80fa4d9bbac2b6da284b934a8896404b1a0e4c5f",
      "_video": {
        "sources": [
          {
            "url": "https://preview.redd.it/ktca0rx7zgo81.gif?format=mp4&amp;s=c0232d26ef9a8e807026796ad117ebce40166f15"
          }
        ],
        "width": 520,
        "height": 704,
        "poster": "https://preview.redd.it/ktca0rx7zgo81.gif?width=320&amp;crop=smart&amp;format=png8&amp;s=80fa4d9bbac2b6da284b934a8896404b1a0e4c5f"
      }
    },
    "2022_03_18_en_reddit_reddit__r--MadeMeSmile--comments--tgs9wf--a_university_cheerleader_grabs_a_stuck_ball_and": {
      "id": "2022_03_18_en_reddit_reddit__r--MadeMeSmile--comments--tgs9wf--a_university_cheerleader_grabs_a_stuck_ball_and",
      "url": "https://old.reddit.com/r/MadeMeSmile/comments/tgs9wf/a_university_cheerleader_grabs_a_stuck_ball_and/",
      "date_published": "2022-03-18T12:10:49.000Z",
      "date_modified": "2022-03-18T12:10:49.000Z",
      "_original_published": "2022-03-18T03:36:51.000Z",
      "_original_language": "en",
      "_translations": {
        "en": {
          "title": "A university cheerleader grabs a stuck ball and gets a standing ovation"
        },
        "ja": {
          "title": "動かないボールを掴んでスタンディングオベーションを受ける大学チアリーダー"
        },
        "zh-Hans": {
          "title": "一所大学的拉拉队抓住了一个卡住的球，并得到了起立鼓掌的机会"
        },
        "zh-Hant": {
          "title": "一所大學的拉拉隊抓住了一個卡住的球，並得到了起立鼓掌的機會"
        }
      },
      "tags": [
        "MadeMeSmile"
      ],
      "authors": [
        {
          "name": "charlesrichard1994",
          "url": "https://old.reddit.com/user/charlesrichard1994"
        }
      ],
      "_links": [
        {
          "url": "https://old.reddit.com/r/MadeMeSmile/comments/tgs9wf/a_university_cheerleader_grabs_a_stuck_ball_and/",
          "name": "&uarr;77365 votes"
        }
      ],
      "image": "https://external-preview.redd.it/S2lW8JJTy7OSAbsdjRUxsYD5Wmo9C808MPCX85l9H1w.png?width=1080&amp;crop=smart&amp;format=pjpg&amp;auto=webp&amp;s=678145d7448d41f40d55f03ce8f071ba3cd85866",
      "_video": {
        "sources": [
          {
            "url": "https://v.redd.it/a3cy6qbob2o81/DASH_720.mp4?source=fallback"
          }
        ],
        "width": 1280,
        "height": 720,
        "poster": "https://external-preview.redd.it/S2lW8JJTy7OSAbsdjRUxsYD5Wmo9C808MPCX85l9H1w.png?width=1080&amp;crop=smart&amp;format=pjpg&amp;auto=webp&amp;s=678145d7448d41f40d55f03ce8f071ba3cd85866"
      }
    },
    "2022_03_18_en_reddit_reddit__r--worldnews--comments--th3vg7--putin_is_rumored_to_be_purging_the_kremlin_of": {
      "id": "2022_03_18_en_reddit_reddit__r--worldnews--comments--th3vg7--putin_is_rumored_to_be_purging_the_kremlin_of",
      "url": "https://old.reddit.com/r/worldnews/comments/th3vg7/putin_is_rumored_to_be_purging_the_kremlin_of/",
      "date_published": "2022-03-19T01:25:13.000Z",
      "date_modified": "2022-03-19T01:25:13.000Z",
      "_original_published": "2022-03-18T15:24:55.000Z",
      "_original_language": "en",
      "_translations": {
        "en": {
          "title": "Putin is rumored to be purging the Kremlin of Russian officials he blames for the faltering invasion of Ukraine"
        },
        "ja": {
          "title": "プーチンは、ウクライナ侵攻が頓挫したことを非難するロシア政府高官をクレムリンに粛清していると噂されている"
        },
        "zh-Hans": {
          "title": "据传普京正在清除克里姆林宫中被他指责为入侵乌克兰行动失败的俄罗斯官员"
        },
        "zh-Hant": {
          "title": "據傳普京正在清除克里姆林宮中被他指責爲入侵烏克蘭行動失敗的俄羅斯官員"
        }
      },
      "tags": [
        "worldnews"
      ],
      "authors": [
        {
          "name": "samplestiltskin_",
          "url": "https://old.reddit.com/user/samplestiltskin_"
        }
      ],
      "_links": [
        {
          "url": "https://old.reddit.com/r/worldnews/comments/th3vg7/putin_is_rumored_to_be_purging_the_kremlin_of/",
          "name": "&uarr;77300 votes"
        }
      ],
      "image": "https://external-preview.redd.it/XbC9vDmH892VzvcCjf6dwMF5WTXZKOmDFB4Fy8DBKDg.jpg?width=960&amp;crop=smart&amp;auto=webp&amp;s=28e4fa3033aedb688eddfe82e489153cdbb3560e"
    },
    "2022_03_21_en_reddit_reddit__r--Damnthatsinteresting--comments--tj8btm--russian_prankster_hangs_a_picture_of_putin_in_the": {
      "id": "2022_03_21_en_reddit_reddit__r--Damnthatsinteresting--comments--tj8btm--russian_prankster_hangs_a_picture_of_putin_in_the",
      "url": "https://old.reddit.com/r/Damnthatsinteresting/comments/tj8btm/russian_prankster_hangs_a_picture_of_putin_in_the/",
      "date_published": "2022-03-21T17:05:17.000Z",
      "date_modified": "2022-03-21T17:05:17.000Z",
      "_original_published": "2022-03-21T10:04:59.000Z",
      "_original_language": "en",
      "_translations": {
        "en": {
          "title": "Russian prankster hangs a picture of Putin in the elevator and films the reactions of the residents."
        },
        "ja": {
          "title": "ロシアのいたずら好きが、エレベーターにプーチンの写真を飾り、住民の反応を撮影する。"
        },
        "zh-Hans": {
          "title": "俄罗斯恶作剧者将普京的照片挂在电梯里，并拍摄居民的反应。"
        },
        "zh-Hant": {
          "title": "俄羅斯惡作劇者將普京的照片掛在電梯裏，並拍攝居民的反應。"
        }
      },
      "tags": [
        "Damnthatsinteresting"
      ],
      "authors": [
        {
          "name": "OrcWithFork",
          "url": "https://old.reddit.com/user/OrcWithFork"
        }
      ],
      "_links": [
        {
          "url": "https://old.reddit.com/r/Damnthatsinteresting/comments/tj8btm/russian_prankster_hangs_a_picture_of_putin_in_the/",
          "name": "&uarr;77230 votes"
        }
      ],
      "image": "https://external-preview.redd.it/DDzk92CIkEswGWa6uKKVUARTpCZhbwXZrp8Zx-xonbA.png?width=640&amp;crop=smart&amp;format=pjpg&amp;auto=webp&amp;s=e55cf4247dfcdbf209a80218fcae200a2f0079f1",
      "_video": {
        "sources": [
          {
            "url": "https://v.redd.it/dds0xjgjnpo81/DASH_360.mp4?source=fallback"
          }
        ],
        "width": 640,
        "height": 360,
        "poster": "https://external-preview.redd.it/DDzk92CIkEswGWa6uKKVUARTpCZhbwXZrp8Zx-xonbA.png?width=640&amp;crop=smart&amp;format=pjpg&amp;auto=webp&amp;s=e55cf4247dfcdbf209a80218fcae200a2f0079f1"
      }
    },
    "2022_03_18_en_reddit_reddit__r--news--comments--th8999--ukraine_arnold_schwarzeneggers_antiwar_video": {
      "id": "2022_03_18_en_reddit_reddit__r--news--comments--th8999--ukraine_arnold_schwarzeneggers_antiwar_video",
      "url": "https://old.reddit.com/r/news/comments/th8999/ukraine_arnold_schwarzeneggers_antiwar_video/",
      "date_published": "2022-03-18T22:43:00.000Z",
      "date_modified": "2022-03-18T22:43:00.000Z",
      "_original_published": "2022-03-18T17:37:49.000Z",
      "_original_language": "en",
      "_translations": {
        "en": {
          "title": "Ukraine: Arnold Schwarzenegger's anti-war video trends on Russian social media"
        },
        "ja": {
          "title": "ウクライナ アーノルド・シュワルツェネッガー氏の反戦動画がロシアのSNSでトレンドに"
        },
        "zh-Hans": {
          "title": "乌克兰。阿诺德-施瓦辛格的反战视频在俄罗斯社交媒体上成为趋势"
        },
        "zh-Hant": {
          "title": "烏克蘭。阿諾德-施瓦辛格的反戰視頻在俄羅斯社交媒體上成爲趨勢"
        }
      },
      "tags": [
        "news"
      ],
      "authors": [
        {
          "name": "justsigndupforthis",
          "url": "https://old.reddit.com/user/justsigndupforthis"
        }
      ],
      "_links": [
        {
          "url": "https://old.reddit.com/r/news/comments/th8999/ukraine_arnold_schwarzeneggers_antiwar_video/",
          "name": "&uarr;77218 votes"
        }
      ],
      "image": "https://external-preview.redd.it/fta9NG2HD73gnF-MYnA2VyHqlYt4z8hfJ0SYZpV8mzg.jpg?width=960&amp;crop=smart&amp;auto=webp&amp;s=8ebd203b36dc87f62c2f0326829de0497df6b535"
    },
    "2022_03_21_en_reddit_reddit__r--interestingasfuck--comments--tjcftt--this_woman_lives_every_day_like_its_1958": {
      "id": "2022_03_21_en_reddit_reddit__r--interestingasfuck--comments--tjcftt--this_woman_lives_every_day_like_its_1958",
      "url": "https://old.reddit.com/r/interestingasfuck/comments/tjcftt/this_woman_lives_every_day_like_its_1958/",
      "date_published": "2022-03-21T22:25:19.000Z",
      "date_modified": "2022-03-21T22:25:19.000Z",
      "_original_published": "2022-03-21T13:59:01.000Z",
      "_original_language": "en",
      "_translations": {
        "en": {
          "title": "This woman lives every day like it’s 1958"
        },
        "ja": {
          "title": "この女性は、毎日を1958年のように生きています。"
        },
        "zh-Hans": {
          "title": "这个女人每天都过得像1958年一样"
        },
        "zh-Hant": {
          "title": "這個女人每天都過得像1958年一樣"
        }
      },
      "tags": [
        "interestingasfuck"
      ],
      "authors": [
        {
          "name": "dump_acc_91",
          "url": "https://old.reddit.com/user/dump_acc_91"
        }
      ],
      "_links": [
        {
          "url": "https://old.reddit.com/r/interestingasfuck/comments/tjcftt/this_woman_lives_every_day_like_its_1958/",
          "name": "&uarr;77193 votes"
        }
      ],
      "image": "https://external-preview.redd.it/03ZcqDYQ_HZmohlvZihKqcao1jCb0qLXepxP5s5i5Qw.png?width=1080&amp;crop=smart&amp;format=pjpg&amp;auto=webp&amp;s=eb8bc1d6d781433da81ec9e8adac1bd9466dc249",
      "_video": {
        "sources": [
          {
            "url": "https://v.redd.it/9hb3p0k9tqo81/DASH_1080.mp4?source=fallback"
          }
        ],
        "width": 1920,
        "height": 1080,
        "poster": "https://external-preview.redd.it/03ZcqDYQ_HZmohlvZihKqcao1jCb0qLXepxP5s5i5Qw.png?width=1080&amp;crop=smart&amp;format=pjpg&amp;auto=webp&amp;s=eb8bc1d6d781433da81ec9e8adac1bd9466dc249"
      }
    },
    "2022_03_19_en_reddit_reddit__r--memes--comments--ti3asn--yup_still_watching": {
      "id": "2022_03_19_en_reddit_reddit__r--memes--comments--ti3asn--yup_still_watching",
      "url": "https://old.reddit.com/r/memes/comments/ti3asn/yup_still_watching/",
      "date_published": "2022-03-20T03:36:15.000Z",
      "date_modified": "2022-03-20T03:36:15.000Z",
      "_original_published": "2022-03-19T19:52:51.000Z",
      "_original_language": "en",
      "_translations": {
        "en": {
          "title": "Yup, still watching"
        },
        "ja": {
          "title": "うん、まだ見てる"
        },
        "zh-Hans": {
          "title": "是的，还在看"
        },
        "zh-Hant": {
          "title": "是的，還在看"
        }
      },
      "tags": [
        "memes"
      ],
      "authors": [
        {
          "name": "Trollingfornudity",
          "url": "https://old.reddit.com/user/Trollingfornudity"
        }
      ],
      "_links": [
        {
          "url": "https://old.reddit.com/r/memes/comments/ti3asn/yup_still_watching/",
          "name": "&uarr;77118 votes"
        }
      ],
      "image": "https://preview.redd.it/m2okz5dqaeo81.gif?width=320&amp;crop=smart&amp;format=png8&amp;s=a70de766f3a3d1fcdbc9c5557c8d78d04516acb2",
      "_video": {
        "sources": [
          {
            "url": "https://preview.redd.it/m2okz5dqaeo81.gif?format=mp4&amp;s=14176c3efd436cf5474c6916dc1e7ae9587b020e"
          }
        ],
        "width": 464,
        "height": 450,
        "poster": "https://preview.redd.it/m2okz5dqaeo81.gif?width=320&amp;crop=smart&amp;format=png8&amp;s=a70de766f3a3d1fcdbc9c5557c8d78d04516acb2"
      }
    },
    "2022_03_18_en_reddit_reddit__r--HolUp--comments--tgyrjc--makes_sense": {
      "id": "2022_03_18_en_reddit_reddit__r--HolUp--comments--tgyrjc--makes_sense",
      "url": "https://old.reddit.com/r/HolUp/comments/tgyrjc/makes_sense/",
      "date_published": "2022-03-18T17:35:55.000Z",
      "date_modified": "2022-03-18T17:35:55.000Z",
      "_original_published": "2022-03-18T11:01:43.000Z",
      "_original_language": "en",
      "_translations": {
        "en": {
          "title": "Makes sense"
        },
        "ja": {
          "title": "理にかなっている"
        },
        "zh-Hans": {
          "title": "有道理"
        },
        "zh-Hant": {
          "title": "有道理"
        }
      },
      "tags": [
        "HolUp"
      ],
      "authors": [
        {
          "name": "Galaxy_star_walker",
          "url": "https://old.reddit.com/user/Galaxy_star_walker"
        }
      ],
      "_links": [
        {
          "url": "https://old.reddit.com/r/HolUp/comments/tgyrjc/makes_sense/",
          "name": "&uarr;77054 votes"
        }
      ],
      "image": "https://preview.redd.it/p74s1s52j4o81.jpg?width=640&amp;crop=smart&amp;auto=webp&amp;s=4746a98aa76ff79112f09ebaa72c9814f5ef53eb"
    },
    "2022_03_19_en_reddit_reddit__r--nextfuckinglevel--comments--thvsmx--cyclists_chased_by_an_ostrich": {
      "id": "2022_03_19_en_reddit_reddit__r--nextfuckinglevel--comments--thvsmx--cyclists_chased_by_an_ostrich",
      "url": "https://old.reddit.com/r/nextfuckinglevel/comments/thvsmx/cyclists_chased_by_an_ostrich/",
      "date_published": "2022-03-20T02:27:11.000Z",
      "date_modified": "2022-03-20T02:27:11.000Z",
      "_original_published": "2022-03-19T14:00:30.000Z",
      "_original_language": "en",
      "_translations": {
        "en": {
          "title": "Cyclists chased by an ostrich"
        },
        "ja": {
          "title": "ダチョウに追いかけられるサイクリストたち"
        },
        "zh-Hans": {
          "title": "骑自行车的人被一只鸵鸟追赶"
        },
        "zh-Hant": {
          "title": "騎自行車的人被一隻鴕鳥追趕"
        }
      },
      "tags": [
        "nextfuckinglevel"
      ],
      "authors": [
        {
          "name": "dump_acc_91",
          "url": "https://old.reddit.com/user/dump_acc_91"
        }
      ],
      "_links": [
        {
          "url": "https://old.reddit.com/r/nextfuckinglevel/comments/thvsmx/cyclists_chased_by_an_ostrich/",
          "name": "&uarr;76982 votes"
        }
      ],
      "image": "https://external-preview.redd.it/HPh29FDXChRjYbAFvPUraZPpRalsZKyLP_vqnRls5u0.png?width=1080&amp;crop=smart&amp;format=pjpg&amp;auto=webp&amp;s=834b9c06565e24ea48677714a93ded2f56b6586c",
      "_video": {
        "sources": [
          {
            "url": "https://v.redd.it/dhb7ideujco81/DASH_720.mp4?source=fallback"
          }
        ],
        "width": 1280,
        "height": 720,
        "poster": "https://external-preview.redd.it/HPh29FDXChRjYbAFvPUraZPpRalsZKyLP_vqnRls5u0.png?width=1080&amp;crop=smart&amp;format=pjpg&amp;auto=webp&amp;s=834b9c06565e24ea48677714a93ded2f56b6586c"
      }
    },
    "2022_03_18_en_reddit_reddit__r--memes--comments--tgw87c--its_a_jungle_out_there": {
      "id": "2022_03_18_en_reddit_reddit__r--memes--comments--tgw87c--its_a_jungle_out_there",
      "url": "https://old.reddit.com/r/memes/comments/tgw87c/its_a_jungle_out_there/",
      "date_published": "2022-03-18T16:01:28.000Z",
      "date_modified": "2022-03-18T16:01:28.000Z",
      "_original_published": "2022-03-18T07:58:55.000Z",
      "_original_language": "en",
      "_translations": {
        "en": {
          "title": "It's a jungle out there"
        },
        "ja": {
          "title": "外はジャングル"
        },
        "zh-Hans": {
          "title": "外面是一片丛林"
        },
        "zh-Hant": {
          "title": "外面是一片叢林"
        }
      },
      "tags": [
        "memes"
      ],
      "authors": [
        {
          "name": "johnlen1n",
          "url": "https://old.reddit.com/user/johnlen1n"
        }
      ],
      "_links": [
        {
          "url": "https://old.reddit.com/r/memes/comments/tgw87c/its_a_jungle_out_there/",
          "name": "&uarr;76950 votes"
        }
      ],
      "image": "https://preview.redd.it/6mji1evfm3o81.gif?width=640&amp;crop=smart&amp;format=png8&amp;s=39c9dec4a012268bd213dcf4c0240608dc7d6c9e",
      "_video": {
        "sources": [
          {
            "url": "https://preview.redd.it/6mji1evfm3o81.gif?format=mp4&amp;s=1362b68954d5f795d578305e41153579e7a6af33"
          }
        ],
        "width": 872,
        "height": 816,
        "poster": "https://preview.redd.it/6mji1evfm3o81.gif?width=640&amp;crop=smart&amp;format=png8&amp;s=39c9dec4a012268bd213dcf4c0240608dc7d6c9e"
      }
    }
  }
}
