{
  "meta": {
    "name": "technology"
  },
  "items": {
    "2022_05_26_en_reddit_reddit__r--technology--comments--uye42h--twitter_shareholder_sues_elon_musk_for_tanking": {
      "id": "2022_05_26_en_reddit_reddit__r--technology--comments--uye42h--twitter_shareholder_sues_elon_musk_for_tanking",
      "url": "https://old.reddit.com/r/technology/comments/uye42h/twitter_shareholder_sues_elon_musk_for_tanking/",
      "date_published": "2022-05-27T13:31:04.000Z",
      "date_modified": "2022-05-27T13:31:04.000Z",
      "_original_published": "2022-05-26T18:29:21.000Z",
      "_original_language": "en",
      "_translations": {
        "en": {
          "title": "Twitter shareholder sues Elon Musk for tanking the company’s stock"
        },
        "ja": {
          "title": "Twitterの株主がイーロン・マスクを提訴、同社の株価を暴落させる"
        },
        "zh-Hans": {
          "title": "推特股东起诉埃隆-马斯克使公司股票下跌"
        },
        "zh-Hant": {
          "title": "推特股東起訴埃隆-馬斯克使公司股票下跌"
        }
      },
      "tags": [
        "technology"
      ],
      "authors": [
        {
          "name": "DemiFiendRSA",
          "url": "https://old.reddit.com/user/DemiFiendRSA"
        }
      ],
      "_links": [
        {
          "url": "https://old.reddit.com/r/technology/comments/uye42h/twitter_shareholder_sues_elon_musk_for_tanking/",
          "name": "&uarr;75071 votes"
        }
      ],
      "image": "https://external-preview.redd.it/L5DV6ZvgYndqogVm1NIZ50aHMo1puroI4-E6H1EHMWg.jpg?width=1080&amp;crop=smart&amp;auto=webp&amp;s=8679a8a50117e9c24667b92e807c5e35908d8157"
    },
    "2021_11_26_en_reddit_reddit__r--technology--comments--r2zibf--the_ceo_of_cosmetics_retailer_lush_says_hes_happy": {
      "id": "2021_11_26_en_reddit_reddit__r--technology--comments--r2zibf--the_ceo_of_cosmetics_retailer_lush_says_hes_happy",
      "url": "https://old.reddit.com/r/technology/comments/r2zibf/the_ceo_of_cosmetics_retailer_lush_says_hes_happy/",
      "date_published": "2021-11-27T15:19:43.000Z",
      "date_modified": "2021-11-27T15:19:43.000Z",
      "_original_published": "2021-11-26T23:22:25.000Z",
      "_original_language": "en",
      "_translations": {
        "en": {
          "title": "The CEO of cosmetics retailer Lush says he's 'happy to lose' $13 million by deleting Facebook, TikTok, Snapchat accounts over teen mental-health harms"
        },
        "ja": {
          "title": "化粧品販売会社LushのCEOが、ティーンのメンタルヘルスへの影響を考慮してFacebook、TikTok、Snapchatのアカウントを削除することで1300万ドルを「失ってもいい」と発言しました。"
        },
        "zh-Hans": {
          "title": "化妆品零售商Lush的首席执行官说，他很乐意因青少年心理健康危害而删除Facebook、TikTok和Snapchat账户，从而损失1300万美元。"
        },
        "zh-Hant": {
          "title": "化妝品零售商Lush的首席執行官說，他很樂意因青少年心理健康危害而刪除Facebook、TikTok和Snapchat賬戶，從而損失1300萬美元。"
        }
      },
      "tags": [
        "technology"
      ],
      "authors": [
        {
          "name": "chrisdh79",
          "url": "https://old.reddit.com/user/chrisdh79"
        }
      ],
      "_links": [
        {
          "url": "https://old.reddit.com/r/technology/comments/r2zibf/the_ceo_of_cosmetics_retailer_lush_says_hes_happy/",
          "name": "&uarr;75491 votes"
        }
      ],
      "image": "https://external-preview.redd.it/rZ1YUxvWXf-oo_T7StzQoYhW0miyT3Rrv9T7u2WRTgo.jpg?width=1080&crop=smart&auto=webp&s=513512a32cec7b735d704e343be7c02b8ae44779"
    }
  }
}
