{
  "items": {
    "2021_09_01_en_reddit_reddit__r--news--comments--pg0jv4--reddit_bans_active_covid_misinformation_subreddit": {
      "id": "2021_09_01_en_reddit_reddit__r--news--comments--pg0jv4--reddit_bans_active_covid_misinformation_subreddit",
      "url": "https://old.reddit.com/r/news/comments/pg0jv4/reddit_bans_active_covid_misinformation_subreddit/",
      "date_published": "2021-09-02T01:34:37.000Z",
      "date_modified": "2021-09-02T01:34:37.000Z",
      "_original_published": "2021-09-01T18:59:50.000Z",
      "_original_language": "en",
      "_translations": {
        "en": {
          "title": "Reddit bans active COVID misinformation subreddit NoNewNormal"
        },
        "ja": {
          "title": "COVIDの誤報を扱うサブレディット「NoNewNormal」をRedditが禁止に"
        },
        "zh-Hans": {
          "title": "Reddit禁止活跃的COVID错误信息子Reddit NoNewNormal"
        },
        "zh-Hant": {
          "title": "Reddit禁止活躍的COVID錯誤信息子Reddit NoNewNormal"
        }
      },
      "tags": [
        "news"
      ],
      "authors": [
        {
          "name": "ani625",
          "url": "https://old.reddit.com/user/ani625"
        }
      ],
      "_links": [
        {
          "url": "https://old.reddit.com/r/news/comments/pg0jv4/reddit_bans_active_covid_misinformation_subreddit/",
          "name": "&uarr;85108 votes"
        }
      ],
      "image": "https://external-preview.redd.it/iORZeNLcdi1Dv8U7qKLcyrTxktdSFG6MjBOD7yAa0i4.jpg?width=1080&crop=smart&auto=webp&s=6ce24f77bda3c97e66bdaab4e151dbbae56f2b8d"
    },
    "2021_09_02_en_reddit_reddit__r--nextfuckinglevel--comments--pgby85--pet_bird_a_jungle_myna_has_been_trained_to_go_out": {
      "id": "2021_09_02_en_reddit_reddit__r--nextfuckinglevel--comments--pgby85--pet_bird_a_jungle_myna_has_been_trained_to_go_out",
      "url": "https://old.reddit.com/r/nextfuckinglevel/comments/pgby85/pet_bird_a_jungle_myna_has_been_trained_to_go_out/",
      "date_published": "2021-09-02T13:01:08.000Z",
      "date_modified": "2021-09-02T13:01:08.000Z",
      "_original_published": "2021-09-02T06:02:18.000Z",
      "_original_language": "en",
      "_translations": {
        "en": {
          "title": "Pet bird, a Jungle Myna, has been trained to go out and look for cash, then bring it back home with him."
        },
        "ja": {
          "title": "ペットの鳥（ジャングル・マイナ）は、外に出て現金を探し、家に持って帰るように訓練されています。"
        },
        "zh-Hans": {
          "title": "宠物鸟，一只Jungle Myna，已经被训练成出去寻找现金，然后把它带回家。"
        },
        "zh-Hant": {
          "title": "寵物鳥，一隻Jungle Myna，已經被訓練成出去尋找現金，然後把它帶回家。"
        }
      },
      "tags": [
        "nextfuckinglevel"
      ],
      "authors": [
        {
          "name": "SeenSomeThangs",
          "url": "https://old.reddit.com/user/SeenSomeThangs"
        }
      ],
      "_links": [
        {
          "url": "https://old.reddit.com/r/nextfuckinglevel/comments/pgby85/pet_bird_a_jungle_myna_has_been_trained_to_go_out/",
          "name": "&uarr;83883 votes"
        }
      ],
      "image": "https://external-preview.redd.it/_m9F8G0D3eAgaPgYBl_F-8ejMIB_UtC9-YftIzrIqqM.png?width=320&crop=smart&format=pjpg&auto=webp&s=89835dd10bff39c94e575e6f06e925d09b591a88",
      "_video": {
        "sources": [
          {
            "url": "https://v.redd.it/wuov8rs161l71/DASH_720.mp4?source=fallback"
          }
        ],
        "width": 402,
        "height": 720,
        "poster": "https://external-preview.redd.it/_m9F8G0D3eAgaPgYBl_F-8ejMIB_UtC9-YftIzrIqqM.png?width=320&crop=smart&format=pjpg&auto=webp&s=89835dd10bff39c94e575e6f06e925d09b591a88"
      }
    },
    "2021_08_27_en_reddit_reddit__r--MadeMeSmile--comments--pclbz6--after_being_a_stay_at_home_dad_for_6_years_i_35m": {
      "id": "2021_08_27_en_reddit_reddit__r--MadeMeSmile--comments--pclbz6--after_being_a_stay_at_home_dad_for_6_years_i_35m",
      "url": "https://old.reddit.com/r/MadeMeSmile/comments/pclbz6/after_being_a_stay_at_home_dad_for_6_years_i_35m/",
      "date_published": "2021-08-27T16:56:11.000Z",
      "date_modified": "2021-08-27T16:56:11.000Z",
      "_original_published": "2021-08-27T11:19:04.000Z",
      "_original_language": "en",
      "_translations": {
        "en": {
          "title": "After being a stay at home dad for 6 years I, 35m, started college alongside my son who just started kindergarten. We got this!"
        },
        "ja": {
          "title": "6年間専業主婦をしていた私（35m）は、幼稚園に入ったばかりの息子と一緒に大学に入りました。私たちはこれを得た!"
        },
        "zh-Hans": {
          "title": "在做了6年的家庭主妇后，我，35岁，和我刚上幼儿园的儿子一起开始上大学。我们得到了这个!"
        },
        "zh-Hant": {
          "title": "在做了6年的家庭主婦後，我，35歲，和我剛上幼兒園的兒子一起開始上大學。我們得到了這個!"
        }
      },
      "tags": [
        "MadeMeSmile"
      ],
      "authors": [
        {
          "name": "ThaCrimsonChinn",
          "url": "https://old.reddit.com/user/ThaCrimsonChinn"
        }
      ],
      "_links": [
        {
          "url": "https://old.reddit.com/r/MadeMeSmile/comments/pclbz6/after_being_a_stay_at_home_dad_for_6_years_i_35m/",
          "name": "&uarr;81632 votes"
        }
      ],
      "image": "https://preview.redd.it/7gmznby3xvj71.jpg?width=1080&crop=smart&auto=webp&s=35c8f474435345b25b4d7d61b6a44265b6ae0f52"
    },
    "2021_08_27_en_reddit_reddit__r--pics--comments--pcvo3y--a_family_evacuated_from_afghanistan_arrives_at": {
      "id": "2021_08_27_en_reddit_reddit__r--pics--comments--pcvo3y--a_family_evacuated_from_afghanistan_arrives_at",
      "url": "https://old.reddit.com/r/pics/comments/pcvo3y/a_family_evacuated_from_afghanistan_arrives_at/",
      "date_published": "2021-08-28T02:41:58.000Z",
      "date_modified": "2021-08-28T02:41:58.000Z",
      "_original_published": "2021-08-27T20:42:28.000Z",
      "_original_language": "en",
      "_translations": {
        "en": {
          "title": "A family evacuated from Afghanistan arrives at Dulles International Airport in Chantilly, Virginia"
        },
        "ja": {
          "title": "バージニア州シャンテリーのダレス国際空港に到着したアフガニスタンから避難した家族"
        },
        "zh-Hans": {
          "title": "一个从阿富汗撤离的家庭抵达位于弗吉尼亚州尚蒂伊的杜勒斯国际机场"
        },
        "zh-Hant": {
          "title": "一個從阿富汗撤離的家庭抵達位於弗吉尼亞州尚蒂伊的杜勒斯國際機場"
        }
      },
      "tags": [
        "pics"
      ],
      "authors": [
        {
          "name": "werdmouf",
          "url": "https://old.reddit.com/user/werdmouf"
        }
      ],
      "_links": [
        {
          "url": "https://old.reddit.com/r/pics/comments/pcvo3y/a_family_evacuated_from_afghanistan_arrives_at/",
          "name": "&uarr;81349 votes"
        }
      ],
      "image": "https://preview.redd.it/8dqsfwxlpyj71.jpg?width=1080&crop=smart&auto=webp&s=2f1323bc052ee6991cb6c344a6a9f2194786f882"
    },
    "2021_09_02_en_reddit_reddit__r--Unexpected--comments--pgm71r--grandma_taught_me_this": {
      "id": "2021_09_02_en_reddit_reddit__r--Unexpected--comments--pgm71r--grandma_taught_me_this",
      "url": "https://old.reddit.com/r/Unexpected/comments/pgm71r/grandma_taught_me_this/",
      "date_published": "2021-09-02T23:23:54.000Z",
      "date_modified": "2021-09-02T23:23:54.000Z",
      "_original_published": "2021-09-02T17:12:02.000Z",
      "_original_language": "en",
      "_translations": {
        "en": {
          "title": "Grandma taught me this"
        },
        "ja": {
          "title": "おばあちゃんが教えてくれました。"
        },
        "zh-Hans": {
          "title": "祖母教我这个"
        },
        "zh-Hant": {
          "title": "祖母教我這個"
        }
      },
      "tags": [
        "Unexpected"
      ],
      "authors": [
        {
          "name": "KennyRoger69",
          "url": "https://old.reddit.com/user/KennyRoger69"
        }
      ],
      "_links": [
        {
          "url": "https://old.reddit.com/r/Unexpected/comments/pgm71r/grandma_taught_me_this/",
          "name": "&uarr;79893 votes"
        }
      ],
      "image": "https://external-preview.redd.it/IwFGVZ_6C9cLJj06B_GDj12VyWANkLXzqIar7tUX08M.png?width=320&crop=smart&format=pjpg&auto=webp&s=3834f2b001c7b2372cbb1bc349937df40045e88e",
      "_video": {
        "sources": [
          {
            "url": "https://v.redd.it/qqbgp9ijh4l71/DASH_360.mp4?source=fallback"
          }
        ],
        "width": 280,
        "height": 360,
        "poster": "https://external-preview.redd.it/IwFGVZ_6C9cLJj06B_GDj12VyWANkLXzqIar7tUX08M.png?width=320&crop=smart&format=pjpg&auto=webp&s=3834f2b001c7b2372cbb1bc349937df40045e88e"
      }
    },
    "2021_09_01_en_reddit_reddit__r--gaming--comments--pfs2fl--i_made_a_big_fkey_to_pay_big_respects": {
      "id": "2021_09_01_en_reddit_reddit__r--gaming--comments--pfs2fl--i_made_a_big_fkey_to_pay_big_respects",
      "url": "https://old.reddit.com/r/gaming/comments/pfs2fl/i_made_a_big_fkey_to_pay_big_respects/",
      "date_published": "2021-09-01T17:05:51.000Z",
      "date_modified": "2021-09-01T17:05:51.000Z",
      "_original_published": "2021-09-01T11:37:26.000Z",
      "_original_language": "en",
      "_translations": {
        "en": {
          "title": "I made a BIG F-key to pay BIG respects"
        },
        "ja": {
          "title": "私はBIG F-keyを作ってBIGな敬意を表しました。"
        },
        "zh-Hans": {
          "title": "我做了一个巨大的F键来表达巨大的敬意"
        },
        "zh-Hant": {
          "title": "我做了一個巨大的F鍵來表達巨大的敬意"
        }
      },
      "tags": [
        "gaming"
      ],
      "authors": [
        {
          "name": "Jaryd_Giesen",
          "url": "https://old.reddit.com/user/Jaryd_Giesen"
        }
      ],
      "_links": [
        {
          "url": "https://old.reddit.com/r/gaming/comments/pfs2fl/i_made_a_big_fkey_to_pay_big_respects/",
          "name": "&uarr;79123 votes"
        }
      ],
      "image": "https://external-preview.redd.it/VEy770Gpr-cpEqqk1k-On-6f4NqXKoypSWB0KfoiFyo.jpg?width=320&crop=smart&auto=webp&s=b527e8d5162528f375cd632542936d3c356451e5",
      "_video": {
        "sources": [
          {
            "url": "https://v.redd.it/w30vishyovk71/DASH_360.mp4"
          }
        ],
        "width": 640,
        "height": 360,
        "poster": "https://external-preview.redd.it/VEy770Gpr-cpEqqk1k-On-6f4NqXKoypSWB0KfoiFyo.jpg?width=320&crop=smart&auto=webp&s=b527e8d5162528f375cd632542936d3c356451e5"
      }
    },
    "2021_08_30_en_reddit_reddit__r--nextfuckinglevel--comments--pehe1k--i_wish_i_was_this_calm": {
      "id": "2021_08_30_en_reddit_reddit__r--nextfuckinglevel--comments--pehe1k--i_wish_i_was_this_calm",
      "url": "https://old.reddit.com/r/nextfuckinglevel/comments/pehe1k/i_wish_i_was_this_calm/",
      "date_published": "2021-08-30T18:34:51.000Z",
      "date_modified": "2021-08-30T18:34:51.000Z",
      "_original_published": "2021-08-30T12:46:54.000Z",
      "_original_language": "en",
      "_translations": {
        "en": {
          "title": "I wish I was this calm"
        },
        "ja": {
          "title": "こんなに落ち着いていられたら"
        },
        "zh-Hans": {
          "title": "我希望我也能如此平静"
        },
        "zh-Hant": {
          "title": "我希望我也能如此平靜"
        }
      },
      "tags": [
        "nextfuckinglevel"
      ],
      "authors": [
        {
          "name": "sabatheofficial",
          "url": "https://old.reddit.com/user/sabatheofficial"
        }
      ],
      "_links": [
        {
          "url": "https://old.reddit.com/r/nextfuckinglevel/comments/pehe1k/i_wish_i_was_this_calm/",
          "name": "&uarr;78930 votes"
        }
      ],
      "image": "https://external-preview.redd.it/7h5Q6B7nTiNvR1EuBmuqiDFSwImIm553dqNfIy-ZmdA.png?width=320&crop=smart&format=pjpg&auto=webp&s=053f1e4baa15dc86fcb3f46660d6fcb2c6293bf4",
      "_video": {
        "sources": [
          {
            "url": "https://v.redd.it/edwhvyifrhk71/DASH_360.mp4?source=fallback"
          }
        ],
        "width": 360,
        "height": 360,
        "poster": "https://external-preview.redd.it/7h5Q6B7nTiNvR1EuBmuqiDFSwImIm553dqNfIy-ZmdA.png?width=320&crop=smart&format=pjpg&auto=webp&s=053f1e4baa15dc86fcb3f46660d6fcb2c6293bf4"
      }
    },
    "2021_08_28_en_reddit_reddit__r--funny--comments--pdbjqa--my_cousins_have_alopecia_universalis_and_an": {
      "id": "2021_08_28_en_reddit_reddit__r--funny--comments--pdbjqa--my_cousins_have_alopecia_universalis_and_an",
      "url": "https://old.reddit.com/r/funny/comments/pdbjqa/my_cousins_have_alopecia_universalis_and_an/",
      "date_published": "2021-08-29T02:00:27.000Z",
      "date_modified": "2021-08-29T02:00:27.000Z",
      "_original_published": "2021-08-28T15:12:41.000Z",
      "_original_language": "en",
      "_translations": {
        "en": {
          "title": "My cousins have Alopecia Universalis and an excellent sense of humor 🤘"
        },
        "ja": {
          "title": "私のいとこは万能脱毛症でユーモアのセンスも抜群です🤘。"
        },
        "zh-Hans": {
          "title": "我的表兄弟患有普遍性脱发症，而且幽默感十足🤘。"
        },
        "zh-Hant": {
          "title": "我的表兄弟患有普遍性脫髮症，而且幽默感十足🤘。"
        }
      },
      "tags": [
        "funny"
      ],
      "authors": [
        {
          "name": "xochequetsal",
          "url": "https://old.reddit.com/user/xochequetsal"
        }
      ],
      "_links": [
        {
          "url": "https://old.reddit.com/r/funny/comments/pdbjqa/my_cousins_have_alopecia_universalis_and_an/",
          "name": "&uarr;78234 votes"
        }
      ],
      "image": "https://preview.redd.it/4yn57c7p74k71.jpg?width=1080&crop=smart&auto=webp&s=c43ef4c38af3d1840faf02b5f2bce3c459522c59"
    },
    "2021_09_01_en_reddit_reddit__r--Unexpected--comments--pfr0h7--the_country_is_bulgaria": {
      "id": "2021_09_01_en_reddit_reddit__r--Unexpected--comments--pfr0h7--the_country_is_bulgaria",
      "url": "https://old.reddit.com/r/Unexpected/comments/pfr0h7/the_country_is_bulgaria/",
      "date_published": "2021-09-01T17:05:51.000Z",
      "date_modified": "2021-09-01T17:05:51.000Z",
      "_original_published": "2021-09-01T10:22:19.000Z",
      "_original_language": "en",
      "_translations": {
        "en": {
          "title": "The country is Bulgaria"
        },
        "ja": {
          "title": "国はブルガリア"
        },
        "zh-Hans": {
          "title": "这个国家是保加利亚"
        },
        "zh-Hant": {
          "title": "這個國家是保加利亞"
        }
      },
      "tags": [
        "Unexpected"
      ],
      "authors": [
        {
          "name": "jayy8143",
          "url": "https://old.reddit.com/user/jayy8143"
        }
      ],
      "_links": [
        {
          "url": "https://old.reddit.com/r/Unexpected/comments/pfr0h7/the_country_is_bulgaria/",
          "name": "&uarr;78110 votes"
        }
      ],
      "image": "https://external-preview.redd.it/AdPKDL0UnnLpdMc9nKlNVtuBVOvpY-qku0unb8oJssg.png?width=640&crop=smart&format=pjpg&auto=webp&s=651382accf6dee9925ea9e515f3a2610d4357f84",
      "_video": {
        "sources": [
          {
            "url": "https://v.redd.it/jj5ng1kcbvk71/DASH_480.mp4?source=fallback"
          }
        ],
        "width": 854,
        "height": 480,
        "poster": "https://external-preview.redd.it/AdPKDL0UnnLpdMc9nKlNVtuBVOvpY-qku0unb8oJssg.png?width=640&crop=smart&format=pjpg&auto=webp&s=651382accf6dee9925ea9e515f3a2610d4357f84"
      }
    },
    "2021_09_01_en_reddit_reddit__r--mildlyinteresting--comments--pfxssj--i_saw_4_generations_of_honda_civics_in_order_of": {
      "id": "2021_09_01_en_reddit_reddit__r--mildlyinteresting--comments--pfxssj--i_saw_4_generations_of_honda_civics_in_order_of",
      "url": "https://old.reddit.com/r/mildlyinteresting/comments/pfxssj/i_saw_4_generations_of_honda_civics_in_order_of/",
      "date_published": "2021-09-02T00:22:15.000Z",
      "date_modified": "2021-09-02T00:22:15.000Z",
      "_original_published": "2021-09-01T16:45:55.000Z",
      "_original_language": "en",
      "_translations": {
        "en": {
          "title": "I saw 4 generations of Honda Civics, in order of age, all in white."
        },
        "ja": {
          "title": "ホンダのシビックを年代順に4世代見ましたが、すべて白でした。"
        },
        "zh-Hans": {
          "title": "我看到了4代本田思域，按年龄排序，都是白色的。"
        },
        "zh-Hant": {
          "title": "我看到了4代本田思域，按年齡排序，都是白色的。"
        }
      },
      "tags": [
        "mildlyinteresting"
      ],
      "authors": [
        {
          "name": "Chocolate1ce",
          "url": "https://old.reddit.com/user/Chocolate1ce"
        }
      ],
      "_links": [
        {
          "url": "https://old.reddit.com/r/mildlyinteresting/comments/pfxssj/i_saw_4_generations_of_honda_civics_in_order_of/",
          "name": "&uarr;77998 votes"
        }
      ],
      "image": "https://preview.redd.it/1evc36cz7xk71.jpg?width=1080&crop=smart&auto=webp&s=af914cb3cd78e27409dcc6bad22ab5e8e5423d14"
    },
    "2021_08_29_en_reddit_reddit__r--WatchPeopleDieInside--comments--pdtr76--stop_trying_to_kiss_my_damn_hand": {
      "id": "2021_08_29_en_reddit_reddit__r--WatchPeopleDieInside--comments--pdtr76--stop_trying_to_kiss_my_damn_hand",
      "url": "https://old.reddit.com/r/WatchPeopleDieInside/comments/pdtr76/stop_trying_to_kiss_my_damn_hand/",
      "date_published": "2021-08-29T19:17:21.000Z",
      "date_modified": "2021-08-29T19:17:21.000Z",
      "_original_published": "2021-08-29T11:42:32.000Z",
      "_original_language": "en",
      "_translations": {
        "en": {
          "title": "Stop trying to kiss my damn hand!"
        },
        "ja": {
          "title": "私の手にキスしようとするのはやめてください"
        },
        "zh-Hans": {
          "title": "别再试图亲吻我那该死的手了！"
        },
        "zh-Hant": {
          "title": "別再試圖親吻我那該死的手了！"
        }
      },
      "tags": [
        "WatchPeopleDieInside"
      ],
      "authors": [
        {
          "name": "TheMegaSage",
          "url": "https://old.reddit.com/user/TheMegaSage"
        }
      ],
      "_links": [
        {
          "url": "https://old.reddit.com/r/WatchPeopleDieInside/comments/pdtr76/stop_trying_to_kiss_my_damn_hand/",
          "name": "&uarr;77914 votes"
        }
      ],
      "image": "https://external-preview.redd.it/kZ13TocVykLlsPxu1u35WTTl6Sj6AAKJnD_N3FFg60k.gif?width=640&crop=smart&format=png8&s=bd0c40c2b9af41205b460e5d6c3da4701220f218",
      "_video": {
        "sources": [
          {
            "url": "https://external-preview.redd.it/kZ13TocVykLlsPxu1u35WTTl6Sj6AAKJnD_N3FFg60k.gif?format=mp4&s=657d6387c426c937ae92d94ef0c3d908f776b4a8"
          }
        ],
        "width": 718,
        "height": 404,
        "poster": "https://external-preview.redd.it/kZ13TocVykLlsPxu1u35WTTl6Sj6AAKJnD_N3FFg60k.gif?width=640&crop=smart&format=png8&s=bd0c40c2b9af41205b460e5d6c3da4701220f218"
      }
    },
    "2021_08_30_en_reddit_reddit__r--facepalm--comments--peisbv--pray_for_me": {
      "id": "2021_08_30_en_reddit_reddit__r--facepalm--comments--peisbv--pray_for_me",
      "url": "https://old.reddit.com/r/facepalm/comments/peisbv/pray_for_me/",
      "date_published": "2021-08-30T21:27:54.000Z",
      "date_modified": "2021-08-30T21:27:54.000Z",
      "_original_published": "2021-08-30T14:06:45.000Z",
      "_original_language": "en",
      "_translations": {
        "en": {
          "title": "Pray for me!"
        },
        "ja": {
          "title": "Pray for me!"
        },
        "zh-Hans": {
          "title": "为我祈祷吧!"
        },
        "zh-Hant": {
          "title": "爲我祈禱吧!"
        }
      },
      "tags": [
        "facepalm"
      ],
      "authors": [
        {
          "name": "creatingastorm",
          "url": "https://old.reddit.com/user/creatingastorm"
        }
      ],
      "_links": [
        {
          "url": "https://old.reddit.com/r/facepalm/comments/peisbv/pray_for_me/",
          "name": "&uarr;77601 votes"
        }
      ],
      "image": "https://preview.redd.it/sr9dvlgr5ik71.jpg?width=1080&crop=smart&auto=webp&s=a83b671126646c0e6d81fc7602d5b9ef0dd2977f"
    },
    "2021_08_31_en_reddit_reddit__r--nextfuckinglevel--comments--pf9jit--man_gets_electrocuted_while_holding_child_red": {
      "id": "2021_08_31_en_reddit_reddit__r--nextfuckinglevel--comments--pf9jit--man_gets_electrocuted_while_holding_child_red",
      "url": "https://old.reddit.com/r/nextfuckinglevel/comments/pf9jit/man_gets_electrocuted_while_holding_child_red/",
      "date_published": "2021-08-31T22:25:07.000Z",
      "date_modified": "2021-08-31T22:25:07.000Z",
      "_original_published": "2021-08-31T16:37:53.000Z",
      "_original_language": "en",
      "_translations": {
        "en": {
          "title": "Man gets electrocuted while holding child. Red shirt guy saves the day"
        },
        "ja": {
          "title": "子供を抱いて感電した男性 赤シャツの男が窮地を救う"
        },
        "zh-Hans": {
          "title": "男子抱着孩子时被电击。红衣人拯救了世界"
        },
        "zh-Hant": {
          "title": "男子抱着孩子時被電擊。紅衣人拯救了世界"
        }
      },
      "tags": [
        "nextfuckinglevel"
      ],
      "authors": [
        {
          "name": "regian24",
          "url": "https://old.reddit.com/user/regian24"
        }
      ],
      "_links": [
        {
          "url": "https://old.reddit.com/r/nextfuckinglevel/comments/pf9jit/man_gets_electrocuted_while_holding_child_red/",
          "name": "&uarr;77257 votes"
        }
      ],
      "image": "https://external-preview.redd.it/KUpRHOgtBJLf4EK9g4FEF2DFSe0SaBgtLb1Gz1WexQc.png?width=216&crop=smart&format=pjpg&auto=webp&s=0ebca29d2d0d7016e1f3a644bb86cd9a170d266f",
      "_video": {
        "sources": [
          {
            "url": "https://v.redd.it/t64xp1ak1qk71/DASH_480.mp4?source=fallback"
          }
        ],
        "width": 270,
        "height": 480,
        "poster": "https://external-preview.redd.it/KUpRHOgtBJLf4EK9g4FEF2DFSe0SaBgtLb1Gz1WexQc.png?width=216&crop=smart&format=pjpg&auto=webp&s=0ebca29d2d0d7016e1f3a644bb86cd9a170d266f"
      }
    },
    "2021_08_29_en_reddit_reddit__r--nextfuckinglevel--comments--pe69fo--well_thats_a_forge_hammer": {
      "id": "2021_08_29_en_reddit_reddit__r--nextfuckinglevel--comments--pe69fo--well_thats_a_forge_hammer",
      "url": "https://old.reddit.com/r/nextfuckinglevel/comments/pe69fo/well_thats_a_forge_hammer/",
      "date_published": "2021-08-30T08:25:29.000Z",
      "date_modified": "2021-08-30T08:25:29.000Z",
      "_original_published": "2021-08-29T23:25:45.000Z",
      "_original_language": "en",
      "_translations": {
        "en": {
          "title": "Well that’s a forge hammer."
        },
        "ja": {
          "title": "それはフォージハンマーです。"
        },
        "zh-Hans": {
          "title": "嗯，那是一个锻造锤。"
        },
        "zh-Hant": {
          "title": "嗯，那是一個鍛造錘。"
        }
      },
      "tags": [
        "nextfuckinglevel"
      ],
      "authors": [
        {
          "name": "KolibriFX1",
          "url": "https://old.reddit.com/user/KolibriFX1"
        }
      ],
      "_links": [
        {
          "url": "https://old.reddit.com/r/nextfuckinglevel/comments/pe69fo/well_thats_a_forge_hammer/",
          "name": "&uarr;77163 votes"
        }
      ],
      "image": "https://external-preview.redd.it/Yrv8dc5_IoWWo-FwOeYm7cycciIRMn3KHg24bozpXXE.png?width=320&crop=smart&format=pjpg&auto=webp&s=f1efac16ae85d3bd42de3bf817f97e4f1e886249",
      "_video": {
        "sources": [
          {
            "url": "https://v.redd.it/ky3q8erksdk71/DASH_480.mp4?source=fallback"
          }
        ],
        "width": 384,
        "height": 480,
        "poster": "https://external-preview.redd.it/Yrv8dc5_IoWWo-FwOeYm7cycciIRMn3KHg24bozpXXE.png?width=320&crop=smart&format=pjpg&auto=webp&s=f1efac16ae85d3bd42de3bf817f97e4f1e886249"
      }
    },
    "2021_08_27_en_reddit_reddit__r--nextfuckinglevel--comments--pcihc1--he_fulfilled_his_promise": {
      "id": "2021_08_27_en_reddit_reddit__r--nextfuckinglevel--comments--pcihc1--he_fulfilled_his_promise",
      "url": "https://old.reddit.com/r/nextfuckinglevel/comments/pcihc1/he_fulfilled_his_promise/",
      "date_published": "2021-08-27T16:56:11.000Z",
      "date_modified": "2021-08-27T16:56:11.000Z",
      "_original_published": "2021-08-27T07:21:48.000Z",
      "_original_language": "en",
      "_translations": {
        "en": {
          "title": "He fulfilled his promise"
        },
        "ja": {
          "title": "約束を果たした"
        },
        "zh-Hans": {
          "title": "他履行了他的承诺"
        },
        "zh-Hant": {
          "title": "他履行了他的承諾"
        }
      },
      "tags": [
        "nextfuckinglevel"
      ],
      "authors": [
        {
          "name": "Storm_001",
          "url": "https://old.reddit.com/user/Storm_001"
        }
      ],
      "_links": [
        {
          "url": "https://old.reddit.com/r/nextfuckinglevel/comments/pcihc1/he_fulfilled_his_promise/",
          "name": "&uarr;77035 votes"
        }
      ],
      "image": "https://external-preview.redd.it/-Bt3lOqrWyb6G41-vKkOALrrG8r6lMVKS7YvwboswLs.png?width=216&crop=smart&format=pjpg&auto=webp&s=740fbc7be7518dfa57ff35d34c7687f1fcc734ac",
      "_video": {
        "sources": [
          {
            "url": "https://v.redd.it/v36sq2sqquj71/DASH_360.mp4?source=fallback"
          }
        ],
        "width": 202,
        "height": 360,
        "poster": "https://external-preview.redd.it/-Bt3lOqrWyb6G41-vKkOALrrG8r6lMVKS7YvwboswLs.png?width=216&crop=smart&format=pjpg&auto=webp&s=740fbc7be7518dfa57ff35d34c7687f1fcc734ac"
      }
    },
    "2021_08_31_en_reddit_reddit__r--gaming--comments--pfa5j8--hes_been_trying_to_get_a_ps5_for_months_i_just": {
      "id": "2021_08_31_en_reddit_reddit__r--gaming--comments--pfa5j8--hes_been_trying_to_get_a_ps5_for_months_i_just",
      "url": "https://old.reddit.com/r/gaming/comments/pfa5j8/hes_been_trying_to_get_a_ps5_for_months_i_just/",
      "date_published": "2021-08-31T22:52:02.000Z",
      "date_modified": "2021-08-31T22:52:02.000Z",
      "_original_published": "2021-08-31T17:08:16.000Z",
      "_original_language": "en",
      "_translations": {
        "en": {
          "title": "He's been trying to get a PS5 for months - I just happened to find one my local Curry's. He's gonna freak when he wakes up"
        },
        "ja": {
          "title": "彼は何ヶ月も前からPS5を買おうとしていて、たまたま近所のCurry'sで見つけたんだ。目が覚めた時、彼はびっくりするだろうな。"
        },
        "zh-Hans": {
          "title": "他几个月来一直想买一台PS5--我刚好在当地的Curry's找到一台。他醒来的时候一定会抓狂的。"
        },
        "zh-Hant": {
          "title": "他幾個月來一直想買一臺PS5--我剛好在當地的Curry's找到一臺。他醒來的時候一定會抓狂的。"
        }
      },
      "tags": [
        "gaming"
      ],
      "authors": [
        {
          "name": "Yevrah95",
          "url": "https://old.reddit.com/user/Yevrah95"
        }
      ],
      "_links": [
        {
          "url": "https://old.reddit.com/r/gaming/comments/pfa5j8/hes_been_trying_to_get_a_ps5_for_months_i_just/",
          "name": "&uarr;76932 votes"
        }
      ],
      "image": "https://preview.redd.it/hp5kzxu17qk71.jpg?width=1080&crop=smart&auto=webp&s=6a2ab031eb21448131ef90a061ae77a3919b7e12"
    },
    "2021_08_31_en_reddit_reddit__r--memes--comments--pfa7i1--mens_fantasies": {
      "id": "2021_08_31_en_reddit_reddit__r--memes--comments--pfa7i1--mens_fantasies",
      "url": "https://old.reddit.com/r/memes/comments/pfa7i1/mens_fantasies/",
      "date_published": "2021-08-31T23:11:54.000Z",
      "date_modified": "2021-08-31T23:11:54.000Z",
      "_original_published": "2021-08-31T17:10:53.000Z",
      "_original_language": "en",
      "_translations": {
        "en": {
          "title": "Mens fantasies"
        },
        "ja": {
          "title": "メンズファンタジー"
        },
        "zh-Hans": {
          "title": "男人的幻想"
        },
        "zh-Hant": {
          "title": "男人的幻想"
        }
      },
      "tags": [
        "memes"
      ],
      "authors": [
        {
          "name": "Straight_Orchid2834",
          "url": "https://old.reddit.com/user/Straight_Orchid2834"
        }
      ],
      "_links": [
        {
          "url": "https://old.reddit.com/r/memes/comments/pfa7i1/mens_fantasies/",
          "name": "&uarr;76854 votes"
        }
      ],
      "image": "https://preview.redd.it/9zoq9bsi7qk71.jpg?width=1080&crop=smart&auto=webp&s=43b82339022fc6b469bb17df4b7ace8bc276183a"
    },
    "2021_08_30_en_reddit_reddit__r--funny--comments--peq5xm--my_son_turned_1_yesterday_this_was_the_topper_to": {
      "id": "2021_08_30_en_reddit_reddit__r--funny--comments--peq5xm--my_son_turned_1_yesterday_this_was_the_topper_to",
      "url": "https://old.reddit.com/r/funny/comments/peq5xm/my_son_turned_1_yesterday_this_was_the_topper_to/",
      "date_published": "2021-08-31T02:50:21.000Z",
      "date_modified": "2021-08-31T02:50:21.000Z",
      "_original_published": "2021-08-30T20:14:51.000Z",
      "_original_language": "en",
      "_translations": {
        "en": {
          "title": "My son turned 1 yesterday. This was the topper to his space themed cake. Left is what we ordered, right is what we got."
        },
        "ja": {
          "title": "私の息子は昨日1歳になりました。これは宇宙をテーマにしたケーキのトッパーでした。左が注文したもの、右が届いたものです。"
        },
        "zh-Hans": {
          "title": "我的儿子昨天刚满1岁。这是他的太空主题蛋糕的顶饰。左边是我们订购的东西，右边是我们得到的东西。"
        },
        "zh-Hant": {
          "title": "我的兒子昨天剛滿1歲。這是他的太空主題蛋糕的頂飾。左邊是我們訂購的東西，右邊是我們得到的東西。"
        }
      },
      "tags": [
        "funny"
      ],
      "authors": [
        {
          "name": "Drewlyn",
          "url": "https://old.reddit.com/user/Drewlyn"
        }
      ],
      "_links": [
        {
          "url": "https://old.reddit.com/r/funny/comments/peq5xm/my_son_turned_1_yesterday_this_was_the_topper_to/",
          "name": "&uarr;76849 votes"
        }
      ],
      "image": "https://preview.redd.it/82pna41czjk71.png?width=320&crop=smart&auto=webp&s=e4a9b6cfd9c7a293ff96993d8abb796c584be185"
    },
    "2021_08_31_en_reddit_reddit__r--facepalm--comments--pexip0--hows_this_possible": {
      "id": "2021_08_31_en_reddit_reddit__r--facepalm--comments--pexip0--hows_this_possible",
      "url": "https://old.reddit.com/r/facepalm/comments/pexip0/hows_this_possible/",
      "date_published": "2021-08-31T15:42:08.000Z",
      "date_modified": "2021-08-31T15:42:08.000Z",
      "_original_published": "2021-08-31T03:07:36.000Z",
      "_original_language": "en",
      "_translations": {
        "en": {
          "title": "How's this possible?"
        },
        "ja": {
          "title": "こんなことってあるの？"
        },
        "zh-Hans": {
          "title": "这怎么可能呢？"
        },
        "zh-Hant": {
          "title": "這怎麼可能呢？"
        }
      },
      "tags": [
        "facepalm"
      ],
      "authors": [
        {
          "name": "PR0CR45T184T0R",
          "url": "https://old.reddit.com/user/PR0CR45T184T0R"
        }
      ],
      "_links": [
        {
          "url": "https://old.reddit.com/r/facepalm/comments/pexip0/hows_this_possible/",
          "name": "&uarr;76655 votes"
        }
      ],
      "image": "https://preview.redd.it/7b6hs81u0mk71.png?width=640&crop=smart&auto=webp&s=eb830d7e4c2d86f1853cc3ab0737be7a8cfb8de6"
    },
    "2021_08_27_en_reddit_reddit__r--nextfuckinglevel--comments--pcorsl--russian_competitive_swimmer_yuliya_yefimova_home": {
      "id": "2021_08_27_en_reddit_reddit__r--nextfuckinglevel--comments--pcorsl--russian_competitive_swimmer_yuliya_yefimova_home",
      "url": "https://old.reddit.com/r/nextfuckinglevel/comments/pcorsl/russian_competitive_swimmer_yuliya_yefimova_home/",
      "date_published": "2021-08-27T22:38:09.000Z",
      "date_modified": "2021-08-27T22:38:09.000Z",
      "_original_published": "2021-08-27T14:45:37.000Z",
      "_original_language": "en",
      "_translations": {
        "en": {
          "title": "Russian competitive swimmer Yuliya Yefimova home workout"
        },
        "ja": {
          "title": "ロシアの競泳選手ユリヤ・イェフィモワのホームワークアウト"
        },
        "zh-Hans": {
          "title": "俄罗斯竞技游泳运动员尤利娅-叶菲莫娃的家庭训练"
        },
        "zh-Hant": {
          "title": "俄羅斯競技游泳運動員尤利婭-葉菲莫娃的家庭訓練"
        }
      },
      "tags": [
        "nextfuckinglevel"
      ],
      "authors": [
        {
          "name": "regian24",
          "url": "https://old.reddit.com/user/regian24"
        }
      ],
      "_links": [
        {
          "url": "https://old.reddit.com/r/nextfuckinglevel/comments/pcorsl/russian_competitive_swimmer_yuliya_yefimova_home/",
          "name": "&uarr;76617 votes"
        }
      ],
      "image": "https://external-preview.redd.it/9ZSxceoOhrtcH2tDOetg6F9D2o6aB12GFloWXNIndbU.png?width=960&crop=smart&format=pjpg&auto=webp&s=c924c2fbf793f8daf3872563b744faa6144b11c3",
      "_video": {
        "sources": [
          {
            "url": "https://v.redd.it/r76ibbjwxwj71/DASH_720.mp4?source=fallback"
          }
        ],
        "width": 904,
        "height": 720,
        "poster": "https://external-preview.redd.it/9ZSxceoOhrtcH2tDOetg6F9D2o6aB12GFloWXNIndbU.png?width=960&crop=smart&format=pjpg&auto=webp&s=c924c2fbf793f8daf3872563b744faa6144b11c3"
      }
    }
  }
}
