{
  "meta": {
    "name": "BlackPeopleTwitter"
  },
  "items": {
    "2021_09_19_en_reddit_reddit__r--BlackPeopleTwitter--comments--pr8ou4--simple_way": {
      "id": "2021_09_19_en_reddit_reddit__r--BlackPeopleTwitter--comments--pr8ou4--simple_way",
      "url": "https://old.reddit.com/r/BlackPeopleTwitter/comments/pr8ou4/simple_way/",
      "date_published": "2021-09-20T01:33:32.000Z",
      "date_modified": "2021-09-20T01:33:32.000Z",
      "_original_published": "2021-09-19T14:13:06.000Z",
      "_original_language": "en",
      "_translations": {
        "en": {
          "title": "Simple way ."
        },
        "ja": {
          "title": "簡単な方法。"
        },
        "zh-Hans": {
          "title": "简单的方法."
        },
        "zh-Hant": {
          "title": "簡單的方法."
        }
      },
      "tags": [
        "BlackPeopleTwitter"
      ],
      "authors": [
        {
          "name": "Fuzzy_Education4705",
          "url": "https://old.reddit.com/user/Fuzzy_Education4705"
        }
      ],
      "_links": [
        {
          "url": "https://old.reddit.com/r/BlackPeopleTwitter/comments/pr8ou4/simple_way/",
          "name": "&uarr;76691 votes"
        }
      ],
      "image": "https://preview.redd.it/uus8hlg4xgo71.jpg?width=640&crop=smart&auto=webp&s=8f5e6d5ba48f8603ebcec459688cab10eb27d7f6"
    },
    "2021_05_23_en_reddit_reddit__r--BlackPeopleTwitter--comments--nj80yc--land_of_the_workers_with_no_benefits": {
      "id": "2021_05_23_en_reddit_reddit__r--BlackPeopleTwitter--comments--nj80yc--land_of_the_workers_with_no_benefits",
      "url": "https://old.reddit.com/r/BlackPeopleTwitter/comments/nj80yc/land_of_the_workers_with_no_benefits/",
      "date_published": "2021-05-24T01:58:39.000Z",
      "date_modified": "2021-05-24T01:58:39.000Z",
      "_original_published": "2021-05-23T13:43:34.000Z",
      "_original_language": "en",
      "_translations": {
        "en": {
          "title": "\"Land of the workers with no benefits\""
        },
        "ja": {
          "title": "\"福利厚生のない労働者の国\""
        },
        "zh-Hans": {
          "title": "\"没有福利的工人的土地\""
        },
        "zh-Hant": {
          "title": "\"沒有福利的工人的土地\""
        }
      },
      "tags": [
        "BlackPeopleTwitter"
      ],
      "authors": [
        {
          "name": "Sayl0",
          "url": "https://old.reddit.com/user/Sayl0"
        }
      ],
      "_links": [
        {
          "url": "https://old.reddit.com/r/BlackPeopleTwitter/comments/nj80yc/land_of_the_workers_with_no_benefits/",
          "name": "&uarr;94817 votes"
        }
      ],
      "image": "https://preview.redd.it/cbregoqdjv071.jpg?width=1080&crop=smart&auto=webp&s=8d73772882e4bb1a01f35b41e3c14531ee9368fa"
    },
    "2021_04_17_en_reddit_reddit__r--BlackPeopleTwitter--comments--mspoye--a_dynamic_duo": {
      "id": "2021_04_17_en_reddit_reddit__r--BlackPeopleTwitter--comments--mspoye--a_dynamic_duo",
      "url": "https://old.reddit.com/r/BlackPeopleTwitter/comments/mspoye/a_dynamic_duo/",
      "date_published": "2021-04-18T04:01:07.000Z",
      "date_modified": "2021-04-18T04:01:07.000Z",
      "_original_published": "2021-04-17T12:19:49.000Z",
      "_original_language": "en",
      "_translations": {
        "en": {
          "title": "A dynamic duo"
        },
        "ja": {
          "title": "ダイナミック・デュオ"
        },
        "zh-Hans": {
          "title": "充满活力的二人组"
        },
        "zh-Hant": {
          "title": "充滿活力的二人組"
        }
      },
      "tags": [
        "BlackPeopleTwitter"
      ],
      "authors": [
        {
          "name": "JayZGatsby",
          "url": "https://old.reddit.com/user/JayZGatsby"
        }
      ],
      "_links": [
        {
          "url": "https://old.reddit.com/r/BlackPeopleTwitter/comments/mspoye/a_dynamic_duo/",
          "name": "&uarr;77240 votes"
        }
      ],
      "image": "https://preview.redd.it/f7o843em7qt61.jpg?width=640&crop=smart&auto=webp&s=80d33aee1ad10a37825b34b70a78713bc9877dfe"
    },
    "2020_11_17_en_reddit_reddit__r--BlackPeopleTwitter--comments--jvh8nx--drugs_classy_if_ur_rich_trashy_if_ur_poor": {
      "id": "2020_11_17_en_reddit_reddit__r--BlackPeopleTwitter--comments--jvh8nx--drugs_classy_if_ur_rich_trashy_if_ur_poor",
      "url": "https://old.reddit.com/r/BlackPeopleTwitter/comments/jvh8nx/drugs_classy_if_ur_rich_trashy_if_ur_poor/",
      "date_published": "2020-11-17T08:21:20.000Z",
      "date_modified": "2020-11-17T08:21:20.000Z",
      "_original_published": "2020-11-17T08:21:20.000Z",
      "_original_language": "en",
      "_translations": {
        "en": {
          "title": "Drugs- classy if ur rich trashy if ur poor"
        },
        "zh-Hans": {
          "title": "毒品-如果你有钱就是上流的，如果你贫穷就是垃圾"
        },
        "zh-Hant": {
          "title": "毒品-如果妳有錢就是上流的，如果妳貧窮就是垃圾"
        }
      },
      "tags": [
        "BlackPeopleTwitter"
      ],
      "authors": [
        {
          "name": "SavageG41xn",
          "url": "https://old.reddit.com/user/SavageG41xn"
        }
      ],
      "_links": [
        {
          "url": "https://old.reddit.com/r/BlackPeopleTwitter/comments/jvh8nx/drugs_classy_if_ur_rich_trashy_if_ur_poor/",
          "name": "&uarr;97051 votes"
        }
      ],
      "image": "https://preview.redd.it/uz7jlorfmoz51.jpg?width=1080&crop=smart&auto=webp&s=56268dc50682613e7d207da17cfb99c8590ba133"
    }
  }
}
