{
  "items": {
    "2021_09_07_en_reddit_reddit__r--interestingasfuck--comments--pjsp0x--my_airbnb_was_an_entire_house_built_inside_a_barn": {
      "id": "2021_09_07_en_reddit_reddit__r--interestingasfuck--comments--pjsp0x--my_airbnb_was_an_entire_house_built_inside_a_barn",
      "url": "https://old.reddit.com/r/interestingasfuck/comments/pjsp0x/my_airbnb_was_an_entire_house_built_inside_a_barn/",
      "date_published": "2021-09-08T03:15:47.000Z",
      "date_modified": "2021-09-08T03:15:47.000Z",
      "_original_published": "2021-09-07T18:19:19.000Z",
      "_original_language": "en",
      "_translations": {
        "en": {
          "title": "My Airbnb was an entire house built inside a barn"
        },
        "ja": {
          "title": "私のAirbnbは、納屋の中に家が建っていました。"
        },
        "zh-Hans": {
          "title": "我的Airbnb是一整栋建在谷仓里的房子"
        },
        "zh-Hant": {
          "title": "我的Airbnb是一整棟建在穀倉裏的房子"
        }
      },
      "tags": [
        "interestingasfuck"
      ],
      "authors": [
        {
          "name": "jbells1245",
          "url": "https://old.reddit.com/user/jbells1245"
        }
      ],
      "_links": [
        {
          "url": "https://old.reddit.com/r/interestingasfuck/comments/pjsp0x/my_airbnb_was_an_entire_house_built_inside_a_barn/",
          "name": "&uarr;104687 votes"
        }
      ],
      "image": "https://preview.redd.it/fc08rc82i4m71.jpg?width=1080&crop=smart&auto=webp&s=e44c614b53a81cb8025d9f84eb4144387ded6150"
    },
    "2021_09_07_en_reddit_reddit__r--worldnews--comments--pjthms--mexico_decriminalizes_abortion_a_dramatic_step_in": {
      "id": "2021_09_07_en_reddit_reddit__r--worldnews--comments--pjthms--mexico_decriminalizes_abortion_a_dramatic_step_in",
      "url": "https://old.reddit.com/r/worldnews/comments/pjthms/mexico_decriminalizes_abortion_a_dramatic_step_in/",
      "date_published": "2021-09-08T03:15:47.000Z",
      "date_modified": "2021-09-08T03:15:47.000Z",
      "_original_published": "2021-09-07T18:59:50.000Z",
      "_original_language": "en",
      "_translations": {
        "en": {
          "title": "Mexico decriminalizes abortion, a dramatic step in world’s second-biggest Catholic country"
        },
        "ja": {
          "title": "メキシコ、中絶を非合法化 世界第2位のカトリック国の劇的な一歩"
        },
        "zh-Hans": {
          "title": "墨西哥将堕胎非刑罪化，这是世界第二大天主教国家的一个戏剧性步骤"
        },
        "zh-Hant": {
          "title": "墨西哥將墮胎非刑罪化，這是世界第二大天主教國家的一個戲劇性步驟"
        }
      },
      "tags": [
        "worldnews"
      ],
      "authors": [
        {
          "name": "idarknight",
          "url": "https://old.reddit.com/user/idarknight"
        }
      ],
      "_links": [
        {
          "url": "https://old.reddit.com/r/worldnews/comments/pjthms/mexico_decriminalizes_abortion_a_dramatic_step_in/",
          "name": "&uarr;92997 votes"
        }
      ],
      "image": "https://external-preview.redd.it/ta_i33PrTbavDvgz55aCJfJY9ZXleybSKIRU9Rod8pg.jpg?width=1080&crop=smart&auto=webp&s=6cfe7f3fba41ef583c1796b6704e7f577e939ebc"
    },
    "2021_09_09_en_reddit_reddit__r--nextfuckinglevel--comments--pkv5kp--dad_reflex_still_on_while_taking_a_nap": {
      "id": "2021_09_09_en_reddit_reddit__r--nextfuckinglevel--comments--pkv5kp--dad_reflex_still_on_while_taking_a_nap",
      "url": "https://old.reddit.com/r/nextfuckinglevel/comments/pkv5kp/dad_reflex_still_on_while_taking_a_nap/",
      "date_published": "2021-09-09T16:31:28.000Z",
      "date_modified": "2021-09-09T16:31:28.000Z",
      "_original_published": "2021-09-09T10:29:17.000Z",
      "_original_language": "en",
      "_translations": {
        "en": {
          "title": "Dad reflex still on while taking a nap"
        },
        "ja": {
          "title": "昼寝してもパパの反射は消えない"
        },
        "zh-Hans": {
          "title": "小睡时爸爸的反射仍在进行"
        },
        "zh-Hant": {
          "title": "小睡時爸爸的反射仍在進行"
        }
      },
      "tags": [
        "nextfuckinglevel"
      ],
      "authors": [
        {
          "name": "aceforest",
          "url": "https://old.reddit.com/user/aceforest"
        }
      ],
      "_links": [
        {
          "url": "https://old.reddit.com/r/nextfuckinglevel/comments/pkv5kp/dad_reflex_still_on_while_taking_a_nap/",
          "name": "&uarr;82343 votes"
        }
      ],
      "image": "https://preview.redd.it/u7mpuek2ggm71.gif?width=216&crop=smart&format=png8&s=acf048ca2aa7a7be6df4627d7c1d0a2c7e6fcd10",
      "_video": {
        "sources": [
          {
            "url": "https://preview.redd.it/u7mpuek2ggm71.gif?format=mp4&s=52eac21b4b2aabcfb89ff1d51f4d2f9ee39bdbeb"
          }
        ],
        "width": 311,
        "height": 329,
        "poster": "https://preview.redd.it/u7mpuek2ggm71.gif?width=216&crop=smart&format=png8&s=acf048ca2aa7a7be6df4627d7c1d0a2c7e6fcd10"
      }
    },
    "2021_09_04_en_reddit_reddit__r--nextfuckinglevel--comments--phtmi4--congratulations_to_dario_costa_who_became_the": {
      "id": "2021_09_04_en_reddit_reddit__r--nextfuckinglevel--comments--phtmi4--congratulations_to_dario_costa_who_became_the",
      "url": "https://old.reddit.com/r/nextfuckinglevel/comments/phtmi4/congratulations_to_dario_costa_who_became_the/",
      "date_published": "2021-09-05T01:14:22.000Z",
      "date_modified": "2021-09-05T01:14:22.000Z",
      "_original_published": "2021-09-04T15:28:41.000Z",
      "_original_language": "en",
      "_translations": {
        "en": {
          "title": "Congratulations to Dario Costa who became the first person ever to fly a plane through TWO tunnels!"
        },
        "ja": {
          "title": "2つのトンネルを通過して飛行機を飛ばした史上初の人物となったダリオ・コスタ氏、おめでとうございます。"
        },
        "zh-Hans": {
          "title": "祝贺达里奥-科斯塔，他成为有史以来第一个驾驶飞机穿过两条隧道的人！\"。"
        },
        "zh-Hant": {
          "title": "祝賀達里奧-科斯塔，他成爲有史以來第一個駕駛飛機穿過兩條隧道的人！\"。"
        }
      },
      "tags": [
        "nextfuckinglevel"
      ],
      "authors": [
        {
          "name": "Theiiaa",
          "url": "https://old.reddit.com/user/Theiiaa"
        }
      ],
      "_links": [
        {
          "url": "https://old.reddit.com/r/nextfuckinglevel/comments/phtmi4/congratulations_to_dario_costa_who_became_the/",
          "name": "&uarr;81981 votes"
        }
      ],
      "image": "https://external-preview.redd.it/a6kqYGgA1PeTizRH4hLId83ltou0H_J12vJFxsjE9t4.png?width=1080&crop=smart&format=pjpg&auto=webp&s=6a0c583e3c6c9b79f3ed8a24cafe96b0f0bdf659",
      "_video": {
        "sources": [
          {
            "url": "https://v.redd.it/dpgssf4w8il71/DASH_720.mp4?source=fallback"
          }
        ],
        "width": 1280,
        "height": 720,
        "poster": "https://external-preview.redd.it/a6kqYGgA1PeTizRH4hLId83ltou0H_J12vJFxsjE9t4.png?width=1080&crop=smart&format=pjpg&auto=webp&s=6a0c583e3c6c9b79f3ed8a24cafe96b0f0bdf659"
      }
    },
    "2021_09_06_en_reddit_reddit__r--nextfuckinglevel--comments--pizgzm--a_caddy_hits_a_hole_in_one_infront_of_golf_legends": {
      "id": "2021_09_06_en_reddit_reddit__r--nextfuckinglevel--comments--pizgzm--a_caddy_hits_a_hole_in_one_infront_of_golf_legends",
      "url": "https://old.reddit.com/r/nextfuckinglevel/comments/pizgzm/a_caddy_hits_a_hole_in_one_infront_of_golf_legends/",
      "date_published": "2021-09-06T18:26:48.000Z",
      "date_modified": "2021-09-06T18:26:48.000Z",
      "_original_published": "2021-09-06T13:30:58.000Z",
      "_original_language": "en",
      "_translations": {
        "en": {
          "title": "A caddy hits a hole in one infront of Golf Legends"
        },
        "ja": {
          "title": "ゴルフレジェンドの前でキャディがホールインワンを出す"
        },
        "zh-Hans": {
          "title": "一位球童在高尔夫传奇人物面前打出一杆进洞"
        },
        "zh-Hant": {
          "title": "一位球童在高爾夫傳奇人物面前打出一桿進洞"
        }
      },
      "tags": [
        "nextfuckinglevel"
      ],
      "authors": [
        {
          "name": "FearmyBeard21",
          "url": "https://old.reddit.com/user/FearmyBeard21"
        }
      ],
      "_links": [
        {
          "url": "https://old.reddit.com/r/nextfuckinglevel/comments/pizgzm/a_caddy_hits_a_hole_in_one_infront_of_golf_legends/",
          "name": "&uarr;81129 votes"
        }
      ],
      "image": "https://external-preview.redd.it/DWwSQEN6QYCXoVz3TW8hcQZq0u4cCgSKWVGpkDximsI.png?width=1080&crop=smart&format=pjpg&auto=webp&s=eeda70d2c29681a3033b0b1af591c4b290ab2288",
      "_video": {
        "sources": [
          {
            "url": "https://v.redd.it/l53gvhjlxvl71/DASH_720.mp4?source=fallback"
          }
        ],
        "width": 1280,
        "height": 682,
        "poster": "https://external-preview.redd.it/DWwSQEN6QYCXoVz3TW8hcQZq0u4cCgSKWVGpkDximsI.png?width=1080&crop=smart&format=pjpg&auto=webp&s=eeda70d2c29681a3033b0b1af591c4b290ab2288"
      }
    },
    "2021_09_08_en_reddit_reddit__r--interestingasfuck--comments--pkdc1w--this_is_the_grave_of_technical_sergeant_leonard": {
      "id": "2021_09_08_en_reddit_reddit__r--interestingasfuck--comments--pkdc1w--this_is_the_grave_of_technical_sergeant_leonard",
      "url": "https://old.reddit.com/r/interestingasfuck/comments/pkdc1w/this_is_the_grave_of_technical_sergeant_leonard/",
      "date_published": "2021-09-08T22:15:32.000Z",
      "date_modified": "2021-09-08T22:15:32.000Z",
      "_original_published": "2021-09-08T15:58:27.000Z",
      "_original_language": "en",
      "_translations": {
        "en": {
          "title": "This is the grave of Technical Sergeant Leonard Matlovich. It does not bear his name because he intended to be a monument to all gay veterans. Today marks 46 years since he appeared of the cover of Time magazine"
        },
        "ja": {
          "title": "これは、レナード・マトロビッチ技術軍曹の墓です。彼の名前がないのは、彼がすべてのゲイの退役軍人の記念碑になることを意図していたからです。彼がタイム誌の表紙を飾ってから今日で46年になります。"
        },
        "zh-Hans": {
          "title": "这是技术中士伦纳德-马特洛维奇的坟墓。这里没有他的名字，因为他打算成为所有同性恋退伍军人的纪念碑。今天是他登上《时代》杂志封面的46年。"
        },
        "zh-Hant": {
          "title": "這是技術中士倫納德-馬特洛維奇的墳墓。這裏沒有他的名字，因爲他打算成爲所有同性戀退伍軍人的紀念碑。今天是他登上《時代》雜誌封面的46年。"
        }
      },
      "tags": [
        "interestingasfuck"
      ],
      "authors": [
        {
          "name": "sewn_of_a_gun",
          "url": "https://old.reddit.com/user/sewn_of_a_gun"
        }
      ],
      "_links": [
        {
          "url": "https://old.reddit.com/r/interestingasfuck/comments/pkdc1w/this_is_the_grave_of_technical_sergeant_leonard/",
          "name": "&uarr;78733 votes"
        }
      ],
      "image": "https://preview.redd.it/02zacl4wxam71.jpg?width=640&crop=smart&auto=webp&s=cb97b41b6d469dd8855c2985c5fd029e4bbacaf6"
    },
    "2021_09_06_en_reddit_reddit__r--Unexpected--comments--pivgcn--all_you_had_to_do_was_open_the_jar_fool": {
      "id": "2021_09_06_en_reddit_reddit__r--Unexpected--comments--pivgcn--all_you_had_to_do_was_open_the_jar_fool",
      "url": "https://old.reddit.com/r/Unexpected/comments/pivgcn/all_you_had_to_do_was_open_the_jar_fool/",
      "date_published": "2021-09-06T17:05:34.000Z",
      "date_modified": "2021-09-06T17:05:34.000Z",
      "_original_published": "2021-09-06T08:33:15.000Z",
      "_original_language": "en",
      "_translations": {
        "en": {
          "title": "All you had to do was open the jar, fool!"
        },
        "ja": {
          "title": "瓶を開けるだけでよかったんだよ、馬鹿野郎！」。"
        },
        "zh-Hans": {
          "title": "你所要做的就是打开罐子，傻瓜!"
        },
        "zh-Hant": {
          "title": "你所要做的就是打開罐子，傻瓜!"
        }
      },
      "tags": [
        "Unexpected"
      ],
      "authors": [
        {
          "name": "BrianPotato2005",
          "url": "https://old.reddit.com/user/BrianPotato2005"
        }
      ],
      "_links": [
        {
          "url": "https://old.reddit.com/r/Unexpected/comments/pivgcn/all_you_had_to_do_was_open_the_jar_fool/",
          "name": "&uarr;78731 votes"
        }
      ],
      "image": "https://external-preview.redd.it/xGGXpsSmPv-MEcm0JPxmOr4n1iqnwnsw8g45mxsxE2k.png?width=216&crop=smart&format=pjpg&auto=webp&s=7daa17aef86476f40510a233e61d1d588060cfe5",
      "_video": {
        "sources": [
          {
            "url": "https://v.redd.it/kb4i9xdkgul71/DASH_480.mp4?source=fallback"
          }
        ],
        "width": 256,
        "height": 480,
        "poster": "https://external-preview.redd.it/xGGXpsSmPv-MEcm0JPxmOr4n1iqnwnsw8g45mxsxE2k.png?width=216&crop=smart&format=pjpg&auto=webp&s=7daa17aef86476f40510a233e61d1d588060cfe5"
      }
    },
    "2021_09_06_en_reddit_reddit__r--nextfuckinglevel--comments--pj0hm2--mum_sees_book_about_to_fall_on_child_in_tv": {
      "id": "2021_09_06_en_reddit_reddit__r--nextfuckinglevel--comments--pj0hm2--mum_sees_book_about_to_fall_on_child_in_tv",
      "url": "https://old.reddit.com/r/nextfuckinglevel/comments/pj0hm2/mum_sees_book_about_to_fall_on_child_in_tv/",
      "date_published": "2021-09-06T22:24:42.000Z",
      "date_modified": "2021-09-06T22:24:42.000Z",
      "_original_published": "2021-09-06T14:29:51.000Z",
      "_original_language": "en",
      "_translations": {
        "en": {
          "title": "Mum Sees Book About to Fall on Child in TV Reflection"
        },
        "ja": {
          "title": "テレビの反射で子供に本が落ちてくるのを見た母親"
        },
        "zh-Hans": {
          "title": "母亲在电视反思中看到书即将落在孩子身上"
        },
        "zh-Hant": {
          "title": "母親在電視反思中看到書即將落在孩子身上"
        }
      },
      "tags": [
        "nextfuckinglevel"
      ],
      "authors": [
        {
          "name": "esberat",
          "url": "https://old.reddit.com/user/esberat"
        }
      ],
      "_links": [
        {
          "url": "https://old.reddit.com/r/nextfuckinglevel/comments/pj0hm2/mum_sees_book_about_to_fall_on_child_in_tv/",
          "name": "&uarr;78596 votes"
        }
      ],
      "image": "https://external-preview.redd.it/cjjqSVrNURyR15_B1wFJEkOgCDxsmBF7pSvSQzMG8AI.jpg?width=320&crop=smart&auto=webp&s=4f98ed86f047ceb53c8e8640e349d443d182891b",
      "_video": {
        "sources": [
          {
            "url": "https://v.redd.it/1qz7046a8wl71/DASH_240.mp4"
          }
        ],
        "width": 426,
        "height": 238,
        "poster": "https://external-preview.redd.it/cjjqSVrNURyR15_B1wFJEkOgCDxsmBF7pSvSQzMG8AI.jpg?width=320&crop=smart&auto=webp&s=4f98ed86f047ceb53c8e8640e349d443d182891b"
      }
    },
    "2021_09_04_en_reddit_reddit__r--MadeMeSmile--comments--phtt9b--mustve_made_this_kids_entire_year": {
      "id": "2021_09_04_en_reddit_reddit__r--MadeMeSmile--comments--phtt9b--mustve_made_this_kids_entire_year",
      "url": "https://old.reddit.com/r/MadeMeSmile/comments/phtt9b/mustve_made_this_kids_entire_year/",
      "date_published": "2021-09-05T01:14:22.000Z",
      "date_modified": "2021-09-05T01:14:22.000Z",
      "_original_published": "2021-09-04T15:38:59.000Z",
      "_original_language": "en",
      "_translations": {
        "en": {
          "title": "Must've made this kid's entire year!"
        },
        "ja": {
          "title": "この子の1年を支えたに違いない。"
        },
        "zh-Hans": {
          "title": "一定让这个孩子度过了整个一年!"
        },
        "zh-Hant": {
          "title": "一定讓這個孩子度過了整個一年!"
        }
      },
      "tags": [
        "MadeMeSmile"
      ],
      "authors": [
        {
          "name": "NoGeologist7907",
          "url": "https://old.reddit.com/user/NoGeologist7907"
        }
      ],
      "_links": [
        {
          "url": "https://old.reddit.com/r/MadeMeSmile/comments/phtt9b/mustve_made_this_kids_entire_year/",
          "name": "&uarr;78589 votes"
        }
      ],
      "image": "https://external-preview.redd.it/g7eLSfF254aDF9fjfL1DW7idhn5mmnhGExtfkBII3w4.png?width=640&crop=smart&format=pjpg&auto=webp&s=724c304543d1eb2b1aca024235a4fa3f451beb93",
      "_video": {
        "sources": [
          {
            "url": "https://v.redd.it/doheo7njail71/DASH_720.mp4?source=fallback"
          }
        ],
        "width": 588,
        "height": 720,
        "poster": "https://external-preview.redd.it/g7eLSfF254aDF9fjfL1DW7idhn5mmnhGExtfkBII3w4.png?width=640&crop=smart&format=pjpg&auto=webp&s=724c304543d1eb2b1aca024235a4fa3f451beb93"
      }
    },
    "2021_09_09_en_reddit_reddit__r--DunderMifflin--comments--pkn2ln--all_in_the_feels": {
      "id": "2021_09_09_en_reddit_reddit__r--DunderMifflin--comments--pkn2ln--all_in_the_feels",
      "url": "https://old.reddit.com/r/DunderMifflin/comments/pkn2ln/all_in_the_feels/",
      "date_published": "2021-09-09T16:31:28.000Z",
      "date_modified": "2021-09-09T16:31:28.000Z",
      "_original_published": "2021-09-09T00:44:49.000Z",
      "_original_language": "en",
      "_translations": {
        "en": {
          "title": "All in the feels"
        },
        "ja": {
          "title": "すべては気持ちの問題"
        },
        "zh-Hans": {
          "title": "一切尽在不言中"
        },
        "zh-Hant": {
          "title": "一切盡在不言中"
        }
      },
      "tags": [
        "DunderMifflin"
      ],
      "authors": [
        {
          "name": "JZEve",
          "url": "https://old.reddit.com/user/JZEve"
        }
      ],
      "_links": [
        {
          "url": "https://old.reddit.com/r/DunderMifflin/comments/pkn2ln/all_in_the_feels/",
          "name": "&uarr;78304 votes"
        }
      ],
      "image": "https://preview.redd.it/sr47ivysjdm71.jpg?width=1080&crop=smart&auto=webp&s=0b96d69928c928afb51ccdffa31062546d89f085"
    },
    "2021_09_08_en_reddit_reddit__r--pics--comments--pk9l3t--the_taliban_breaking_a_norwegian_childrens_movie": {
      "id": "2021_09_08_en_reddit_reddit__r--pics--comments--pk9l3t--the_taliban_breaking_a_norwegian_childrens_movie",
      "url": "https://old.reddit.com/r/pics/comments/pk9l3t/the_taliban_breaking_a_norwegian_childrens_movie/",
      "date_published": "2021-09-08T20:23:37.000Z",
      "date_modified": "2021-09-08T20:23:37.000Z",
      "_original_published": "2021-09-08T12:33:24.000Z",
      "_original_language": "en",
      "_translations": {
        "en": {
          "title": "The Taliban breaking a Norwegian children's movie after entering the Norwegian embassy"
        },
        "ja": {
          "title": "ノルウェー大使館に侵入し、ノルウェーの子供向け映画を壊すタリバン"
        },
        "zh-Hans": {
          "title": "塔利班在进入挪威大使馆后破坏了一部挪威的儿童电影"
        },
        "zh-Hant": {
          "title": "塔利班在進入挪威大使館後破壞了一部挪威的兒童電影"
        }
      },
      "tags": [
        "pics"
      ],
      "authors": [
        {
          "name": "more9898",
          "url": "https://old.reddit.com/user/more9898"
        }
      ],
      "_links": [
        {
          "url": "https://old.reddit.com/r/pics/comments/pk9l3t/the_taliban_breaking_a_norwegian_childrens_movie/",
          "name": "&uarr;77654 votes"
        }
      ],
      "image": "https://preview.redd.it/dyhs3n6bx9m71.jpg?width=1080&crop=smart&auto=webp&s=a7b45395f00ff7c48fec983b721e12fdd5528acd"
    },
    "2021_09_06_en_reddit_reddit__r--gaming--comments--pjan35--awesome_feature_in_the_new_planes": {
      "id": "2021_09_06_en_reddit_reddit__r--gaming--comments--pjan35--awesome_feature_in_the_new_planes",
      "url": "https://old.reddit.com/r/gaming/comments/pjan35/awesome_feature_in_the_new_planes/",
      "date_published": "2021-09-07T06:41:30.000Z",
      "date_modified": "2021-09-07T06:41:30.000Z",
      "_original_published": "2021-09-06T23:00:02.000Z",
      "_original_language": "en",
      "_translations": {
        "en": {
          "title": "Awesome feature in the new planes"
        },
        "ja": {
          "title": "新機軸の素晴らしい機能"
        },
        "zh-Hans": {
          "title": "新飞机的可怕功能"
        },
        "zh-Hant": {
          "title": "新飛機的可怕功能"
        }
      },
      "tags": [
        "gaming"
      ],
      "authors": [
        {
          "name": "dmabrokenframe",
          "url": "https://old.reddit.com/user/dmabrokenframe"
        }
      ],
      "_links": [
        {
          "url": "https://old.reddit.com/r/gaming/comments/pjan35/awesome_feature_in_the_new_planes/",
          "name": "&uarr;77540 votes"
        }
      ],
      "image": "https://external-preview.redd.it/UGj24bKQqfGUe042fC1g9IhQK9cq3wJBSwMu88gjFQY.jpg?width=320&crop=smart&auto=webp&s=29858b6f14450b31b60da76ad18df87cc9db907b",
      "_video": {
        "sources": [
          {
            "url": "https://v.redd.it/ck3gwoharyl71/DASH_720.mp4"
          }
        ],
        "width": 404,
        "height": 720,
        "poster": "https://external-preview.redd.it/UGj24bKQqfGUe042fC1g9IhQK9cq3wJBSwMu88gjFQY.jpg?width=320&crop=smart&auto=webp&s=29858b6f14450b31b60da76ad18df87cc9db907b"
      }
    },
    "2021_09_08_en_reddit_reddit__r--Unexpected--comments--pkcm34--tell_me_whats_not_in_the_bible_that_people_think": {
      "id": "2021_09_08_en_reddit_reddit__r--Unexpected--comments--pkcm34--tell_me_whats_not_in_the_bible_that_people_think",
      "url": "https://old.reddit.com/r/Unexpected/comments/pkcm34/tell_me_whats_not_in_the_bible_that_people_think/",
      "date_published": "2021-09-08T22:15:32.000Z",
      "date_modified": "2021-09-08T22:15:32.000Z",
      "_original_published": "2021-09-08T15:20:57.000Z",
      "_original_language": "en",
      "_translations": {
        "en": {
          "title": "Tell me what's not in the Bible, that people think it is..."
        },
        "ja": {
          "title": "人々が思っている、聖書にないものを教えてください...。"
        },
        "zh-Hans": {
          "title": "告诉我圣经里有什么是不存在的，人们认为它是..."
        },
        "zh-Hant": {
          "title": "告訴我聖經裏有什麼是不存在的，人們認爲它是..."
        }
      },
      "tags": [
        "Unexpected"
      ],
      "authors": [
        {
          "name": "MousseSuspicious930",
          "url": "https://old.reddit.com/user/MousseSuspicious930"
        }
      ],
      "_links": [
        {
          "url": "https://old.reddit.com/r/Unexpected/comments/pkcm34/tell_me_whats_not_in_the_bible_that_people_think/",
          "name": "&uarr;77238 votes"
        }
      ],
      "image": "https://external-preview.redd.it/L-zmLDt1vxd9akeXmAmTzb2bEolslRCcBApyMdouKIU.png?width=320&crop=smart&format=pjpg&auto=webp&s=b0cef4e85c9a15f1155ee61a385543e8f2c02e89",
      "_video": {
        "sources": [
          {
            "url": "https://v.redd.it/94275g07ram71/DASH_720.mp4?source=fallback"
          }
        ],
        "width": 406,
        "height": 720,
        "poster": "https://external-preview.redd.it/L-zmLDt1vxd9akeXmAmTzb2bEolslRCcBApyMdouKIU.png?width=320&crop=smart&format=pjpg&auto=webp&s=b0cef4e85c9a15f1155ee61a385543e8f2c02e89"
      }
    },
    "2021_09_09_en_reddit_reddit__r--gaming--comments--pkoi8d--skyrim_immortal": {
      "id": "2021_09_09_en_reddit_reddit__r--gaming--comments--pkoi8d--skyrim_immortal",
      "url": "https://old.reddit.com/r/gaming/comments/pkoi8d/skyrim_immortal/",
      "date_published": "2021-09-09T08:18:26.000Z",
      "date_modified": "2021-09-09T08:18:26.000Z",
      "_original_published": "2021-09-09T02:11:44.000Z",
      "_original_language": "en",
      "_translations": {
        "en": {
          "title": "Skyrim immortal"
        },
        "ja": {
          "title": "Skyrim immortal（スカイリム・イモータル"
        },
        "zh-Hans": {
          "title": "斯凯尔姆不朽"
        },
        "zh-Hant": {
          "title": "斯凱爾姆不朽"
        }
      },
      "tags": [
        "gaming"
      ],
      "authors": [
        {
          "name": "Not_mypost",
          "url": "https://old.reddit.com/user/Not_mypost"
        }
      ],
      "_links": [
        {
          "url": "https://old.reddit.com/r/gaming/comments/pkoi8d/skyrim_immortal/",
          "name": "&uarr;76983 votes"
        }
      ],
      "image": "https://preview.redd.it/9mbed17bzdm71.jpg?width=320&crop=smart&auto=webp&s=925298df1ae2c77072b90b5b3aa6fe516d666c8d"
    },
    "2021_09_08_en_reddit_reddit__r--MadeMeSmile--comments--pk9uv7--dog_checking_up_on_kids_to_make_sure_they_are": {
      "id": "2021_09_08_en_reddit_reddit__r--MadeMeSmile--comments--pk9uv7--dog_checking_up_on_kids_to_make_sure_they_are",
      "url": "https://old.reddit.com/r/MadeMeSmile/comments/pk9uv7/dog_checking_up_on_kids_to_make_sure_they_are/",
      "date_published": "2021-09-08T22:34:23.000Z",
      "date_modified": "2021-09-08T22:34:23.000Z",
      "_original_published": "2021-09-08T12:50:07.000Z",
      "_original_language": "en",
      "_translations": {
        "en": {
          "title": "Dog checking up on kids to make sure they are safe in bed"
        },
        "ja": {
          "title": "子供たちがベッドで安全に過ごしているかどうかをチェックする犬"
        },
        "zh-Hans": {
          "title": "狗狗查看孩子们的情况，确保他们在床上的安全"
        },
        "zh-Hant": {
          "title": "狗狗查看孩子們的情況，確保他們在牀上的安全"
        }
      },
      "tags": [
        "MadeMeSmile"
      ],
      "authors": [
        {
          "name": "finelinexcherry",
          "url": "https://old.reddit.com/user/finelinexcherry"
        }
      ],
      "_links": [
        {
          "url": "https://old.reddit.com/r/MadeMeSmile/comments/pk9uv7/dog_checking_up_on_kids_to_make_sure_they_are/",
          "name": "&uarr;76951 votes"
        }
      ],
      "image": "https://external-preview.redd.it/Vizmkm_L4JXpcVstuAzzQIJhVVit7tkaG37tXv4HsD4.png?width=320&crop=smart&format=pjpg&auto=webp&s=99d2bb89df6139cf2fde316a246bf37b99f3fae1",
      "_video": {
        "sources": [
          {
            "url": "https://v.redd.it/hu6ljbj90am71/DASH_240.mp4?source=fallback"
          }
        ],
        "width": 400,
        "height": 240,
        "poster": "https://external-preview.redd.it/Vizmkm_L4JXpcVstuAzzQIJhVVit7tkaG37tXv4HsD4.png?width=320&crop=smart&format=pjpg&auto=webp&s=99d2bb89df6139cf2fde316a246bf37b99f3fae1"
      }
    },
    "2021_09_09_en_reddit_reddit__r--MadeMeSmile--comments--pl3sue--im_a_us_citizen_yall": {
      "id": "2021_09_09_en_reddit_reddit__r--MadeMeSmile--comments--pl3sue--im_a_us_citizen_yall",
      "url": "https://old.reddit.com/r/MadeMeSmile/comments/pl3sue/im_a_us_citizen_yall/",
      "date_published": "2021-09-10T01:15:54.000Z",
      "date_modified": "2021-09-10T01:15:54.000Z",
      "_original_published": "2021-09-09T18:40:01.000Z",
      "_original_language": "en",
      "_translations": {
        "en": {
          "title": "I’m a U.S. Citizen, y’all."
        },
        "ja": {
          "title": "私はアメリカの市民ですよ。"
        },
        "zh-Hans": {
          "title": "我是一个美国公民，你们都是。"
        },
        "zh-Hant": {
          "title": "我是一個美國公民，你們都是。"
        }
      },
      "tags": [
        "MadeMeSmile"
      ],
      "authors": [
        {
          "name": "lapareddehierro",
          "url": "https://old.reddit.com/user/lapareddehierro"
        }
      ],
      "_links": [
        {
          "url": "https://old.reddit.com/r/MadeMeSmile/comments/pl3sue/im_a_us_citizen_yall/",
          "name": "&uarr;76937 votes"
        }
      ],
      "image": "https://preview.redd.it/z47vgydmvim71.jpg?width=1080&crop=smart&auto=webp&s=da812d3adbc058683d2918ae11beb7a963fcc662"
    },
    "2021_09_08_en_reddit_reddit__r--WhitePeopleTwitter--comments--pkbhg4--do_you_push_it": {
      "id": "2021_09_08_en_reddit_reddit__r--WhitePeopleTwitter--comments--pkbhg4--do_you_push_it",
      "url": "https://old.reddit.com/r/WhitePeopleTwitter/comments/pkbhg4/do_you_push_it/",
      "date_published": "2021-09-08T23:23:41.000Z",
      "date_modified": "2021-09-08T23:23:41.000Z",
      "_original_published": "2021-09-08T14:21:46.000Z",
      "_original_language": "en",
      "_translations": {
        "en": {
          "title": "Do you push it?"
        },
        "ja": {
          "title": "押すんですか？"
        },
        "zh-Hans": {
          "title": "你会推动它吗？"
        },
        "zh-Hant": {
          "title": "你會推動它嗎？"
        }
      },
      "tags": [
        "WhitePeopleTwitter"
      ],
      "authors": [
        {
          "name": "jason544770",
          "url": "https://old.reddit.com/user/jason544770"
        }
      ],
      "_links": [
        {
          "url": "https://old.reddit.com/r/WhitePeopleTwitter/comments/pkbhg4/do_you_push_it/",
          "name": "&uarr;76867 votes"
        }
      ],
      "image": "https://preview.redd.it/sjls497ngam71.jpg?width=1080&crop=smart&auto=webp&s=c14985a80f9157f8baf17538558de92282c7540c"
    },
    "2021_09_07_en_reddit_reddit__r--MadeMeSmile--comments--pjxqss--this_message_from_steve_from_blues_clues": {
      "id": "2021_09_07_en_reddit_reddit__r--MadeMeSmile--comments--pjxqss--this_message_from_steve_from_blues_clues",
      "url": "https://old.reddit.com/r/MadeMeSmile/comments/pjxqss/this_message_from_steve_from_blues_clues/",
      "date_published": "2021-09-08T05:27:18.000Z",
      "date_modified": "2021-09-08T05:27:18.000Z",
      "_original_published": "2021-09-07T22:35:39.000Z",
      "_original_language": "en",
      "_translations": {
        "en": {
          "title": "This message from Steve from Blues Clues"
        },
        "ja": {
          "title": "Blues CluesのSteveからのメッセージです。"
        },
        "zh-Hans": {
          "title": "来自《布鲁斯线索》的史蒂夫的这条信息"
        },
        "zh-Hant": {
          "title": "來自《布魯斯線索》的史蒂夫的這條信息"
        }
      },
      "tags": [
        "MadeMeSmile"
      ],
      "authors": [
        {
          "name": "lilmcfuggin",
          "url": "https://old.reddit.com/user/lilmcfuggin"
        }
      ],
      "_links": [
        {
          "url": "https://old.reddit.com/r/MadeMeSmile/comments/pjxqss/this_message_from_steve_from_blues_clues/",
          "name": "&uarr;76806 votes"
        }
      ],
      "image": "https://external-preview.redd.it/ppRrReYfCT32sbuDy7N5TOilsw2aYtiQao5dmeThtP4.png?width=640&crop=smart&format=pjpg&auto=webp&s=ae6f45f6c82df90373170a024905e9840bb647c9",
      "_video": {
        "sources": [
          {
            "url": "https://v.redd.it/nth38jtpr5m71/DASH_720.mp4?source=fallback"
          }
        ],
        "width": 720,
        "height": 720,
        "poster": "https://external-preview.redd.it/ppRrReYfCT32sbuDy7N5TOilsw2aYtiQao5dmeThtP4.png?width=640&crop=smart&format=pjpg&auto=webp&s=ae6f45f6c82df90373170a024905e9840bb647c9"
      }
    },
    "2021_09_03_en_reddit_reddit__r--memes--comments--ph2u5o--perfectly_balanced_as_all_things_should_be": {
      "id": "2021_09_03_en_reddit_reddit__r--memes--comments--ph2u5o--perfectly_balanced_as_all_things_should_be",
      "url": "https://old.reddit.com/r/memes/comments/ph2u5o/perfectly_balanced_as_all_things_should_be/",
      "date_published": "2021-09-03T18:49:07.000Z",
      "date_modified": "2021-09-03T18:49:07.000Z",
      "_original_published": "2021-09-03T10:55:05.000Z",
      "_original_language": "en",
      "_translations": {
        "en": {
          "title": "Perfectly balanced as all things should be."
        },
        "ja": {
          "title": "すべてのものがそうであるように、完璧なバランスを保っています。"
        },
        "zh-Hans": {
          "title": "完美的平衡，正如所有事情都应该是这样。"
        },
        "zh-Hant": {
          "title": "完美的平衡，正如所有事情都應該是這樣。"
        }
      },
      "tags": [
        "memes"
      ],
      "authors": [
        {
          "name": "__Dawn__Amber__",
          "url": "https://old.reddit.com/user/__Dawn__Amber__"
        }
      ],
      "_links": [
        {
          "url": "https://old.reddit.com/r/memes/comments/ph2u5o/perfectly_balanced_as_all_things_should_be/",
          "name": "&uarr;76806 votes"
        }
      ],
      "image": "https://external-preview.redd.it/Ng1haC5zT5asjFZV67HAlTDp-8viA4MoshjRstDxQdQ.jpg?width=640&crop=smart&auto=webp&s=f5b612dee05b0c08d927e8529f399e1b8c71d62c",
      "_video": {
        "sources": [
          {
            "url": "https://v.redd.it/bfsm5e55n9l71/DASH_720.mp4"
          }
        ],
        "width": 720,
        "height": 720,
        "poster": "https://external-preview.redd.it/Ng1haC5zT5asjFZV67HAlTDp-8viA4MoshjRstDxQdQ.jpg?width=640&crop=smart&auto=webp&s=f5b612dee05b0c08d927e8529f399e1b8c71d62c"
      }
    },
    "2021_09_03_en_reddit_reddit__r--Unexpected--comments--phgbow--how_could_she_not_have_seen_it": {
      "id": "2021_09_03_en_reddit_reddit__r--Unexpected--comments--phgbow--how_could_she_not_have_seen_it",
      "url": "https://old.reddit.com/r/Unexpected/comments/phgbow/how_could_she_not_have_seen_it/",
      "date_published": "2021-09-04T08:31:52.000Z",
      "date_modified": "2021-09-04T08:31:52.000Z",
      "_original_published": "2021-09-03T23:27:32.000Z",
      "_original_language": "en",
      "_translations": {
        "en": {
          "title": "How could she not have seen it?!"
        },
        "ja": {
          "title": "なぜ彼女は気づかなかったのか！？"
        },
        "zh-Hans": {
          "title": "她怎么会没看到呢！？"
        },
        "zh-Hant": {
          "title": "她怎麼會沒看到呢！？"
        }
      },
      "tags": [
        "Unexpected"
      ],
      "authors": [
        {
          "name": "ZiraelN7",
          "url": "https://old.reddit.com/user/ZiraelN7"
        }
      ],
      "_links": [
        {
          "url": "https://old.reddit.com/r/Unexpected/comments/phgbow/how_could_she_not_have_seen_it/",
          "name": "&uarr;76771 votes"
        }
      ],
      "image": "https://external-preview.redd.it/lrVlkRFZQQStGpnwejnA7vJK3zApi2sp0WhfJbwQKK0.png?width=320&crop=smart&format=pjpg&auto=webp&s=aeb669d26644b67525649d93ea25a6910e51989a",
      "_video": {
        "sources": [
          {
            "url": "https://v.redd.it/xuvpetqfhdl71/DASH_480.mp4?source=fallback"
          }
        ],
        "width": 384,
        "height": 480,
        "poster": "https://external-preview.redd.it/lrVlkRFZQQStGpnwejnA7vJK3zApi2sp0WhfJbwQKK0.png?width=320&crop=smart&format=pjpg&auto=webp&s=aeb669d26644b67525649d93ea25a6910e51989a"
      }
    }
  }
}
