{
  "meta": {
    "name": "funny"
  },
  "items": {
    "2022_06_01_en_reddit_reddit__r--funny--comments--v2i4j2--feel_like_being_watched": {
      "id": "2022_06_01_en_reddit_reddit__r--funny--comments--v2i4j2--feel_like_being_watched",
      "url": "https://old.reddit.com/r/funny/comments/v2i4j2/feel_like_being_watched/",
      "date_published": "2022-06-01T21:24:25.000Z",
      "date_modified": "2022-06-01T21:24:25.000Z",
      "_original_published": "2022-06-01T14:21:01.000Z",
      "_original_language": "en",
      "_translations": {
        "en": {
          "title": "Feel like being watched"
        },
        "ja": {
          "title": "監視されているような気がする"
        },
        "zh-Hans": {
          "title": "感觉被监视着"
        },
        "zh-Hant": {
          "title": "感覺被監視着"
        }
      },
      "tags": [
        "funny"
      ],
      "authors": [
        {
          "name": "tonymarkk",
          "url": "https://old.reddit.com/user/tonymarkk"
        }
      ],
      "_links": [
        {
          "url": "https://old.reddit.com/r/funny/comments/v2i4j2/feel_like_being_watched/",
          "name": "&uarr;76973 votes"
        }
      ],
      "image": "https://external-preview.redd.it/xH9Pv98k58Ni-1_pyFzAAsCzgH0tjdyQXKaOgAJIkZE.png?width=320&amp;crop=smart&amp;format=pjpg&amp;auto=webp&amp;s=b5f88deb88c620fcd6c383878e3757889b383925",
      "_video": {
        "sources": [
          {
            "url": "https://v.redd.it/qygsvakxq0391/DASH_720.mp4?source=fallback"
          }
        ],
        "width": 405,
        "height": 720,
        "poster": "https://external-preview.redd.it/xH9Pv98k58Ni-1_pyFzAAsCzgH0tjdyQXKaOgAJIkZE.png?width=320&amp;crop=smart&amp;format=pjpg&amp;auto=webp&amp;s=b5f88deb88c620fcd6c383878e3757889b383925"
      }
    },
    "2022_03_11_en_reddit_reddit__r--funny--comments--tbpexr--starwars_kid_goes_full_sith_lord": {
      "id": "2022_03_11_en_reddit_reddit__r--funny--comments--tbpexr--starwars_kid_goes_full_sith_lord",
      "url": "https://old.reddit.com/r/funny/comments/tbpexr/starwars_kid_goes_full_sith_lord/",
      "date_published": "2022-03-11T22:32:54.000Z",
      "date_modified": "2022-03-11T22:32:54.000Z",
      "_original_published": "2022-03-11T12:48:46.000Z",
      "_original_language": "en",
      "_translations": {
        "en": {
          "title": "Starwars kid goes full sith lord"
        },
        "ja": {
          "title": "スターウォーズの子供、シス卿になる"
        },
        "zh-Hans": {
          "title": "星球大战的孩子们完全变成了西斯的领主"
        },
        "zh-Hant": {
          "title": "星球大戰的孩子們完全變成了西斯的領主"
        }
      },
      "tags": [
        "funny"
      ],
      "authors": [
        {
          "name": "lolsbot360",
          "url": "https://old.reddit.com/user/lolsbot360"
        }
      ],
      "_links": [
        {
          "url": "https://old.reddit.com/r/funny/comments/tbpexr/starwars_kid_goes_full_sith_lord/",
          "name": "&uarr;75635 votes"
        }
      ],
      "image": "https://external-preview.redd.it/4gc91hB3aEIaccn-CeUWoq47CjJfTS4pjFy0AIie0OU.png?width=640&amp;crop=smart&amp;format=pjpg&amp;auto=webp&amp;s=f30eb6a75e732539dc5ed43e3cea2fdd055c174c",
      "_video": {
        "sources": [
          {
            "url": "https://v.redd.it/upuvcvrr3rm81/DASH_360.mp4?source=fallback"
          }
        ],
        "width": 640,
        "height": 360,
        "poster": "https://external-preview.redd.it/4gc91hB3aEIaccn-CeUWoq47CjJfTS4pjFy0AIie0OU.png?width=640&amp;crop=smart&amp;format=pjpg&amp;auto=webp&amp;s=f30eb6a75e732539dc5ed43e3cea2fdd055c174c"
      }
    },
    "2022_02_10_en_reddit_reddit__r--funny--comments--sp78zu--spotted_at_my_local_mcdonalds_i_feel_uhhhh_mocked": {
      "id": "2022_02_10_en_reddit_reddit__r--funny--comments--sp78zu--spotted_at_my_local_mcdonalds_i_feel_uhhhh_mocked",
      "url": "https://old.reddit.com/r/funny/comments/sp78zu/spotted_at_my_local_mcdonalds_i_feel_uhhhh_mocked/",
      "date_published": "2022-02-10T22:05:44.000Z",
      "date_modified": "2022-02-10T22:05:44.000Z",
      "_original_published": "2022-02-10T13:59:24.000Z",
      "_original_language": "en",
      "_translations": {
        "en": {
          "title": "Spotted at my local McDonald's. I feel uhhhh... mocked."
        },
        "ja": {
          "title": "近所のマクドナルドで発見。なんか......コケた。"
        },
        "zh-Hans": {
          "title": "在我当地的麦当劳看到的。我觉得呃......被嘲弄了。"
        },
        "zh-Hant": {
          "title": "在我當地的麥當勞看到的。我覺得呃......被嘲弄了。"
        }
      },
      "tags": [
        "funny"
      ],
      "authors": [
        {
          "name": "SergantSukul",
          "url": "https://old.reddit.com/user/SergantSukul"
        }
      ],
      "_links": [
        {
          "url": "https://old.reddit.com/r/funny/comments/sp78zu/spotted_at_my_local_mcdonalds_i_feel_uhhhh_mocked/",
          "name": "&uarr;76017 votes"
        }
      ],
      "image": "https://preview.redd.it/f1754exsh0h81.jpg?width=1080&amp;crop=smart&amp;auto=webp&amp;s=997d4e213cbb2e3181bd527175460d96ffbdf9b4"
    },
    "2022_01_21_en_reddit_reddit__r--funny--comments--s9020g--weve_all_been_there": {
      "id": "2022_01_21_en_reddit_reddit__r--funny--comments--s9020g--weve_all_been_there",
      "url": "https://old.reddit.com/r/funny/comments/s9020g/weve_all_been_there/",
      "date_published": "2022-01-21T23:07:15.000Z",
      "date_modified": "2022-01-21T23:07:15.000Z",
      "_original_published": "2022-01-21T02:47:25.000Z",
      "_original_language": "en",
      "_translations": {
        "en": {
          "title": "We've all been there."
        },
        "ja": {
          "title": "誰しもが経験することです。"
        },
        "zh-Hans": {
          "title": "我们都经历过这种情况。"
        },
        "zh-Hant": {
          "title": "我們都經歷過這種情況。"
        }
      },
      "tags": [
        "funny"
      ],
      "authors": [
        {
          "name": "IndustriousCabal",
          "url": "https://old.reddit.com/user/IndustriousCabal"
        }
      ],
      "_links": [
        {
          "url": "https://old.reddit.com/r/funny/comments/s9020g/weve_all_been_there/",
          "name": "&uarr;75061 votes"
        }
      ],
      "image": "https://external-preview.redd.it/6khP9GRJ0ZkDn8pxm3q5co8gjudMzuVTijUL4oOtcME.png?width=320&amp;crop=smart&amp;format=pjpg&amp;auto=webp&amp;s=b0c0f3d3d9cbbac122c5538b3ebdea98f5e40b26",
      "_video": {
        "sources": [
          {
            "url": "https://v.redd.it/p6rwrh2sfyc81/DASH_480.mp4?source=fallback"
          }
        ],
        "width": 405,
        "height": 480,
        "poster": "https://external-preview.redd.it/6khP9GRJ0ZkDn8pxm3q5co8gjudMzuVTijUL4oOtcME.png?width=320&amp;crop=smart&amp;format=pjpg&amp;auto=webp&amp;s=b0c0f3d3d9cbbac122c5538b3ebdea98f5e40b26"
      }
    },
    "2021_07_13_en_reddit_reddit__r--funny--comments--ojfjxq--i_coach_hs_volleyball_and_always_dress_nicely_for": {
      "id": "2021_07_13_en_reddit_reddit__r--funny--comments--ojfjxq--i_coach_hs_volleyball_and_always_dress_nicely_for",
      "url": "https://old.reddit.com/r/funny/comments/ojfjxq/i_coach_hs_volleyball_and_always_dress_nicely_for/",
      "date_published": "2021-07-13T20:23:35.000Z",
      "date_modified": "2021-07-13T20:23:35.000Z",
      "_original_published": "2021-07-13T13:27:00.000Z",
      "_original_language": "en",
      "_translations": {
        "en": {
          "title": "I coach HS Volleyball and always dress nicely for our matches. I told my team if they beat our rivals I’d give them 20$ to buy me an outfit at a thrift store for our last match. They picked out this beauty"
        },
        "ja": {
          "title": "私はHSバレーボールのコーチをしていますが、試合の時はいつもきれいな服を着ています。ライバルに勝ったら20ドルあげるから、最後の試合のために古着屋で服を買ってきて」とチームに言いました。彼らが選んだのは、こんな素敵なものでした。"
        },
        "zh-Hans": {
          "title": "我是高中排球教练，在比赛中总是穿着得体。我告诉我的队员，如果他们击败了我们的对手，我就给他们20美元，让他们在旧货店为我们的最后一场比赛买一套衣服。他们挑选了这件漂亮的衣服"
        },
        "zh-Hant": {
          "title": "我是高中排球教練，在比賽中總是穿着得體。我告訴我的隊員，如果他們擊敗了我們的對手，我就給他們20美元，讓他們在舊貨店爲我們的最後一場比賽買一套衣服。他們挑選了這件漂亮的衣服"
        }
      },
      "tags": [
        "funny"
      ],
      "authors": [
        {
          "name": "Therealfern1",
          "url": "https://old.reddit.com/user/Therealfern1"
        }
      ],
      "_links": [
        {
          "url": "https://old.reddit.com/r/funny/comments/ojfjxq/i_coach_hs_volleyball_and_always_dress_nicely_for/",
          "name": "&uarr;75237 votes"
        }
      ],
      "image": "https://preview.redd.it/8sbbfiiweza71.jpg?width=1080&crop=smart&auto=webp&s=69c7f88e14990330b240f80dbd62ec4796461d36"
    },
    "2021_07_07_en_reddit_reddit__r--funny--comments--ofg3e1--my_daughter_asked_her_dad_to_be_launched_into_my": {
      "id": "2021_07_07_en_reddit_reddit__r--funny--comments--ofg3e1--my_daughter_asked_her_dad_to_be_launched_into_my",
      "url": "https://old.reddit.com/r/funny/comments/ofg3e1/my_daughter_asked_her_dad_to_be_launched_into_my/",
      "date_published": "2021-07-07T18:47:45.000Z",
      "date_modified": "2021-07-07T18:47:45.000Z",
      "_original_published": "2021-07-07T10:20:31.000Z",
      "_original_language": "en",
      "_translations": {
        "en": {
          "title": "My daughter asked her dad to be launched into my photo where she struck this pose. Now she is convinced she is a real superhero."
        },
        "ja": {
          "title": "このポーズをとった写真の中に、娘が「お父さんを打ち上げて」と言ってきました。今では自分が本物のスーパーヒーローだと信じているようです。"
        },
        "zh-Hans": {
          "title": "我的女儿要求她的父亲被推出我的照片，她摆出了这个姿势。现在她确信自己是一个真正的超级英雄。"
        },
        "zh-Hant": {
          "title": "我的女兒要求她的父親被推出我的照片，她擺出了這個姿勢。現在她確信自己是一個真正的超級英雄。"
        }
      },
      "tags": [
        "funny"
      ],
      "authors": [
        {
          "name": "Big-Custard2645",
          "url": "https://old.reddit.com/user/Big-Custard2645"
        }
      ],
      "_links": [
        {
          "url": "https://old.reddit.com/r/funny/comments/ofg3e1/my_daughter_asked_her_dad_to_be_launched_into_my/",
          "name": "&uarr;75173 votes"
        }
      ],
      "image": "https://preview.redd.it/6bx04qg5or971.jpg?width=640&crop=smart&auto=webp&s=81d528e46f62b5f161eb1b036d0715d22a54dc37"
    },
    "2021_07_04_en_reddit_reddit__r--funny--comments--odps7c--what_a_confusing_sign": {
      "id": "2021_07_04_en_reddit_reddit__r--funny--comments--odps7c--what_a_confusing_sign",
      "url": "https://old.reddit.com/r/funny/comments/odps7c/what_a_confusing_sign/",
      "date_published": "2021-07-05T08:22:02.000Z",
      "date_modified": "2021-07-05T08:22:02.000Z",
      "_original_published": "2021-07-04T18:08:55.000Z",
      "_original_language": "en",
      "_translations": {
        "en": {
          "title": "what a confusing sign."
        },
        "ja": {
          "title": "何とも紛らわしいサインだ。"
        },
        "zh-Hans": {
          "title": "多么令人困惑的标志。"
        },
        "zh-Hant": {
          "title": "多麼令人困惑的標誌。"
        }
      },
      "tags": [
        "funny"
      ],
      "authors": [
        {
          "name": "vagabond0977",
          "url": "https://old.reddit.com/user/vagabond0977"
        }
      ],
      "_links": [
        {
          "url": "https://old.reddit.com/r/funny/comments/odps7c/what_a_confusing_sign/",
          "name": "&uarr;75232 votes"
        }
      ],
      "image": "https://preview.redd.it/upk37bqxk8971.jpg?width=320&crop=smart&auto=webp&s=52e216afb0684a89740c26509fb89f498c8d5e07"
    },
    "2021_06_25_en_reddit_reddit__r--funny--comments--o7r560--thats_definitely_gonna_be_me_in_the_future": {
      "id": "2021_06_25_en_reddit_reddit__r--funny--comments--o7r560--thats_definitely_gonna_be_me_in_the_future",
      "url": "https://old.reddit.com/r/funny/comments/o7r560/thats_definitely_gonna_be_me_in_the_future/",
      "date_published": "2021-06-26T02:04:24.000Z",
      "date_modified": "2021-06-26T02:04:24.000Z",
      "_original_published": "2021-06-25T16:27:43.000Z",
      "_original_language": "en",
      "_translations": {
        "en": {
          "title": "thats definitely gonna be me in the future"
        },
        "ja": {
          "title": "それは間違いなく将来の私のことだ。"
        },
        "zh-Hans": {
          "title": "这肯定会是我的未来。"
        },
        "zh-Hant": {
          "title": "這肯定會是我的未來。"
        }
      },
      "tags": [
        "funny"
      ],
      "authors": [
        {
          "name": "IdiotoftheEast",
          "url": "https://old.reddit.com/user/IdiotoftheEast"
        }
      ],
      "_links": [
        {
          "url": "https://old.reddit.com/r/funny/comments/o7r560/thats_definitely_gonna_be_me_in_the_future/",
          "name": "&uarr;75154 votes"
        }
      ],
      "image": "https://preview.redd.it/cubj5xkkuf771.jpg?width=1080&crop=smart&auto=webp&s=94842a9fa22b998dc9945d0f4a51b9acb234a941"
    },
    "2021_06_09_en_reddit_reddit__r--funny--comments--nvjlrh--reality_can_be_often_disappointing": {
      "id": "2021_06_09_en_reddit_reddit__r--funny--comments--nvjlrh--reality_can_be_often_disappointing",
      "url": "https://old.reddit.com/r/funny/comments/nvjlrh/reality_can_be_often_disappointing/",
      "date_published": "2021-06-09T07:33:58.000Z",
      "date_modified": "2021-06-09T07:33:58.000Z",
      "_original_published": "2021-06-09T01:09:08.000Z",
      "_original_language": "en",
      "_translations": {
        "en": {
          "title": "Reality can be often disappointing"
        },
        "ja": {
          "title": "現実は、しばしば失望させられるものです。"
        },
        "zh-Hans": {
          "title": "现实往往会让人失望"
        },
        "zh-Hant": {
          "title": "現實往往會讓人失望"
        }
      },
      "tags": [
        "funny"
      ],
      "authors": [
        {
          "name": "Fc1R",
          "url": "https://old.reddit.com/user/Fc1R"
        }
      ],
      "_links": [
        {
          "url": "https://old.reddit.com/r/funny/comments/nvjlrh/reality_can_be_often_disappointing/",
          "name": "&uarr;134707 votes"
        }
      ],
      "image": "https://external-preview.redd.it/iiBixkmG-a5ND0B9u3gYSi_wSiu3hB78fxKKYRnxVEM.png?width=640&crop=smart&format=pjpg&auto=webp&s=3cfda6cd2d5707f8761ff4eb700dae8e2211471a",
      "_video": {
        "sources": [
          {
            "url": "https://v.redd.it/v8l29n3945471/DASH_720.mp4?source=fallback"
          }
        ],
        "width": 576,
        "height": 720,
        "poster": "https://external-preview.redd.it/iiBixkmG-a5ND0B9u3gYSi_wSiu3hB78fxKKYRnxVEM.png?width=640&crop=smart&format=pjpg&auto=webp&s=3cfda6cd2d5707f8761ff4eb700dae8e2211471a"
      }
    },
    "2021_06_08_en_reddit_reddit__r--funny--comments--nvax31--presentation_hell": {
      "id": "2021_06_08_en_reddit_reddit__r--funny--comments--nvax31--presentation_hell",
      "url": "https://old.reddit.com/r/funny/comments/nvax31/presentation_hell/",
      "date_published": "2021-06-09T05:08:34.000Z",
      "date_modified": "2021-06-09T05:08:34.000Z",
      "_original_published": "2021-06-08T18:31:17.000Z",
      "_original_language": "en",
      "_translations": {
        "en": {
          "title": "Presentation Hell"
        },
        "ja": {
          "title": "プレゼンテーション・ヘル"
        },
        "zh-Hans": {
          "title": "介绍地狱"
        },
        "zh-Hant": {
          "title": "介紹地獄"
        }
      },
      "tags": [
        "funny"
      ],
      "authors": [
        {
          "name": "_workchronicles",
          "url": "https://old.reddit.com/user/_workchronicles"
        }
      ],
      "_links": [
        {
          "url": "https://old.reddit.com/r/funny/comments/nvax31/presentation_hell/",
          "name": "&uarr;86661 votes"
        }
      ],
      "image": "https://preview.redd.it/qdeg2via53471.png?width=1080&crop=smart&auto=webp&s=f10e2759d3821dfdc42388e39ca1a7947d90183e"
    },
    "2021_05_29_en_reddit_reddit__r--funny--comments--nnoeul--such_different_dogs": {
      "id": "2021_05_29_en_reddit_reddit__r--funny--comments--nnoeul--such_different_dogs",
      "url": "https://old.reddit.com/r/funny/comments/nnoeul/such_different_dogs/",
      "date_published": "2021-05-30T02:44:47.000Z",
      "date_modified": "2021-05-30T02:44:47.000Z",
      "_original_published": "2021-05-29T14:19:14.000Z",
      "_original_language": "en",
      "_translations": {
        "en": {
          "title": "Such different dogs"
        },
        "ja": {
          "title": "こんなに違う犬"
        },
        "zh-Hans": {
          "title": "如此不同的狗"
        },
        "zh-Hant": {
          "title": "如此不同的狗"
        }
      },
      "tags": [
        "funny"
      ],
      "authors": [
        {
          "name": "cheytufIya",
          "url": "https://old.reddit.com/user/cheytufIya"
        }
      ],
      "_links": [
        {
          "url": "https://old.reddit.com/r/funny/comments/nnoeul/such_different_dogs/",
          "name": "&uarr;85991 votes"
        }
      ],
      "image": "https://external-preview.redd.it/cSTLXGR1lvug1AA7O0pGYb_1c9RH7TRUDLojYtGRDMc.png?width=640&crop=smart&format=pjpg&auto=webp&s=e041c885b545a02e6083287e0456f4577f6f2f95",
      "_video": {
        "sources": [
          {
            "url": "https://v.redd.it/gabbu2r5j2271/DASH_720.mp4?source=fallback"
          }
        ],
        "width": 720,
        "height": 720,
        "poster": "https://external-preview.redd.it/cSTLXGR1lvug1AA7O0pGYb_1c9RH7TRUDLojYtGRDMc.png?width=640&crop=smart&format=pjpg&auto=webp&s=e041c885b545a02e6083287e0456f4577f6f2f95"
      }
    },
    "2021_05_24_en_reddit_reddit__r--funny--comments--njxd0f--how_to_slacker_indie_in_60_seconds": {
      "id": "2021_05_24_en_reddit_reddit__r--funny--comments--njxd0f--how_to_slacker_indie_in_60_seconds",
      "url": "https://old.reddit.com/r/funny/comments/njxd0f/how_to_slacker_indie_in_60_seconds/",
      "date_published": "2021-05-24T21:55:01.000Z",
      "date_modified": "2021-05-24T21:55:01.000Z",
      "_original_published": "2021-05-24T12:57:44.000Z",
      "_original_language": "en",
      "_translations": {
        "en": {
          "title": "How to „Slacker Indie“ in 60 seconds"
        },
        "ja": {
          "title": "60秒でできる「Slacker Indie」の作り方"
        },
        "zh-Hans": {
          "title": "如何在60秒内实现 \"懒人独立\"？"
        },
        "zh-Hant": {
          "title": "如何在60秒內實現 \"懶人獨立\"？"
        }
      },
      "tags": [
        "funny"
      ],
      "authors": [
        {
          "name": "Jaykurt",
          "url": "https://old.reddit.com/user/Jaykurt"
        }
      ],
      "_links": [
        {
          "url": "https://old.reddit.com/r/funny/comments/njxd0f/how_to_slacker_indie_in_60_seconds/",
          "name": "&uarr;96379 votes"
        }
      ],
      "image": "https://external-preview.redd.it/mCM1mWkeEmp2r_1A5-kJyucUZ1DC1SgzKlzJIj2zjME.png?width=1080&crop=smart&format=pjpg&auto=webp&s=b11d3d6b242b59255efbd51e853c54b7f7f295fc",
      "_video": {
        "sources": [
          {
            "url": "https://v.redd.it/qm5etp2yf2171/DASH_1080.mp4?source=fallback"
          }
        ],
        "width": 607,
        "height": 1080,
        "poster": "https://external-preview.redd.it/mCM1mWkeEmp2r_1A5-kJyucUZ1DC1SgzKlzJIj2zjME.png?width=1080&crop=smart&format=pjpg&auto=webp&s=b11d3d6b242b59255efbd51e853c54b7f7f295fc"
      }
    },
    "2021_05_14_en_reddit_reddit__r--funny--comments--nbxjun--i_told_my_sister_if_she_graduated_with_honors_i": {
      "id": "2021_05_14_en_reddit_reddit__r--funny--comments--nbxjun--i_told_my_sister_if_she_graduated_with_honors_i",
      "url": "https://old.reddit.com/r/funny/comments/nbxjun/i_told_my_sister_if_she_graduated_with_honors_i/",
      "date_published": "2021-05-14T11:25:29.000Z",
      "date_modified": "2021-05-14T11:25:29.000Z",
      "_original_published": "2021-05-14T01:54:51.000Z",
      "_original_language": "en",
      "_translations": {
        "en": {
          "title": "I told my sister if she graduated with honors I would wear a matching dress to her graduation. She said the thought of seeing me in a dress was her motivation when she wanted to quit. Worth it to me."
        },
        "ja": {
          "title": "私は妹が優秀な成績で卒業したら、お揃いのドレスを着て卒業式に出ると言いました。姉は、辞めたいと思っていた時に、私がドレスを着ているのを見てやる気になったそうです。私にはその価値があります。"
        },
        "zh-Hans": {
          "title": "我告诉我妹妹，如果她以优异的成绩毕业，我将穿上配套的裙子参加她的毕业典礼。她说，当她想放弃的时候，一想到能看到我穿上裙子就是她的动力。这对我来说是值得的。"
        },
        "zh-Hant": {
          "title": "我告訴我妹妹，如果她以優異的成績畢業，我將穿上配套的裙子參加她的畢業典禮。她說，當她想放棄的時候，一想到能看到我穿上裙子就是她的動力。這對我來說是值得的。"
        }
      },
      "tags": [
        "funny"
      ],
      "authors": [
        {
          "name": "frekkenstein",
          "url": "https://old.reddit.com/user/frekkenstein"
        }
      ],
      "_links": [
        {
          "url": "https://old.reddit.com/r/funny/comments/nbxjun/i_told_my_sister_if_she_graduated_with_honors_i/",
          "name": "&uarr;99065 votes"
        }
      ],
      "image": "https://preview.redd.it/b606zdbqszy61.jpg?width=1080&crop=smart&auto=webp&s=6b8f5c61eb1950df98fa5cb510de25ea945f2b6c"
    },
    "2021_04_03_en_reddit_reddit__r--funny--comments--mj3nxv--straightest_guy_in_the_world_right_here": {
      "id": "2021_04_03_en_reddit_reddit__r--funny--comments--mj3nxv--straightest_guy_in_the_world_right_here",
      "url": "https://old.reddit.com/r/funny/comments/mj3nxv/straightest_guy_in_the_world_right_here/",
      "date_published": "2021-04-03T17:38:49.000Z",
      "date_modified": "2021-04-03T17:38:49.000Z",
      "_original_published": "2021-04-03T07:20:50.000Z",
      "_original_language": "en",
      "_translations": {
        "en": {
          "title": "Straightest Guy In The World Right Here."
        },
        "zh-Hans": {
          "title": "世界上最直的人在这里。"
        },
        "zh-Hant": {
          "title": "世界上最直的人在這裏。"
        },
        "ja-JA": {
          "title": "Straightest Guy In The World Right Here（世界で最もストレートな男、ここにあり）。"
        },
        "ja": {
          "title": "Straightest Guy In The World Right Here（世界で最もストレートな男、ここにあり）。"
        }
      },
      "tags": [
        "funny"
      ],
      "authors": [
        {
          "name": "RelativeSquare0",
          "url": "https://old.reddit.com/user/RelativeSquare0"
        }
      ],
      "_links": [
        {
          "url": "https://old.reddit.com/r/funny/comments/mj3nxv/straightest_guy_in_the_world_right_here/",
          "name": "&uarr;94227 votes"
        }
      ],
      "image": "https://external-preview.redd.it/9vqcBFCf0DBrsW85Pvb26e2TBIYNjSoMaYPloqoxIBQ.jpg?width=960&crop=smart&auto=webp&s=24dc0517bce141e58437466f76dd31c017af40af",
      "_video": {
        "sources": [
          {
            "url": "https://v.redd.it/9xnbx3xitwq61/DASH_720.mp4"
          }
        ],
        "width": 720,
        "height": 720,
        "poster": "https://external-preview.redd.it/9vqcBFCf0DBrsW85Pvb26e2TBIYNjSoMaYPloqoxIBQ.jpg?width=960&crop=smart&auto=webp&s=24dc0517bce141e58437466f76dd31c017af40af"
      }
    },
    "2021_03_21_en_reddit_reddit__r--funny--comments--m9m8dj--one_of_the_best_fake_ids_ive_ever_seen": {
      "id": "2021_03_21_en_reddit_reddit__r--funny--comments--m9m8dj--one_of_the_best_fake_ids_ive_ever_seen",
      "url": "https://old.reddit.com/r/funny/comments/m9m8dj/one_of_the_best_fake_ids_ive_ever_seen/",
      "date_published": "2021-03-21T13:55:38.000Z",
      "date_modified": "2021-03-21T13:55:38.000Z",
      "_original_published": "2021-03-21T02:24:15.000Z",
      "_original_language": "en",
      "_translations": {
        "en": {
          "title": "One of the best fake IDs I’ve ever seen"
        },
        "zh-Hans": {
          "title": "我见过的最好的假身份证之一"
        },
        "zh-Hant": {
          "title": "我見過的最好的假身份證之一"
        }
      },
      "tags": [
        "funny"
      ],
      "authors": [
        {
          "name": "TheTiltedStraight",
          "url": "https://old.reddit.com/user/TheTiltedStraight"
        }
      ],
      "_links": [
        {
          "url": "https://old.reddit.com/r/funny/comments/m9m8dj/one_of_the_best_fake_ids_ive_ever_seen/",
          "name": "&uarr;86936 votes"
        }
      ],
      "image": "https://preview.redd.it/djwebm9qkao61.jpg?width=1080&crop=smart&auto=webp&s=9d9d7dc11c45e8fd337d30163a34817ce40e0ffe"
    },
    "2021_03_02_en_reddit_reddit__r--funny--comments--lvqpbp--nothing_worse_than_being_tuna_shamed": {
      "id": "2021_03_02_en_reddit_reddit__r--funny--comments--lvqpbp--nothing_worse_than_being_tuna_shamed",
      "url": "https://old.reddit.com/r/funny/comments/lvqpbp/nothing_worse_than_being_tuna_shamed/",
      "date_published": "2021-03-02T14:56:45.000Z",
      "date_modified": "2021-03-02T14:56:45.000Z",
      "_original_published": "2021-03-02T01:34:49.000Z",
      "_original_language": "en",
      "_translations": {
        "en": {
          "title": "Nothing worse than being Tuna shamed."
        },
        "zh-Hans": {
          "title": "没有什么比被金枪鱼羞辱更糟糕的了。"
        },
        "zh-Hant": {
          "title": "沒有什麼比被金槍魚羞辱更糟糕的了。"
        }
      },
      "tags": [
        "funny"
      ],
      "authors": [
        {
          "name": "flyart",
          "url": "https://old.reddit.com/user/flyart"
        }
      ],
      "_links": [
        {
          "url": "https://old.reddit.com/r/funny/comments/lvqpbp/nothing_worse_than_being_tuna_shamed/",
          "name": "&uarr;79311 votes"
        }
      ],
      "image": "https://preview.redd.it/7stn3y3lqik61.png?width=1080&crop=smart&auto=webp&s=552201140c30f84689146d89410b004645dd2a86"
    },
    "2021_02_06_en_reddit_reddit__r--funny--comments--ldyfyi--go_big_or_go_home": {
      "id": "2021_02_06_en_reddit_reddit__r--funny--comments--ldyfyi--go_big_or_go_home",
      "url": "https://old.reddit.com/r/funny/comments/ldyfyi/go_big_or_go_home/",
      "date_published": "2021-02-06T20:23:33.000Z",
      "date_modified": "2021-02-06T20:23:33.000Z",
      "_original_published": "2021-02-06T14:17:08.000Z",
      "_original_language": "en",
      "_translations": {
        "en": {
          "title": "Go big or go home"
        },
        "zh-Hans": {
          "title": "要么大干一场，要么回家"
        },
        "zh-Hant": {
          "title": "要麼大幹一場，要麼回家"
        }
      },
      "tags": [
        "funny"
      ],
      "authors": [
        {
          "name": "jonredd901",
          "url": "https://old.reddit.com/user/jonredd901"
        }
      ],
      "_links": [
        {
          "url": "https://old.reddit.com/r/funny/comments/ldyfyi/go_big_or_go_home/",
          "name": "&uarr;105747 votes"
        }
      ],
      "image": "https://preview.redd.it/4wqfo1iq8vf61.jpg?width=1080&crop=smart&auto=webp&s=4317dba6a3a10bc8ffaa69069ae57ae50b993dff"
    },
    "2021_01_27_en_reddit_reddit__r--funny--comments--l62v68--theres_a_dead_hedgehog_somewhere": {
      "id": "2021_01_27_en_reddit_reddit__r--funny--comments--l62v68--theres_a_dead_hedgehog_somewhere",
      "url": "https://old.reddit.com/r/funny/comments/l62v68/theres_a_dead_hedgehog_somewhere/",
      "date_published": "2021-01-28T02:45:59.000Z",
      "date_modified": "2021-01-28T02:45:59.000Z",
      "_original_published": "2021-01-27T11:48:56.000Z",
      "_original_language": "en",
      "_translations": {
        "en": {
          "title": "There’s a dead hedgehog somewhere."
        },
        "zh-Hans": {
          "title": "有一个死刺猬的地方。"
        },
        "zh-Hant": {
          "title": "有一個死刺蝟的地方。"
        }
      },
      "tags": [
        "funny"
      ],
      "authors": [
        {
          "name": "Niyi_M",
          "url": "https://old.reddit.com/user/Niyi_M"
        }
      ],
      "_links": [
        {
          "url": "https://old.reddit.com/r/funny/comments/l62v68/theres_a_dead_hedgehog_somewhere/",
          "name": "&uarr;75368 votes"
        }
      ],
      "image": "https://preview.redd.it/5yantcr65vd61.jpg?width=320&crop=smart&auto=webp&s=524f1be6150e822e469d6638318fdf8fc3a59d26"
    },
    "2021_01_13_en_reddit_reddit__r--funny--comments--kwjua7--wasnt_this_rule_already_in_place_precovid": {
      "id": "2021_01_13_en_reddit_reddit__r--funny--comments--kwjua7--wasnt_this_rule_already_in_place_precovid",
      "url": "https://old.reddit.com/r/funny/comments/kwjua7/wasnt_this_rule_already_in_place_precovid/",
      "date_published": "2021-01-14T15:18:21.000Z",
      "date_modified": "2021-01-14T15:18:21.000Z",
      "_original_published": "2021-01-13T16:23:46.000Z",
      "_original_language": "en",
      "_translations": {
        "en": {
          "title": "Wasn't this rule already in place pre-covid?"
        },
        "zh-Hans": {
          "title": "这个规则不是在科维德之前就已经有了吗？"
        },
        "zh-Hant": {
          "title": "這個規則不是在科維德之前就已經有了嗎？"
        }
      },
      "tags": [
        "funny"
      ],
      "authors": [
        {
          "name": "BloodJonXIII",
          "url": "https://old.reddit.com/user/BloodJonXIII"
        }
      ],
      "_links": [
        {
          "url": "https://old.reddit.com/r/funny/comments/kwjua7/wasnt_this_rule_already_in_place_precovid/",
          "name": "&uarr;85742 votes"
        }
      ],
      "image": "https://preview.redd.it/marjhjdgl4b61.jpg?width=1080&crop=smart&auto=webp&s=2f920becc13a50b3c91872b5c8745885ec72f90a"
    },
    "2020_12_20_en_reddit_reddit__r--funny--comments--kgnkgi--my_friends_christmas_card": {
      "id": "2020_12_20_en_reddit_reddit__r--funny--comments--kgnkgi--my_friends_christmas_card",
      "url": "https://old.reddit.com/r/funny/comments/kgnkgi/my_friends_christmas_card/",
      "date_published": "2020-12-20T16:50:17.000Z",
      "date_modified": "2020-12-20T16:50:17.000Z",
      "_original_published": "2020-12-20T04:29:58.000Z",
      "_original_language": "en",
      "_translations": {
        "en": {
          "title": "My friend's Christmas Card"
        },
        "zh-Hans": {
          "title": "我朋友的圣诞卡"
        },
        "zh-Hant": {
          "title": "我朋友的聖誕卡"
        }
      },
      "tags": [
        "funny"
      ],
      "authors": [
        {
          "name": "kcm1984",
          "url": "https://old.reddit.com/user/kcm1984"
        }
      ],
      "_links": [
        {
          "url": "https://old.reddit.com/r/funny/comments/kgnkgi/my_friends_christmas_card/",
          "name": "&uarr;80127 votes"
        }
      ],
      "image": "https://preview.redd.it/10k7syd8s9661.jpg?width=640&crop=smart&auto=webp&s=8a551854306df89a9cd9576a71e6b480c6281839"
    },
    "2020_12_04_en_reddit_reddit__r--funny--comments--k6slk2--i_turned_30_today_party_anyone": {
      "id": "2020_12_04_en_reddit_reddit__r--funny--comments--k6slk2--i_turned_30_today_party_anyone",
      "url": "https://old.reddit.com/r/funny/comments/k6slk2/i_turned_30_today_party_anyone/",
      "date_published": "2020-12-05T01:24:56.000Z",
      "date_modified": "2020-12-05T01:24:56.000Z",
      "_original_published": "2020-12-04T20:15:35.000Z",
      "_original_language": "en",
      "_translations": {
        "en": {
          "title": "I turned 30 today. Party? Anyone?"
        },
        "zh-Hans": {
          "title": "我今天就30岁了。聚会?有人吗？"
        },
        "zh-Hant": {
          "title": "我今天就30歲了。聚會?有人嗎？"
        }
      },
      "tags": [
        "funny"
      ],
      "authors": [
        {
          "name": "From-over-there",
          "url": "https://old.reddit.com/user/From-over-there"
        }
      ],
      "_links": [
        {
          "url": "https://old.reddit.com/r/funny/comments/k6slk2/i_turned_30_today_party_anyone/",
          "name": "&uarr;132266 votes"
        }
      ],
      "image": "https://preview.redd.it/i1hp5btca8361.jpg?width=1080&crop=smart&auto=webp&s=8dcd9b1de49d7201a59d6e73ea54996fdacc5459"
    },
    "2020_11_29_en_reddit_reddit__r--funny--comments--k3fi4l--oc_gift_ideas": {
      "id": "2020_11_29_en_reddit_reddit__r--funny--comments--k3fi4l--oc_gift_ideas",
      "url": "https://old.reddit.com/r/funny/comments/k3fi4l/oc_gift_ideas/",
      "date_published": "2020-11-30T06:13:21.000Z",
      "date_modified": "2020-11-30T06:13:21.000Z",
      "_original_published": "2020-11-29T19:26:46.000Z",
      "_original_language": "en",
      "_translations": {
        "en": {
          "title": "[OC] Gift Ideas"
        },
        "zh-Hans": {
          "title": "[原创]礼物创意"
        },
        "zh-Hant": {
          "title": "[原創]禮物創意"
        }
      },
      "tags": [
        "funny"
      ],
      "authors": [
        {
          "name": "ttin89",
          "url": "https://old.reddit.com/user/ttin89"
        }
      ],
      "_links": [
        {
          "url": "https://old.reddit.com/r/funny/comments/k3fi4l/oc_gift_ideas/",
          "name": "&uarr;85191 votes"
        }
      ],
      "image": "https://preview.redd.it/s75lndz2d8261.jpg?width=1080&crop=smart&auto=webp&s=17fd21f863de498ef9925315a6e569ad4830bbad"
    },
    "2020_11_18_en_reddit_reddit__r--funny--comments--jw23ud--covid_has_forced_people_into_bartering": {
      "id": "2020_11_18_en_reddit_reddit__r--funny--comments--jw23ud--covid_has_forced_people_into_bartering",
      "url": "https://old.reddit.com/r/funny/comments/jw23ud/covid_has_forced_people_into_bartering/",
      "date_published": "2020-11-18T05:20:55.000Z",
      "date_modified": "2020-11-18T05:20:55.000Z",
      "_original_published": "2020-11-18T05:20:55.000Z",
      "_original_language": "en",
      "_translations": {
        "en": {
          "title": "Covid has forced people into bartering."
        },
        "zh-Hans": {
          "title": "Covid强迫人们以物易物。"
        },
        "zh-Hant": {
          "title": "Covid強迫人們以物易物。"
        }
      },
      "tags": [
        "funny"
      ],
      "authors": [
        {
          "name": "AbortionGhost",
          "url": "https://old.reddit.com/user/AbortionGhost"
        }
      ],
      "_links": [
        {
          "url": "https://old.reddit.com/r/funny/comments/jw23ud/covid_has_forced_people_into_bartering/",
          "name": "&uarr;107982 votes"
        }
      ],
      "image": "https://external-preview.redd.it/hDHjhx557bsWKj2nhaMHeEqk2mkpWP8PIpOjGLPyp4w.png?width=640&crop=smart&format=pjpg&auto=webp&s=4c394c233c041635f67f8688f8b2bef2e35d3177",
      "_video": {
        "sources": [
          {
            "url": "https://v.redd.it/jdoqfxw0dvz51/DASH_720.mp4?source=fallback"
          }
        ],
        "width": 576,
        "height": 720,
        "poster": "https://external-preview.redd.it/hDHjhx557bsWKj2nhaMHeEqk2mkpWP8PIpOjGLPyp4w.png?width=640&crop=smart&format=pjpg&auto=webp&s=4c394c233c041635f67f8688f8b2bef2e35d3177"
      }
    },
    "2020_11_13_en_reddit_reddit__r--funny--comments--jtq1bw--my_lucky_day_some_guy_was_selling_ps5s_outside": {
      "id": "2020_11_13_en_reddit_reddit__r--funny--comments--jtq1bw--my_lucky_day_some_guy_was_selling_ps5s_outside",
      "url": "https://old.reddit.com/r/funny/comments/jtq1bw/my_lucky_day_some_guy_was_selling_ps5s_outside/",
      "date_published": "2020-11-13T22:27:40.000Z",
      "date_modified": "2020-11-13T22:27:40.000Z",
      "_original_published": "2020-11-13T22:27:40.000Z",
      "_original_language": "en",
      "_translations": {
        "en": {
          "title": "My lucky day.. some guy was selling PS5's outside the grocery store for $50"
        },
        "zh-Hans": {
          "title": "我的幸运日..。有个人在杂货店外卖PS5，要价50美元。"
        },
        "zh-Hant": {
          "title": "我的幸運日..。有個人在雜貨店外賣PS5，要價50美元。"
        }
      },
      "tags": [
        "funny"
      ],
      "authors": [
        {
          "name": "OldDeadEyez",
          "url": "https://old.reddit.com/user/OldDeadEyez"
        }
      ],
      "_links": [
        {
          "url": "https://old.reddit.com/r/funny/comments/jtq1bw/my_lucky_day_some_guy_was_selling_ps5s_outside/",
          "name": "&uarr;95969 votes"
        }
      ],
      "image": "https://preview.redd.it/kq0hcb2s23z51.jpg?width=640&crop=smart&auto=webp&s=d4c4993d21a53d0670e1cd75cea5f8b99fbfa955"
    }
  }
}
