{
  "meta": {
    "name": "instant_regret"
  },
  "items": {
    "2021_03_14_en_reddit_reddit__r--instant_regret--comments--m4sp29--the_cocktail_wasnt_as_good_as_it_looked": {
      "id": "2021_03_14_en_reddit_reddit__r--instant_regret--comments--m4sp29--the_cocktail_wasnt_as_good_as_it_looked",
      "url": "https://old.reddit.com/r/instant_regret/comments/m4sp29/the_cocktail_wasnt_as_good_as_it_looked/",
      "date_published": "2021-03-14T22:41:10.000Z",
      "date_modified": "2021-03-14T22:41:10.000Z",
      "_original_published": "2021-03-14T10:20:18.000Z",
      "_original_language": "en",
      "_translations": {
        "en": {
          "title": "The cocktail wasn't as good as it looked"
        },
        "zh-Hans": {
          "title": "鸡尾酒并不像看起来那么好喝"
        },
        "zh-Hant": {
          "title": "雞尾酒並不像看起來那麼好喝"
        }
      },
      "tags": [
        "instant_regret"
      ],
      "authors": [
        {
          "name": "HellsJuggernaut",
          "url": "https://old.reddit.com/user/HellsJuggernaut"
        }
      ],
      "_links": [
        {
          "url": "https://old.reddit.com/r/instant_regret/comments/m4sp29/the_cocktail_wasnt_as_good_as_it_looked/",
          "name": "&uarr;92023 votes"
        }
      ],
      "image": "https://external-preview.redd.it/hhsqK9MaLUp7VvQkLLfX7_txvAWXXJcDru4raHIxqIg.jpg?width=216&crop=smart&auto=webp&s=971b2c44105e4b46dc25e3f82d35fab07a900998",
      "_video": {
        "sources": [
          {
            "url": "https://v.redd.it/9kma9r5zf0n61/DASH_720.mp4"
          }
        ],
        "width": 533,
        "height": 720,
        "poster": "https://external-preview.redd.it/hhsqK9MaLUp7VvQkLLfX7_txvAWXXJcDru4raHIxqIg.jpg?width=216&crop=smart&auto=webp&s=971b2c44105e4b46dc25e3f82d35fab07a900998"
      }
    }
  }
}
