{
  "meta": {
    "name": "PoliticalHumor"
  },
  "items": {
    "2022_02_26_en_reddit_reddit__r--PoliticalHumor--comments--t24g5o--spot_the_difference": {
      "id": "2022_02_26_en_reddit_reddit__r--PoliticalHumor--comments--t24g5o--spot_the_difference",
      "url": "https://old.reddit.com/r/PoliticalHumor/comments/t24g5o/spot_the_difference/",
      "date_published": "2022-02-27T03:19:34.000Z",
      "date_modified": "2022-02-27T03:19:34.000Z",
      "_original_published": "2022-02-26T19:04:08.000Z",
      "_original_language": "en",
      "_translations": {
        "en": {
          "title": "Spot the difference"
        },
        "ja": {
          "title": "違いを見分ける"
        },
        "zh-Hans": {
          "title": "发现差异"
        },
        "zh-Hant": {
          "title": "發現差異"
        }
      },
      "tags": [
        "PoliticalHumor"
      ],
      "authors": [
        {
          "name": "Go_Habs_Go31",
          "url": "https://old.reddit.com/user/Go_Habs_Go31"
        }
      ],
      "_links": [
        {
          "url": "https://old.reddit.com/r/PoliticalHumor/comments/t24g5o/spot_the_difference/",
          "name": "&uarr;84246 votes"
        }
      ],
      "image": "https://preview.redd.it/3ck48z6w68k81.jpg?width=1080&amp;crop=smart&amp;auto=webp&amp;s=78e0c854c444f4b043cce1f942e33d7495629a4b"
    },
    "2021_08_16_en_reddit_reddit__r--PoliticalHumor--comments--p5jeix--i_can_practically_hear_the_heh_heh_heh_chuckle_at": {
      "id": "2021_08_16_en_reddit_reddit__r--PoliticalHumor--comments--p5jeix--i_can_practically_hear_the_heh_heh_heh_chuckle_at",
      "url": "https://old.reddit.com/r/PoliticalHumor/comments/p5jeix/i_can_practically_hear_the_heh_heh_heh_chuckle_at/",
      "date_published": "2021-08-17T05:16:39.000Z",
      "date_modified": "2021-08-17T05:16:39.000Z",
      "_original_published": "2021-08-16T16:19:56.000Z",
      "_original_language": "en",
      "_translations": {
        "en": {
          "title": "I can practically hear the \"heh heh heh\" chuckle at the end"
        },
        "ja": {
          "title": "最後に「へっへっへっ」という笑い声が聞こえてきそうです。"
        },
        "zh-Hans": {
          "title": "我几乎可以听到最后的 \"嘿嘿嘿 \"的笑声。"
        },
        "zh-Hant": {
          "title": "我幾乎可以聽到最後的 \"嘿嘿嘿 \"的笑聲。"
        }
      },
      "tags": [
        "PoliticalHumor"
      ],
      "authors": [
        {
          "name": "DariusChonker",
          "url": "https://old.reddit.com/user/DariusChonker"
        }
      ],
      "_links": [
        {
          "url": "https://old.reddit.com/r/PoliticalHumor/comments/p5jeix/i_can_practically_hear_the_heh_heh_heh_chuckle_at/",
          "name": "&uarr;75353 votes"
        }
      ],
      "image": "https://preview.redd.it/4v55uxwmwqh71.png?width=320&crop=smart&auto=webp&s=f4e65bc81fb082ea9b7ee84a1d11c724d965a1b4"
    },
    "2021_02_20_en_reddit_reddit__r--PoliticalHumor--comments--lo67dx--what_does_unity_mean_to_you": {
      "id": "2021_02_20_en_reddit_reddit__r--PoliticalHumor--comments--lo67dx--what_does_unity_mean_to_you",
      "url": "https://old.reddit.com/r/PoliticalHumor/comments/lo67dx/what_does_unity_mean_to_you/",
      "date_published": "2021-02-20T22:24:33.000Z",
      "date_modified": "2021-02-20T22:24:33.000Z",
      "_original_published": "2021-02-20T12:31:07.000Z",
      "_original_language": "en",
      "_translations": {
        "en": {
          "title": "What does \"unity\" mean to you?"
        },
        "zh-Hans": {
          "title": "\"团结 \"对你来说意味着什么？"
        },
        "zh-Hant": {
          "title": "\"團結 \"對你來說意味着什麼？"
        }
      },
      "tags": [
        "PoliticalHumor"
      ],
      "authors": [
        {
          "name": "NursingManChristDude",
          "url": "https://old.reddit.com/user/NursingManChristDude"
        }
      ],
      "_links": [
        {
          "url": "https://old.reddit.com/r/PoliticalHumor/comments/lo67dx/what_does_unity_mean_to_you/",
          "name": "&uarr;82323 votes"
        }
      ],
      "image": "https://preview.redd.it/nxm19edlmmi61.jpg?width=1080&crop=smart&auto=webp&s=ee814588172760e36899235a18b879e1299c6a2d"
    },
    "2021_02_09_en_reddit_reddit__r--PoliticalHumor--comments--lfzbqx--fine_ill_do_it_myself": {
      "id": "2021_02_09_en_reddit_reddit__r--PoliticalHumor--comments--lfzbqx--fine_ill_do_it_myself",
      "url": "https://old.reddit.com/r/PoliticalHumor/comments/lfzbqx/fine_ill_do_it_myself/",
      "date_published": "2021-02-10T05:49:14.000Z",
      "date_modified": "2021-02-10T05:49:14.000Z",
      "_original_published": "2021-02-09T10:04:44.000Z",
      "_original_language": "en",
      "_translations": {
        "en": {
          "title": "\"Fine, I'll do it myself.\""
        },
        "zh-Hans": {
          "title": "\"好，我自己来。\""
        },
        "zh-Hant": {
          "title": "\"好，我自己來。\""
        }
      },
      "tags": [
        "PoliticalHumor"
      ],
      "authors": [
        {
          "name": "NursingManChristDude",
          "url": "https://old.reddit.com/user/NursingManChristDude"
        }
      ],
      "_links": [
        {
          "url": "https://old.reddit.com/r/PoliticalHumor/comments/lfzbqx/fine_ill_do_it_myself/",
          "name": "&uarr;79228 votes"
        }
      ],
      "image": "https://preview.redd.it/zk1mv1agefg61.jpg?width=1080&crop=smart&auto=webp&s=873fac233b2d5b8ae4044ec95c8028f9037e034e"
    },
    "2021_01_03_en_reddit_reddit__r--PoliticalHumor--comments--kpt6s4--less_filling_and_tastes_great": {
      "id": "2021_01_03_en_reddit_reddit__r--PoliticalHumor--comments--kpt6s4--less_filling_and_tastes_great",
      "url": "https://old.reddit.com/r/PoliticalHumor/comments/kpt6s4/less_filling_and_tastes_great/",
      "date_published": "2021-01-04T08:06:39.000Z",
      "date_modified": "2021-01-04T08:06:39.000Z",
      "_original_published": "2021-01-03T21:12:16.000Z",
      "_original_language": "en",
      "_translations": {
        "en": {
          "title": "Less filling AND tastes great"
        },
        "zh-Hans": {
          "title": "馅料少，味道好极了"
        },
        "zh-Hant": {
          "title": "餡料少，味道好極了"
        }
      },
      "tags": [
        "PoliticalHumor"
      ],
      "authors": [
        {
          "name": "SkullLeader",
          "url": "https://old.reddit.com/user/SkullLeader"
        }
      ],
      "_links": [
        {
          "url": "https://old.reddit.com/r/PoliticalHumor/comments/kpt6s4/less_filling_and_tastes_great/",
          "name": "&uarr;89507 votes"
        }
      ],
      "image": "https://preview.redd.it/0jffkbftn6961.jpg?width=640&crop=smart&auto=webp&s=1c5c5ca9a24a61fc20c76a9a110e40fefb839af1"
    },
    "2020_11_17_en_reddit_reddit__r--PoliticalHumor--comments--jvrlfr--when_you_put_it_that_way": {
      "id": "2020_11_17_en_reddit_reddit__r--PoliticalHumor--comments--jvrlfr--when_you_put_it_that_way",
      "url": "https://old.reddit.com/r/PoliticalHumor/comments/jvrlfr/when_you_put_it_that_way/",
      "date_published": "2020-11-17T20:19:15.000Z",
      "date_modified": "2020-11-17T20:19:15.000Z",
      "_original_published": "2020-11-17T20:19:15.000Z",
      "_original_language": "en",
      "_translations": {
        "en": {
          "title": "When you put it that way..."
        },
        "zh-Hans": {
          "title": "当你这么说的时候."
        },
        "zh-Hant": {
          "title": "當妳這麽說的時候."
        }
      },
      "tags": [
        "PoliticalHumor"
      ],
      "authors": [
        {
          "name": "Thats_not_magic",
          "url": "https://old.reddit.com/user/Thats_not_magic"
        }
      ],
      "_links": [
        {
          "url": "https://old.reddit.com/r/PoliticalHumor/comments/jvrlfr/when_you_put_it_that_way/",
          "name": "&uarr;94341 votes"
        }
      ],
      "image": "https://external-preview.redd.it/mNI4xeiZVO2ebyzXD2Ipu7p3Zgxywi7WMMiHJ2JQE_E.jpg?width=960&crop=smart&auto=webp&s=356dcbe8f0459450d236ea473749569c1118dced"
    }
  }
}
