{
  "items": {
    "2020_12_16_en_reddit_reddit__r--PublicFreakout--comments--kdyl58--tom_cruise_yells_at_mission_impossible_7_staff": {
      "id": "2020_12_16_en_reddit_reddit__r--PublicFreakout--comments--kdyl58--tom_cruise_yells_at_mission_impossible_7_staff",
      "url": "https://old.reddit.com/r/PublicFreakout/comments/kdyl58/tom_cruise_yells_at_mission_impossible_7_staff/",
      "date_published": "2020-12-19T08:43:22.000Z",
      "date_modified": "2020-12-19T08:43:22.000Z",
      "_original_published": "2020-12-16T00:46:19.000Z",
      "_original_language": "en",
      "_translations": {
        "en": {
          "title": "Tom Cruise yells at Mission Impossible 7 staff for breaking COVID safety protocols"
        },
        "zh-Hans": {
          "title": "汤姆·克鲁斯因违反COVID安全协议向《碟中谍7》工作人员大喊大叫"
        },
        "zh-Hant": {
          "title": "湯姆·克魯斯因違反COVID安全協議向《碟中諜7》工作人員大喊大叫"
        }
      },
      "tags": [
        "PublicFreakout"
      ],
      "authors": [
        {
          "name": "rcpotatosoup",
          "url": "https://old.reddit.com/user/rcpotatosoup"
        }
      ],
      "_links": [
        {
          "url": "https://old.reddit.com/r/PublicFreakout/comments/kdyl58/tom_cruise_yells_at_mission_impossible_7_staff/",
          "name": "&uarr;131905 votes"
        }
      ],
      "image": "https://external-preview.redd.it/BRPCPj7aTe0g4m45KyK5qCnMFbv_lHDEC2S_B673Xpc.png?width=1080&crop=smart&format=pjpg&auto=webp&s=bb20a0b08e5052fc8783669e4b780fec9826c41f",
      "_video": {
        "sources": [
          {
            "url": "https://v.redd.it/ftmvzmui4g561/DASH_720.mp4?source=fallback"
          }
        ],
        "width": 1280,
        "height": 719,
        "poster": "https://external-preview.redd.it/BRPCPj7aTe0g4m45KyK5qCnMFbv_lHDEC2S_B673Xpc.png?width=1080&crop=smart&format=pjpg&auto=webp&s=bb20a0b08e5052fc8783669e4b780fec9826c41f"
      }
    },
    "2020_12_17_en_reddit_reddit__r--memes--comments--kewn6p--oh_no_you_dont": {
      "id": "2020_12_17_en_reddit_reddit__r--memes--comments--kewn6p--oh_no_you_dont",
      "url": "https://old.reddit.com/r/memes/comments/kewn6p/oh_no_you_dont/",
      "date_published": "2020-12-17T17:46:11.000Z",
      "date_modified": "2020-12-17T17:46:11.000Z",
      "_original_published": "2020-12-17T12:34:31.000Z",
      "_original_language": "en",
      "_translations": {
        "en": {
          "title": "Oh no you don’t"
        },
        "zh-Hans": {
          "title": "哦，不，你没有"
        },
        "zh-Hant": {
          "title": "哦，不，你沒有"
        }
      },
      "tags": [
        "memes"
      ],
      "authors": [
        {
          "name": "Wrobbo09",
          "url": "https://old.reddit.com/user/Wrobbo09"
        }
      ],
      "_links": [
        {
          "url": "https://old.reddit.com/r/memes/comments/kewn6p/oh_no_you_dont/",
          "name": "&uarr;174883 votes"
        }
      ],
      "image": "https://external-preview.redd.it/vhEYQsWE_dg96LfHGB8U6TDlHtCqFmruWgsssTTMOsQ.png?width=640&crop=smart&format=pjpg&auto=webp&s=136476f73291634f154a115e1afddd22f8a46a36",
      "_video": {
        "sources": [
          {
            "url": "https://v.redd.it/h58jtjhurq561/DASH_720.mp4?source=fallback"
          }
        ],
        "width": 762,
        "height": 720,
        "poster": "https://external-preview.redd.it/vhEYQsWE_dg96LfHGB8U6TDlHtCqFmruWgsssTTMOsQ.png?width=640&crop=smart&format=pjpg&auto=webp&s=136476f73291634f154a115e1afddd22f8a46a36"
      }
    },
    "2020_12_16_en_reddit_reddit__r--memes--comments--kegbbr--how_predictable": {
      "id": "2020_12_16_en_reddit_reddit__r--memes--comments--kegbbr--how_predictable",
      "url": "https://old.reddit.com/r/memes/comments/kegbbr/how_predictable/",
      "date_published": "2020-12-17T01:59:09.000Z",
      "date_modified": "2020-12-17T01:59:09.000Z",
      "_original_published": "2020-12-16T19:45:11.000Z",
      "_original_language": "en",
      "_translations": {
        "en": {
          "title": "How predictable"
        },
        "zh-Hans": {
          "title": "如何预测"
        },
        "zh-Hant": {
          "title": "如何預測"
        }
      },
      "tags": [
        "memes"
      ],
      "authors": [
        {
          "name": "THE-ETERNAL-EMPEROR",
          "url": "https://old.reddit.com/user/THE-ETERNAL-EMPEROR"
        }
      ],
      "_links": [
        {
          "url": "https://old.reddit.com/r/memes/comments/kegbbr/how_predictable/",
          "name": "&uarr;133630 votes"
        }
      ],
      "image": "https://external-preview.redd.it/BuMIFleeYVvGIfiediDDGJ5yOf1jXDJ6kuWt3aWtf4w.jpg?width=640&crop=smart&auto=webp&s=3d264b220c3c130d6c3d89c45fb2c41148521584",
      "_video": {
        "sources": [
          {
            "url": "https://v.redd.it/c8jvvz2url561/DASH_480.mp4"
          }
        ],
        "width": 480,
        "height": 480,
        "poster": "https://external-preview.redd.it/BuMIFleeYVvGIfiediDDGJ5yOf1jXDJ6kuWt3aWtf4w.jpg?width=640&crop=smart&auto=webp&s=3d264b220c3c130d6c3d89c45fb2c41148521584"
      }
    },
    "2020_12_16_en_reddit_reddit__r--memes--comments--ke6j9j--excuse_me_wtf": {
      "id": "2020_12_16_en_reddit_reddit__r--memes--comments--ke6j9j--excuse_me_wtf",
      "url": "https://old.reddit.com/r/memes/comments/ke6j9j/excuse_me_wtf/",
      "date_published": "2020-12-16T15:41:35.000Z",
      "date_modified": "2020-12-16T15:41:35.000Z",
      "_original_published": "2020-12-16T10:03:37.000Z",
      "_original_language": "en",
      "_translations": {
        "en": {
          "title": "Excuse me.. Wtf?"
        },
        "zh-Hans": {
          "title": "打扰一下..。见鬼？"
        },
        "zh-Hant": {
          "title": "打擾一下..。見鬼？"
        }
      },
      "tags": [
        "memes"
      ],
      "authors": [
        {
          "name": "MrCuteDiaper",
          "url": "https://old.reddit.com/user/MrCuteDiaper"
        }
      ],
      "_links": [
        {
          "url": "https://old.reddit.com/r/memes/comments/ke6j9j/excuse_me_wtf/",
          "name": "&uarr;165461 votes"
        }
      ],
      "image": "https://preview.redd.it/1owkm5r3wi561.gif?width=320&crop=smart&format=png8&s=c58e21806cd25aa74fd53fa5686db5c6658cc661",
      "_video": {
        "sources": [
          {
            "url": "https://preview.redd.it/1owkm5r3wi561.gif?format=mp4&s=f2b18faab2b330db5b6215aa8fe26832836e174a"
          }
        ],
        "width": 504,
        "height": 338,
        "poster": "https://preview.redd.it/1owkm5r3wi561.gif?width=320&crop=smart&format=png8&s=c58e21806cd25aa74fd53fa5686db5c6658cc661"
      }
    },
    "2020_12_15_en_reddit_reddit__r--memes--comments--kdw2p5--this_meme_isnt_that_old": {
      "id": "2020_12_15_en_reddit_reddit__r--memes--comments--kdw2p5--this_meme_isnt_that_old",
      "url": "https://old.reddit.com/r/memes/comments/kdw2p5/this_meme_isnt_that_old/",
      "date_published": "2020-12-16T07:34:38.000Z",
      "date_modified": "2020-12-16T07:34:38.000Z",
      "_original_published": "2020-12-15T22:27:02.000Z",
      "_original_language": "en",
      "_translations": {
        "en": {
          "title": "This meme isn't that old"
        },
        "zh-Hans": {
          "title": "这个表情包并没有那么古老"
        },
        "zh-Hant": {
          "title": "這個表情包並沒有那麼古老"
        }
      },
      "tags": [
        "memes"
      ],
      "authors": [
        {
          "name": "JamesRitchey",
          "url": "https://old.reddit.com/user/JamesRitchey"
        }
      ],
      "_links": [
        {
          "url": "https://old.reddit.com/r/memes/comments/kdw2p5/this_meme_isnt_that_old/",
          "name": "&uarr;144626 votes"
        }
      ],
      "image": "https://preview.redd.it/ozd9m1hpff561.png?width=320&crop=smart&auto=webp&s=45df9bdcde711ae5041b4ae415756a13d8893d60"
    },
    "2020_12_15_en_reddit_reddit__r--nextfuckinglevel--comments--kdvt98--man_did_not_think_twice_to_risk_his_life_to_save": {
      "id": "2020_12_15_en_reddit_reddit__r--nextfuckinglevel--comments--kdvt98--man_did_not_think_twice_to_risk_his_life_to_save",
      "url": "https://old.reddit.com/r/nextfuckinglevel/comments/kdvt98/man_did_not_think_twice_to_risk_his_life_to_save/",
      "date_published": "2020-12-16T03:57:40.000Z",
      "date_modified": "2020-12-16T03:57:40.000Z",
      "_original_published": "2020-12-15T22:12:52.000Z",
      "_original_language": "en",
      "_translations": {
        "en": {
          "title": "Man did not think twice to risk his life to save a little girl"
        },
        "zh-Hans": {
          "title": "为了救一个小女孩，男人毫不犹豫地冒着生命危险"
        },
        "zh-Hant": {
          "title": "爲了救一個小女孩，男人毫不猶豫地冒着生命危險"
        }
      },
      "tags": [
        "nextfuckinglevel"
      ],
      "authors": [
        {
          "name": "zihua_",
          "url": "https://old.reddit.com/user/zihua_"
        }
      ],
      "_links": [
        {
          "url": "https://old.reddit.com/r/nextfuckinglevel/comments/kdvt98/man_did_not_think_twice_to_risk_his_life_to_save/",
          "name": "&uarr;149087 votes"
        }
      ],
      "image": "https://external-preview.redd.it/H5SSYXwXby7L2N_hqcv_dp0-Specdjp7_8BmkaWBmPk.png?width=640&crop=smart&format=pjpg&auto=webp&s=9ac8bd6c32c1f7f293e6b2b84f432daab9a36004",
      "_video": {
        "sources": [
          {
            "url": "https://v.redd.it/d387hoq8df561/DASH_240.mp4?source=fallback"
          }
        ],
        "width": 360,
        "height": 240,
        "poster": "https://external-preview.redd.it/H5SSYXwXby7L2N_hqcv_dp0-Specdjp7_8BmkaWBmPk.png?width=640&crop=smart&format=pjpg&auto=webp&s=9ac8bd6c32c1f7f293e6b2b84f432daab9a36004"
      }
    },
    "2020_12_15_en_reddit_reddit__r--interestingasfuck--comments--kdulhw--this_is_what_happens_to_a_hemp_bottle_after_80": {
      "id": "2020_12_15_en_reddit_reddit__r--interestingasfuck--comments--kdulhw--this_is_what_happens_to_a_hemp_bottle_after_80",
      "url": "https://old.reddit.com/r/interestingasfuck/comments/kdulhw/this_is_what_happens_to_a_hemp_bottle_after_80/",
      "date_published": "2020-12-16T03:57:40.000Z",
      "date_modified": "2020-12-16T03:57:40.000Z",
      "_original_published": "2020-12-15T21:10:03.000Z",
      "_original_language": "en",
      "_translations": {
        "en": {
          "title": "This is what happens to a hemp bottle after 80 days. Cannabis plastics are non-toxic and biodegradable."
        },
        "zh-Hans": {
          "title": "这就是80天后麻瓶的情况。大麻塑料无毒，可生物降解。"
        },
        "zh-Hant": {
          "title": "這就是80天后麻瓶的情況。大麻塑料無毒，可生物降解。"
        }
      },
      "tags": [
        "interestingasfuck"
      ],
      "authors": [
        {
          "name": "j4ck132",
          "url": "https://old.reddit.com/user/j4ck132"
        }
      ],
      "_links": [
        {
          "url": "https://old.reddit.com/r/interestingasfuck/comments/kdulhw/this_is_what_happens_to_a_hemp_bottle_after_80/",
          "name": "&uarr;134533 votes"
        }
      ],
      "image": "https://preview.redd.it/zyaeeqry1f561.png?width=1080&crop=smart&auto=webp&s=f8bfea46ed7e5ac1cf94d68fa060e433cbeff588"
    },
    "2020_12_15_en_reddit_reddit__r--memes--comments--kds715--the_return_of_the_paper_king": {
      "id": "2020_12_15_en_reddit_reddit__r--memes--comments--kds715--the_return_of_the_paper_king",
      "url": "https://old.reddit.com/r/memes/comments/kds715/the_return_of_the_paper_king/",
      "date_published": "2020-12-16T00:58:49.000Z",
      "date_modified": "2020-12-16T00:58:49.000Z",
      "_original_published": "2020-12-15T19:12:10.000Z",
      "_original_language": "en",
      "_translations": {
        "en": {
          "title": "The Return of the [paper] King"
        },
        "zh-Hans": {
          "title": "[纸]王的回归"
        },
        "zh-Hant": {
          "title": "[紙]王的迴歸"
        }
      },
      "tags": [
        "memes"
      ],
      "authors": [
        {
          "name": "LWYPLTDG",
          "url": "https://old.reddit.com/user/LWYPLTDG"
        }
      ],
      "_links": [
        {
          "url": "https://old.reddit.com/r/memes/comments/kds715/the_return_of_the_paper_king/",
          "name": "&uarr;135700 votes"
        }
      ],
      "image": "https://preview.redd.it/bp2tqwc2he561.jpg?width=1080&crop=smart&auto=webp&s=57b8f0366fa97b70cae96edf9f28464f28bc2283"
    },
    "2020_12_14_en_reddit_reddit__r--pics--comments--kczmsn--the_first_new_yorker_frontline_nurse_sandra": {
      "id": "2020_12_14_en_reddit_reddit__r--pics--comments--kczmsn--the_first_new_yorker_frontline_nurse_sandra",
      "url": "https://old.reddit.com/r/pics/comments/kczmsn/the_first_new_yorker_frontline_nurse_sandra/",
      "date_published": "2020-12-14T20:38:09.000Z",
      "date_modified": "2020-12-14T20:38:09.000Z",
      "_original_published": "2020-12-14T15:24:02.000Z",
      "_original_language": "en",
      "_translations": {
        "en": {
          "title": "The first New Yorker, frontline nurse Sandra Lindsay, has been vaccinated."
        },
        "zh-Hans": {
          "title": "第一位纽约人，一线护士桑德拉·林赛已经接种了疫苗。"
        },
        "zh-Hant": {
          "title": "第一位紐約人，一線護士桑德拉·林賽已經接種了疫苗。"
        }
      },
      "tags": [
        "pics"
      ],
      "authors": [
        {
          "name": "Somali_Pir8",
          "url": "https://old.reddit.com/user/Somali_Pir8"
        }
      ],
      "_links": [
        {
          "url": "https://old.reddit.com/r/pics/comments/kczmsn/the_first_new_yorker_frontline_nurse_sandra/",
          "name": "&uarr;139293 votes"
        }
      ],
      "image": "https://external-preview.redd.it/th_Z14p35v5queX0RlmN0ZBOImULBYWXlyn1yuWgEUI.jpg?width=1080&crop=smart&auto=webp&s=12b2fc040c28cf0e3250ef6542f9fccca885b97c"
    },
    "2020_12_14_en_reddit_reddit__r--memes--comments--kctb6e--sounded_way_better_in_my_head": {
      "id": "2020_12_14_en_reddit_reddit__r--memes--comments--kctb6e--sounded_way_better_in_my_head",
      "url": "https://old.reddit.com/r/memes/comments/kctb6e/sounded_way_better_in_my_head/",
      "date_published": "2020-12-14T14:30:20.000Z",
      "date_modified": "2020-12-14T14:30:20.000Z",
      "_original_published": "2020-12-14T07:46:56.000Z",
      "_original_language": "en",
      "_translations": {
        "en": {
          "title": "Sounded way better in my head"
        },
        "zh-Hans": {
          "title": "在我脑海里听起来好多了"
        },
        "zh-Hant": {
          "title": "在我腦海裏聽起來好多了"
        }
      },
      "tags": [
        "memes"
      ],
      "authors": [
        {
          "name": "TheFattyTron2",
          "url": "https://old.reddit.com/user/TheFattyTron2"
        }
      ],
      "_links": [
        {
          "url": "https://old.reddit.com/r/memes/comments/kctb6e/sounded_way_better_in_my_head/",
          "name": "&uarr;136113 votes"
        }
      ],
      "image": "https://preview.redd.it/9knprglwx3561.jpg?width=1080&crop=smart&auto=webp&s=d1d821e8d4dd448c9ac1653e05da24ff06b32641"
    },
    "2020_12_13_en_reddit_reddit__r--mildlyinteresting--comments--kcj519--i_have_partial_heterochromia_in_both_eyes": {
      "id": "2020_12_13_en_reddit_reddit__r--mildlyinteresting--comments--kcj519--i_have_partial_heterochromia_in_both_eyes",
      "url": "https://old.reddit.com/r/mildlyinteresting/comments/kcj519/i_have_partial_heterochromia_in_both_eyes/",
      "date_published": "2020-12-14T03:27:50.000Z",
      "date_modified": "2020-12-14T03:27:50.000Z",
      "_original_published": "2020-12-13T21:24:23.000Z",
      "_original_language": "en",
      "_translations": {
        "en": {
          "title": "I have partial heterochromia in both eyes"
        },
        "zh-Hans": {
          "title": "我的两只眼睛都有部分异色"
        },
        "zh-Hant": {
          "title": "我的兩隻眼睛都有部分異色"
        }
      },
      "tags": [
        "mildlyinteresting"
      ],
      "authors": [
        {
          "name": "laney-rene",
          "url": "https://old.reddit.com/user/laney-rene"
        }
      ],
      "_links": [
        {
          "url": "https://old.reddit.com/r/mildlyinteresting/comments/kcj519/i_have_partial_heterochromia_in_both_eyes/",
          "name": "&uarr;137146 votes"
        }
      ],
      "image": "https://preview.redd.it/sgeu2q3uu0561.jpg?width=1080&crop=smart&auto=webp&s=bd6dc0fb6b47281373a80265d07f6f872d7b971a"
    },
    "2020_12_12_en_reddit_reddit__r--pics--comments--kbxb0n--i_overcame_my_depression_and_went_for_a_hike_its": {
      "id": "2020_12_12_en_reddit_reddit__r--pics--comments--kbxb0n--i_overcame_my_depression_and_went_for_a_hike_its",
      "url": "https://old.reddit.com/r/pics/comments/kbxb0n/i_overcame_my_depression_and_went_for_a_hike_its/",
      "date_published": "2020-12-13T01:54:08.000Z",
      "date_modified": "2020-12-13T01:54:08.000Z",
      "_original_published": "2020-12-12T21:23:45.000Z",
      "_original_language": "en",
      "_translations": {
        "en": {
          "title": "I overcame my depression and went for a hike :) It's the small things."
        },
        "zh-Hans": {
          "title": "我克服了我的抑郁，去徒步旅行了：)都是些小事。"
        },
        "zh-Hant": {
          "title": "我克服了我的抑鬱，去徒步旅行了：)都是些小事。"
        }
      },
      "tags": [
        "pics"
      ],
      "authors": [
        {
          "name": "JesseD320",
          "url": "https://old.reddit.com/user/JesseD320"
        }
      ],
      "_links": [
        {
          "url": "https://old.reddit.com/r/pics/comments/kbxb0n/i_overcame_my_depression_and_went_for_a_hike_its/",
          "name": "&uarr;204150 votes"
        }
      ],
      "image": "https://preview.redd.it/aqsyinwspt461.jpg?width=1080&crop=smart&auto=webp&s=8e30d7ea16b79da0c6b6090838c27da887a2cf0e"
    },
    "2020_12_12_en_reddit_reddit__r--memes--comments--kbtbxp--poor_guy": {
      "id": "2020_12_12_en_reddit_reddit__r--memes--comments--kbtbxp--poor_guy",
      "url": "https://old.reddit.com/r/memes/comments/kbtbxp/poor_guy/",
      "date_published": "2020-12-12T23:33:05.000Z",
      "date_modified": "2020-12-12T23:33:05.000Z",
      "_original_published": "2020-12-12T17:48:16.000Z",
      "_original_language": "en",
      "_translations": {
        "en": {
          "title": "Poor Guy"
        },
        "zh-Hans": {
          "title": "可怜的家伙"
        },
        "zh-Hant": {
          "title": "可憐的傢伙"
        }
      },
      "tags": [
        "memes"
      ],
      "authors": [
        {
          "name": "Montana-Union",
          "url": "https://old.reddit.com/user/Montana-Union"
        }
      ],
      "_links": [
        {
          "url": "https://old.reddit.com/r/memes/comments/kbtbxp/poor_guy/",
          "name": "&uarr;140514 votes"
        }
      ],
      "image": "https://preview.redd.it/z0j4h65dns461.jpg?width=1080&crop=smart&auto=webp&s=4692ed4fc4d899cf258d38dc1de03dd1a53890d7"
    }
  }
}
