{
  "items": {
    "2021_01_09_en_reddit_reddit__r--pics--comments--ktrcoo--how_it_started_and_how_its_going": {
      "id": "2021_01_09_en_reddit_reddit__r--pics--comments--ktrcoo--how_it_started_and_how_its_going",
      "url": "https://old.reddit.com/r/pics/comments/ktrcoo/how_it_started_and_how_its_going/",
      "date_published": "2021-01-09T18:20:40.000Z",
      "date_modified": "2021-01-09T18:20:40.000Z",
      "_original_published": "2021-01-09T13:58:01.000Z",
      "_original_language": "en",
      "_translations": {
        "en": {
          "title": "How it started and how it’s going"
        },
        "zh-Hans": {
          "title": "它是如何开始的，它是如何进行的"
        },
        "zh-Hant": {
          "title": "它是如何開始的，它是如何進行的"
        }
      },
      "tags": [
        "pics"
      ],
      "authors": [
        {
          "name": "DaFunkJunkie",
          "url": "https://old.reddit.com/user/DaFunkJunkie"
        }
      ],
      "_links": [
        {
          "url": "https://old.reddit.com/r/pics/comments/ktrcoo/how_it_started_and_how_its_going/",
          "name": "&uarr;212427 votes"
        }
      ],
      "image": "https://preview.redd.it/mpmyvq8tbba61.jpg?width=640&crop=smart&auto=webp&s=290ceb0674e168433dcd1a01b9bfcf93c69648f5"
    },
    "2021_01_13_en_reddit_reddit__r--ToiletPaperUSA--comments--kw7so6--domestic_terrorist_upvote_this_so_that_it_comes": {
      "id": "2021_01_13_en_reddit_reddit__r--ToiletPaperUSA--comments--kw7so6--domestic_terrorist_upvote_this_so_that_it_comes",
      "url": "https://old.reddit.com/r/ToiletPaperUSA/comments/kw7so6/domestic_terrorist_upvote_this_so_that_it_comes/",
      "date_published": "2021-01-13T10:50:30.000Z",
      "date_modified": "2021-01-13T10:50:30.000Z",
      "_original_published": "2021-01-13T03:20:35.000Z",
      "_original_language": "en",
      "_translations": {
        "en": {
          "title": "Domestic Terrorist. Upvote this so that it comes up when people google “Domestic Terrorist”."
        },
        "zh-Hans": {
          "title": "国内恐怖分子。加注这一点，所以它出现时，人们谷歌 \"国内恐怖分子\"。"
        },
        "zh-Hant": {
          "title": "國內恐怖分子。加註這一點，所以它出現時，人們谷歌 \"國內恐怖分子\"。"
        }
      },
      "tags": [
        "ToiletPaperUSA"
      ],
      "authors": [
        {
          "name": "fkoffimtryingtodrain",
          "url": "https://old.reddit.com/user/fkoffimtryingtodrain"
        }
      ],
      "_links": [
        {
          "url": "https://old.reddit.com/r/ToiletPaperUSA/comments/kw7so6/domestic_terrorist_upvote_this_so_that_it_comes/",
          "name": "&uarr;210113 votes"
        }
      ],
      "image": "https://preview.redd.it/z5ttw8cqp0b61.jpg?width=320&crop=smart&auto=webp&s=24e723b2c8d2e944188e4e2d12a6636151e66fb1"
    },
    "2021_01_13_en_reddit_reddit__r--pics--comments--kwt1op--nancy_pelosi_wore_the_same_dress_for_both": {
      "id": "2021_01_13_en_reddit_reddit__r--pics--comments--kwt1op--nancy_pelosi_wore_the_same_dress_for_both",
      "url": "https://old.reddit.com/r/pics/comments/kwt1op/nancy_pelosi_wore_the_same_dress_for_both/",
      "date_published": "2021-01-14T04:07:48.000Z",
      "date_modified": "2021-01-14T04:07:48.000Z",
      "_original_published": "2021-01-13T23:36:07.000Z",
      "_original_language": "en",
      "_translations": {
        "en": {
          "title": "Nancy Pelosi wore the same dress for both impeachments. She literally has a Trump Impeachment outfit"
        },
        "zh-Hans": {
          "title": "南希-佩洛西两次弹劾都穿了同样的衣服。她真的有一套特朗普弹劾的衣服"
        },
        "zh-Hant": {
          "title": "南希-佩洛西兩次彈劾都穿了同樣的衣服。她真的有一套特朗普彈劾的衣服"
        }
      },
      "tags": [
        "pics"
      ],
      "authors": [
        {
          "name": "i_am_bartman",
          "url": "https://old.reddit.com/user/i_am_bartman"
        }
      ],
      "_links": [
        {
          "url": "https://old.reddit.com/r/pics/comments/kwt1op/nancy_pelosi_wore_the_same_dress_for_both/",
          "name": "&uarr;173828 votes"
        }
      ],
      "image": "https://preview.redd.it/vfqu3ixkq6b61.jpg?width=1080&crop=smart&auto=webp&s=1b4c5ffed0f31e2dd604bb1d922e182258601201"
    },
    "2021_01_13_en_reddit_reddit__r--news--comments--kwqbtc--donald_trump_impeached_for_inciting_us_capitol": {
      "id": "2021_01_13_en_reddit_reddit__r--news--comments--kwqbtc--donald_trump_impeached_for_inciting_us_capitol",
      "url": "https://old.reddit.com/r/news/comments/kwqbtc/donald_trump_impeached_for_inciting_us_capitol/",
      "date_published": "2021-01-14T01:50:52.000Z",
      "date_modified": "2021-01-14T01:50:52.000Z",
      "_original_published": "2021-01-13T21:25:30.000Z",
      "_original_language": "en",
      "_translations": {
        "en": {
          "title": "Donald Trump impeached for ‘inciting’ US Capitol riot"
        },
        "zh-Hans": {
          "title": "唐纳德-特朗普因 \"煽动 \"美国国会大厦骚乱而被弹劾。"
        },
        "zh-Hant": {
          "title": "唐納德-特朗普因 \"煽動 \"美國國會大廈騷亂而被彈劾。"
        }
      },
      "tags": [
        "news"
      ],
      "authors": [
        {
          "name": "amtrusc",
          "url": "https://old.reddit.com/user/amtrusc"
        }
      ],
      "_links": [
        {
          "url": "https://old.reddit.com/r/news/comments/kwqbtc/donald_trump_impeached_for_inciting_us_capitol/",
          "name": "&uarr;172940 votes"
        }
      ],
      "image": "https://external-preview.redd.it/8lnrVNIV1b-Ge13XrELXs-yqY6qZ4TQkwRLjOMr7ksU.jpg?width=1080&crop=smart&auto=webp&s=9da193cc166e18a555db373c0d89e0832ea1bfb6"
    },
    "2021_01_08_en_reddit_reddit__r--news--comments--ktenem--twitter_permanently_suspends_trumps_account": {
      "id": "2021_01_08_en_reddit_reddit__r--news--comments--ktenem--twitter_permanently_suspends_trumps_account",
      "url": "https://old.reddit.com/r/news/comments/ktenem/twitter_permanently_suspends_trumps_account/",
      "date_published": "2021-01-09T04:01:19.000Z",
      "date_modified": "2021-01-09T04:01:19.000Z",
      "_original_published": "2021-01-08T23:28:52.000Z",
      "_original_language": "en",
      "_translations": {
        "en": {
          "title": "Twitter permanently suspends Trump’s account"
        },
        "zh-Hans": {
          "title": "推特永久暂停特朗普的账户"
        },
        "zh-Hant": {
          "title": "推特永久暫停特朗普的賬戶"
        }
      },
      "tags": [
        "news"
      ],
      "authors": [
        {
          "name": "Urf_Hates_You",
          "url": "https://old.reddit.com/user/Urf_Hates_You"
        }
      ],
      "_links": [
        {
          "url": "https://old.reddit.com/r/news/comments/ktenem/twitter_permanently_suspends_trumps_account/",
          "name": "&uarr;169459 votes"
        }
      ],
      "image": "https://external-preview.redd.it/URw5P8iEizEoyEqQaxn54IJ70totDY1pAzalSJd9kU0.jpg?width=1080&crop=smart&auto=webp&s=e6c3db04590d16c3146ede51e5b54e93f9100bff"
    },
    "2021_01_13_en_reddit_reddit__r--gaming--comments--kwi9yr--ea_will_no_longer_have_exclusive_rights_of_the": {
      "id": "2021_01_13_en_reddit_reddit__r--gaming--comments--kwi9yr--ea_will_no_longer_have_exclusive_rights_of_the",
      "url": "https://old.reddit.com/r/gaming/comments/kwi9yr/ea_will_no_longer_have_exclusive_rights_of_the/",
      "date_published": "2021-01-13T21:02:46.000Z",
      "date_modified": "2021-01-13T21:02:46.000Z",
      "_original_published": "2021-01-13T15:10:00.000Z",
      "_original_language": "en",
      "_translations": {
        "en": {
          "title": "EA will no longer have exclusive rights of the Star Wars games"
        },
        "zh-Hans": {
          "title": "EA将不再拥有《星球大战》游戏的独家代理权"
        },
        "zh-Hant": {
          "title": "EA將不再擁有《星球大戰》遊戲的獨家代理權"
        }
      },
      "tags": [
        "gaming"
      ],
      "authors": [
        {
          "name": "PrikroyMan",
          "url": "https://old.reddit.com/user/PrikroyMan"
        }
      ],
      "_links": [
        {
          "url": "https://old.reddit.com/r/gaming/comments/kwi9yr/ea_will_no_longer_have_exclusive_rights_of_the/",
          "name": "&uarr;167700 votes"
        }
      ],
      "image": "https://external-preview.redd.it/eMJk0dFoYx6Iyzfbnu56bEV-xzXmUK4DONlbXA7QM-I.jpg?width=1080&crop=smart&auto=webp&s=746cf36aa75bc0ae7a2a4d9fc8a68b08f1872025"
    },
    "2021_01_11_en_reddit_reddit__r--memes--comments--kuu1np--quick_while_the_british_are_sleeping": {
      "id": "2021_01_11_en_reddit_reddit__r--memes--comments--kuu1np--quick_while_the_british_are_sleeping",
      "url": "https://old.reddit.com/r/memes/comments/kuu1np/quick_while_the_british_are_sleeping/",
      "date_published": "2021-01-11T09:03:07.000Z",
      "date_modified": "2021-01-11T09:03:07.000Z",
      "_original_published": "2021-01-11T03:21:10.000Z",
      "_original_language": "en",
      "_translations": {
        "en": {
          "title": "Quick, while the British are sleeping."
        },
        "zh-Hans": {
          "title": "快点，趁英国人睡着的时候。"
        },
        "zh-Hant": {
          "title": "快點，趁英國人睡着的時候。"
        }
      },
      "tags": [
        "memes"
      ],
      "authors": [
        {
          "name": "crackercharlie",
          "url": "https://old.reddit.com/user/crackercharlie"
        }
      ],
      "_links": [
        {
          "url": "https://old.reddit.com/r/memes/comments/kuu1np/quick_while_the_british_are_sleeping/",
          "name": "&uarr;166551 votes"
        }
      ],
      "image": "https://preview.redd.it/e3zwkg6zfma61.jpg?width=640&crop=smart&auto=webp&s=ce83db1b943185a4feb01cc89fba1f72563aebb0"
    },
    "2021_01_08_en_reddit_reddit__r--memes--comments--kt3guk--last_online_october": {
      "id": "2021_01_08_en_reddit_reddit__r--memes--comments--kt3guk--last_online_october",
      "url": "https://old.reddit.com/r/memes/comments/kt3guk/last_online_october/",
      "date_published": "2021-01-08T19:36:52.000Z",
      "date_modified": "2021-01-08T19:36:52.000Z",
      "_original_published": "2021-01-08T14:27:18.000Z",
      "_original_language": "en",
      "_translations": {
        "en": {
          "title": "Last online *October*"
        },
        "zh-Hans": {
          "title": "上一次在线*10月*"
        },
        "zh-Hant": {
          "title": "上一次在線*10月*"
        }
      },
      "tags": [
        "memes"
      ],
      "authors": [
        {
          "name": "Anime_Meme_",
          "url": "https://old.reddit.com/user/Anime_Meme_"
        }
      ],
      "_links": [
        {
          "url": "https://old.reddit.com/r/memes/comments/kt3guk/last_online_october/",
          "name": "&uarr;163533 votes"
        }
      ],
      "image": "https://preview.redd.it/1lprd5j4c4a61.jpg?width=320&crop=smart&auto=webp&s=0c306de66817a7551cf3589d56c5f6e4a8b95abb"
    },
    "2021_01_09_en_reddit_reddit__r--memes--comments--ktkxbc--i_dont_know_if_this_was_posted_before_but": {
      "id": "2021_01_09_en_reddit_reddit__r--memes--comments--ktkxbc--i_dont_know_if_this_was_posted_before_but",
      "url": "https://old.reddit.com/r/memes/comments/ktkxbc/i_dont_know_if_this_was_posted_before_but/",
      "date_published": "2021-01-09T11:52:07.000Z",
      "date_modified": "2021-01-09T11:52:07.000Z",
      "_original_published": "2021-01-09T05:38:03.000Z",
      "_original_language": "en",
      "_translations": {
        "en": {
          "title": "I don't know if this was posted before but eyebleacherbot gave me this"
        },
        "zh-Hans": {
          "title": "我不知道这是不是以前贴过的，但是眼镜蛇给了我这个"
        },
        "zh-Hant": {
          "title": "我不知道這是不是以前貼過的，但是眼鏡蛇給了我這個"
        }
      },
      "tags": [
        "memes"
      ],
      "authors": [
        {
          "name": "MaG_NITud3",
          "url": "https://old.reddit.com/user/MaG_NITud3"
        }
      ],
      "_links": [
        {
          "url": "https://old.reddit.com/r/memes/comments/ktkxbc/i_dont_know_if_this_was_posted_before_but/",
          "name": "&uarr;161819 votes"
        }
      ],
      "image": "https://external-preview.redd.it/FeJ4nA4WHjoAPBUBC6TkebDdNOoVKsbYb9Q5-NvrbXk.png?width=640&crop=smart&format=pjpg&auto=webp&s=7a0e2c8fe595a10e6de9527102f3fe9e93c64419",
      "_video": {
        "sources": [
          {
            "url": "https://v.redd.it/ys3lvksiu8a61/DASH_720.mp4?source=fallback"
          }
        ],
        "width": 549,
        "height": 720,
        "poster": "https://external-preview.redd.it/FeJ4nA4WHjoAPBUBC6TkebDdNOoVKsbYb9Q5-NvrbXk.png?width=640&crop=smart&format=pjpg&auto=webp&s=7a0e2c8fe595a10e6de9527102f3fe9e93c64419"
      }
    },
    "2021_01_09_en_reddit_reddit__r--WhitePeopleTwitter--comments--ktfej3--the_choice_is_clear": {
      "id": "2021_01_09_en_reddit_reddit__r--WhitePeopleTwitter--comments--ktfej3--the_choice_is_clear",
      "url": "https://old.reddit.com/r/WhitePeopleTwitter/comments/ktfej3/the_choice_is_clear/",
      "date_published": "2021-01-09T06:03:10.000Z",
      "date_modified": "2021-01-09T06:03:10.000Z",
      "_original_published": "2021-01-09T00:06:22.000Z",
      "_original_language": "en",
      "_translations": {
        "en": {
          "title": "The Choice Is Clear"
        },
        "zh-Hans": {
          "title": "选择是明确的"
        },
        "zh-Hant": {
          "title": "選擇是明確的"
        }
      },
      "tags": [
        "WhitePeopleTwitter"
      ],
      "authors": [
        {
          "name": "666FuCkThEwOrLd666",
          "url": "https://old.reddit.com/user/666FuCkThEwOrLd666"
        }
      ],
      "_links": [
        {
          "url": "https://old.reddit.com/r/WhitePeopleTwitter/comments/ktfej3/the_choice_is_clear/",
          "name": "&uarr;158078 votes"
        }
      ],
      "image": "https://preview.redd.it/sn59i1qf77a61.jpg?width=640&crop=smart&auto=webp&s=52d23d7cd771601b294fd6a66ad05f74fd5bd10c"
    },
    "2021_01_12_en_reddit_reddit__r--memes--comments--kvym2l--those_bastards_lied_to_me": {
      "id": "2021_01_12_en_reddit_reddit__r--memes--comments--kvym2l--those_bastards_lied_to_me",
      "url": "https://old.reddit.com/r/memes/comments/kvym2l/those_bastards_lied_to_me/",
      "date_published": "2021-01-13T01:55:12.000Z",
      "date_modified": "2021-01-13T01:55:12.000Z",
      "_original_published": "2021-01-12T19:24:18.000Z",
      "_original_language": "en",
      "_translations": {
        "en": {
          "title": "Those bastards lied to me"
        },
        "zh-Hans": {
          "title": "那些混蛋骗了我"
        },
        "zh-Hant": {
          "title": "那些混蛋騙了我"
        }
      },
      "tags": [
        "memes"
      ],
      "authors": [
        {
          "name": "ellieandmaggie",
          "url": "https://old.reddit.com/user/ellieandmaggie"
        }
      ],
      "_links": [
        {
          "url": "https://old.reddit.com/r/memes/comments/kvym2l/those_bastards_lied_to_me/",
          "name": "&uarr;151579 votes"
        }
      ],
      "image": "https://preview.redd.it/zkrdrw8rcya61.jpg?width=640&crop=smart&auto=webp&s=7b528906e649e604e9e6f91ac97604f5e71d597a"
    },
    "2021_01_12_en_reddit_reddit__r--nextfuckinglevel--comments--kvxogf--lamar_roasts_franklin_but_theyre_the_actual_voice": {
      "id": "2021_01_12_en_reddit_reddit__r--nextfuckinglevel--comments--kvxogf--lamar_roasts_franklin_but_theyre_the_actual_voice",
      "url": "https://old.reddit.com/r/nextfuckinglevel/comments/kvxogf/lamar_roasts_franklin_but_theyre_the_actual_voice/",
      "date_published": "2021-01-13T01:55:12.000Z",
      "date_modified": "2021-01-13T01:55:12.000Z",
      "_original_published": "2021-01-12T18:39:54.000Z",
      "_original_language": "en",
      "_translations": {
        "en": {
          "title": "Lamar roasts Franklin but they're the actual voice actors."
        },
        "zh-Hans": {
          "title": "拉马尔烤富兰克林，但他们才是真正的配音演员。"
        },
        "zh-Hant": {
          "title": "拉馬爾烤富蘭克林，但他們纔是真正的配音演員。"
        }
      },
      "tags": [
        "nextfuckinglevel"
      ],
      "authors": [
        {
          "name": "OnderGok",
          "url": "https://old.reddit.com/user/OnderGok"
        }
      ],
      "_links": [
        {
          "url": "https://old.reddit.com/r/nextfuckinglevel/comments/kvxogf/lamar_roasts_franklin_but_theyre_the_actual_voice/",
          "name": "&uarr;148850 votes"
        }
      ],
      "image": "https://external-preview.redd.it/6t8S_d3CImdqdsFJrqhZjTDZtNu2EdoTkjjdbIhsD4Q.png?width=1080&crop=smart&format=pjpg&auto=webp&s=7c96a94e015550733fb81255ff7cff6e0844dc80",
      "_video": {
        "sources": [
          {
            "url": "https://v.redd.it/qkoihlei4ya61/DASH_1080.mp4?source=fallback"
          }
        ],
        "width": 1920,
        "height": 1080,
        "poster": "https://external-preview.redd.it/6t8S_d3CImdqdsFJrqhZjTDZtNu2EdoTkjjdbIhsD4Q.png?width=1080&crop=smart&format=pjpg&auto=webp&s=7c96a94e015550733fb81255ff7cff6e0844dc80"
      }
    },
    "2021_01_12_en_reddit_reddit__r--pics--comments--kvvqvw--another_domestic_terrorist_arrested": {
      "id": "2021_01_12_en_reddit_reddit__r--pics--comments--kvvqvw--another_domestic_terrorist_arrested",
      "url": "https://old.reddit.com/r/pics/comments/kvvqvw/another_domestic_terrorist_arrested/",
      "date_published": "2021-01-13T01:55:12.000Z",
      "date_modified": "2021-01-13T01:55:12.000Z",
      "_original_published": "2021-01-12T17:08:11.000Z",
      "_original_language": "en",
      "_translations": {
        "en": {
          "title": "Another Domestic Terrorist Arrested"
        },
        "zh-Hans": {
          "title": "又一名国内恐怖分子被捕"
        },
        "zh-Hant": {
          "title": "又一名國內恐怖分子被捕"
        }
      },
      "tags": [
        "pics"
      ],
      "authors": [
        {
          "name": "jasonleedesigns",
          "url": "https://old.reddit.com/user/jasonleedesigns"
        }
      ],
      "_links": [
        {
          "url": "https://old.reddit.com/r/pics/comments/kvvqvw/another_domestic_terrorist_arrested/",
          "name": "&uarr;148738 votes"
        }
      ],
      "image": "https://preview.redd.it/wubgen1hoxa61.jpg?width=1080&crop=smart&auto=webp&s=e3949904c020e526a03912d160c66a721b78519d"
    },
    "2021_01_08_en_reddit_reddit__r--pics--comments--kt459d--for_those_who_insist_this_was_just_a_protest_that": {
      "id": "2021_01_08_en_reddit_reddit__r--pics--comments--kt459d--for_those_who_insist_this_was_just_a_protest_that",
      "url": "https://old.reddit.com/r/pics/comments/kt459d/for_those_who_insist_this_was_just_a_protest_that/",
      "date_published": "2021-01-08T20:34:01.000Z",
      "date_modified": "2021-01-08T20:34:01.000Z",
      "_original_published": "2021-01-08T15:03:19.000Z",
      "_original_language": "en",
      "_translations": {
        "en": {
          "title": "For those who insist this was just a \"protest\", that is a man with zip-cuffs on the senate floor."
        },
        "zh-Hans": {
          "title": "对于那些坚持认为这只是一场“抗议”的人来说，这是一个在参议院地板上戴着拉链的人。"
        },
        "zh-Hant": {
          "title": "對於那些堅持認爲這只是一場“抗議”的人來說，這是一個在參議院地板上戴着拉鍊的人。"
        }
      },
      "tags": [
        "pics"
      ],
      "authors": [
        {
          "name": "primerush",
          "url": "https://old.reddit.com/user/primerush"
        }
      ],
      "_links": [
        {
          "url": "https://old.reddit.com/r/pics/comments/kt459d/for_those_who_insist_this_was_just_a_protest_that/",
          "name": "&uarr;146763 votes"
        }
      ],
      "image": "https://preview.redd.it/35adaffji4a61.jpg?width=1080&crop=smart&auto=webp&s=fd1ac618253a1d867b7279d50727f93d6bb03157"
    },
    "2021_01_08_en_reddit_reddit__r--technology--comments--kt785i--reddit_bans_subreddit_group_rdonaldtrump": {
      "id": "2021_01_08_en_reddit_reddit__r--technology--comments--kt785i--reddit_bans_subreddit_group_rdonaldtrump",
      "url": "https://old.reddit.com/r/technology/comments/kt785i/reddit_bans_subreddit_group_rdonaldtrump/",
      "date_published": "2021-01-08T22:48:18.000Z",
      "date_modified": "2021-01-08T22:48:18.000Z",
      "_original_published": "2021-01-08T17:31:15.000Z",
      "_original_language": "en",
      "_translations": {
        "en": {
          "title": "Reddit bans subreddit group \"r/DonaldTrump\""
        },
        "zh-Hans": {
          "title": "Reddit禁用子Reddit群组“r/DonaldTrump”"
        },
        "zh-Hant": {
          "title": "Reddit禁用子Reddit羣組“r/DonaldTrump”"
        }
      },
      "tags": [
        "technology"
      ],
      "authors": [
        {
          "name": "Ketsetri",
          "url": "https://old.reddit.com/user/Ketsetri"
        }
      ],
      "_links": [
        {
          "url": "https://old.reddit.com/r/technology/comments/kt785i/reddit_bans_subreddit_group_rdonaldtrump/",
          "name": "&uarr;145809 votes"
        }
      ],
      "image": "https://external-preview.redd.it/5PdpyOdPbeg2z8ViuI3MiRCsRFnR5Tzb0rQI1S4DP_I.jpg?width=1080&crop=smart&auto=webp&s=a68191994f8410fb05e621b53c6ec05b7627b1e1"
    },
    "2021_01_08_en_reddit_reddit__r--pics--comments--kt7zzg--taking_a_stand_vs_taking_a_stand": {
      "id": "2021_01_08_en_reddit_reddit__r--pics--comments--kt7zzg--taking_a_stand_vs_taking_a_stand",
      "url": "https://old.reddit.com/r/pics/comments/kt7zzg/taking_a_stand_vs_taking_a_stand/",
      "date_published": "2021-01-08T22:48:18.000Z",
      "date_modified": "2021-01-08T22:48:18.000Z",
      "_original_published": "2021-01-08T18:07:23.000Z",
      "_original_language": "en",
      "_translations": {
        "en": {
          "title": "taking a stand vs. taking a stand"
        },
        "zh-Hans": {
          "title": "表态与表态"
        },
        "zh-Hant": {
          "title": "表態與表態"
        }
      },
      "tags": [
        "pics"
      ],
      "authors": [
        {
          "name": "42words",
          "url": "https://old.reddit.com/user/42words"
        }
      ],
      "_links": [
        {
          "url": "https://old.reddit.com/r/pics/comments/kt7zzg/taking_a_stand_vs_taking_a_stand/",
          "name": "&uarr;143271 votes"
        }
      ],
      "image": "https://external-preview.redd.it/f6BnmtfdiSg1Ipm_2S9foUOyVoY53MKkOXbnKCBxcjQ.jpg?width=1080&crop=smart&auto=webp&s=dd36545a18316c07b4804d1190c52ac38068ba44"
    },
    "2021_01_12_en_reddit_reddit__r--nextfuckinglevel--comments--kvu20n--after_a_divorce_i_went_from_450lbs_to_205lbs_in": {
      "id": "2021_01_12_en_reddit_reddit__r--nextfuckinglevel--comments--kvu20n--after_a_divorce_i_went_from_450lbs_to_205lbs_in",
      "url": "https://old.reddit.com/r/nextfuckinglevel/comments/kvu20n/after_a_divorce_i_went_from_450lbs_to_205lbs_in/",
      "date_published": "2021-01-13T01:55:12.000Z",
      "date_modified": "2021-01-13T01:55:12.000Z",
      "_original_published": "2021-01-12T15:44:24.000Z",
      "_original_language": "en",
      "_translations": {
        "en": {
          "title": "After a divorce, I went from 450lbs to 205lbs in about 18 months"
        },
        "zh-Hans": {
          "title": "离婚后，我在18个月内从450磅瘦到205磅。"
        },
        "zh-Hant": {
          "title": "離婚後，我在18個月內從450磅瘦到205磅。"
        }
      },
      "tags": [
        "nextfuckinglevel"
      ],
      "authors": [
        {
          "name": "Late-Community-5856",
          "url": "https://old.reddit.com/user/Late-Community-5856"
        }
      ],
      "_links": [
        {
          "url": "https://old.reddit.com/r/nextfuckinglevel/comments/kvu20n/after_a_divorce_i_went_from_450lbs_to_205lbs_in/",
          "name": "&uarr;142126 votes"
        }
      ],
      "image": "https://preview.redd.it/81sit0si9xa61.jpg?width=1080&crop=smart&auto=webp&s=29b838b962e2e1842c84db66382d84c85a96fb2a"
    },
    "2021_01_14_en_reddit_reddit__r--MurderedByWords--comments--kx1t6k--do_some_research_before_spouting_nonsense": {
      "id": "2021_01_14_en_reddit_reddit__r--MurderedByWords--comments--kx1t6k--do_some_research_before_spouting_nonsense",
      "url": "https://old.reddit.com/r/MurderedByWords/comments/kx1t6k/do_some_research_before_spouting_nonsense/",
      "date_published": "2021-01-14T17:20:00.000Z",
      "date_modified": "2021-01-14T17:20:00.000Z",
      "_original_published": "2021-01-14T08:39:13.000Z",
      "_original_language": "en",
      "_translations": {
        "en": {
          "title": "Do some research before spouting nonsense"
        },
        "zh-Hans": {
          "title": "你在胡说八道之前，先做一些调查吧"
        },
        "zh-Hant": {
          "title": "你在胡說八道之前，先做一些調查吧"
        }
      },
      "tags": [
        "MurderedByWords"
      ],
      "authors": [
        {
          "name": "beerbellybegone",
          "url": "https://old.reddit.com/user/beerbellybegone"
        }
      ],
      "_links": [
        {
          "url": "https://old.reddit.com/r/MurderedByWords/comments/kx1t6k/do_some_research_before_spouting_nonsense/",
          "name": "&uarr;142193 votes"
        }
      ],
      "image": "https://preview.redd.it/tcxj5ix9f9b61.png?width=640&crop=smart&auto=webp&s=db909925bcbed0955db1adba7d8630e08bb52900"
    },
    "2021_01_09_en_reddit_reddit__r--AskReddit--comments--ktomhz--people_of_reddit_how_would_you_feel_if_there_was": {
      "id": "2021_01_09_en_reddit_reddit__r--AskReddit--comments--ktomhz--people_of_reddit_how_would_you_feel_if_there_was",
      "url": "https://old.reddit.com/r/AskReddit/comments/ktomhz/people_of_reddit_how_would_you_feel_if_there_was/",
      "date_published": "2021-01-09T17:17:02.000Z",
      "date_modified": "2021-01-09T17:17:02.000Z",
      "_original_published": "2021-01-09T10:34:51.000Z",
      "_original_language": "en",
      "_translations": {
        "en": {
          "title": "People of Reddit, how would you feel if there was a \"USA\" filter where non-Americans can scroll through Reddit freely without watching, hearing or reading what's going on in America?"
        },
        "zh-Hans": {
          "title": "Reddit的人们，如果有一个“美国”过滤，非美国人可以自由地浏览Reddit，而不需要看、听或读“美国正在发生什么”，你们会作何感想？"
        },
        "zh-Hant": {
          "title": "Reddit的人們，如果有一個“美國”過濾，非美國人可以自由地瀏覽Reddit，而不需要看、聽或讀“美國正在發生什麼”，你們會作何感想？"
        }
      },
      "tags": [
        "AskReddit"
      ],
      "authors": [
        {
          "name": "TorsoHunter",
          "url": "https://old.reddit.com/user/TorsoHunter"
        }
      ],
      "_links": [
        {
          "url": "https://old.reddit.com/r/AskReddit/comments/ktomhz/people_of_reddit_how_would_you_feel_if_there_was/",
          "name": "&uarr;138697 votes"
        }
      ]
    },
    "2021_01_14_en_reddit_reddit__r--memes--comments--kx1a2w--amazing_feeling": {
      "id": "2021_01_14_en_reddit_reddit__r--memes--comments--kx1a2w--amazing_feeling",
      "url": "https://old.reddit.com/r/memes/comments/kx1a2w/amazing_feeling/",
      "date_published": "2021-01-14T14:51:39.000Z",
      "date_modified": "2021-01-14T14:51:39.000Z",
      "_original_published": "2021-01-14T07:55:34.000Z",
      "_original_language": "en",
      "_translations": {
        "en": {
          "title": "Amazing feeling"
        },
        "zh-Hans": {
          "title": "惊人的感觉"
        },
        "zh-Hant": {
          "title": "驚人的感覺"
        }
      },
      "tags": [
        "memes"
      ],
      "authors": [
        {
          "name": "jadenadams",
          "url": "https://old.reddit.com/user/jadenadams"
        }
      ],
      "_links": [
        {
          "url": "https://old.reddit.com/r/memes/comments/kx1a2w/amazing_feeling/",
          "name": "&uarr;140027 votes"
        }
      ],
      "image": "https://preview.redd.it/utf226ko79b61.jpg?width=1080&crop=smart&auto=webp&s=03d44584221e96fc2d0b17db84d9e1c4db0e5244"
    }
  }
}
