{
  "meta": {
    "name": "NatureIsFuckingLit"
  },
  "items": {
    "2021_02_10_en_reddit_reddit__r--NatureIsFuckingLit--comments--lgjg5s--the_edge_of_a_rainstorm": {
      "id": "2021_02_10_en_reddit_reddit__r--NatureIsFuckingLit--comments--lgjg5s--the_edge_of_a_rainstorm",
      "url": "https://old.reddit.com/r/NatureIsFuckingLit/comments/lgjg5s/the_edge_of_a_rainstorm/",
      "date_published": "2021-02-10T22:41:18.000Z",
      "date_modified": "2021-02-10T22:41:18.000Z",
      "_original_published": "2021-02-10T02:07:12.000Z",
      "_original_language": "en",
      "_translations": {
        "en": {
          "title": "🔥 The Edge Of A Rainstorm"
        },
        "zh-Hans": {
          "title": "🔥 The Edge Of A Rainstorm"
        },
        "zh-Hant": {
          "title": "🔥 The Edge Of A Rainstorm"
        }
      },
      "tags": [
        "NatureIsFuckingLit"
      ],
      "authors": [
        {
          "name": "mtlgrems",
          "url": "https://old.reddit.com/user/mtlgrems"
        }
      ],
      "_links": [
        {
          "url": "https://old.reddit.com/r/NatureIsFuckingLit/comments/lgjg5s/the_edge_of_a_rainstorm/",
          "name": "&uarr;77739 votes"
        }
      ],
      "image": "https://external-preview.redd.it/tHLX2kw4PkvriKv5-TDpncIpB1m1MKirFiw3scealDM.png?width=320&crop=smart&format=pjpg&auto=webp&s=f6accce3d2c69afec553c598b4b7325886a6b6e4",
      "_video": {
        "sources": [
          {
            "url": "https://v.redd.it/bj0t3f342kg61/DASH_720.mp4?source=fallback"
          }
        ],
        "width": 576,
        "height": 720,
        "poster": "https://external-preview.redd.it/tHLX2kw4PkvriKv5-TDpncIpB1m1MKirFiw3scealDM.png?width=320&crop=smart&format=pjpg&auto=webp&s=f6accce3d2c69afec553c598b4b7325886a6b6e4"
      }
    }
  }
}
