{
  "items": {
    "2021_11_04_en_reddit_reddit__r--memes--comments--qmokoe--the_post_pee_shiver": {
      "id": "2021_11_04_en_reddit_reddit__r--memes--comments--qmokoe--the_post_pee_shiver",
      "url": "https://old.reddit.com/r/memes/comments/qmokoe/the_post_pee_shiver/",
      "date_published": "2021-11-05T00:49:13.000Z",
      "date_modified": "2021-11-05T00:49:13.000Z",
      "_original_published": "2021-11-04T16:33:36.000Z",
      "_original_language": "en",
      "_translations": {
        "en": {
          "title": "The post pee shiver"
        },
        "ja": {
          "title": "ポスト・ピー・シバー"
        },
        "zh-Hans": {
          "title": "小便后的颤抖"
        },
        "zh-Hant": {
          "title": "小便後的顫抖"
        }
      },
      "tags": [
        "memes"
      ],
      "authors": [
        {
          "name": "Ishkavov",
          "url": "https://old.reddit.com/user/Ishkavov"
        }
      ],
      "_links": [
        {
          "url": "https://old.reddit.com/r/memes/comments/qmokoe/the_post_pee_shiver/",
          "name": "&uarr;80672 votes"
        }
      ],
      "image": "https://preview.redd.it/nz9swk33wlx71.gif?width=640&crop=smart&format=png8&s=5d4d7c33ce2b80305d94195fd1099619c46280bf",
      "_video": {
        "sources": [
          {
            "url": "https://preview.redd.it/nz9swk33wlx71.gif?format=mp4&s=f6ac9b73f6341de1ca1d04428558133d308db818"
          }
        ],
        "width": 792,
        "height": 550,
        "poster": "https://preview.redd.it/nz9swk33wlx71.gif?width=640&crop=smart&format=png8&s=5d4d7c33ce2b80305d94195fd1099619c46280bf"
      }
    },
    "2021_10_29_en_reddit_reddit__r--aww--comments--qii9cf--someone_bought_this_costume_for_their_dog_and_let": {
      "id": "2021_10_29_en_reddit_reddit__r--aww--comments--qii9cf--someone_bought_this_costume_for_their_dog_and_let",
      "url": "https://old.reddit.com/r/aww/comments/qii9cf/someone_bought_this_costume_for_their_dog_and_let/",
      "date_published": "2021-10-30T02:18:12.000Z",
      "date_modified": "2021-10-30T02:18:12.000Z",
      "_original_published": "2021-10-29T17:44:49.000Z",
      "_original_language": "en",
      "_translations": {
        "en": {
          "title": "Someone bought this costume for their dog and let him loose"
        },
        "ja": {
          "title": "誰かが自分の犬のためにこの衣装を買って、彼を解放した。"
        },
        "zh-Hans": {
          "title": "有人给自己的狗买了这套服装，并把它放了出来"
        },
        "zh-Hant": {
          "title": "有人給自己的狗買了這套服裝，並把它放了出來"
        }
      },
      "tags": [
        "aww"
      ],
      "authors": [
        {
          "name": "bbbbben10",
          "url": "https://old.reddit.com/user/bbbbben10"
        }
      ],
      "_links": [
        {
          "url": "https://old.reddit.com/r/aww/comments/qii9cf/someone_bought_this_costume_for_their_dog_and_let/",
          "name": "&uarr;80546 votes"
        }
      ],
      "image": "https://external-preview.redd.it/6LY6cVetoRcmRIf5gjBNDgpOSC2YIpo0qAHEkv_Q8_k.png?width=1080&crop=smart&format=pjpg&auto=webp&s=e684231d78759835a7eedb6d61a86ff8cf4366c7",
      "_video": {
        "sources": [
          {
            "url": "https://v.redd.it/o2lzlcz7ffw71/DASH_720.mp4?source=fallback"
          }
        ],
        "width": 1280,
        "height": 720,
        "poster": "https://external-preview.redd.it/6LY6cVetoRcmRIf5gjBNDgpOSC2YIpo0qAHEkv_Q8_k.png?width=1080&crop=smart&format=pjpg&auto=webp&s=e684231d78759835a7eedb6d61a86ff8cf4366c7"
      }
    },
    "2021_10_31_en_reddit_reddit__r--MadeMeSmile--comments--qjvgb6--this_person_won_halloween": {
      "id": "2021_10_31_en_reddit_reddit__r--MadeMeSmile--comments--qjvgb6--this_person_won_halloween",
      "url": "https://old.reddit.com/r/MadeMeSmile/comments/qjvgb6/this_person_won_halloween/",
      "date_published": "2021-10-31T23:20:34.000Z",
      "date_modified": "2021-10-31T23:20:34.000Z",
      "_original_published": "2021-10-31T18:23:55.000Z",
      "_original_language": "en",
      "_translations": {
        "en": {
          "title": "This person won Halloween."
        },
        "ja": {
          "title": "この人がハロウィンを制した。"
        },
        "zh-Hans": {
          "title": "这个人赢得了万圣节。"
        },
        "zh-Hant": {
          "title": "這個人贏得了萬聖節。"
        }
      },
      "tags": [
        "MadeMeSmile"
      ],
      "authors": [
        {
          "name": "aaaronbrown",
          "url": "https://old.reddit.com/user/aaaronbrown"
        }
      ],
      "_links": [
        {
          "url": "https://old.reddit.com/r/MadeMeSmile/comments/qjvgb6/this_person_won_halloween/",
          "name": "&uarr;79716 votes"
        }
      ],
      "image": "https://preview.redd.it/eejq2c84wtw71.jpg?width=1080&crop=smart&auto=webp&s=db83afe149cfd19167c6f82b4e5c9b657e079c50"
    },
    "2021_11_04_en_reddit_reddit__r--MadeMeSmile--comments--qmu4ri--hello_these_are_my_cows_i_want_to_livestream_my": {
      "id": "2021_11_04_en_reddit_reddit__r--MadeMeSmile--comments--qmu4ri--hello_these_are_my_cows_i_want_to_livestream_my",
      "url": "https://old.reddit.com/r/MadeMeSmile/comments/qmu4ri/hello_these_are_my_cows_i_want_to_livestream_my/",
      "date_published": "2021-11-04T23:41:01.000Z",
      "date_modified": "2021-11-04T23:41:01.000Z",
      "_original_published": "2021-11-04T20:44:31.000Z",
      "_original_language": "en",
      "_translations": {
        "en": {
          "title": "hello! these are my cows! i want to livestream my cows live on reddit but in order to do so i need 500 comment karma. it would be very much appreciated if everyone could send a few upvotes my way! thanks so much!!"
        },
        "ja": {
          "title": "こんにちは！これは私の牛たちです！私はredditで私の牛たちをライブストリーミングしたいのですが、そのためには500のコメントカルマが必要です。"
        },
        "zh-Hans": {
          "title": "你好！这些是我的牛！我想在Reddit上直播我的牛，但为了做到这一点，我需要500个评论因数。 如果每个人都能给我送上一些支持，那将是非常感激的！非常感谢"
        },
        "zh-Hant": {
          "title": "你好！這些是我的牛！我想在Reddit上直播我的牛，但爲了做到這一點，我需要500個評論因數。 如果每個人都能給我送上一些支持，那將是非常感激的！非常感謝"
        }
      },
      "tags": [
        "MadeMeSmile"
      ],
      "authors": [
        {
          "name": "throwaway300kk",
          "url": "https://old.reddit.com/user/throwaway300kk"
        }
      ],
      "_links": [
        {
          "url": "https://old.reddit.com/r/MadeMeSmile/comments/qmu4ri/hello_these_are_my_cows_i_want_to_livestream_my/",
          "name": "&uarr;78964 votes"
        }
      ]
    },
    "2021_10_31_en_reddit_reddit__r--funny--comments--qjqv3x--this_halloween_im_an_antifaxxer_and_theres_no": {
      "id": "2021_10_31_en_reddit_reddit__r--funny--comments--qjqv3x--this_halloween_im_an_antifaxxer_and_theres_no",
      "url": "https://old.reddit.com/r/funny/comments/qjqv3x/this_halloween_im_an_antifaxxer_and_theres_no/",
      "date_published": "2021-10-31T18:46:30.000Z",
      "date_modified": "2021-10-31T18:46:30.000Z",
      "_original_published": "2021-10-31T14:39:21.000Z",
      "_original_language": "en",
      "_translations": {
        "en": {
          "title": "This Halloween I’m an Anti-faxxer and there’s no changing my mind"
        },
        "ja": {
          "title": "今年のハロウィーンは反ファクス主義者であることに変わりはない"
        },
        "zh-Hans": {
          "title": "这个万圣节，我是一个反传真者，而且无法改变我的想法"
        },
        "zh-Hant": {
          "title": "這個萬聖節，我是一個反傳真者，而且無法改變我的想法"
        }
      },
      "tags": [
        "funny"
      ],
      "authors": [
        {
          "name": "thatszamora",
          "url": "https://old.reddit.com/user/thatszamora"
        }
      ],
      "_links": [
        {
          "url": "https://old.reddit.com/r/funny/comments/qjqv3x/this_halloween_im_an_antifaxxer_and_theres_no/",
          "name": "&uarr;78224 votes"
        }
      ],
      "image": "https://preview.redd.it/mqapv9e3ssw71.jpg?width=1080&crop=smart&auto=webp&s=01a92be4e81ac5d10859004421a63b88752589a0"
    },
    "2021_11_02_en_reddit_reddit__r--Unexpected--comments--ql32bo--and_thats_how_i_met_your_mother": {
      "id": "2021_11_02_en_reddit_reddit__r--Unexpected--comments--ql32bo--and_thats_how_i_met_your_mother",
      "url": "https://old.reddit.com/r/Unexpected/comments/ql32bo/and_thats_how_i_met_your_mother/",
      "date_published": "2021-11-02T18:29:32.000Z",
      "date_modified": "2021-11-02T18:29:32.000Z",
      "_original_published": "2021-11-02T12:27:18.000Z",
      "_original_language": "en",
      "_translations": {
        "en": {
          "title": "And that's how I met your mother..."
        },
        "ja": {
          "title": "そして、それが君のお母さんとの出会いだった...。"
        },
        "zh-Hans": {
          "title": "这就是我认识你母亲的过程......"
        },
        "zh-Hant": {
          "title": "這就是我認識你母親的過程......"
        }
      },
      "tags": [
        "Unexpected"
      ],
      "authors": [
        {
          "name": "_Xyreo_",
          "url": "https://old.reddit.com/user/_Xyreo_"
        }
      ],
      "_links": [
        {
          "url": "https://old.reddit.com/r/Unexpected/comments/ql32bo/and_thats_how_i_met_your_mother/",
          "name": "&uarr;77920 votes"
        }
      ],
      "image": "https://external-preview.redd.it/7wNOQjrC-V0oDEFH2v00S60VLAVUZ1_BUYBbCdIUzLQ.png?width=320&crop=smart&format=pjpg&auto=webp&s=0bf950fdfb32825becdb947c178d638fd9db543e",
      "_video": {
        "sources": [
          {
            "url": "https://v.redd.it/vt8stmh8e6x71/DASH_720.mp4?source=fallback"
          }
        ],
        "width": 405,
        "height": 720,
        "poster": "https://external-preview.redd.it/7wNOQjrC-V0oDEFH2v00S60VLAVUZ1_BUYBbCdIUzLQ.png?width=320&crop=smart&format=pjpg&auto=webp&s=0bf950fdfb32825becdb947c178d638fd9db543e"
      }
    },
    "2021_10_29_en_reddit_reddit__r--dankmemes--comments--qi9b3g--theres_no_tax_on_mars": {
      "id": "2021_10_29_en_reddit_reddit__r--dankmemes--comments--qi9b3g--theres_no_tax_on_mars",
      "url": "https://old.reddit.com/r/dankmemes/comments/qi9b3g/theres_no_tax_on_mars/",
      "date_published": "2021-10-29T18:47:21.000Z",
      "date_modified": "2021-10-29T18:47:21.000Z",
      "_original_published": "2021-10-29T09:57:50.000Z",
      "_original_language": "en",
      "_translations": {
        "en": {
          "title": "There's no tax on Mars"
        },
        "ja": {
          "title": "火星には税金がない"
        },
        "zh-Hans": {
          "title": "火星上没有税"
        },
        "zh-Hant": {
          "title": "火星上沒有稅"
        }
      },
      "tags": [
        "dankmemes"
      ],
      "authors": [
        {
          "name": "Grandpa-Palpatine",
          "url": "https://old.reddit.com/user/Grandpa-Palpatine"
        }
      ],
      "_links": [
        {
          "url": "https://old.reddit.com/r/dankmemes/comments/qi9b3g/theres_no_tax_on_mars/",
          "name": "&uarr;77684 votes"
        }
      ],
      "image": "https://preview.redd.it/rdnonrfz3dw71.gif?width=320&crop=smart&format=png8&s=907a4e28e15775445c6e7e47ba3e0c975f8fa892",
      "_video": {
        "sources": [
          {
            "url": "https://preview.redd.it/rdnonrfz3dw71.gif?format=mp4&s=de2cfbe3adfa70c0f9406235903f9fa28025ed1a"
          }
        ],
        "width": 528,
        "height": 408,
        "poster": "https://preview.redd.it/rdnonrfz3dw71.gif?width=320&crop=smart&format=png8&s=907a4e28e15775445c6e7e47ba3e0c975f8fa892"
      }
    },
    "2021_11_03_en_reddit_reddit__r--WhitePeopleTwitter--comments--qlyjx0--zillow_can_rot": {
      "id": "2021_11_03_en_reddit_reddit__r--WhitePeopleTwitter--comments--qlyjx0--zillow_can_rot",
      "url": "https://old.reddit.com/r/WhitePeopleTwitter/comments/qlyjx0/zillow_can_rot/",
      "date_published": "2021-11-04T02:22:10.000Z",
      "date_modified": "2021-11-04T02:22:10.000Z",
      "_original_published": "2021-11-03T16:43:47.000Z",
      "_original_language": "en",
      "_translations": {
        "en": {
          "title": "Zillow can rot…"
        },
        "ja": {
          "title": "Zillowは腐っても..."
        },
        "zh-Hans": {
          "title": "Zillow可以旋转..."
        },
        "zh-Hant": {
          "title": "Zillow可以旋轉..."
        }
      },
      "tags": [
        "WhitePeopleTwitter"
      ],
      "authors": [
        {
          "name": "LilPeep1k",
          "url": "https://old.reddit.com/user/LilPeep1k"
        }
      ],
      "_links": [
        {
          "url": "https://old.reddit.com/r/WhitePeopleTwitter/comments/qlyjx0/zillow_can_rot/",
          "name": "&uarr;77491 votes"
        }
      ],
      "image": "https://preview.redd.it/9ao7p711tex71.jpg?width=640&crop=smart&auto=webp&s=6940d078ba13e4dc138e16350e92f9cbc643aea7"
    },
    "2021_11_02_en_reddit_reddit__r--nextfuckinglevel--comments--ql2a2y--efficient_trick_or_treat": {
      "id": "2021_11_02_en_reddit_reddit__r--nextfuckinglevel--comments--ql2a2y--efficient_trick_or_treat",
      "url": "https://old.reddit.com/r/nextfuckinglevel/comments/ql2a2y/efficient_trick_or_treat/",
      "date_published": "2021-11-02T18:29:32.000Z",
      "date_modified": "2021-11-02T18:29:32.000Z",
      "_original_published": "2021-11-02T11:37:41.000Z",
      "_original_language": "en",
      "_translations": {
        "en": {
          "title": "Efficient Trick or Treat"
        },
        "ja": {
          "title": "効率的なTrick or Treat"
        },
        "zh-Hans": {
          "title": "高效的 \"不给糖就捣蛋 \"活动"
        },
        "zh-Hant": {
          "title": "高效的 \"不給糖就搗蛋 \"活動"
        }
      },
      "tags": [
        "nextfuckinglevel"
      ],
      "authors": [
        {
          "name": "sometimesisleeptoo",
          "url": "https://old.reddit.com/user/sometimesisleeptoo"
        }
      ],
      "_links": [
        {
          "url": "https://old.reddit.com/r/nextfuckinglevel/comments/ql2a2y/efficient_trick_or_treat/",
          "name": "&uarr;77376 votes"
        }
      ],
      "image": "https://external-preview.redd.it/g1LBBQr_IqXb8Czz2lWYziBrLwOzhlT6BHg93qac7xA.png?width=320&crop=smart&format=pjpg&auto=webp&s=a9677e7053d2b32a710b985a933fa03531eb1f13",
      "_video": {
        "sources": [
          {
            "url": "https://v.redd.it/kzkz03jx46x71/DASH_480.mp4?source=fallback"
          }
        ],
        "width": 576,
        "height": 480,
        "poster": "https://external-preview.redd.it/g1LBBQr_IqXb8Czz2lWYziBrLwOzhlT6BHg93qac7xA.png?width=320&crop=smart&format=pjpg&auto=webp&s=a9677e7053d2b32a710b985a933fa03531eb1f13"
      }
    },
    "2021_11_01_en_reddit_reddit__r--MadeMeSmile--comments--qkq3a2--my_kid_was_a_little_sad_after_not_seeing_any": {
      "id": "2021_11_01_en_reddit_reddit__r--MadeMeSmile--comments--qkq3a2--my_kid_was_a_little_sad_after_not_seeing_any",
      "url": "https://old.reddit.com/r/MadeMeSmile/comments/qkq3a2/my_kid_was_a_little_sad_after_not_seeing_any/",
      "date_published": "2021-11-02T04:12:07.000Z",
      "date_modified": "2021-11-02T04:12:07.000Z",
      "_original_published": "2021-11-01T22:53:55.000Z",
      "_original_language": "en",
      "_translations": {
        "en": {
          "title": "My kid was a little sad after not seeing any other costumes like his, and then this LEGEND of a teenager showed up and did what legends do."
        },
        "ja": {
          "title": "私の子供は、自分と同じようなコスチュームを見たことがなかったので、少し寂しがっていましたが、そこに10代のレジェンドが現れ、レジェンドらしいことをしてくれました。"
        },
        "zh-Hans": {
          "title": "我的孩子在没有看到其他像他这样的服装后有点伤心，然后这个传奇般的少年出现了，做了传奇的事情。"
        },
        "zh-Hant": {
          "title": "我的孩子在沒有看到其他像他這樣的服裝後有點傷心，然後這個傳奇般的少年出現了，做了傳奇的事情。"
        }
      },
      "tags": [
        "MadeMeSmile"
      ],
      "authors": [
        {
          "name": "Atillion",
          "url": "https://old.reddit.com/user/Atillion"
        }
      ],
      "_links": [
        {
          "url": "https://old.reddit.com/r/MadeMeSmile/comments/qkq3a2/my_kid_was_a_little_sad_after_not_seeing_any/",
          "name": "&uarr;77367 votes"
        }
      ],
      "image": "https://external-preview.redd.it/jU1-CdbSMoCZhTzWPL9DwJ-O-vI7BFBA61cnMURlmU4.png?width=1080&crop=smart&format=pjpg&auto=webp&s=04c51c4267869fb077d48bde6200ac4daa2d76c5",
      "_video": {
        "sources": [
          {
            "url": "https://v.redd.it/tp1l3qric2x71/DASH_1080.mp4?source=fallback"
          }
        ],
        "width": 607,
        "height": 1080,
        "poster": "https://external-preview.redd.it/jU1-CdbSMoCZhTzWPL9DwJ-O-vI7BFBA61cnMURlmU4.png?width=1080&crop=smart&format=pjpg&auto=webp&s=04c51c4267869fb077d48bde6200ac4daa2d76c5"
      }
    },
    "2021_10_29_en_reddit_reddit__r--Damnthatsinteresting--comments--qiac80--what_does_it_mean_to_punch_a_lobster_tail": {
      "id": "2021_10_29_en_reddit_reddit__r--Damnthatsinteresting--comments--qiac80--what_does_it_mean_to_punch_a_lobster_tail",
      "url": "https://old.reddit.com/r/Damnthatsinteresting/comments/qiac80/what_does_it_mean_to_punch_a_lobster_tail/",
      "date_published": "2021-10-29T20:36:51.000Z",
      "date_modified": "2021-10-29T20:36:51.000Z",
      "_original_published": "2021-10-29T11:06:31.000Z",
      "_original_language": "en",
      "_translations": {
        "en": {
          "title": "What does it mean to punch a lobster tail?"
        },
        "ja": {
          "title": "ロブスターの尻尾をパンチするとはどういうことか？"
        },
        "zh-Hans": {
          "title": "冲撞龙虾尾巴是什么意思？"
        },
        "zh-Hant": {
          "title": "衝撞龍蝦尾巴是什麼意思？"
        }
      },
      "tags": [
        "Damnthatsinteresting"
      ],
      "authors": [
        {
          "name": "SamMee514",
          "url": "https://old.reddit.com/user/SamMee514"
        }
      ],
      "_links": [
        {
          "url": "https://old.reddit.com/r/Damnthatsinteresting/comments/qiac80/what_does_it_mean_to_punch_a_lobster_tail/",
          "name": "&uarr;77150 votes"
        }
      ],
      "image": "https://external-preview.redd.it/jGIBtSQ8mcr_oGphIMZH-YHtJ6iXzQjsjPzR7Ws8Uds.png?width=320&crop=smart&format=pjpg&auto=webp&s=0d4c4711fcfad9fc52a941dc53f42b94027c00af",
      "_video": {
        "sources": [
          {
            "url": "https://v.redd.it/zb8now79gdw71/DASH_720.mp4?source=fallback"
          }
        ],
        "width": 405,
        "height": 720,
        "poster": "https://external-preview.redd.it/jGIBtSQ8mcr_oGphIMZH-YHtJ6iXzQjsjPzR7Ws8Uds.png?width=320&crop=smart&format=pjpg&auto=webp&s=0d4c4711fcfad9fc52a941dc53f42b94027c00af"
      }
    },
    "2021_10_30_en_reddit_reddit__r--funny--comments--qiz707--a_little_boy_accidentally_orders_pizza_to_his": {
      "id": "2021_10_30_en_reddit_reddit__r--funny--comments--qiz707--a_little_boy_accidentally_orders_pizza_to_his",
      "url": "https://old.reddit.com/r/funny/comments/qiz707/a_little_boy_accidentally_orders_pizza_to_his/",
      "date_published": "2021-10-30T17:27:39.000Z",
      "date_modified": "2021-10-30T17:27:39.000Z",
      "_original_published": "2021-10-30T11:01:49.000Z",
      "_original_language": "en",
      "_translations": {
        "en": {
          "title": "A little boy accidentally orders pizza to his house and here is his dad's reaction."
        },
        "ja": {
          "title": "小さな男の子が誤って家にピザを注文してしまい、その時のお父さんの反応をご紹介します。"
        },
        "zh-Hans": {
          "title": "一个小男孩不小心把比萨饼订到了他家，这里是他爸爸的反应。"
        },
        "zh-Hant": {
          "title": "一個小男孩不小心把比薩餅訂到了他家，這裏是他爸爸的反應。"
        }
      },
      "tags": [
        "funny"
      ],
      "authors": [
        {
          "name": "bendubberley_",
          "url": "https://old.reddit.com/user/bendubberley_"
        }
      ],
      "_links": [
        {
          "url": "https://old.reddit.com/r/funny/comments/qiz707/a_little_boy_accidentally_orders_pizza_to_his/",
          "name": "&uarr;76754 votes"
        }
      ],
      "image": "https://external-preview.redd.it/Y74ss9bE6qghcjKWjdrH6gZrqY2jnwzNKZtFrFwkMrQ.png?width=640&crop=smart&format=pjpg&auto=webp&s=72a695ce5a1907bd0d5cb9890423847d78f302b4",
      "_video": {
        "sources": [
          {
            "url": "https://v.redd.it/c4sbaw7dkkw71/DASH_720.mp4?source=fallback"
          }
        ],
        "width": 577,
        "height": 720,
        "poster": "https://external-preview.redd.it/Y74ss9bE6qghcjKWjdrH6gZrqY2jnwzNKZtFrFwkMrQ.png?width=640&crop=smart&format=pjpg&auto=webp&s=72a695ce5a1907bd0d5cb9890423847d78f302b4"
      }
    },
    "2021_10_31_en_reddit_reddit__r--nextfuckinglevel--comments--qjmluj--swedish_security_guard_takes_down_2_people": {
      "id": "2021_10_31_en_reddit_reddit__r--nextfuckinglevel--comments--qjmluj--swedish_security_guard_takes_down_2_people",
      "url": "https://old.reddit.com/r/nextfuckinglevel/comments/qjmluj/swedish_security_guard_takes_down_2_people/",
      "date_published": "2021-10-31T19:18:36.000Z",
      "date_modified": "2021-10-31T19:18:36.000Z",
      "_original_published": "2021-10-31T10:14:12.000Z",
      "_original_language": "en",
      "_translations": {
        "en": {
          "title": "Swedish Security Guard takes down 2 people fighting in the subway"
        },
        "ja": {
          "title": "スウェーデンの警備員が地下鉄で争う2人を取り押さえる"
        },
        "zh-Hans": {
          "title": "瑞典保安员击倒地铁里打架的2人"
        },
        "zh-Hant": {
          "title": "瑞典保安員擊倒地鐵裏打架的2人"
        }
      },
      "tags": [
        "nextfuckinglevel"
      ],
      "authors": [
        {
          "name": "strawwberrytea",
          "url": "https://old.reddit.com/user/strawwberrytea"
        }
      ],
      "_links": [
        {
          "url": "https://old.reddit.com/r/nextfuckinglevel/comments/qjmluj/swedish_security_guard_takes_down_2_people/",
          "name": "&uarr;76636 votes"
        }
      ],
      "image": "https://external-preview.redd.it/WP3FCaFYrWf7NlaOhJ9lWtPf9V2HpvtwdaNWICmf37U.png?width=1080&crop=smart&format=pjpg&auto=webp&s=4fadb44b3fbe5da29eb3f00d3995adff4fc438cb",
      "_video": {
        "sources": [
          {
            "url": "https://v.redd.it/nsuelszogrw71/DASH_1080.mp4?source=fallback"
          }
        ],
        "width": 1920,
        "height": 1080,
        "poster": "https://external-preview.redd.it/WP3FCaFYrWf7NlaOhJ9lWtPf9V2HpvtwdaNWICmf37U.png?width=1080&crop=smart&format=pjpg&auto=webp&s=4fadb44b3fbe5da29eb3f00d3995adff4fc438cb"
      }
    },
    "2021_10_29_en_reddit_reddit__r--WhitePeopleTwitter--comments--qil9yf--thanks_i_hate_it": {
      "id": "2021_10_29_en_reddit_reddit__r--WhitePeopleTwitter--comments--qil9yf--thanks_i_hate_it",
      "url": "https://old.reddit.com/r/WhitePeopleTwitter/comments/qil9yf/thanks_i_hate_it/",
      "date_published": "2021-10-30T12:47:19.000Z",
      "date_modified": "2021-10-30T12:47:19.000Z",
      "_original_published": "2021-10-29T20:09:13.000Z",
      "_original_language": "en",
      "_translations": {
        "en": {
          "title": "Thanks, I hate it."
        },
        "ja": {
          "title": "ありがとうございます、嫌いです。"
        },
        "zh-Hans": {
          "title": "谢谢，我讨厌这样。"
        },
        "zh-Hant": {
          "title": "謝謝，我討厭這樣。"
        }
      },
      "tags": [
        "WhitePeopleTwitter"
      ],
      "authors": [
        {
          "name": "travellinglaowai",
          "url": "https://old.reddit.com/user/travellinglaowai"
        }
      ],
      "_links": [
        {
          "url": "https://old.reddit.com/r/WhitePeopleTwitter/comments/qil9yf/thanks_i_hate_it/",
          "name": "&uarr;76584 votes"
        }
      ],
      "image": "https://preview.redd.it/e1fgysd35gw71.png?width=320&crop=smart&auto=webp&s=49a6cbcc89a44bef47e82873babf7e48afb64be7"
    },
    "2021_11_02_en_reddit_reddit__r--aww--comments--ql578f--kabosu_かぼちゃん_famous_for_the_doge_meme_turned_16": {
      "id": "2021_11_02_en_reddit_reddit__r--aww--comments--ql578f--kabosu_かぼちゃん_famous_for_the_doge_meme_turned_16",
      "url": "https://old.reddit.com/r/aww/comments/ql578f/kabosu_かぼちゃん_famous_for_the_doge_meme_turned_16/",
      "date_published": "2021-11-02T23:25:56.000Z",
      "date_modified": "2021-11-02T23:25:56.000Z",
      "_original_published": "2021-11-02T14:16:57.000Z",
      "_original_language": "en",
      "_translations": {
        "en": {
          "title": "Kabosu (かぼちゃん) famous for the Doge meme turned 16 today"
        },
        "ja": {
          "title": "Dogeのミームで有名なKabosu(かぼちゃん)は今日で16歳になりました。"
        },
        "zh-Hans": {
          "title": "因《Doge》备忘录而闻名的Kabosu（かぼちゃん）今天16岁了。"
        },
        "zh-Hant": {
          "title": "因《Doge》備忘錄而聞名的Kabosu（かぼちゃん）今天16歲了。"
        }
      },
      "tags": [
        "aww"
      ],
      "authors": [
        {
          "name": "EsperaDeus",
          "url": "https://old.reddit.com/user/EsperaDeus"
        }
      ],
      "_links": [
        {
          "url": "https://old.reddit.com/r/aww/comments/ql578f/kabosu_かぼちゃん_famous_for_the_doge_meme_turned_16/",
          "name": "&uarr;76511 votes"
        }
      ],
      "image": "https://external-preview.redd.it/gTwkMiGHlvQHR1_zvIHQ-xcVLKtwB6WIAGt9E7lrxKg.png?width=640&crop=smart&format=pjpg&auto=webp&s=4987eef39ce3740c6a637854024f7282ad8b8163",
      "_video": {
        "sources": [
          {
            "url": "https://v.redd.it/fv6z6yzix6x71/DASH_1080.mp4?source=fallback"
          }
        ],
        "width": 607,
        "height": 1080,
        "poster": "https://external-preview.redd.it/gTwkMiGHlvQHR1_zvIHQ-xcVLKtwB6WIAGt9E7lrxKg.png?width=640&crop=smart&format=pjpg&auto=webp&s=4987eef39ce3740c6a637854024f7282ad8b8163"
      }
    },
    "2021_11_01_en_reddit_reddit__r--nottheonion--comments--qknfda--facebook_wants_to_attract_young_people_but_gen_z": {
      "id": "2021_11_01_en_reddit_reddit__r--nottheonion--comments--qknfda--facebook_wants_to_attract_young_people_but_gen_z",
      "url": "https://old.reddit.com/r/nottheonion/comments/qknfda/facebook_wants_to_attract_young_people_but_gen_z/",
      "date_published": "2021-11-02T13:02:56.000Z",
      "date_modified": "2021-11-02T13:02:56.000Z",
      "_original_published": "2021-11-01T20:48:09.000Z",
      "_original_language": "en",
      "_translations": {
        "en": {
          "title": "Facebook wants to attract young people, but Gen Z teens say it's a 'boomer social network' made for 'old people"
        },
        "ja": {
          "title": "Facebookは若者を惹きつけようとしているが、Z世代の若者たちは「老人」のための「団塊のソーシャルネットワーク」だと言う"
        },
        "zh-Hans": {
          "title": "脸书想吸引年轻人，但Z世代的青少年说这是为 \"老人 \"打造的 \"潮人社交网络"
        },
        "zh-Hant": {
          "title": "臉書想吸引年輕人，但Z世代的青少年說這是爲 \"老人 \"打造的 \"潮人社交網絡"
        }
      },
      "tags": [
        "nottheonion"
      ],
      "authors": [
        {
          "name": "Moll-3",
          "url": "https://old.reddit.com/user/Moll-3"
        }
      ],
      "_links": [
        {
          "url": "https://old.reddit.com/r/nottheonion/comments/qknfda/facebook_wants_to_attract_young_people_but_gen_z/",
          "name": "&uarr;76486 votes"
        }
      ],
      "image": "https://external-preview.redd.it/uILzUMFWpBOfhe_gt7b-oIYilzAPGj3mt9vcU2YlmU4.jpg?width=1080&crop=smart&auto=webp&s=1d0e3aebc16dcec8b2d4399409eee729c88244d6"
    },
    "2021_10_29_en_reddit_reddit__r--mildlyinteresting--comments--qi1saq--last_year_we_had_a_bag_break_and_it_dropped_a": {
      "id": "2021_10_29_en_reddit_reddit__r--mildlyinteresting--comments--qi1saq--last_year_we_had_a_bag_break_and_it_dropped_a",
      "url": "https://old.reddit.com/r/mildlyinteresting/comments/qi1saq/last_year_we_had_a_bag_break_and_it_dropped_a/",
      "date_published": "2021-10-29T15:46:15.000Z",
      "date_modified": "2021-10-29T15:46:15.000Z",
      "_original_published": "2021-10-29T01:41:21.000Z",
      "_original_language": "en",
      "_translations": {
        "en": {
          "title": "Last year we had a bag break and it dropped a 1.75L bottle of vodka and the pavements been clean there ever since"
        },
        "ja": {
          "title": "去年、バッグが壊れて1.75Lのウォッカのボトルが落ちたことがありましたが、それ以来、舗道はきれいになっています。"
        },
        "zh-Hans": {
          "title": "去年，我们有一个袋子破了，它掉了一瓶1.75升的伏特加酒，从那时起，那里的人行道一直很干净。"
        },
        "zh-Hant": {
          "title": "去年，我們有一個袋子破了，它掉了一瓶1.75升的伏特加酒，從那時起，那裏的人行道一直很乾淨。"
        }
      },
      "tags": [
        "mildlyinteresting"
      ],
      "authors": [
        {
          "name": "48jrej",
          "url": "https://old.reddit.com/user/48jrej"
        }
      ],
      "_links": [
        {
          "url": "https://old.reddit.com/r/mildlyinteresting/comments/qi1saq/last_year_we_had_a_bag_break_and_it_dropped_a/",
          "name": "&uarr;76447 votes"
        }
      ],
      "image": "https://external-preview.redd.it/IfIMP0PUXjyATWoXufYvDCv33s-6ZdXfLqMJw52rF7g.jpg?width=1080&crop=smart&auto=webp&s=18df242f705c171d68ffb8c7c3c612fde8da45b8"
    },
    "2021_10_31_en_reddit_reddit__r--WhitePeopleTwitter--comments--qk0ugn--giant_dicks_giant_profile_dick_pic_checks_out": {
      "id": "2021_10_31_en_reddit_reddit__r--WhitePeopleTwitter--comments--qk0ugn--giant_dicks_giant_profile_dick_pic_checks_out",
      "url": "https://old.reddit.com/r/WhitePeopleTwitter/comments/qk0ugn/giant_dicks_giant_profile_dick_pic_checks_out/",
      "date_published": "2021-11-01T12:37:11.000Z",
      "date_modified": "2021-11-01T12:37:11.000Z",
      "_original_published": "2021-10-31T22:58:34.000Z",
      "_original_language": "en",
      "_translations": {
        "en": {
          "title": "Giant dick’s giant profile dick pic checks out"
        },
        "ja": {
          "title": "巨根の巨根のプロフィールチンポの写真をチェックすると"
        },
        "zh-Hans": {
          "title": "巨人屌丝的巨幅资料屌丝照片检查出来了"
        },
        "zh-Hant": {
          "title": "巨人屌絲的巨幅資料屌絲照片檢查出來了"
        }
      },
      "tags": [
        "WhitePeopleTwitter"
      ],
      "authors": [
        {
          "name": "darkizzle",
          "url": "https://old.reddit.com/user/darkizzle"
        }
      ],
      "_links": [
        {
          "url": "https://old.reddit.com/r/WhitePeopleTwitter/comments/qk0ugn/giant_dicks_giant_profile_dick_pic_checks_out/",
          "name": "&uarr;76433 votes"
        }
      ],
      "image": "https://preview.redd.it/kprm0qn59vw71.jpg?width=1080&crop=smart&auto=webp&s=5ecf3e76f5bb4e4a4874727cb8cf4fb262af148a"
    },
    "2021_10_30_en_reddit_reddit__r--news--comments--qj11w9--covid19_has_killed_more_people_in_the_us_than": {
      "id": "2021_10_30_en_reddit_reddit__r--news--comments--qj11w9--covid19_has_killed_more_people_in_the_us_than",
      "url": "https://old.reddit.com/r/news/comments/qj11w9/covid19_has_killed_more_people_in_the_us_than/",
      "date_published": "2021-10-31T02:10:02.000Z",
      "date_modified": "2021-10-31T02:10:02.000Z",
      "_original_published": "2021-10-30T13:02:57.000Z",
      "_original_language": "en",
      "_translations": {
        "en": {
          "title": "Covid-19 has killed more people in the US than HIV/Aids did in 40 years"
        },
        "ja": {
          "title": "Covid-19による米国での死亡者数は、40年間でHIV/エイズによる死亡者数を上回っている。"
        },
        "zh-Hans": {
          "title": "Covid-19在美国造成的死亡人数比HIV/AIDS在40年内造成的死亡人数还要多"
        },
        "zh-Hant": {
          "title": "Covid-19在美國造成的死亡人數比HIV/AIDS在40年內造成的死亡人數還要多"
        }
      },
      "tags": [
        "news"
      ],
      "authors": [
        {
          "name": "Adelu1219",
          "url": "https://old.reddit.com/user/Adelu1219"
        }
      ],
      "_links": [
        {
          "url": "https://old.reddit.com/r/news/comments/qj11w9/covid19_has_killed_more_people_in_the_us_than/",
          "name": "&uarr;76368 votes"
        }
      ],
      "image": "https://external-preview.redd.it/a-m9bdlCYXxkLovQ9qv96_HGs-wZD2lUQvpQXk3ya3E.jpg?width=1080&crop=smart&auto=webp&s=b53b093c263a66b71d9e5adcebf690051ef99336"
    },
    "2021_11_01_en_reddit_reddit__r--meme--comments--qkd1rh--that_one_there_was_a_violation": {
      "id": "2021_11_01_en_reddit_reddit__r--meme--comments--qkd1rh--that_one_there_was_a_violation",
      "url": "https://old.reddit.com/r/meme/comments/qkd1rh/that_one_there_was_a_violation/",
      "date_published": "2021-11-02T02:07:00.000Z",
      "date_modified": "2021-11-02T02:07:00.000Z",
      "_original_published": "2021-11-01T12:36:38.000Z",
      "_original_language": "en",
      "_translations": {
        "en": {
          "title": "that one there was a violation"
        },
        "ja": {
          "title": "その1つは違反があったこと"
        },
        "zh-Hans": {
          "title": "那一个有违反"
        },
        "zh-Hant": {
          "title": "那一個有違反"
        }
      },
      "tags": [
        "meme"
      ],
      "authors": [
        {
          "name": "arrowforlyf",
          "url": "https://old.reddit.com/user/arrowforlyf"
        }
      ],
      "_links": [
        {
          "url": "https://old.reddit.com/r/meme/comments/qkd1rh/that_one_there_was_a_violation/",
          "name": "&uarr;76366 votes"
        }
      ],
      "image": "https://preview.redd.it/k4s9z1u0bzw71.gif?width=320&crop=smart&format=png8&s=eac38d1efcd0e5aa3d71f3fb0b0c76a9b43b5365",
      "_video": {
        "sources": [
          {
            "url": "https://preview.redd.it/k4s9z1u0bzw71.gif?format=mp4&s=e5912f062078b7f606c9d6dfadcfbdbed296fc6d"
          }
        ],
        "width": 528,
        "height": 696,
        "poster": "https://preview.redd.it/k4s9z1u0bzw71.gif?width=320&crop=smart&format=png8&s=eac38d1efcd0e5aa3d71f3fb0b0c76a9b43b5365"
      }
    }
  }
}
