{
  "items": {
    "2022_05_13_en_reddit_reddit__r--nextfuckinglevel--comments--up0jgk--cashier_makes_himself_ready_after_seeing_a": {
      "id": "2022_05_13_en_reddit_reddit__r--nextfuckinglevel--comments--up0jgk--cashier_makes_himself_ready_after_seeing_a",
      "url": "https://old.reddit.com/r/nextfuckinglevel/comments/up0jgk/cashier_makes_himself_ready_after_seeing_a/",
      "date_published": "2022-05-14T01:59:05.000Z",
      "date_modified": "2022-05-14T01:59:05.000Z",
      "_original_published": "2022-05-13T20:23:54.000Z",
      "_original_language": "en",
      "_translations": {
        "en": {
          "title": "Cashier makes himself ready after seeing a suspicious guy outside his shop."
        },
        "ja": {
          "title": "店の前に不審な男がいるのを見て、身支度をするレジ係。"
        },
        "zh-Hans": {
          "title": "收银员看到店外有一个可疑的人后，让自己做好准备。"
        },
        "zh-Hant": {
          "title": "收銀員看到店外有一個可疑的人後，讓自己做好準備。"
        }
      },
      "tags": [
        "nextfuckinglevel"
      ],
      "authors": [
        {
          "name": "itsHaMaaa",
          "url": "https://old.reddit.com/user/itsHaMaaa"
        }
      ],
      "_links": [
        {
          "url": "https://old.reddit.com/r/nextfuckinglevel/comments/up0jgk/cashier_makes_himself_ready_after_seeing_a/",
          "name": "&uarr;87770 votes"
        }
      ],
      "image": "https://external-preview.redd.it/1Fb68bOwq836_FzNXNRrX_DFlHLStNCMbulOe5Vn8BA.png?width=640&amp;crop=smart&amp;format=pjpg&amp;auto=webp&amp;s=865fc546e25ea310b71b8345d2526007e529f231",
      "_video": {
        "sources": [
          {
            "url": "https://v.redd.it/q1003ufeyaz81/DASH_360.mp4?source=fallback"
          }
        ],
        "width": 626,
        "height": 360,
        "poster": "https://external-preview.redd.it/1Fb68bOwq836_FzNXNRrX_DFlHLStNCMbulOe5Vn8BA.png?width=640&amp;crop=smart&amp;format=pjpg&amp;auto=webp&amp;s=865fc546e25ea310b71b8345d2526007e529f231"
      }
    },
    "2022_05_15_en_reddit_reddit__r--MadeMeSmile--comments--uq5bdm--this_guy_cleaned_up_an_entire_park_by_himself": {
      "id": "2022_05_15_en_reddit_reddit__r--MadeMeSmile--comments--uq5bdm--this_guy_cleaned_up_an_entire_park_by_himself",
      "url": "https://old.reddit.com/r/MadeMeSmile/comments/uq5bdm/this_guy_cleaned_up_an_entire_park_by_himself/",
      "date_published": "2022-05-15T16:55:38.000Z",
      "date_modified": "2022-05-15T16:55:38.000Z",
      "_original_published": "2022-05-15T12:43:09.000Z",
      "_original_language": "en",
      "_translations": {
        "en": {
          "title": "This guy cleaned up an entire park by himself!"
        },
        "ja": {
          "title": "この人、一人で公園を全部掃除してるんですよ！？"
        },
        "zh-Hans": {
          "title": "这家伙一个人就把整个公园都清理干净了!"
        },
        "zh-Hant": {
          "title": "這傢伙一個人就把整個公園都清理乾淨了!"
        }
      },
      "tags": [
        "MadeMeSmile"
      ],
      "authors": [
        {
          "name": "Swerwin",
          "url": "https://old.reddit.com/user/Swerwin"
        }
      ],
      "_links": [
        {
          "url": "https://old.reddit.com/r/MadeMeSmile/comments/uq5bdm/this_guy_cleaned_up_an_entire_park_by_himself/",
          "name": "&uarr;87064 votes"
        }
      ],
      "image": "https://preview.redd.it/92xezgx0ymz81.jpg?width=640&amp;crop=smart&amp;auto=webp&amp;s=59d5754317435ac33729bb36c54a1697eb84cdc6"
    },
    "2022_05_13_en_reddit_reddit__r--memes--comments--uoqq32--thank_god": {
      "id": "2022_05_13_en_reddit_reddit__r--memes--comments--uoqq32--thank_god",
      "url": "https://old.reddit.com/r/memes/comments/uoqq32/thank_god/",
      "date_published": "2022-05-13T17:26:10.000Z",
      "date_modified": "2022-05-13T17:26:10.000Z",
      "_original_published": "2022-05-13T12:34:41.000Z",
      "_original_language": "en",
      "_translations": {
        "en": {
          "title": "thank god"
        },
        "ja": {
          "title": "有り難い"
        },
        "zh-Hans": {
          "title": "感谢上帝"
        },
        "zh-Hant": {
          "title": "感謝上帝"
        }
      },
      "tags": [
        "memes"
      ],
      "authors": [
        {
          "name": "ludicrosity548",
          "url": "https://old.reddit.com/user/ludicrosity548"
        }
      ],
      "_links": [
        {
          "url": "https://old.reddit.com/r/memes/comments/uoqq32/thank_god/",
          "name": "&uarr;86309 votes"
        }
      ],
      "image": "https://preview.redd.it/djw0xedkm8z81.gif?width=320&amp;crop=smart&amp;format=png8&amp;s=9723913ffee3f984ebab6054ccbf899eab4b88c0",
      "_video": {
        "sources": [
          {
            "url": "https://preview.redd.it/djw0xedkm8z81.gif?format=mp4&amp;s=60abe1dbdfdfa2e8b007af4858c700fe7428edb5"
          }
        ],
        "width": 480,
        "height": 440,
        "poster": "https://preview.redd.it/djw0xedkm8z81.gif?width=320&amp;crop=smart&amp;format=png8&amp;s=9723913ffee3f984ebab6054ccbf899eab4b88c0"
      }
    },
    "2022_05_14_en_reddit_reddit__r--meirl--comments--upgnik--meirl": {
      "id": "2022_05_14_en_reddit_reddit__r--meirl--comments--upgnik--meirl",
      "url": "https://old.reddit.com/r/meirl/comments/upgnik/meirl/",
      "date_published": "2022-05-15T02:10:30.000Z",
      "date_modified": "2022-05-15T02:10:30.000Z",
      "_original_published": "2022-05-14T12:53:53.000Z",
      "_original_language": "en",
      "_translations": {
        "en": {
          "title": "Meirl"
        },
        "ja": {
          "title": "ミール"
        },
        "zh-Hans": {
          "title": "米勒"
        },
        "zh-Hant": {
          "title": "米勒"
        }
      },
      "tags": [
        "meirl"
      ],
      "authors": [
        {
          "name": "paradnihni",
          "url": "https://old.reddit.com/user/paradnihni"
        }
      ],
      "_links": [
        {
          "url": "https://old.reddit.com/r/meirl/comments/upgnik/meirl/",
          "name": "&uarr;84054 votes"
        }
      ],
      "image": "https://preview.redd.it/2xg80fs0vfz81.jpg?width=640&amp;crop=smart&amp;auto=webp&amp;s=0ab017059fa9abe5e145ae21b3d3d18da327eb70"
    },
    "2022_05_17_en_reddit_reddit__r--meirl--comments--urkypw--meirl": {
      "id": "2022_05_17_en_reddit_reddit__r--meirl--comments--urkypw--meirl",
      "url": "https://old.reddit.com/r/meirl/comments/urkypw/meirl/",
      "date_published": "2022-05-17T17:46:19.000Z",
      "date_modified": "2022-05-17T17:46:19.000Z",
      "_original_published": "2022-05-17T12:07:23.000Z",
      "_original_language": "en",
      "_translations": {
        "en": {
          "title": "meirl"
        },
        "ja": {
          "title": "ミール"
        },
        "zh-Hans": {
          "title": "我的女孩"
        },
        "zh-Hant": {
          "title": "我的女孩"
        }
      },
      "tags": [
        "meirl"
      ],
      "authors": [
        {
          "name": "SnooCupcakes8607",
          "url": "https://old.reddit.com/user/SnooCupcakes8607"
        }
      ],
      "_links": [
        {
          "url": "https://old.reddit.com/r/meirl/comments/urkypw/meirl/",
          "name": "&uarr;81854 votes"
        }
      ],
      "image": "https://preview.redd.it/ftv864vf11091.gif?width=640&amp;crop=smart&amp;format=png8&amp;s=6b36495f21b1f5e5f56f9f2bf4d2c404a2743351",
      "_video": {
        "sources": [
          {
            "url": "https://preview.redd.it/ftv864vf11091.gif?format=mp4&amp;s=1f4354351c2bc39ce3771413306d329925e59b3c"
          }
        ],
        "width": 792,
        "height": 596,
        "poster": "https://preview.redd.it/ftv864vf11091.gif?width=640&amp;crop=smart&amp;format=png8&amp;s=6b36495f21b1f5e5f56f9f2bf4d2c404a2743351"
      }
    },
    "2022_05_14_en_reddit_reddit__r--Unexpected--comments--upmoru--quick_break": {
      "id": "2022_05_14_en_reddit_reddit__r--Unexpected--comments--upmoru--quick_break",
      "url": "https://old.reddit.com/r/Unexpected/comments/upmoru/quick_break/",
      "date_published": "2022-05-14T22:39:25.000Z",
      "date_modified": "2022-05-14T22:39:25.000Z",
      "_original_published": "2022-05-14T17:59:14.000Z",
      "_original_language": "en",
      "_translations": {
        "en": {
          "title": "Quick break"
        },
        "ja": {
          "title": "クイックブレーク"
        },
        "zh-Hans": {
          "title": "快速休息"
        },
        "zh-Hant": {
          "title": "快速休息"
        }
      },
      "tags": [
        "Unexpected"
      ],
      "authors": [
        {
          "name": "fareshusseini",
          "url": "https://old.reddit.com/user/fareshusseini"
        }
      ],
      "_links": [
        {
          "url": "https://old.reddit.com/r/Unexpected/comments/upmoru/quick_break/",
          "name": "&uarr;80279 votes"
        }
      ],
      "image": "https://preview.redd.it/wrd82wohdhz81.gif?width=320&amp;crop=smart&amp;format=png8&amp;s=477559e70e446b2eb1bac85e09d8933b0b323d70",
      "_video": {
        "sources": [
          {
            "url": "https://preview.redd.it/wrd82wohdhz81.gif?format=mp4&amp;s=9727a59ae02979b0b0091e12befad1d9cf3d8532"
          }
        ],
        "width": 401,
        "height": 360,
        "poster": "https://preview.redd.it/wrd82wohdhz81.gif?width=320&amp;crop=smart&amp;format=png8&amp;s=477559e70e446b2eb1bac85e09d8933b0b323d70"
      }
    },
    "2022_05_16_en_reddit_reddit__r--aww--comments--uqywl2--puppys_first_bath": {
      "id": "2022_05_16_en_reddit_reddit__r--aww--comments--uqywl2--puppys_first_bath",
      "url": "https://old.reddit.com/r/aww/comments/uqywl2/puppys_first_bath/",
      "date_published": "2022-05-17T00:44:47.000Z",
      "date_modified": "2022-05-17T00:44:47.000Z",
      "_original_published": "2022-05-16T15:44:52.000Z",
      "_original_language": "en",
      "_translations": {
        "en": {
          "title": "Puppy’s first bath"
        },
        "ja": {
          "title": "子犬の初風呂"
        },
        "zh-Hans": {
          "title": "小狗的第一次洗澡"
        },
        "zh-Hant": {
          "title": "小狗的第一次洗澡"
        }
      },
      "tags": [
        "aww"
      ],
      "authors": [
        {
          "name": "1q8b",
          "url": "https://old.reddit.com/user/1q8b"
        }
      ],
      "_links": [
        {
          "url": "https://old.reddit.com/r/aww/comments/uqywl2/puppys_first_bath/",
          "name": "&uarr;80005 votes"
        }
      ],
      "image": "https://external-preview.redd.it/92PWmxVij3dDLVrGbTZQJjjhc7sKrEkl7hgIg70pinw.png?width=320&amp;crop=smart&amp;format=pjpg&amp;auto=webp&amp;s=923a3c6edb84c3249c0442ae91cd615f4a58078d",
      "_video": {
        "sources": [
          {
            "url": "https://v.redd.it/hl70e0nczuz81/DASH_480.mp4?source=fallback"
          }
        ],
        "width": 389,
        "height": 480,
        "poster": "https://external-preview.redd.it/92PWmxVij3dDLVrGbTZQJjjhc7sKrEkl7hgIg70pinw.png?width=320&amp;crop=smart&amp;format=pjpg&amp;auto=webp&amp;s=923a3c6edb84c3249c0442ae91cd615f4a58078d"
      }
    },
    "2022_05_14_en_reddit_reddit__r--mildlyinfuriating--comments--upiot5--received_in_the_mail_from_a_concerned_neighbor": {
      "id": "2022_05_14_en_reddit_reddit__r--mildlyinfuriating--comments--upiot5--received_in_the_mail_from_a_concerned_neighbor",
      "url": "https://old.reddit.com/r/mildlyinfuriating/comments/upiot5/received_in_the_mail_from_a_concerned_neighbor/",
      "date_published": "2022-05-15T02:10:30.000Z",
      "date_modified": "2022-05-15T02:10:30.000Z",
      "_original_published": "2022-05-14T14:43:22.000Z",
      "_original_language": "en",
      "_translations": {
        "en": {
          "title": "Received in the mail from a concerned neighbor (context in comments)"
        },
        "ja": {
          "title": "ご近所の方からメールでいただきました（コメントは文脈です）"
        },
        "zh-Hans": {
          "title": "从一个关心的邻居那里收到的邮件（评论中的背景）。"
        },
        "zh-Hant": {
          "title": "從一個關心的鄰居那裏收到的郵件（評論中的背景）。"
        }
      },
      "tags": [
        "mildlyinfuriating"
      ],
      "authors": [
        {
          "name": "mahelke",
          "url": "https://old.reddit.com/user/mahelke"
        }
      ],
      "_links": [
        {
          "url": "https://old.reddit.com/r/mildlyinfuriating/comments/upiot5/received_in_the_mail_from_a_concerned_neighbor/",
          "name": "&uarr;79564 votes"
        }
      ],
      "image": "https://preview.redd.it/4ftq5pxjegz81.jpg?width=1080&amp;crop=smart&amp;auto=webp&amp;s=501af418a6498f375a6c3a66603c8ed93dd1362f"
    },
    "2022_05_13_en_reddit_reddit__r--nextfuckinglevel--comments--uon1fr--on_some_john_wick_type_stuff": {
      "id": "2022_05_13_en_reddit_reddit__r--nextfuckinglevel--comments--uon1fr--on_some_john_wick_type_stuff",
      "url": "https://old.reddit.com/r/nextfuckinglevel/comments/uon1fr/on_some_john_wick_type_stuff/",
      "date_published": "2022-05-13T15:16:55.000Z",
      "date_modified": "2022-05-13T15:16:55.000Z",
      "_original_published": "2022-05-13T08:25:44.000Z",
      "_original_language": "en",
      "_translations": {
        "en": {
          "title": "On some John Wick type stuff"
        },
        "ja": {
          "title": "ジョン・ウィック的なものについて"
        },
        "zh-Hans": {
          "title": "关于一些约翰-威克类型的东西"
        },
        "zh-Hant": {
          "title": "關於一些約翰-威克類型的東西"
        }
      },
      "tags": [
        "nextfuckinglevel"
      ],
      "authors": [
        {
          "name": "Fegit5601",
          "url": "https://old.reddit.com/user/Fegit5601"
        }
      ],
      "_links": [
        {
          "url": "https://old.reddit.com/r/nextfuckinglevel/comments/uon1fr/on_some_john_wick_type_stuff/",
          "name": "&uarr;79250 votes"
        }
      ],
      "image": "https://external-preview.redd.it/lPW4x8L0zfiQwq7aeinYj_a0vs_iwFpTchzZ0U9ejhY.png?width=640&amp;crop=smart&amp;format=pjpg&amp;auto=webp&amp;s=1098074f658c1d38ecaee9852d9bc18e5cd12f41",
      "_video": {
        "sources": [
          {
            "url": "https://v.redd.it/2rpuxty9e7z81/DASH_360.mp4?source=fallback"
          }
        ],
        "width": 482,
        "height": 360,
        "poster": "https://external-preview.redd.it/lPW4x8L0zfiQwq7aeinYj_a0vs_iwFpTchzZ0U9ejhY.png?width=640&amp;crop=smart&amp;format=pjpg&amp;auto=webp&amp;s=1098074f658c1d38ecaee9852d9bc18e5cd12f41"
      }
    },
    "2022_05_13_en_reddit_reddit__r--WhitePeopleTwitter--comments--uorvcu--the_word_you_are_looking_for_is_hypocrisy": {
      "id": "2022_05_13_en_reddit_reddit__r--WhitePeopleTwitter--comments--uorvcu--the_word_you_are_looking_for_is_hypocrisy",
      "url": "https://old.reddit.com/r/WhitePeopleTwitter/comments/uorvcu/the_word_you_are_looking_for_is_hypocrisy/",
      "date_published": "2022-05-14T01:59:05.000Z",
      "date_modified": "2022-05-14T01:59:05.000Z",
      "_original_published": "2022-05-13T13:33:38.000Z",
      "_original_language": "en",
      "_translations": {
        "en": {
          "title": "The word you are looking for is “hypocrisy”"
        },
        "ja": {
          "title": "あなたが探している言葉は \"偽善 \"です。"
        },
        "zh-Hans": {
          "title": "你要找的词是 \"虚伪\""
        },
        "zh-Hant": {
          "title": "你要找的詞是 \"虛僞\""
        }
      },
      "tags": [
        "WhitePeopleTwitter"
      ],
      "authors": [
        {
          "name": "DaFunkJunkie",
          "url": "https://old.reddit.com/user/DaFunkJunkie"
        }
      ],
      "_links": [
        {
          "url": "https://old.reddit.com/r/WhitePeopleTwitter/comments/uorvcu/the_word_you_are_looking_for_is_hypocrisy/",
          "name": "&uarr;79234 votes"
        }
      ],
      "image": "https://preview.redd.it/odcsn7k7x8z81.jpg?width=1080&amp;crop=smart&amp;auto=webp&amp;s=ed0dbd4f25866175797895937a3b9b941c5c28d6"
    },
    "2022_05_15_en_reddit_reddit__r--WhitePeopleTwitter--comments--uq88uz--i_want_to_hear_about_those_weve_lost_the_shooter": {
      "id": "2022_05_15_en_reddit_reddit__r--WhitePeopleTwitter--comments--uq88uz--i_want_to_hear_about_those_weve_lost_the_shooter",
      "url": "https://old.reddit.com/r/WhitePeopleTwitter/comments/uq88uz/i_want_to_hear_about_those_weve_lost_the_shooter/",
      "date_published": "2022-05-16T01:54:34.000Z",
      "date_modified": "2022-05-16T01:54:34.000Z",
      "_original_published": "2022-05-15T15:18:27.000Z",
      "_original_language": "en",
      "_translations": {
        "en": {
          "title": "I want to hear about those we've lost. The shooter doesn't deserve anyone's time."
        },
        "ja": {
          "title": "失った人のことを聞きたい。犯人は誰の時間にも値しない。"
        },
        "zh-Hans": {
          "title": "我想听听我们失去的人的情况。枪手不值得任何人的时间。"
        },
        "zh-Hant": {
          "title": "我想聽聽我們失去的人的情況。槍手不值得任何人的時間。"
        }
      },
      "tags": [
        "WhitePeopleTwitter"
      ],
      "authors": [
        {
          "name": "Thryloz",
          "url": "https://old.reddit.com/user/Thryloz"
        }
      ],
      "_links": [
        {
          "url": "https://old.reddit.com/r/WhitePeopleTwitter/comments/uq88uz/i_want_to_hear_about_those_weve_lost_the_shooter/",
          "name": "&uarr;78901 votes"
        }
      ],
      "image": "https://external-preview.redd.it/fl2FPQSrRMuM3KtrlV_iHbOuh1iUuLiXz4M2QRpfk6k.png?width=640&amp;crop=smart&amp;auto=webp&amp;s=9895486fafc0034066d9d86e2c4a80f2602cef58"
    },
    "2022_05_15_en_reddit_reddit__r--me_irl--comments--uqevox--me_irl": {
      "id": "2022_05_15_en_reddit_reddit__r--me_irl--comments--uqevox--me_irl",
      "url": "https://old.reddit.com/r/me_irl/comments/uqevox/me_irl/",
      "date_published": "2022-05-16T05:27:49.000Z",
      "date_modified": "2022-05-16T05:27:49.000Z",
      "_original_published": "2022-05-15T20:34:35.000Z",
      "_original_language": "en",
      "_translations": {
        "en": {
          "title": "me_irl"
        },
        "ja": {
          "title": "ミーハー"
        },
        "zh-Hans": {
          "title": "我_女孩"
        },
        "zh-Hant": {
          "title": "我_女孩"
        }
      },
      "tags": [
        "me_irl"
      ],
      "authors": [
        {
          "name": "waqasnaseem07",
          "url": "https://old.reddit.com/user/waqasnaseem07"
        }
      ],
      "_links": [
        {
          "url": "https://old.reddit.com/r/me_irl/comments/uqevox/me_irl/",
          "name": "&uarr;78549 votes"
        }
      ],
      "image": "https://preview.redd.it/urp30cz1apz81.gif?width=640&amp;crop=smart&amp;format=png8&amp;s=c71a0e38278dac07c65023d4f9a9b0a970ef4a20",
      "_video": {
        "sources": [
          {
            "url": "https://preview.redd.it/urp30cz1apz81.gif?format=mp4&amp;s=a75db88673d873ffb7350bf72470c89f5b2457af"
          }
        ],
        "width": 750,
        "height": 528,
        "poster": "https://preview.redd.it/urp30cz1apz81.gif?width=640&amp;crop=smart&amp;format=png8&amp;s=c71a0e38278dac07c65023d4f9a9b0a970ef4a20"
      }
    },
    "2022_05_15_en_reddit_reddit__r--MadeMeSmile--comments--uqb8l9--when_you_get_older_and_realize_that_a_magical": {
      "id": "2022_05_15_en_reddit_reddit__r--MadeMeSmile--comments--uqb8l9--when_you_get_older_and_realize_that_a_magical",
      "url": "https://old.reddit.com/r/MadeMeSmile/comments/uqb8l9/when_you_get_older_and_realize_that_a_magical/",
      "date_published": "2022-05-15T22:33:28.000Z",
      "date_modified": "2022-05-15T22:33:28.000Z",
      "_original_published": "2022-05-15T17:41:58.000Z",
      "_original_language": "en",
      "_translations": {
        "en": {
          "title": "When you get older and realize that a magical childhood is the result of your parent’s effort"
        },
        "ja": {
          "title": "大人になり、魔法のような子供時代が親の努力の賜物であることに気づいたら"
        },
        "zh-Hans": {
          "title": "当你长大了，意识到神奇的童年是你父母努力的结果时"
        },
        "zh-Hant": {
          "title": "當你長大了，意識到神奇的童年是你父母努力的結果時"
        }
      },
      "tags": [
        "MadeMeSmile"
      ],
      "authors": [
        {
          "name": "Mint_Perspective",
          "url": "https://old.reddit.com/user/Mint_Perspective"
        }
      ],
      "_links": [
        {
          "url": "https://old.reddit.com/r/MadeMeSmile/comments/uqb8l9/when_you_get_older_and_realize_that_a_magical/",
          "name": "&uarr;78435 votes"
        }
      ],
      "image": "https://external-preview.redd.it/b4yQB7dhvtYWuoINZqoA-_4NGI2OH34fVDrXf4i9f2k.png?width=320&amp;crop=smart&amp;format=pjpg&amp;auto=webp&amp;s=cf5887d30a3fe114b56a3d43c88ea107d4ce22c8",
      "_video": {
        "sources": [
          {
            "url": "https://v.redd.it/vkwga4gweoz81/DASH_720.mp4?source=fallback"
          }
        ],
        "width": 485,
        "height": 720,
        "poster": "https://external-preview.redd.it/b4yQB7dhvtYWuoINZqoA-_4NGI2OH34fVDrXf4i9f2k.png?width=320&amp;crop=smart&amp;format=pjpg&amp;auto=webp&amp;s=cf5887d30a3fe114b56a3d43c88ea107d4ce22c8"
      }
    },
    "2022_05_16_en_reddit_reddit__r--funny--comments--uqu9g9--scammer_watches_500_disappear_after_wasting_10": {
      "id": "2022_05_16_en_reddit_reddit__r--funny--comments--uqu9g9--scammer_watches_500_disappear_after_wasting_10",
      "url": "https://old.reddit.com/r/funny/comments/uqu9g9/scammer_watches_500_disappear_after_wasting_10/",
      "date_published": "2022-05-16T17:56:54.000Z",
      "date_modified": "2022-05-16T17:56:54.000Z",
      "_original_published": "2022-05-16T11:59:06.000Z",
      "_original_language": "en",
      "_translations": {
        "en": {
          "title": "Scammer watches $500 disappear after wasting 10 hours"
        },
        "ja": {
          "title": "詐欺師が10時間浪費した後、500ドルが消えるのを見る"
        },
        "zh-Hans": {
          "title": "骗子在浪费了10个小时后看着500美元消失了"
        },
        "zh-Hant": {
          "title": "騙子在浪費了10個小時後看着500美元消失了"
        }
      },
      "tags": [
        "funny"
      ],
      "authors": [
        {
          "name": "Kitboga",
          "url": "https://old.reddit.com/user/Kitboga"
        }
      ],
      "_links": [
        {
          "url": "https://old.reddit.com/r/funny/comments/uqu9g9/scammer_watches_500_disappear_after_wasting_10/",
          "name": "&uarr;78294 votes"
        }
      ],
      "image": "https://external-preview.redd.it/uUTn1dAWT0oEA4YWP5LHWq18XuA9Dpg4pDUuNzAUirY.png?width=1080&amp;crop=smart&amp;format=pjpg&amp;auto=webp&amp;s=ab5e37f9a00f28b60fa45ba0a0d745222f685221",
      "_video": {
        "sources": [
          {
            "url": "https://v.redd.it/qo8ftrgwutz81/DASH_1080.mp4?source=fallback"
          }
        ],
        "width": 1920,
        "height": 1080,
        "poster": "https://external-preview.redd.it/uUTn1dAWT0oEA4YWP5LHWq18XuA9Dpg4pDUuNzAUirY.png?width=1080&amp;crop=smart&amp;format=pjpg&amp;auto=webp&amp;s=ab5e37f9a00f28b60fa45ba0a0d745222f685221"
      }
    },
    "2022_05_18_en_reddit_reddit__r--memes--comments--usaq6y--a_furry_friend_for_moral_support_whilst_we_blast": {
      "id": "2022_05_18_en_reddit_reddit__r--memes--comments--usaq6y--a_furry_friend_for_moral_support_whilst_we_blast",
      "url": "https://old.reddit.com/r/memes/comments/usaq6y/a_furry_friend_for_moral_support_whilst_we_blast/",
      "date_published": "2022-05-19T03:37:11.000Z",
      "date_modified": "2022-05-19T03:37:11.000Z",
      "_original_published": "2022-05-18T11:32:19.000Z",
      "_original_language": "en",
      "_translations": {
        "en": {
          "title": "A furry friend for moral support whilst we blast Nazis"
        },
        "zh-Hans": {
          "title": "在打击纳粹的同时，一个毛茸茸的朋友为我们提供精神上的支持"
        },
        "zh-Hant": {
          "title": "在打擊納粹的同時，一個毛茸茸的朋友爲我們提供精神上的支持"
        },
        "ja": {
          "title": "ナチスをやっつける時の精神的支柱になる毛皮の友達"
        }
      },
      "tags": [
        "memes"
      ],
      "authors": [
        {
          "name": "somnum_osseus",
          "url": "https://old.reddit.com/user/somnum_osseus"
        }
      ],
      "_links": [
        {
          "url": "https://old.reddit.com/r/memes/comments/usaq6y/a_furry_friend_for_moral_support_whilst_we_blast/",
          "name": "&uarr;78161 votes"
        }
      ],
      "image": "https://preview.redd.it/hi2zhss308091.gif?width=320&amp;crop=smart&amp;format=png8&amp;s=e6c00175a6f41a22537bf50c704512769c5606aa",
      "_video": {
        "sources": [
          {
            "url": "https://preview.redd.it/hi2zhss308091.gif?format=mp4&amp;s=44f59506654f73a82c248472030124e384c9df64"
          }
        ],
        "width": 604,
        "height": 718,
        "poster": "https://preview.redd.it/hi2zhss308091.gif?width=320&amp;crop=smart&amp;format=png8&amp;s=e6c00175a6f41a22537bf50c704512769c5606aa"
      }
    },
    "2022_05_19_en_reddit_reddit__r--nextfuckinglevel--comments--ut57xo--trainers_helped_boy_to_conquer_his_box_jump_fear": {
      "id": "2022_05_19_en_reddit_reddit__r--nextfuckinglevel--comments--ut57xo--trainers_helped_boy_to_conquer_his_box_jump_fear",
      "url": "https://old.reddit.com/r/nextfuckinglevel/comments/ut57xo/trainers_helped_boy_to_conquer_his_box_jump_fear/",
      "date_published": "2022-05-20T03:38:44.000Z",
      "date_modified": "2022-05-20T03:38:44.000Z",
      "_original_published": "2022-05-19T14:54:48.000Z",
      "_original_language": "en",
      "_translations": {
        "en": {
          "title": "Trainers helped boy to conquer his box jump fear"
        },
        "ja": {
          "title": "少年はトレーナーによって箱跳びの恐怖を克服した"
        },
        "zh-Hans": {
          "title": "培训师帮助男孩克服跳箱恐惧"
        },
        "zh-Hant": {
          "title": "培訓師幫助男孩克服跳箱恐懼"
        }
      },
      "tags": [
        "nextfuckinglevel"
      ],
      "authors": [
        {
          "name": "Phorenix",
          "url": "https://old.reddit.com/user/Phorenix"
        }
      ],
      "_links": [
        {
          "url": "https://old.reddit.com/r/nextfuckinglevel/comments/ut57xo/trainers_helped_boy_to_conquer_his_box_jump_fear/",
          "name": "&uarr;77952 votes"
        }
      ],
      "image": "https://external-preview.redd.it/HJNepPXTZbIIld3pGEcUFGJJJelZRMva2AEb917wcac.png?width=640&amp;crop=smart&amp;format=pjpg&amp;auto=webp&amp;s=f94b1770ccdb8d55e5a0529f7331b5ef0452a660",
      "_video": {
        "sources": [
          {
            "url": "https://v.redd.it/v8mtzqo25g091/DASH_720.mp4?source=fallback"
          }
        ],
        "width": 720,
        "height": 720,
        "poster": "https://external-preview.redd.it/HJNepPXTZbIIld3pGEcUFGJJJelZRMva2AEb917wcac.png?width=640&amp;crop=smart&amp;format=pjpg&amp;auto=webp&amp;s=f94b1770ccdb8d55e5a0529f7331b5ef0452a660"
      }
    },
    "2022_05_18_en_reddit_reddit__r--MadeMeSmile--comments--usadke--ryan_reynolds_replies_to_a_burn_victim": {
      "id": "2022_05_18_en_reddit_reddit__r--MadeMeSmile--comments--usadke--ryan_reynolds_replies_to_a_burn_victim",
      "url": "https://old.reddit.com/r/MadeMeSmile/comments/usadke/ryan_reynolds_replies_to_a_burn_victim/",
      "date_published": "2022-05-18T17:07:08.000Z",
      "date_modified": "2022-05-18T17:07:08.000Z",
      "_original_published": "2022-05-18T11:10:20.000Z",
      "_original_language": "en",
      "_translations": {
        "en": {
          "title": "Ryan Reynolds replies to a burn victim"
        },
        "ja": {
          "title": "ライアン・レイノルズ、火傷の被害者に返信"
        },
        "zh-Hans": {
          "title": "瑞安-雷诺兹对烧伤患者的答复"
        },
        "zh-Hant": {
          "title": "瑞安-雷諾茲對燒傷患者的答覆"
        }
      },
      "tags": [
        "MadeMeSmile"
      ],
      "authors": [
        {
          "name": "_Xyreo_",
          "url": "https://old.reddit.com/user/_Xyreo_"
        }
      ],
      "_links": [
        {
          "url": "https://old.reddit.com/r/MadeMeSmile/comments/usadke/ryan_reynolds_replies_to_a_burn_victim/",
          "name": "&uarr;77894 votes"
        }
      ],
      "image": "https://preview.redd.it/1c5srqi6w7091.png?width=640&amp;crop=smart&amp;auto=webp&amp;s=bdc6c5108b6a04441799f7c3f912f72896d7df22"
    },
    "2022_05_18_en_reddit_reddit__r--aww--comments--uscm0i--henry_cavill_and_his_good_boi_kal": {
      "id": "2022_05_18_en_reddit_reddit__r--aww--comments--uscm0i--henry_cavill_and_his_good_boi_kal",
      "url": "https://old.reddit.com/r/aww/comments/uscm0i/henry_cavill_and_his_good_boi_kal/",
      "date_published": "2022-05-19T02:01:50.000Z",
      "date_modified": "2022-05-19T02:01:50.000Z",
      "_original_published": "2022-05-18T13:12:20.000Z",
      "_original_language": "en",
      "_translations": {
        "en": {
          "title": "Henry Cavill and his good boi Kal"
        },
        "zh-Hans": {
          "title": "亨利-卡维尔和他的好兄弟卡尔"
        },
        "zh-Hant": {
          "title": "亨利-卡維爾和他的好兄弟卡爾"
        },
        "ja": {
          "title": "ヘンリー・カヴィルと仲良しのカルちゃん"
        }
      },
      "tags": [
        "aww"
      ],
      "authors": [
        {
          "name": "PaceTheRoom",
          "url": "https://old.reddit.com/user/PaceTheRoom"
        }
      ],
      "_links": [
        {
          "url": "https://old.reddit.com/r/aww/comments/uscm0i/henry_cavill_and_his_good_boi_kal/",
          "name": "&uarr;77808 votes"
        }
      ],
      "image": "https://preview.redd.it/reszamoyh8091.jpg?width=1080&amp;crop=smart&amp;auto=webp&amp;s=ec14cad0ac490b0aa30f84b2d0a77a27255682c9"
    },
    "2022_05_16_en_reddit_reddit__r--Unexpected--comments--uqtjz3--owo_thats_scary": {
      "id": "2022_05_16_en_reddit_reddit__r--Unexpected--comments--uqtjz3--owo_thats_scary",
      "url": "https://old.reddit.com/r/Unexpected/comments/uqtjz3/owo_thats_scary/",
      "date_published": "2022-05-16T17:56:54.000Z",
      "date_modified": "2022-05-16T17:56:54.000Z",
      "_original_published": "2022-05-16T11:18:09.000Z",
      "_original_language": "en",
      "_translations": {
        "en": {
          "title": "owo that's scary"
        },
        "ja": {
          "title": "こわいこわい"
        },
        "zh-Hans": {
          "title": "真吓人啊"
        },
        "zh-Hant": {
          "title": "真嚇人啊"
        }
      },
      "tags": [
        "Unexpected"
      ],
      "authors": [
        {
          "name": "Gaghackz",
          "url": "https://old.reddit.com/user/Gaghackz"
        }
      ],
      "_links": [
        {
          "url": "https://old.reddit.com/r/Unexpected/comments/uqtjz3/owo_thats_scary/",
          "name": "&uarr;77796 votes"
        }
      ],
      "image": "https://external-preview.redd.it/vXFTeaV5VmwEwIR7bCxqEh5eN-ANhQaTkIz5IyPJzSM.png?width=320&amp;crop=smart&amp;format=pjpg&amp;auto=webp&amp;s=ef8edbd03f71e533959605d23d0e95ef6126584f",
      "_video": {
        "sources": [
          {
            "url": "https://v.redd.it/b7dd5plqntz81/DASH_480.mp4?source=fallback"
          }
        ],
        "width": 480,
        "height": 480,
        "poster": "https://external-preview.redd.it/vXFTeaV5VmwEwIR7bCxqEh5eN-ANhQaTkIz5IyPJzSM.png?width=320&amp;crop=smart&amp;format=pjpg&amp;auto=webp&amp;s=ef8edbd03f71e533959605d23d0e95ef6126584f"
      }
    },
    "2022_05_17_en_reddit_reddit__r--MadeMeSmile--comments--urdjsk--a_video_created_by_a_father_with_the_photos_he": {
      "id": "2022_05_17_en_reddit_reddit__r--MadeMeSmile--comments--urdjsk--a_video_created_by_a_father_with_the_photos_he",
      "url": "https://old.reddit.com/r/MadeMeSmile/comments/urdjsk/a_video_created_by_a_father_with_the_photos_he/",
      "date_published": "2022-05-17T16:25:30.000Z",
      "date_modified": "2022-05-17T16:25:30.000Z",
      "_original_published": "2022-05-17T03:35:50.000Z",
      "_original_language": "en",
      "_translations": {
        "en": {
          "title": "A video created by a father with the photos he took regularly until his daughter was 20 years old."
        },
        "ja": {
          "title": "娘が20歳になるまで定期的に撮影していた写真で、父親が作成した動画です。"
        },
        "zh-Hans": {
          "title": "一位父亲用他在女儿20岁之前定期拍摄的照片制作的视频。"
        },
        "zh-Hant": {
          "title": "一位父親用他在女兒20歲之前定期拍攝的照片製作的視頻。"
        }
      },
      "tags": [
        "MadeMeSmile"
      ],
      "authors": [
        {
          "name": "Cyber_Being_",
          "url": "https://old.reddit.com/user/Cyber_Being_"
        }
      ],
      "_links": [
        {
          "url": "https://old.reddit.com/r/MadeMeSmile/comments/urdjsk/a_video_created_by_a_father_with_the_photos_he/",
          "name": "&uarr;77646 votes"
        }
      ],
      "image": "https://external-preview.redd.it/cuRHUuNndZhSaZoaslRnHmEqECKQqAvWT-re7C7x6FE.png?width=640&amp;crop=smart&amp;format=pjpg&amp;auto=webp&amp;s=a9c0bcfa01f1db37de53a6370d2a2d0545e6e9da",
      "_video": {
        "sources": [
          {
            "url": "https://v.redd.it/loq6y701iyz81/DASH_720.mp4?source=fallback"
          }
        ],
        "width": 772,
        "height": 720,
        "poster": "https://external-preview.redd.it/cuRHUuNndZhSaZoaslRnHmEqECKQqAvWT-re7C7x6FE.png?width=640&amp;crop=smart&amp;format=pjpg&amp;auto=webp&amp;s=a9c0bcfa01f1db37de53a6370d2a2d0545e6e9da"
      }
    }
  }
}
