{
  "items": {
    "2022_07_23_en_reddit_reddit__r--MadeMeSmile--comments--w63dgy--player_realizes_that_he_nearly_stole_the_dogs_job": {
      "id": "2022_07_23_en_reddit_reddit__r--MadeMeSmile--comments--w63dgy--player_realizes_that_he_nearly_stole_the_dogs_job",
      "url": "https://old.reddit.com/r/MadeMeSmile/comments/w63dgy/player_realizes_that_he_nearly_stole_the_dogs_job/",
      "date_published": "2022-07-23T17:19:39.000Z",
      "date_modified": "2022-07-23T17:19:39.000Z",
      "_original_published": "2022-07-23T12:55:00.000Z",
      "_original_language": "en",
      "_translations": {
        "en": {
          "title": "Player realizes that he nearly stole the dogs job"
        },
        "ja": {
          "title": "プレイヤーは、自分が犬の仕事を盗みかけたことに気づく。"
        },
        "zh-Hans": {
          "title": "玩家意识到，他几乎偷走了狗的工作"
        },
        "zh-Hant": {
          "title": "玩家意識到，他幾乎偷走了狗的工作"
        }
      },
      "tags": [
        "MadeMeSmile"
      ],
      "authors": [
        {
          "name": "Morgentau7",
          "url": "https://old.reddit.com/user/Morgentau7"
        }
      ],
      "_links": [
        {
          "url": "https://old.reddit.com/r/MadeMeSmile/comments/w63dgy/player_realizes_that_he_nearly_stole_the_dogs_job/",
          "name": "&uarr;91376 votes"
        }
      ],
      "image": "https://external-preview.redd.it/_gtQIfQtro7dXbri9eFr_CXudD-UrctKNFLaDGAatPc.png?width=640&amp;crop=smart&amp;format=pjpg&amp;auto=webp&amp;s=8ab1b74c4a5b3d2eb15ed4a8b79ec0d5d7b8ac81",
      "_video": {
        "sources": [
          {
            "url": "https://v.redd.it/ajz3tpajwcd91/DASH_720.mp4?source=fallback"
          }
        ],
        "width": 556,
        "height": 720,
        "poster": "https://external-preview.redd.it/_gtQIfQtro7dXbri9eFr_CXudD-UrctKNFLaDGAatPc.png?width=640&amp;crop=smart&amp;format=pjpg&amp;auto=webp&amp;s=8ab1b74c4a5b3d2eb15ed4a8b79ec0d5d7b8ac81"
      }
    },
    "2022_07_27_en_reddit_reddit__r--interestingasfuck--comments--w9qdul--aerial_picture_of_an_uncontacted_amazon_tribe": {
      "id": "2022_07_27_en_reddit_reddit__r--interestingasfuck--comments--w9qdul--aerial_picture_of_an_uncontacted_amazon_tribe",
      "url": "https://old.reddit.com/r/interestingasfuck/comments/w9qdul/aerial_picture_of_an_uncontacted_amazon_tribe/",
      "date_published": "2022-07-28T03:52:08.000Z",
      "date_modified": "2022-07-28T03:52:08.000Z",
      "_original_published": "2022-07-27T21:21:35.000Z",
      "_original_language": "en",
      "_translations": {
        "en": {
          "title": "Aerial Picture of an uncontacted Amazon Tribe"
        },
        "ja": {
          "title": "アマゾンの未接触部族の空撮写真"
        },
        "zh-Hans": {
          "title": "一个未接触的亚马逊部落的航拍图"
        },
        "zh-Hant": {
          "title": "一個未接觸的亞馬遜部落的航拍圖"
        }
      },
      "tags": [
        "interestingasfuck"
      ],
      "authors": [
        {
          "name": "OurLeagueIsShit",
          "url": "https://old.reddit.com/user/OurLeagueIsShit"
        }
      ],
      "_links": [
        {
          "url": "https://old.reddit.com/r/interestingasfuck/comments/w9qdul/aerial_picture_of_an_uncontacted_amazon_tribe/",
          "name": "&uarr;90070 votes"
        }
      ],
      "image": "https://preview.redd.it/4x4n4o82h6e91.jpg?width=1080&amp;crop=smart&amp;auto=webp&amp;s=df1e3484a5a6d877a91b677d47f81d682acdc072"
    },
    "2022_07_22_en_reddit_reddit__r--antiwork--comments--w5hos4--winning_a_nobel_prize_to_pay_medical_bills": {
      "id": "2022_07_22_en_reddit_reddit__r--antiwork--comments--w5hos4--winning_a_nobel_prize_to_pay_medical_bills",
      "url": "https://old.reddit.com/r/antiwork/comments/w5hos4/winning_a_nobel_prize_to_pay_medical_bills/",
      "date_published": "2022-07-23T02:56:49.000Z",
      "date_modified": "2022-07-23T02:56:49.000Z",
      "_original_published": "2022-07-22T18:29:10.000Z",
      "_original_language": "en",
      "_translations": {
        "en": {
          "title": "Winning a nobel prize to pay medical bills"
        },
        "ja": {
          "title": "ノーベル賞受賞で医療費支払いへ"
        },
        "zh-Hans": {
          "title": "赢得诺贝尔奖以支付医疗费用"
        },
        "zh-Hant": {
          "title": "贏得諾貝爾獎以支付醫療費用"
        }
      },
      "tags": [
        "antiwork"
      ],
      "authors": [
        {
          "name": "DeanIsDear",
          "url": "https://old.reddit.com/user/DeanIsDear"
        }
      ],
      "_links": [
        {
          "url": "https://old.reddit.com/r/antiwork/comments/w5hos4/winning_a_nobel_prize_to_pay_medical_bills/",
          "name": "&uarr;85909 votes"
        }
      ],
      "image": "https://preview.redd.it/to53j4hqx5d91.png?width=320&amp;crop=smart&amp;auto=webp&amp;s=3d7cebe53da7397e1071da081242c513fdc1c0c9"
    },
    "2022_07_26_en_reddit_reddit__r--gaming--comments--w8lnzg--i_think_ive_downloaded_the_wrong_stray_game": {
      "id": "2022_07_26_en_reddit_reddit__r--gaming--comments--w8lnzg--i_think_ive_downloaded_the_wrong_stray_game",
      "url": "https://old.reddit.com/r/gaming/comments/w8lnzg/i_think_ive_downloaded_the_wrong_stray_game/",
      "date_published": "2022-07-27T02:25:37.000Z",
      "date_modified": "2022-07-27T02:25:37.000Z",
      "_original_published": "2022-07-26T14:46:53.000Z",
      "_original_language": "en",
      "_translations": {
        "en": {
          "title": "I think I've downloaded the wrong Stray game"
        },
        "ja": {
          "title": "ストレイのゲームを間違えてダウンロードしてしまったようです。"
        },
        "zh-Hans": {
          "title": "我想我下载错了《流浪》游戏"
        },
        "zh-Hant": {
          "title": "我想我下載錯了《流浪》遊戲"
        }
      },
      "tags": [
        "gaming"
      ],
      "authors": [
        {
          "name": "skillmaker",
          "url": "https://old.reddit.com/user/skillmaker"
        }
      ],
      "_links": [
        {
          "url": "https://old.reddit.com/r/gaming/comments/w8lnzg/i_think_ive_downloaded_the_wrong_stray_game/",
          "name": "&uarr;82198 votes"
        }
      ],
      "image": "https://external-preview.redd.it/ITBA8ZfC3-ymAWBumGcsUhB16s8_-vuVPoIH1zzdGUY.jpg?width=320&amp;crop=smart&amp;auto=webp&amp;s=d947949189c937525c6dcfda4023638cf6838830",
      "_video": {
        "sources": [
          {
            "url": "https://v.redd.it/6r4mmytqdxd91/DASH_360.mp4"
          }
        ],
        "width": 640,
        "height": 360,
        "poster": "https://external-preview.redd.it/ITBA8ZfC3-ymAWBumGcsUhB16s8_-vuVPoIH1zzdGUY.jpg?width=320&amp;crop=smart&amp;auto=webp&amp;s=d947949189c937525c6dcfda4023638cf6838830"
      }
    },
    "2022_07_27_en_reddit_reddit__r--WhitePeopleTwitter--comments--w9kwoa--democrats_introduce_bill_to_give_term_limits_to": {
      "id": "2022_07_27_en_reddit_reddit__r--WhitePeopleTwitter--comments--w9kwoa--democrats_introduce_bill_to_give_term_limits_to",
      "url": "https://old.reddit.com/r/WhitePeopleTwitter/comments/w9kwoa/democrats_introduce_bill_to_give_term_limits_to/",
      "date_published": "2022-07-28T02:03:55.000Z",
      "date_modified": "2022-07-28T02:03:55.000Z",
      "_original_published": "2022-07-27T17:36:33.000Z",
      "_original_language": "en",
      "_translations": {
        "en": {
          "title": "Democrats introduce bill to give term limits to Supreme Court justices"
        },
        "ja": {
          "title": "民主党、最高裁判事に任期制限を与える法案を提出"
        },
        "zh-Hans": {
          "title": "民主党人提出法案，对最高法院大法官的任期进行限制"
        },
        "zh-Hant": {
          "title": "民主黨人提出法案，對最高法院大法官的任期進行限制"
        }
      },
      "tags": [
        "WhitePeopleTwitter"
      ],
      "authors": [
        {
          "name": "gymgirl2018",
          "url": "https://old.reddit.com/user/gymgirl2018"
        }
      ],
      "_links": [
        {
          "url": "https://old.reddit.com/r/WhitePeopleTwitter/comments/w9kwoa/democrats_introduce_bill_to_give_term_limits_to/",
          "name": "&uarr;81259 votes"
        }
      ],
      "image": "https://preview.redd.it/umz4qqswc5e91.jpg?width=1080&amp;crop=smart&amp;auto=webp&amp;s=64b64f50532d8f76f0f94f201f456c0023321310"
    },
    "2022_07_25_en_reddit_reddit__r--meirl--comments--w7r3il--meirl": {
      "id": "2022_07_25_en_reddit_reddit__r--meirl--comments--w7r3il--meirl",
      "url": "https://old.reddit.com/r/meirl/comments/w7r3il/meirl/",
      "date_published": "2022-07-26T03:36:46.000Z",
      "date_modified": "2022-07-26T03:36:46.000Z",
      "_original_published": "2022-07-25T14:58:47.000Z",
      "_original_language": "en",
      "_translations": {
        "en": {
          "title": "meirl"
        },
        "ja": {
          "title": "ミール"
        },
        "zh-Hans": {
          "title": "我的女孩"
        },
        "zh-Hant": {
          "title": "我的女孩"
        }
      },
      "tags": [
        "meirl"
      ],
      "authors": [
        {
          "name": "Aztery",
          "url": "https://old.reddit.com/user/Aztery"
        }
      ],
      "_links": [
        {
          "url": "https://old.reddit.com/r/meirl/comments/w7r3il/meirl/",
          "name": "&uarr;79911 votes"
        }
      ],
      "image": "https://preview.redd.it/84rf7ehxaqd91.png?width=640&amp;crop=smart&amp;auto=webp&amp;s=fc499d5f92555e1c5748863edcc245c00f5ac983"
    },
    "2022_07_27_en_reddit_reddit__r--facepalm--comments--w9jebe--maybe_you_should_have_used_an_account_i_dont_know": {
      "id": "2022_07_27_en_reddit_reddit__r--facepalm--comments--w9jebe--maybe_you_should_have_used_an_account_i_dont_know",
      "url": "https://old.reddit.com/r/facepalm/comments/w9jebe/maybe_you_should_have_used_an_account_i_dont_know/",
      "date_published": "2022-07-27T23:26:41.000Z",
      "date_modified": "2022-07-27T23:26:41.000Z",
      "_original_published": "2022-07-27T16:35:34.000Z",
      "_original_language": "en",
      "_translations": {
        "en": {
          "title": "Maybe you should have used an account I don’t know about…"
        },
        "ja": {
          "title": "私の知らないアカウントを使うべきだったのでは...。"
        },
        "zh-Hans": {
          "title": "也许你应该用一个我不知道的账户......"
        },
        "zh-Hant": {
          "title": "也許你應該用一個我不知道的賬戶......"
        }
      },
      "tags": [
        "facepalm"
      ],
      "authors": [
        {
          "name": "TaylorE25",
          "url": "https://old.reddit.com/user/TaylorE25"
        }
      ],
      "_links": [
        {
          "url": "https://old.reddit.com/r/facepalm/comments/w9jebe/maybe_you_should_have_used_an_account_i_dont_know/",
          "name": "&uarr;78920 votes"
        }
      ],
      "image": "https://preview.redd.it/2tmhrp9125e91.jpg?width=1080&amp;crop=smart&amp;auto=webp&amp;s=984a62b6af4848f39da71ed50c73ce6171400f3c"
    },
    "2022_07_25_en_reddit_reddit__r--MadeMeSmile--comments--w7kybt--not_everyone_can_fit_in_the_neatly_defined_boxes": {
      "id": "2022_07_25_en_reddit_reddit__r--MadeMeSmile--comments--w7kybt--not_everyone_can_fit_in_the_neatly_defined_boxes",
      "url": "https://old.reddit.com/r/MadeMeSmile/comments/w7kybt/not_everyone_can_fit_in_the_neatly_defined_boxes/",
      "date_published": "2022-07-25T15:53:06.000Z",
      "date_modified": "2022-07-25T15:53:06.000Z",
      "_original_published": "2022-07-25T10:03:09.000Z",
      "_original_language": "en",
      "_translations": {
        "en": {
          "title": "Not everyone can fit in the neatly defined boxes society has made for them"
        },
        "ja": {
          "title": "誰もが、社会が作ったきちんとした箱に収まるわけではない。"
        },
        "zh-Hans": {
          "title": "不是每个人都能适应社会为他们制定的整齐划一的盒子"
        },
        "zh-Hant": {
          "title": "不是每個人都能適應社會爲他們制定的整齊劃一的盒子"
        }
      },
      "tags": [
        "MadeMeSmile"
      ],
      "authors": [
        {
          "name": "PrimaryList2",
          "url": "https://old.reddit.com/user/PrimaryList2"
        }
      ],
      "_links": [
        {
          "url": "https://old.reddit.com/r/MadeMeSmile/comments/w7kybt/not_everyone_can_fit_in_the_neatly_defined_boxes/",
          "name": "&uarr;78815 votes"
        }
      ],
      "image": "https://external-preview.redd.it/KiSO-lzfGWBt1k9-uaH1SXSpR0mMLk6QFMg-VxXg2rY.png?width=640&amp;crop=smart&amp;format=pjpg&amp;auto=webp&amp;s=548849ec6d3e0a78cd1f1ce00437606cd674f230",
      "_video": {
        "sources": [
          {
            "url": "https://v.redd.it/nn9rj2g8rod91/DASH_720.mp4?source=fallback"
          }
        ],
        "width": 720,
        "height": 720,
        "poster": "https://external-preview.redd.it/KiSO-lzfGWBt1k9-uaH1SXSpR0mMLk6QFMg-VxXg2rY.png?width=640&amp;crop=smart&amp;format=pjpg&amp;auto=webp&amp;s=548849ec6d3e0a78cd1f1ce00437606cd674f230"
      }
    },
    "2022_07_26_en_reddit_reddit__r--Unexpected--comments--w8komy--prince_ruperts_drops_vs_hydraulic_press": {
      "id": "2022_07_26_en_reddit_reddit__r--Unexpected--comments--w8komy--prince_ruperts_drops_vs_hydraulic_press",
      "url": "https://old.reddit.com/r/Unexpected/comments/w8komy/prince_ruperts_drops_vs_hydraulic_press/",
      "date_published": "2022-07-26T21:30:38.000Z",
      "date_modified": "2022-07-26T21:30:38.000Z",
      "_original_published": "2022-07-26T14:05:42.000Z",
      "_original_language": "en",
      "_translations": {
        "en": {
          "title": "Prince Rupert’s drops vs Hydraulic Press"
        },
        "ja": {
          "title": "プリンスルパートの滴 vs 油圧プレス"
        },
        "zh-Hans": {
          "title": "鲁珀特王子的滴水与液压机的对比"
        },
        "zh-Hant": {
          "title": "魯珀特王子的滴水與液壓機的對比"
        }
      },
      "tags": [
        "Unexpected"
      ],
      "authors": [
        {
          "name": "AcideKvro",
          "url": "https://old.reddit.com/user/AcideKvro"
        }
      ],
      "_links": [
        {
          "url": "https://old.reddit.com/r/Unexpected/comments/w8komy/prince_ruperts_drops_vs_hydraulic_press/",
          "name": "&uarr;78793 votes"
        }
      ],
      "image": "https://external-preview.redd.it/57k7C0Lf7NOhvg_BxmaMyrs4cEwaQJb2yxPvKiE6N5U.png?width=320&amp;crop=smart&amp;format=pjpg&amp;auto=webp&amp;s=595fa6e41a6e5bab718dc5b5cfa3df6f7ed737fb",
      "_video": {
        "sources": [
          {
            "url": "https://v.redd.it/rntqo9676xd91/DASH_720.mp4?source=fallback"
          }
        ],
        "width": 404,
        "height": 720,
        "poster": "https://external-preview.redd.it/57k7C0Lf7NOhvg_BxmaMyrs4cEwaQJb2yxPvKiE6N5U.png?width=320&amp;crop=smart&amp;format=pjpg&amp;auto=webp&amp;s=595fa6e41a6e5bab718dc5b5cfa3df6f7ed737fb"
      }
    },
    "2022_07_26_en_reddit_reddit__r--science--comments--w8l4b8--one_in_five_adults_dont_want_children_and_theyre": {
      "id": "2022_07_26_en_reddit_reddit__r--science--comments--w8l4b8--one_in_five_adults_dont_want_children_and_theyre",
      "url": "https://old.reddit.com/r/science/comments/w8l4b8/one_in_five_adults_dont_want_children_and_theyre/",
      "date_published": "2022-07-27T04:00:52.000Z",
      "date_modified": "2022-07-27T04:00:52.000Z",
      "_original_published": "2022-07-26T14:23:37.000Z",
      "_original_language": "en",
      "_translations": {
        "en": {
          "title": "One in five adults don’t want children — and they’re deciding early in life"
        },
        "ja": {
          "title": "成人の5人に1人が子供を望まない-しかも人生の早い段階で決めている"
        },
        "zh-Hans": {
          "title": "五分之一的成年人不想要孩子--他们在生命的早期就决定了。"
        },
        "zh-Hant": {
          "title": "五分之一的成年人不想要孩子--他們在生命的早期就決定了。"
        }
      },
      "tags": [
        "science"
      ],
      "authors": [
        {
          "name": "drzpneal",
          "url": "https://old.reddit.com/user/drzpneal"
        }
      ],
      "_links": [
        {
          "url": "https://old.reddit.com/r/science/comments/w8l4b8/one_in_five_adults_dont_want_children_and_theyre/",
          "name": "&uarr;78654 votes"
        }
      ],
      "image": "https://external-preview.redd.it/Gvne_teFJDk3Jsg0JdKXZj2OyIXvgJRDJ8B9yakx8FY.jpg?width=1080&amp;crop=smart&amp;auto=webp&amp;s=1c5e7ab9d86e504e8651bca4b4a4f2d1f7708caf"
    },
    "2022_07_28_en_reddit_reddit__r--aww--comments--wadjx5--man_greeted_by_otter_pup_in_the_water": {
      "id": "2022_07_28_en_reddit_reddit__r--aww--comments--wadjx5--man_greeted_by_otter_pup_in_the_water",
      "url": "https://old.reddit.com/r/aww/comments/wadjx5/man_greeted_by_otter_pup_in_the_water/",
      "date_published": "2022-07-28T22:30:35.000Z",
      "date_modified": "2022-07-28T22:30:35.000Z",
      "_original_published": "2022-07-28T15:56:29.000Z",
      "_original_language": "en",
      "_translations": {
        "en": {
          "title": "Man greeted by Otter Pup in the water"
        },
        "ja": {
          "title": "水中でカワウソの仔に出迎えられる男性"
        },
        "zh-Hans": {
          "title": "男子在水中迎接水獭幼崽的到来"
        },
        "zh-Hant": {
          "title": "男子在水中迎接水獺幼崽的到來"
        }
      },
      "tags": [
        "aww"
      ],
      "authors": [
        {
          "name": "coreycmalone",
          "url": "https://old.reddit.com/user/coreycmalone"
        }
      ],
      "_links": [
        {
          "url": "https://old.reddit.com/r/aww/comments/wadjx5/man_greeted_by_otter_pup_in_the_water/",
          "name": "&uarr;78499 votes"
        }
      ],
      "image": "https://external-preview.redd.it/4jNpMJ-ldwlpH8DI6QtkEkUFjNuMYHt8KHl_l6DHVJA.png?width=640&amp;crop=smart&amp;format=pjpg&amp;auto=webp&amp;s=e09d87fc119af4a2c4e4b46ede26f37978d650e6",
      "_video": {
        "sources": [
          {
            "url": "https://v.redd.it/u1bxswwyzbe91/DASH_480.mp4?source=fallback"
          }
        ],
        "width": 627,
        "height": 480,
        "poster": "https://external-preview.redd.it/4jNpMJ-ldwlpH8DI6QtkEkUFjNuMYHt8KHl_l6DHVJA.png?width=640&amp;crop=smart&amp;format=pjpg&amp;auto=webp&amp;s=e09d87fc119af4a2c4e4b46ede26f37978d650e6"
      }
    },
    "2022_07_28_en_reddit_reddit__r--MadeMeSmile--comments--waerhv--the_greatest_feeling_ever": {
      "id": "2022_07_28_en_reddit_reddit__r--MadeMeSmile--comments--waerhv--the_greatest_feeling_ever",
      "url": "https://old.reddit.com/r/MadeMeSmile/comments/waerhv/the_greatest_feeling_ever/",
      "date_published": "2022-07-29T01:17:36.000Z",
      "date_modified": "2022-07-29T01:17:36.000Z",
      "_original_published": "2022-07-28T16:44:45.000Z",
      "_original_language": "en",
      "_translations": {
        "en": {
          "title": "The greatest feeling ever."
        },
        "ja": {
          "title": "最高の気分。"
        },
        "zh-Hans": {
          "title": "有史以来最伟大的感觉。"
        },
        "zh-Hant": {
          "title": "有史以來最偉大的感覺。"
        }
      },
      "tags": [
        "MadeMeSmile"
      ],
      "authors": [
        {
          "name": "AutomaticAd5811",
          "url": "https://old.reddit.com/user/AutomaticAd5811"
        }
      ],
      "_links": [
        {
          "url": "https://old.reddit.com/r/MadeMeSmile/comments/waerhv/the_greatest_feeling_ever/",
          "name": "&uarr;78298 votes"
        }
      ],
      "image": "https://preview.redd.it/cub4404l8ce91.jpg?width=640&amp;crop=smart&amp;auto=webp&amp;s=2a6e4e1dc2d790d12e01da455f2c524e7564a1ad"
    },
    "2022_07_26_en_reddit_reddit__r--MadeMeSmile--comments--w88ll3--are_you_friendly": {
      "id": "2022_07_26_en_reddit_reddit__r--MadeMeSmile--comments--w88ll3--are_you_friendly",
      "url": "https://old.reddit.com/r/MadeMeSmile/comments/w88ll3/are_you_friendly/",
      "date_published": "2022-07-26T12:55:05.000Z",
      "date_modified": "2022-07-26T12:55:05.000Z",
      "_original_published": "2022-07-26T03:13:39.000Z",
      "_original_language": "en",
      "_translations": {
        "en": {
          "title": "Are you friendly?"
        },
        "ja": {
          "title": "あなたはフレンドリーですか？"
        },
        "zh-Hans": {
          "title": "你友好吗？"
        },
        "zh-Hant": {
          "title": "你友好嗎？"
        }
      },
      "tags": [
        "MadeMeSmile"
      ],
      "authors": [
        {
          "name": "jumpybouncinglad",
          "url": "https://old.reddit.com/user/jumpybouncinglad"
        }
      ],
      "_links": [
        {
          "url": "https://old.reddit.com/r/MadeMeSmile/comments/w88ll3/are_you_friendly/",
          "name": "&uarr;78273 votes"
        }
      ],
      "image": "https://external-preview.redd.it/-KazSnnTyWvgLppylVBgvGWr8bh_lDUwRwao3j7PUWY.png?width=640&amp;crop=smart&amp;format=pjpg&amp;auto=webp&amp;s=19129632ba7c213d5a1b4c398d2a6976bb46e9e4",
      "_video": {
        "sources": [
          {
            "url": "https://v.redd.it/2h4imfhzxtd91/DASH_1080.mp4?source=fallback"
          }
        ],
        "width": 607,
        "height": 1080,
        "poster": "https://external-preview.redd.it/-KazSnnTyWvgLppylVBgvGWr8bh_lDUwRwao3j7PUWY.png?width=640&amp;crop=smart&amp;format=pjpg&amp;auto=webp&amp;s=19129632ba7c213d5a1b4c398d2a6976bb46e9e4"
      }
    },
    "2022_07_28_en_reddit_reddit__r--HumansBeingBros--comments--wa5bfg--bros_in_morocco_return_a_stranded_leatherback": {
      "id": "2022_07_28_en_reddit_reddit__r--HumansBeingBros--comments--wa5bfg--bros_in_morocco_return_a_stranded_leatherback",
      "url": "https://old.reddit.com/r/HumansBeingBros/comments/wa5bfg/bros_in_morocco_return_a_stranded_leatherback/",
      "date_published": "2022-07-29T03:34:42.000Z",
      "date_modified": "2022-07-29T03:34:42.000Z",
      "_original_published": "2022-07-28T09:34:25.000Z",
      "_original_language": "en",
      "_translations": {
        "en": {
          "title": "Bros in Morocco return a stranded leatherback turtle to the ocean using an ingenious method"
        },
        "ja": {
          "title": "モロッコの兄弟が、座礁したオサガメを独創的な方法で海に帰す"
        },
        "zh-Hans": {
          "title": "摩洛哥的兄弟们用一种巧妙的方法将一只搁浅的棱皮龟送回大海"
        },
        "zh-Hant": {
          "title": "摩洛哥的兄弟們用一種巧妙的方法將一隻擱淺的棱皮龜送回大海"
        }
      },
      "tags": [
        "HumansBeingBros"
      ],
      "authors": [
        {
          "name": "TheMexicanJuan",
          "url": "https://old.reddit.com/user/TheMexicanJuan"
        }
      ],
      "_links": [
        {
          "url": "https://old.reddit.com/r/HumansBeingBros/comments/wa5bfg/bros_in_morocco_return_a_stranded_leatherback/",
          "name": "&uarr;77930 votes"
        }
      ],
      "image": "https://external-preview.redd.it/W-YNCNO2xeGuD54qca0aPksIICTmTB-LYN0uxCbu2dA.png?width=640&amp;crop=smart&amp;format=pjpg&amp;auto=webp&amp;s=354c3c2646b6fbea323ee58b2352cc726cf52d40",
      "_video": {
        "sources": [
          {
            "url": "https://v.redd.it/0l7iw94n3ae91/DASH_1080.mp4?source=fallback"
          }
        ],
        "width": 607,
        "height": 1080,
        "poster": "https://external-preview.redd.it/W-YNCNO2xeGuD54qca0aPksIICTmTB-LYN0uxCbu2dA.png?width=640&amp;crop=smart&amp;format=pjpg&amp;auto=webp&amp;s=354c3c2646b6fbea323ee58b2352cc726cf52d40"
      }
    },
    "2022_07_28_en_reddit_reddit__r--funny--comments--wagsoh--wifes_employer_received_this_resume_for_a": {
      "id": "2022_07_28_en_reddit_reddit__r--funny--comments--wagsoh--wifes_employer_received_this_resume_for_a",
      "url": "https://old.reddit.com/r/funny/comments/wagsoh/wifes_employer_received_this_resume_for_a/",
      "date_published": "2022-07-29T04:36:22.000Z",
      "date_modified": "2022-07-29T04:36:22.000Z",
      "_original_published": "2022-07-28T18:05:44.000Z",
      "_original_language": "en",
      "_translations": {
        "en": {
          "title": "Wife’s employer received this resume for a position. He got an interview because the manager couldn’t stop laughing (edited for privacy)"
        },
        "ja": {
          "title": "妻の勤務先がこの履歴書を受け取りました。マネージャーは笑いが止まらなかったので、彼は面接を受けた（プライバシー保護のため編集されています）"
        },
        "zh-Hans": {
          "title": "妻子的雇主收到了这份申请职位的简历。他得到了面试机会，因为经理笑得合不拢嘴（为保护隐私编辑）。"
        },
        "zh-Hant": {
          "title": "妻子的僱主收到了這份申請職位的簡歷。他得到了面試機會，因爲經理笑得合不攏嘴（爲保護隱私編輯）。"
        }
      },
      "tags": [
        "funny"
      ],
      "authors": [
        {
          "name": "CompasslessPigeon",
          "url": "https://old.reddit.com/user/CompasslessPigeon"
        }
      ],
      "_links": [
        {
          "url": "https://old.reddit.com/r/funny/comments/wagsoh/wifes_employer_received_this_resume_for_a/",
          "name": "&uarr;77835 votes"
        }
      ],
      "image": "https://preview.redd.it/qs755j81nce91.jpg?width=1080&amp;crop=smart&amp;auto=webp&amp;s=bd3246c9f0bd9308fef531ed77a86dbedd4a887f"
    },
    "2022_07_22_en_reddit_reddit__r--MadeMeSmile--comments--w56wvt--woman_passed_the_vibe_check": {
      "id": "2022_07_22_en_reddit_reddit__r--MadeMeSmile--comments--w56wvt--woman_passed_the_vibe_check",
      "url": "https://old.reddit.com/r/MadeMeSmile/comments/w56wvt/woman_passed_the_vibe_check/",
      "date_published": "2022-07-22T17:46:42.000Z",
      "date_modified": "2022-07-22T17:46:42.000Z",
      "_original_published": "2022-07-22T10:11:27.000Z",
      "_original_language": "en",
      "_translations": {
        "en": {
          "title": "Woman passed the vibe check"
        },
        "ja": {
          "title": "女性はバイブチェックに合格"
        },
        "zh-Hans": {
          "title": "女子通过气质检查"
        },
        "zh-Hant": {
          "title": "女子通過氣質檢查"
        }
      },
      "tags": [
        "MadeMeSmile"
      ],
      "authors": [
        {
          "name": "wooden_slug",
          "url": "https://old.reddit.com/user/wooden_slug"
        }
      ],
      "_links": [
        {
          "url": "https://old.reddit.com/r/MadeMeSmile/comments/w56wvt/woman_passed_the_vibe_check/",
          "name": "&uarr;77824 votes"
        }
      ],
      "image": "https://external-preview.redd.it/bZiJTce6nKjj1S8LVl2ztHevaemarzfnw7wYDloICCc.png?width=320&amp;crop=smart&amp;format=pjpg&amp;auto=webp&amp;s=42d61c7851b9e7b3a1483f862b3ae1388107d1c6",
      "_video": {
        "sources": [
          {
            "url": "https://v.redd.it/qozt3jxwg3d91/DASH_720.mp4?source=fallback"
          }
        ],
        "width": 405,
        "height": 720,
        "poster": "https://external-preview.redd.it/bZiJTce6nKjj1S8LVl2ztHevaemarzfnw7wYDloICCc.png?width=320&amp;crop=smart&amp;format=pjpg&amp;auto=webp&amp;s=42d61c7851b9e7b3a1483f862b3ae1388107d1c6"
      }
    },
    "2022_07_23_en_reddit_reddit__r--Damnthatsinteresting--comments--w5y4h2--quartz_with_water_inclusion_ten_thousand_year_old": {
      "id": "2022_07_23_en_reddit_reddit__r--Damnthatsinteresting--comments--w5y4h2--quartz_with_water_inclusion_ten_thousand_year_old",
      "url": "https://old.reddit.com/r/Damnthatsinteresting/comments/w5y4h2/quartz_with_water_inclusion_ten_thousand_year_old/",
      "date_published": "2022-07-24T02:14:20.000Z",
      "date_modified": "2022-07-24T02:14:20.000Z",
      "_original_published": "2022-07-23T07:36:37.000Z",
      "_original_language": "en",
      "_translations": {
        "en": {
          "title": "Quartz with water inclusion. Ten thousand year old water trapped inside of a polished quartz crystal"
        },
        "ja": {
          "title": "水を含んだ水晶。磨かれた水晶の中に閉じ込められた1万年前の水"
        },
        "zh-Hans": {
          "title": "石英，含水。一万年的水被困在抛光的石英晶体内"
        },
        "zh-Hant": {
          "title": "石英，含水。一萬年的水被困在拋光的石英晶體內"
        }
      },
      "tags": [
        "Damnthatsinteresting"
      ],
      "authors": [
        {
          "name": "DonGuillotine",
          "url": "https://old.reddit.com/user/DonGuillotine"
        }
      ],
      "_links": [
        {
          "url": "https://old.reddit.com/r/Damnthatsinteresting/comments/w5y4h2/quartz_with_water_inclusion_ten_thousand_year_old/",
          "name": "&uarr;77452 votes"
        }
      ],
      "image": "https://external-preview.redd.it/jOLlvcG_p62HqyYCaqoZ2rLEaOdk-8EkP4bOkMcBDw4.png?width=320&amp;crop=smart&amp;format=pjpg&amp;auto=webp&amp;s=93b352a8f63c41a1af0b121ce82cc9963d0f0049",
      "_video": {
        "sources": [
          {
            "url": "https://v.redd.it/v0btejv6u9d91/DASH_480.mp4?source=fallback"
          }
        ],
        "width": 480,
        "height": 480,
        "poster": "https://external-preview.redd.it/jOLlvcG_p62HqyYCaqoZ2rLEaOdk-8EkP4bOkMcBDw4.png?width=320&amp;crop=smart&amp;format=pjpg&amp;auto=webp&amp;s=93b352a8f63c41a1af0b121ce82cc9963d0f0049"
      }
    },
    "2022_07_22_en_reddit_reddit__r--nextfuckinglevel--comments--w5oqq7--man_prevents_little_girl_from_colliding_with_pole": {
      "id": "2022_07_22_en_reddit_reddit__r--nextfuckinglevel--comments--w5oqq7--man_prevents_little_girl_from_colliding_with_pole",
      "url": "https://old.reddit.com/r/nextfuckinglevel/comments/w5oqq7/man_prevents_little_girl_from_colliding_with_pole/",
      "date_published": "2022-07-23T07:13:40.000Z",
      "date_modified": "2022-07-23T07:13:40.000Z",
      "_original_published": "2022-07-22T23:29:54.000Z",
      "_original_language": "en",
      "_translations": {
        "en": {
          "title": "Man prevents little girl from colliding with pole"
        },
        "ja": {
          "title": "少女が電柱に衝突するのを防ぐ男性"
        },
        "zh-Hans": {
          "title": "男子阻止小女孩与电线杆相撞"
        },
        "zh-Hant": {
          "title": "男子阻止小女孩與電線杆相撞"
        }
      },
      "tags": [
        "nextfuckinglevel"
      ],
      "authors": [
        {
          "name": "HirotoXx",
          "url": "https://old.reddit.com/user/HirotoXx"
        }
      ],
      "_links": [
        {
          "url": "https://old.reddit.com/r/nextfuckinglevel/comments/w5oqq7/man_prevents_little_girl_from_colliding_with_pole/",
          "name": "&uarr;77424 votes"
        }
      ],
      "image": "https://external-preview.redd.it/bD6mUwg5HiyzERf9ilc1BUhaZ17SED7a8-58LCAmCUI.png?width=640&amp;crop=smart&amp;format=pjpg&amp;auto=webp&amp;s=ae91d8fd8c9693cc7c7a5fe93bb09e06c167b827",
      "_video": {
        "sources": [
          {
            "url": "https://v.redd.it/vddd5lcaf7d91/DASH_480.mp4?source=fallback"
          }
        ],
        "width": 640,
        "height": 480,
        "poster": "https://external-preview.redd.it/bD6mUwg5HiyzERf9ilc1BUhaZ17SED7a8-58LCAmCUI.png?width=640&amp;crop=smart&amp;format=pjpg&amp;auto=webp&amp;s=ae91d8fd8c9693cc7c7a5fe93bb09e06c167b827"
      }
    },
    "2022_07_22_en_reddit_reddit__r--Catswithjobs--comments--w58eha--lala_the_voice_actor": {
      "id": "2022_07_22_en_reddit_reddit__r--Catswithjobs--comments--w58eha--lala_the_voice_actor",
      "url": "https://old.reddit.com/r/Catswithjobs/comments/w58eha/lala_the_voice_actor/",
      "date_published": "2022-07-22T19:32:10.000Z",
      "date_modified": "2022-07-22T19:32:10.000Z",
      "_original_published": "2022-07-22T11:37:08.000Z",
      "_original_language": "en",
      "_translations": {
        "en": {
          "title": "Lala the Voice Actor"
        },
        "ja": {
          "title": "声優のLala"
        },
        "zh-Hans": {
          "title": "配音演员拉拉"
        },
        "zh-Hant": {
          "title": "配音演員拉拉"
        }
      },
      "tags": [
        "Catswithjobs"
      ],
      "authors": [
        {
          "name": "Billyc4898",
          "url": "https://old.reddit.com/user/Billyc4898"
        }
      ],
      "_links": [
        {
          "url": "https://old.reddit.com/r/Catswithjobs/comments/w58eha/lala_the_voice_actor/",
          "name": "&uarr;77107 votes"
        }
      ],
      "image": "https://preview.redd.it/n5blw6e8w3d91.jpg?width=1080&amp;crop=smart&amp;auto=webp&amp;s=d8bdeed363447cd7f5de89bf607ebe175157b6bd"
    },
    "2022_07_25_en_reddit_reddit__r--Unexpected--comments--w7jwff--the_only_form_of_gun_violence_i_want_to_see_in": {
      "id": "2022_07_25_en_reddit_reddit__r--Unexpected--comments--w7jwff--the_only_form_of_gun_violence_i_want_to_see_in",
      "url": "https://old.reddit.com/r/Unexpected/comments/w7jwff/the_only_form_of_gun_violence_i_want_to_see_in/",
      "date_published": "2022-07-25T17:36:16.000Z",
      "date_modified": "2022-07-25T17:36:16.000Z",
      "_original_published": "2022-07-25T08:59:54.000Z",
      "_original_language": "en",
      "_translations": {
        "en": {
          "title": "The only form of gun violence I want to see in America"
        },
        "ja": {
          "title": "アメリカで唯一望む銃による暴力の形"
        },
        "zh-Hans": {
          "title": "我希望在美国看到的唯一形式的枪支暴力"
        },
        "zh-Hant": {
          "title": "我希望在美國看到的唯一形式的槍支暴力"
        }
      },
      "tags": [
        "Unexpected"
      ],
      "authors": [
        {
          "name": "Limitless_yt89",
          "url": "https://old.reddit.com/user/Limitless_yt89"
        }
      ],
      "_links": [
        {
          "url": "https://old.reddit.com/r/Unexpected/comments/w7jwff/the_only_form_of_gun_violence_i_want_to_see_in/",
          "name": "&uarr;77019 votes"
        }
      ],
      "image": "https://external-preview.redd.it/PpJpteYeLuX4nXkpMMXSbIsw_TQqDd_Tn2C4DeqcmBw.png?width=320&amp;crop=smart&amp;format=pjpg&amp;auto=webp&amp;s=cc76169a6898f725c1436b2cee21e56a45b13c4d",
      "_video": {
        "sources": [
          {
            "url": "https://v.redd.it/c2ml1s0tiod91/DASH_360.mp4?source=fallback"
          }
        ],
        "width": 443,
        "height": 360,
        "poster": "https://external-preview.redd.it/PpJpteYeLuX4nXkpMMXSbIsw_TQqDd_Tn2C4DeqcmBw.png?width=320&amp;crop=smart&amp;format=pjpg&amp;auto=webp&amp;s=cc76169a6898f725c1436b2cee21e56a45b13c4d"
      }
    }
  }
}
