{
  "items": {
    "2021_10_09_en_reddit_reddit__r--nextfuckinglevel--comments--q4ie5c--mike_tyson_in_his_prime_was_not_a_human": {
      "id": "2021_10_09_en_reddit_reddit__r--nextfuckinglevel--comments--q4ie5c--mike_tyson_in_his_prime_was_not_a_human",
      "url": "https://old.reddit.com/r/nextfuckinglevel/comments/q4ie5c/mike_tyson_in_his_prime_was_not_a_human/",
      "date_published": "2021-10-09T16:57:50.000Z",
      "date_modified": "2021-10-09T16:57:50.000Z",
      "_original_published": "2021-10-09T10:05:39.000Z",
      "_original_language": "en",
      "_translations": {
        "en": {
          "title": "Mike Tyson in his prime, was not a human"
        },
        "ja": {
          "title": "全盛期のマイクタイソンは人間ではなく"
        },
        "zh-Hans": {
          "title": "全盛时期的迈克-泰森，不是一个人"
        },
        "zh-Hant": {
          "title": "全盛時期的邁克-泰森，不是一個人"
        }
      },
      "tags": [
        "nextfuckinglevel"
      ],
      "authors": [
        {
          "name": "AffectionateBison0",
          "url": "https://old.reddit.com/user/AffectionateBison0"
        }
      ],
      "_links": [
        {
          "url": "https://old.reddit.com/r/nextfuckinglevel/comments/q4ie5c/mike_tyson_in_his_prime_was_not_a_human/",
          "name": "&uarr;81372 votes"
        }
      ],
      "image": "https://external-preview.redd.it/PNxW-4iLG5miuEPYM8RB6NAEL_PopVuxbvhEEuTYxGI.png?width=640&crop=smart&format=pjpg&auto=webp&s=7c2786b1c0c953c5c0b5223c0da696fc29f4b1a3",
      "_video": {
        "sources": [
          {
            "url": "https://v.redd.it/gv2ydpguees71/DASH_480.mp4?source=fallback"
          }
        ],
        "width": 680,
        "height": 480,
        "poster": "https://external-preview.redd.it/PNxW-4iLG5miuEPYM8RB6NAEL_PopVuxbvhEEuTYxGI.png?width=640&crop=smart&format=pjpg&auto=webp&s=7c2786b1c0c953c5c0b5223c0da696fc29f4b1a3"
      }
    },
    "2021_10_14_en_reddit_reddit__r--nextfuckinglevel--comments--q7ruei--now_thats_sportsmanship_right_there": {
      "id": "2021_10_14_en_reddit_reddit__r--nextfuckinglevel--comments--q7ruei--now_thats_sportsmanship_right_there",
      "url": "https://old.reddit.com/r/nextfuckinglevel/comments/q7ruei/now_thats_sportsmanship_right_there/",
      "date_published": "2021-10-14T13:03:43.000Z",
      "date_modified": "2021-10-14T13:03:43.000Z",
      "_original_published": "2021-10-14T03:55:25.000Z",
      "_original_language": "en",
      "_translations": {
        "en": {
          "title": "Now that’s sportsmanship right there."
        },
        "ja": {
          "title": "それがスポーツマンシップというものだ。"
        },
        "zh-Hans": {
          "title": "现在这就是体育精神。"
        },
        "zh-Hant": {
          "title": "現在這就是體育精神。"
        }
      },
      "tags": [
        "nextfuckinglevel"
      ],
      "authors": [
        {
          "name": "WeebMaster09",
          "url": "https://old.reddit.com/user/WeebMaster09"
        }
      ],
      "_links": [
        {
          "url": "https://old.reddit.com/r/nextfuckinglevel/comments/q7ruei/now_thats_sportsmanship_right_there/",
          "name": "&uarr;79289 votes"
        }
      ],
      "image": "https://preview.redd.it/7llhjcap9ct71.gif?width=216&crop=smart&format=png8&s=41fc2fa04905490743ff759ddd00c6819e36f9e8",
      "_video": {
        "sources": [
          {
            "url": "https://preview.redd.it/7llhjcap9ct71.gif?format=mp4&s=76fff9f989cdb20dd89827661a35526434be4122"
          }
        ],
        "width": 316,
        "height": 516,
        "poster": "https://preview.redd.it/7llhjcap9ct71.gif?width=216&crop=smart&format=png8&s=41fc2fa04905490743ff759ddd00c6819e36f9e8"
      }
    },
    "2021_10_08_en_reddit_reddit__r--aww--comments--q419lf--man_attempts_to_give_life_to_a_lost_egg_full": {
      "id": "2021_10_08_en_reddit_reddit__r--aww--comments--q419lf--man_attempts_to_give_life_to_a_lost_egg_full",
      "url": "https://old.reddit.com/r/aww/comments/q419lf/man_attempts_to_give_life_to_a_lost_egg_full/",
      "date_published": "2021-10-09T01:51:50.000Z",
      "date_modified": "2021-10-09T01:51:50.000Z",
      "_original_published": "2021-10-08T16:28:45.000Z",
      "_original_language": "en",
      "_translations": {
        "en": {
          "title": "Man attempts to give life to a lost egg🥚 (Full story in comments)"
        },
        "ja": {
          "title": "迷子の卵に命を与えようとした男性🥚（全文はコメントにて"
        },
        "zh-Hans": {
          "title": "男子试图给丢失的鸡蛋赋予生命🥚（完整故事见评论"
        },
        "zh-Hant": {
          "title": "男子試圖給丟失的雞蛋賦予生命🥚（完整故事見評論"
        }
      },
      "tags": [
        "aww"
      ],
      "authors": [
        {
          "name": "RIOP3L",
          "url": "https://old.reddit.com/user/RIOP3L"
        }
      ],
      "_links": [
        {
          "url": "https://old.reddit.com/r/aww/comments/q419lf/man_attempts_to_give_life_to_a_lost_egg_full/",
          "name": "&uarr;79047 votes"
        }
      ],
      "image": "https://external-preview.redd.it/8O954zq7yKe_FdPE4tb9T7gvZTggnz7waEpJuBwkG6A.png?width=1080&crop=smart&format=pjpg&auto=webp&s=5fcef52f1bc0786faebdca8ecdb55398c5c573c4",
      "_video": {
        "sources": [
          {
            "url": "https://v.redd.it/jww38y8o59s71/DASH_720.mp4?source=fallback"
          }
        ],
        "width": 1280,
        "height": 720,
        "poster": "https://external-preview.redd.it/8O954zq7yKe_FdPE4tb9T7gvZTggnz7waEpJuBwkG6A.png?width=1080&crop=smart&format=pjpg&auto=webp&s=5fcef52f1bc0786faebdca8ecdb55398c5c573c4"
      }
    },
    "2021_10_13_en_reddit_reddit__r--MadeMeSmile--comments--q70svt--wholesome_lifter": {
      "id": "2021_10_13_en_reddit_reddit__r--MadeMeSmile--comments--q70svt--wholesome_lifter",
      "url": "https://old.reddit.com/r/MadeMeSmile/comments/q70svt/wholesome_lifter/",
      "date_published": "2021-10-13T10:22:07.000Z",
      "date_modified": "2021-10-13T10:22:07.000Z",
      "_original_published": "2021-10-13T01:44:44.000Z",
      "_original_language": "en",
      "_translations": {
        "en": {
          "title": "Wholesome Lifter"
        },
        "ja": {
          "title": "健全なリフター"
        },
        "zh-Hans": {
          "title": "健康的提升者"
        },
        "zh-Hant": {
          "title": "健康的提升者"
        }
      },
      "tags": [
        "MadeMeSmile"
      ],
      "authors": [
        {
          "name": "PrincessSkywalker",
          "url": "https://old.reddit.com/user/PrincessSkywalker"
        }
      ],
      "_links": [
        {
          "url": "https://old.reddit.com/r/MadeMeSmile/comments/q70svt/wholesome_lifter/",
          "name": "&uarr;78211 votes"
        }
      ],
      "image": "https://external-preview.redd.it/AWJK6mV2jZEZZyQprENIG9hn4YctUns4iIhGD-yitlE.png?width=1080&crop=smart&format=pjpg&auto=webp&s=b664981064a1201002f79f5a8deb32a762734699",
      "_video": {
        "sources": [
          {
            "url": "https://v.redd.it/kc493itdh4t71/DASH_1080.mp4?source=fallback"
          }
        ],
        "width": 607,
        "height": 1080,
        "poster": "https://external-preview.redd.it/AWJK6mV2jZEZZyQprENIG9hn4YctUns4iIhGD-yitlE.png?width=1080&crop=smart&format=pjpg&auto=webp&s=b664981064a1201002f79f5a8deb32a762734699"
      }
    },
    "2021_10_14_en_reddit_reddit__r--wholesomememes--comments--q7yx95--platonically_of_course": {
      "id": "2021_10_14_en_reddit_reddit__r--wholesomememes--comments--q7yx95--platonically_of_course",
      "url": "https://old.reddit.com/r/wholesomememes/comments/q7yx95/platonically_of_course/",
      "date_published": "2021-10-14T22:15:18.000Z",
      "date_modified": "2021-10-14T22:15:18.000Z",
      "_original_published": "2021-10-14T12:43:17.000Z",
      "_original_language": "en",
      "_translations": {
        "en": {
          "title": "Platonically, of course"
        },
        "ja": {
          "title": "もちろん、プラトン的に"
        },
        "zh-Hans": {
          "title": "当然是柏拉图式的"
        },
        "zh-Hant": {
          "title": "當然是柏拉圖式的"
        }
      },
      "tags": [
        "wholesomememes"
      ],
      "authors": [
        {
          "name": "Casual_woomy",
          "url": "https://old.reddit.com/user/Casual_woomy"
        }
      ],
      "_links": [
        {
          "url": "https://old.reddit.com/r/wholesomememes/comments/q7yx95/platonically_of_course/",
          "name": "&uarr;77896 votes"
        }
      ],
      "image": "https://preview.redd.it/7eknoeyvvet71.jpg?width=640&crop=smart&auto=webp&s=a5ff5429762219016796836a162a8026dc5d347f"
    },
    "2021_10_11_en_reddit_reddit__r--HumansBeingBros--comments--q5qfzp--skateboarder_helps_his_daughter_build_up": {
      "id": "2021_10_11_en_reddit_reddit__r--HumansBeingBros--comments--q5qfzp--skateboarder_helps_his_daughter_build_up",
      "url": "https://old.reddit.com/r/HumansBeingBros/comments/q5qfzp/skateboarder_helps_his_daughter_build_up/",
      "date_published": "2021-10-11T16:37:22.000Z",
      "date_modified": "2021-10-11T16:37:22.000Z",
      "_original_published": "2021-10-11T07:14:12.000Z",
      "_original_language": "en",
      "_translations": {
        "en": {
          "title": "Skateboarder helps his daughter build up confidence to conquer drop"
        },
        "ja": {
          "title": "スケートボーダーが娘に自信をつけさせ、落下を克服させる"
        },
        "zh-Hans": {
          "title": "滑板运动员帮助他的女儿建立起征服跌落的信心"
        },
        "zh-Hant": {
          "title": "滑板運動員幫助他的女兒建立起征服跌落的信心"
        }
      },
      "tags": [
        "HumansBeingBros"
      ],
      "authors": [
        {
          "name": "EastCoastTone96",
          "url": "https://old.reddit.com/user/EastCoastTone96"
        }
      ],
      "_links": [
        {
          "url": "https://old.reddit.com/r/HumansBeingBros/comments/q5qfzp/skateboarder_helps_his_daughter_build_up/",
          "name": "&uarr;77838 votes"
        }
      ],
      "image": "https://external-preview.redd.it/UG_K6I0dlS8MnkSJRmCGK9MgTi8AeKVQxNIF-PHeg4A.png?width=640&crop=smart&format=pjpg&auto=webp&s=994c026e142355dff175ce8b8d2ffee99ffaf9ff",
      "_video": {
        "sources": [
          {
            "url": "https://v.redd.it/dqw11hgeurs71/DASH_480.mp4?source=fallback"
          }
        ],
        "width": 480,
        "height": 480,
        "poster": "https://external-preview.redd.it/UG_K6I0dlS8MnkSJRmCGK9MgTi8AeKVQxNIF-PHeg4A.png?width=640&crop=smart&format=pjpg&auto=webp&s=994c026e142355dff175ce8b8d2ffee99ffaf9ff"
      }
    },
    "2021_10_08_en_reddit_reddit__r--pics--comments--q3uk9w--a_meteor_recently_fell_into_the_most_active": {
      "id": "2021_10_08_en_reddit_reddit__r--pics--comments--q3uk9w--a_meteor_recently_fell_into_the_most_active",
      "url": "https://old.reddit.com/r/pics/comments/q3uk9w/a_meteor_recently_fell_into_the_most_active/",
      "date_published": "2021-10-08T18:25:08.000Z",
      "date_modified": "2021-10-08T18:25:08.000Z",
      "_original_published": "2021-10-08T09:54:34.000Z",
      "_original_language": "en",
      "_translations": {
        "en": {
          "title": "A meteor recently fell into the most active volcano (Mount Merapi) in Indonesia"
        },
        "ja": {
          "title": "最近、インドネシアで最も活発な火山（ムラピ山）に隕石が落下しました。"
        },
        "zh-Hans": {
          "title": "最近一颗流星落入印度尼西亚最活跃的火山（默拉皮火山）。"
        },
        "zh-Hant": {
          "title": "最近一顆流星落入印度尼西亞最活躍的火山（默拉皮火山）。"
        }
      },
      "tags": [
        "pics"
      ],
      "authors": [
        {
          "name": "MGC91",
          "url": "https://old.reddit.com/user/MGC91"
        }
      ],
      "_links": [
        {
          "url": "https://old.reddit.com/r/pics/comments/q3uk9w/a_meteor_recently_fell_into_the_most_active/",
          "name": "&uarr;77619 votes"
        }
      ],
      "image": "https://external-preview.redd.it/4qSxIcwz1gqCA37Lo9S4OA20pwJl6FVHvqhuJGqX7Qc.jpg?width=1080&crop=smart&auto=webp&s=b0fa9a164f75b50a2349d4ea4dc91d5712d9df91"
    },
    "2021_10_08_en_reddit_reddit__r--gaming--comments--q3vw1q--left_side_is_what_it_looked_like_on_a_crt_tv_no": {
      "id": "2021_10_08_en_reddit_reddit__r--gaming--comments--q3vw1q--left_side_is_what_it_looked_like_on_a_crt_tv_no",
      "url": "https://old.reddit.com/r/gaming/comments/q3vw1q/left_side_is_what_it_looked_like_on_a_crt_tv_no/",
      "date_published": "2021-10-08T19:17:40.000Z",
      "date_modified": "2021-10-08T19:17:40.000Z",
      "_original_published": "2021-10-08T11:34:04.000Z",
      "_original_language": "en",
      "_translations": {
        "en": {
          "title": "Left side is what it looked like on a CRT TV, no wonder graphics as a kid looked like FIREE"
        },
        "ja": {
          "title": "左側はブラウン管テレビで見たときのもので、子供の頃のグラフィックが「FIRE」に見えたのも頷けます。"
        },
        "zh-Hans": {
          "title": "左侧是CRT电视上的样子，难怪小时候的图形看起来像FIREE。"
        },
        "zh-Hant": {
          "title": "左側是CRT電視上的樣子，難怪小時候的圖形看起來像FIREE。"
        }
      },
      "tags": [
        "gaming"
      ],
      "authors": [
        {
          "name": "Fullerene00",
          "url": "https://old.reddit.com/user/Fullerene00"
        }
      ],
      "_links": [
        {
          "url": "https://old.reddit.com/r/gaming/comments/q3vw1q/left_side_is_what_it_looked_like_on_a_crt_tv_no/",
          "name": "&uarr;77259 votes"
        }
      ],
      "image": "https://preview.redd.it/bpnsabrzp7s71.png?width=640&crop=smart&auto=webp&s=1026d9ca27edbacc88adff2ded6eb67b01d48ef0"
    },
    "2021_10_11_en_reddit_reddit__r--funny--comments--q60fmj--my_daughter_when_she_said_she_wanted_to_be_a": {
      "id": "2021_10_11_en_reddit_reddit__r--funny--comments--q60fmj--my_daughter_when_she_said_she_wanted_to_be_a",
      "url": "https://old.reddit.com/r/funny/comments/q60fmj/my_daughter_when_she_said_she_wanted_to_be_a/",
      "date_published": "2021-10-11T21:59:49.000Z",
      "date_modified": "2021-10-11T21:59:49.000Z",
      "_original_published": "2021-10-11T17:03:19.000Z",
      "_original_language": "en",
      "_translations": {
        "en": {
          "title": "My daughter when she said she wanted to be a Transformer for Halloween."
        },
        "ja": {
          "title": "ハロウィンでトランスフォーマーになりたいと言っていた娘。"
        },
        "zh-Hans": {
          "title": "我女儿说她想在万圣节当变形金刚时。"
        },
        "zh-Hant": {
          "title": "我女兒說她想在萬聖節當變形金剛時。"
        }
      },
      "tags": [
        "funny"
      ],
      "authors": [
        {
          "name": "brandoj23",
          "url": "https://old.reddit.com/user/brandoj23"
        }
      ],
      "_links": [
        {
          "url": "https://old.reddit.com/r/funny/comments/q60fmj/my_daughter_when_she_said_she_wanted_to_be_a/",
          "name": "&uarr;77040 votes"
        }
      ],
      "image": "https://preview.redd.it/hwi94vigrus71.jpg?width=1080&crop=smart&auto=webp&s=1e4136d1fe6816850e9e488f9b4918c04965b1d0"
    },
    "2021_10_14_en_reddit_reddit__r--pics--comments--q7yya5--trump_lost_billboard_in_time_square": {
      "id": "2021_10_14_en_reddit_reddit__r--pics--comments--q7yya5--trump_lost_billboard_in_time_square",
      "url": "https://old.reddit.com/r/pics/comments/q7yya5/trump_lost_billboard_in_time_square/",
      "date_published": "2021-10-14T18:47:38.000Z",
      "date_modified": "2021-10-14T18:47:38.000Z",
      "_original_published": "2021-10-14T12:45:03.000Z",
      "_original_language": "en",
      "_translations": {
        "en": {
          "title": "Trump Lost Billboard in Time Square"
        },
        "ja": {
          "title": "トランプが失ったタイムスクエアのビルボード"
        },
        "zh-Hans": {
          "title": "特朗普在时代广场丢失广告牌"
        },
        "zh-Hant": {
          "title": "特朗普在時代廣場丟失廣告牌"
        }
      },
      "tags": [
        "pics"
      ],
      "authors": [
        {
          "name": "Broiled_Fish_980",
          "url": "https://old.reddit.com/user/Broiled_Fish_980"
        }
      ],
      "_links": [
        {
          "url": "https://old.reddit.com/r/pics/comments/q7yya5/trump_lost_billboard_in_time_square/",
          "name": "&uarr;76936 votes"
        }
      ],
      "image": "https://preview.redd.it/io6cheewvet71.jpg?width=640&crop=smart&auto=webp&s=b2349a8a73171f0ec6a7b5aa967cb190c11022b4"
    },
    "2021_10_11_en_reddit_reddit__r--Unexpected--comments--q66qps--throwing_a_concrete_slab_at_a_glass_desk": {
      "id": "2021_10_11_en_reddit_reddit__r--Unexpected--comments--q66qps--throwing_a_concrete_slab_at_a_glass_desk",
      "url": "https://old.reddit.com/r/Unexpected/comments/q66qps/throwing_a_concrete_slab_at_a_glass_desk/",
      "date_published": "2021-10-12T06:42:21.000Z",
      "date_modified": "2021-10-12T06:42:21.000Z",
      "_original_published": "2021-10-11T21:50:20.000Z",
      "_original_language": "en",
      "_translations": {
        "en": {
          "title": "Throwing a concrete slab at a glass desk,"
        },
        "ja": {
          "title": "ガラスの机にコンクリートの板を投げつける。"
        },
        "zh-Hans": {
          "title": "将一块混凝土板扔到玻璃桌上。"
        },
        "zh-Hant": {
          "title": "將一塊混凝土板扔到玻璃桌上。"
        }
      },
      "tags": [
        "Unexpected"
      ],
      "authors": [
        {
          "name": "StcStasi",
          "url": "https://old.reddit.com/user/StcStasi"
        }
      ],
      "_links": [
        {
          "url": "https://old.reddit.com/r/Unexpected/comments/q66qps/throwing_a_concrete_slab_at_a_glass_desk/",
          "name": "&uarr;76833 votes"
        }
      ],
      "image": "https://external-preview.redd.it/kZDBPOj9e6q4ceg1lv2FQHmgR14inbC3bQHrbroH5IA.png?width=320&crop=smart&format=pjpg&auto=webp&s=06e0d32a66842169dc2e22e81a95612db796f8f6",
      "_video": {
        "sources": [
          {
            "url": "https://v.redd.it/69coqtao6ws71/DASH_480.mp4?source=fallback"
          }
        ],
        "width": 331,
        "height": 480,
        "poster": "https://external-preview.redd.it/kZDBPOj9e6q4ceg1lv2FQHmgR14inbC3bQHrbroH5IA.png?width=320&crop=smart&format=pjpg&auto=webp&s=06e0d32a66842169dc2e22e81a95612db796f8f6"
      }
    },
    "2021_10_14_en_reddit_reddit__r--mildlyinfuriating--comments--q7x7sa--this_made_me_mad": {
      "id": "2021_10_14_en_reddit_reddit__r--mildlyinfuriating--comments--q7x7sa--this_made_me_mad",
      "url": "https://old.reddit.com/r/mildlyinfuriating/comments/q7x7sa/this_made_me_mad/",
      "date_published": "2021-10-14T22:15:18.000Z",
      "date_modified": "2021-10-14T22:15:18.000Z",
      "_original_published": "2021-10-14T10:52:04.000Z",
      "_original_language": "en",
      "_translations": {
        "en": {
          "title": "this made me mad"
        },
        "ja": {
          "title": "これは私を怒らせました。"
        },
        "zh-Hans": {
          "title": "这让我很生气"
        },
        "zh-Hant": {
          "title": "這讓我很生氣"
        }
      },
      "tags": [
        "mildlyinfuriating"
      ],
      "authors": [
        {
          "name": "ExchangeWise3649",
          "url": "https://old.reddit.com/user/ExchangeWise3649"
        }
      ],
      "_links": [
        {
          "url": "https://old.reddit.com/r/mildlyinfuriating/comments/q7x7sa/this_made_me_mad/",
          "name": "&uarr;76705 votes"
        }
      ],
      "image": "https://preview.redd.it/yv90z3v0cet71.jpg?width=1080&crop=smart&auto=webp&s=aa0d05a4ae1866a104d07b5dedac00ac2b98bd04"
    },
    "2021_10_14_en_reddit_reddit__r--antiwork--comments--q82vqk--quit_my_job_last_night_it_was_nice_to_be_home_to": {
      "id": "2021_10_14_en_reddit_reddit__r--antiwork--comments--q82vqk--quit_my_job_last_night_it_was_nice_to_be_home_to",
      "url": "https://old.reddit.com/r/antiwork/comments/q82vqk/quit_my_job_last_night_it_was_nice_to_be_home_to/",
      "date_published": "2021-10-14T19:56:34.000Z",
      "date_modified": "2021-10-14T19:56:34.000Z",
      "_original_published": "2021-10-14T16:10:43.000Z",
      "_original_language": "en",
      "_translations": {
        "en": {
          "title": "Quit my job last night, it was nice to be home to make the kids breakfast and take them to school today! Off to hunt for a new opportunity, wish me luck :)"
        },
        "ja": {
          "title": "昨晩、仕事を辞めました。家で子供たちの朝食を作り、今日は学校に連れて行くことができて良かったです。新しい仕事を探しに行くよ。幸運を祈ってるよ。)"
        },
        "zh-Hans": {
          "title": "昨晚辞掉了工作，今天能在家给孩子们做早餐并送他们去学校，真是太好了！我已经开始寻找新的机会了。去寻找一个新的机会，祝我好运 :)"
        },
        "zh-Hant": {
          "title": "昨晚辭掉了工作，今天能在家給孩子們做早餐並送他們去學校，真是太好了！我已經開始尋找新的機會了。去尋找一個新的機會，祝我好運 :)"
        }
      },
      "tags": [
        "antiwork"
      ],
      "authors": [
        {
          "name": "hestolemysmile",
          "url": "https://old.reddit.com/user/hestolemysmile"
        }
      ],
      "_links": [
        {
          "url": "https://old.reddit.com/r/antiwork/comments/q82vqk/quit_my_job_last_night_it_was_nice_to_be_home_to/",
          "name": "&uarr;76687 votes"
        }
      ],
      "image": "https://preview.redd.it/ihkhc17wwft71.jpg?width=1080&crop=smart&auto=webp&s=fc4bbe5e412e32dd1c3f1acff47ffb31bbe144f0"
    },
    "2021_10_11_en_reddit_reddit__r--interestingasfuck--comments--q5oww4--ceos_of_7_major_tobacco_corporations_testifying": {
      "id": "2021_10_11_en_reddit_reddit__r--interestingasfuck--comments--q5oww4--ceos_of_7_major_tobacco_corporations_testifying",
      "url": "https://old.reddit.com/r/interestingasfuck/comments/q5oww4/ceos_of_7_major_tobacco_corporations_testifying/",
      "date_published": "2021-10-11T12:51:42.000Z",
      "date_modified": "2021-10-11T12:51:42.000Z",
      "_original_published": "2021-10-11T05:21:14.000Z",
      "_original_language": "en",
      "_translations": {
        "en": {
          "title": "CEOs of 7 major tobacco corporations testifying under oath that nicotine does NOT cause addiction. 1994."
        },
        "ja": {
          "title": "大手タバコ会社7社のCEOが「ニコチンは中毒を起こさない」と宣誓して証言。1994."
        },
        "zh-Hans": {
          "title": "7家主要烟草公司的首席执行官宣誓作证，尼古丁不会导致成瘾。1994."
        },
        "zh-Hant": {
          "title": "7家主要菸草公司的首席執行官宣誓作證，尼古丁不會導致成癮。1994."
        }
      },
      "tags": [
        "interestingasfuck"
      ],
      "authors": [
        {
          "name": "_Xyreo_",
          "url": "https://old.reddit.com/user/_Xyreo_"
        }
      ],
      "_links": [
        {
          "url": "https://old.reddit.com/r/interestingasfuck/comments/q5oww4/ceos_of_7_major_tobacco_corporations_testifying/",
          "name": "&uarr;76607 votes"
        }
      ],
      "image": "https://preview.redd.it/tn79pq37ars71.png?width=320&crop=smart&auto=webp&s=da5562111ff6711902df4055ad1572d1321e118a"
    },
    "2021_10_13_en_reddit_reddit__r--WhitePeopleTwitter--comments--q7e8om--algorithm": {
      "id": "2021_10_13_en_reddit_reddit__r--WhitePeopleTwitter--comments--q7e8om--algorithm",
      "url": "https://old.reddit.com/r/WhitePeopleTwitter/comments/q7e8om/algorithm/",
      "date_published": "2021-10-13T23:17:38.000Z",
      "date_modified": "2021-10-13T23:17:38.000Z",
      "_original_published": "2021-10-13T15:59:03.000Z",
      "_original_language": "en",
      "_translations": {
        "en": {
          "title": "Algorithm"
        },
        "ja": {
          "title": "アルゴリズム"
        },
        "zh-Hans": {
          "title": "算法"
        },
        "zh-Hant": {
          "title": "算法"
        }
      },
      "tags": [
        "WhitePeopleTwitter"
      ],
      "authors": [
        {
          "name": "ExpertAccident",
          "url": "https://old.reddit.com/user/ExpertAccident"
        }
      ],
      "_links": [
        {
          "url": "https://old.reddit.com/r/WhitePeopleTwitter/comments/q7e8om/algorithm/",
          "name": "&uarr;76541 votes"
        }
      ],
      "image": "https://preview.redd.it/687tb9jwp8t71.jpg?width=640&crop=smart&auto=webp&s=a54f6f85cef7b572fcd142760d749235a1725ae7"
    },
    "2021_10_10_en_reddit_reddit__r--MadeMeSmile--comments--q55ntk--man_calls_his_parents_while_skydiving": {
      "id": "2021_10_10_en_reddit_reddit__r--MadeMeSmile--comments--q55ntk--man_calls_his_parents_while_skydiving",
      "url": "https://old.reddit.com/r/MadeMeSmile/comments/q55ntk/man_calls_his_parents_while_skydiving/",
      "date_published": "2021-10-10T17:03:19.000Z",
      "date_modified": "2021-10-10T17:03:19.000Z",
      "_original_published": "2021-10-10T10:39:19.000Z",
      "_original_language": "en",
      "_translations": {
        "en": {
          "title": "Man calls his parents while skydiving"
        },
        "ja": {
          "title": "スカイダイビング中に両親に電話をかけた男性"
        },
        "zh-Hans": {
          "title": "男子跳伞时给父母打电话"
        },
        "zh-Hant": {
          "title": "男子跳傘時給父母打電話"
        }
      },
      "tags": [
        "MadeMeSmile"
      ],
      "authors": [
        {
          "name": "boatoa",
          "url": "https://old.reddit.com/user/boatoa"
        }
      ],
      "_links": [
        {
          "url": "https://old.reddit.com/r/MadeMeSmile/comments/q55ntk/man_calls_his_parents_while_skydiving/",
          "name": "&uarr;76532 votes"
        }
      ],
      "image": "https://external-preview.redd.it/Pl0Ejt1X9DOt95sQr9QDRecGMb_gsaiE55r_7ia3KGM.png?width=1080&crop=smart&format=pjpg&auto=webp&s=36912357b2723e243772fd7e9eaf44380b4e19dc",
      "_video": {
        "sources": [
          {
            "url": "https://v.redd.it/6g0d935fpls71/DASH_720.mp4?source=fallback"
          }
        ],
        "width": 1280,
        "height": 720,
        "poster": "https://external-preview.redd.it/Pl0Ejt1X9DOt95sQr9QDRecGMb_gsaiE55r_7ia3KGM.png?width=1080&crop=smart&format=pjpg&auto=webp&s=36912357b2723e243772fd7e9eaf44380b4e19dc"
      }
    },
    "2021_10_12_en_reddit_reddit__r--MadeMeSmile--comments--q6hse2--a_great_heads_up": {
      "id": "2021_10_12_en_reddit_reddit__r--MadeMeSmile--comments--q6hse2--a_great_heads_up",
      "url": "https://old.reddit.com/r/MadeMeSmile/comments/q6hse2/a_great_heads_up/",
      "date_published": "2021-10-12T17:28:11.000Z",
      "date_modified": "2021-10-12T17:28:11.000Z",
      "_original_published": "2021-10-12T08:47:04.000Z",
      "_original_language": "en",
      "_translations": {
        "en": {
          "title": "A great heads up"
        },
        "ja": {
          "title": "素晴らしいヘッドアップ"
        },
        "zh-Hans": {
          "title": "一个很好的提示"
        },
        "zh-Hant": {
          "title": "一個很好的提示"
        }
      },
      "tags": [
        "MadeMeSmile"
      ],
      "authors": [
        {
          "name": "platinumpolishers",
          "url": "https://old.reddit.com/user/platinumpolishers"
        }
      ],
      "_links": [
        {
          "url": "https://old.reddit.com/r/MadeMeSmile/comments/q6hse2/a_great_heads_up/",
          "name": "&uarr;76528 votes"
        }
      ],
      "image": "https://preview.redd.it/vzlz4x2xfzs71.jpg?width=1080&crop=smart&auto=webp&s=c59e0f15294ebe5cd338e7a5a7aa46684d9635df"
    },
    "2021_10_10_en_reddit_reddit__r--Unexpected--comments--q57qgn--well_thats_unfortunate": {
      "id": "2021_10_10_en_reddit_reddit__r--Unexpected--comments--q57qgn--well_thats_unfortunate",
      "url": "https://old.reddit.com/r/Unexpected/comments/q57qgn/well_thats_unfortunate/",
      "date_published": "2021-10-10T19:37:54.000Z",
      "date_modified": "2021-10-10T19:37:54.000Z",
      "_original_published": "2021-10-10T13:08:54.000Z",
      "_original_language": "en",
      "_translations": {
        "en": {
          "title": "Well, that's unfortunate"
        },
        "ja": {
          "title": "それは残念なことです。"
        },
        "zh-Hans": {
          "title": "嗯，这很不幸"
        },
        "zh-Hant": {
          "title": "嗯，這很不幸"
        }
      },
      "tags": [
        "Unexpected"
      ],
      "authors": [
        {
          "name": "BottlerEater1",
          "url": "https://old.reddit.com/user/BottlerEater1"
        }
      ],
      "_links": [
        {
          "url": "https://old.reddit.com/r/Unexpected/comments/q57qgn/well_thats_unfortunate/",
          "name": "&uarr;76479 votes"
        }
      ],
      "image": "https://external-preview.redd.it/rJlnUmOWZdLNf08KLbLniBPXuGQlN7ItOPcAJ4iWowc.png?width=640&crop=smart&format=pjpg&auto=webp&s=ebf344f1e9f91945f18fbb2fa9c919f32fa2aa24",
      "_video": {
        "sources": [
          {
            "url": "https://v.redd.it/gafkploqgms71/DASH_720.mp4?source=fallback"
          }
        ],
        "width": 720,
        "height": 720,
        "poster": "https://external-preview.redd.it/rJlnUmOWZdLNf08KLbLniBPXuGQlN7ItOPcAJ4iWowc.png?width=640&crop=smart&format=pjpg&auto=webp&s=ebf344f1e9f91945f18fbb2fa9c919f32fa2aa24"
      }
    },
    "2021_10_08_en_reddit_reddit__r--Damnthatsinteresting--comments--q41pse--100yearold_former_nazi_guard_stands_trial_in": {
      "id": "2021_10_08_en_reddit_reddit__r--Damnthatsinteresting--comments--q41pse--100yearold_former_nazi_guard_stands_trial_in",
      "url": "https://old.reddit.com/r/Damnthatsinteresting/comments/q41pse/100yearold_former_nazi_guard_stands_trial_in/",
      "date_published": "2021-10-09T02:47:23.000Z",
      "date_modified": "2021-10-09T02:47:23.000Z",
      "_original_published": "2021-10-08T16:51:13.000Z",
      "_original_language": "en",
      "_translations": {
        "en": {
          "title": "100-Year-Old Former Nazi Guard Stands Trial In Germany"
        },
        "ja": {
          "title": "100歳の元ナチス親衛隊員がドイツで裁判を受ける"
        },
        "zh-Hans": {
          "title": "100岁的前纳粹卫兵在德国受审"
        },
        "zh-Hant": {
          "title": "100歲的前納粹衛兵在德國受審"
        }
      },
      "tags": [
        "Damnthatsinteresting"
      ],
      "authors": [
        {
          "name": "Throwawaylism",
          "url": "https://old.reddit.com/user/Throwawaylism"
        }
      ],
      "_links": [
        {
          "url": "https://old.reddit.com/r/Damnthatsinteresting/comments/q41pse/100yearold_former_nazi_guard_stands_trial_in/",
          "name": "&uarr;76432 votes"
        }
      ],
      "image": "https://external-preview.redd.it/aQ51a1N9DzQb8tp-9ezhmRWAArLkfQ9uw93_kaAZOyE.png?width=1080&crop=smart&format=pjpg&auto=webp&s=ae1f3fb3c891d4311db9c33236b86a34bcc4e390",
      "_video": {
        "sources": [
          {
            "url": "https://v.redd.it/9ykidkrla9s71/DASH_1080.mp4?source=fallback"
          }
        ],
        "width": 1514,
        "height": 848,
        "poster": "https://external-preview.redd.it/aQ51a1N9DzQb8tp-9ezhmRWAArLkfQ9uw93_kaAZOyE.png?width=1080&crop=smart&format=pjpg&auto=webp&s=ae1f3fb3c891d4311db9c33236b86a34bcc4e390"
      }
    },
    "2021_10_11_en_reddit_reddit__r--aww--comments--q5ycil--it_was_too_hot_and_the_asphalt_was_100f_so_he": {
      "id": "2021_10_11_en_reddit_reddit__r--aww--comments--q5ycil--it_was_too_hot_and_the_asphalt_was_100f_so_he",
      "url": "https://old.reddit.com/r/aww/comments/q5ycil/it_was_too_hot_and_the_asphalt_was_100f_so_he/",
      "date_published": "2021-10-12T02:12:01.000Z",
      "date_modified": "2021-10-12T02:12:01.000Z",
      "_original_published": "2021-10-11T15:28:44.000Z",
      "_original_language": "en",
      "_translations": {
        "en": {
          "title": "It was too hot and the asphalt was 100F, so he carried his doggo to the car 🥺"
        },
        "ja": {
          "title": "暑すぎてアスファルトが100Fになっていたので、ワンコを車まで運んだそうです🥺。"
        },
        "zh-Hans": {
          "title": "天气太热了，柏油路面有100华氏度，所以他把他的小狗抱到了车上 🥺。"
        },
        "zh-Hant": {
          "title": "天氣太熱了，柏油路面有100華氏度，所以他把他的小狗抱到了車上 🥺。"
        }
      },
      "tags": [
        "aww"
      ],
      "authors": [
        {
          "name": "Soulless_Songstress",
          "url": "https://old.reddit.com/user/Soulless_Songstress"
        }
      ],
      "_links": [
        {
          "url": "https://old.reddit.com/r/aww/comments/q5ycil/it_was_too_hot_and_the_asphalt_was_100f_so_he/",
          "name": "&uarr;76332 votes"
        }
      ],
      "image": "https://external-preview.redd.it/Coq_xpJiWQUbv-TBmFuHrfJjbOGCM8z1h1-4Z0DEgJY.png?width=1080&crop=smart&format=pjpg&auto=webp&s=826feff99271538b976721efe8587081dab94835",
      "_video": {
        "sources": [
          {
            "url": "https://v.redd.it/euw1r5slaus71/DASH_1080.mp4?source=fallback"
          }
        ],
        "width": 607,
        "height": 1080,
        "poster": "https://external-preview.redd.it/Coq_xpJiWQUbv-TBmFuHrfJjbOGCM8z1h1-4Z0DEgJY.png?width=1080&crop=smart&format=pjpg&auto=webp&s=826feff99271538b976721efe8587081dab94835"
      }
    }
  }
}
