{
  "items": {
    "2020_12_11_en_reddit_reddit__r--memes--comments--kb357l--makes_the_calculations_simpler": {
      "id": "2020_12_11_en_reddit_reddit__r--memes--comments--kb357l--makes_the_calculations_simpler",
      "url": "https://old.reddit.com/r/memes/comments/kb357l/makes_the_calculations_simpler/",
      "date_published": "2020-12-11T18:35:02.000Z",
      "date_modified": "2020-12-11T18:35:02.000Z",
      "_original_published": "2020-12-11T13:51:32.000Z",
      "_original_language": "en",
      "_translations": {
        "en": {
          "title": "Makes the calculations simpler"
        },
        "zh-Hans": {
          "title": "使计算变得更简单"
        },
        "zh-Hant": {
          "title": "使計算變得更簡單"
        }
      },
      "tags": [
        "memes"
      ],
      "authors": [
        {
          "name": "PianistCryuff",
          "url": "https://old.reddit.com/user/PianistCryuff"
        }
      ],
      "_links": [
        {
          "url": "https://old.reddit.com/r/memes/comments/kb357l/makes_the_calculations_simpler/",
          "name": "&uarr;166898 votes"
        }
      ],
      "image": "https://preview.redd.it/v7opjah2ck461.gif?width=320&crop=smart&format=png8&s=80f1a044c5ea788c6a411f72d48b898fa1488488",
      "_video": {
        "sources": [
          {
            "url": "https://preview.redd.it/v7opjah2ck461.gif?format=mp4&s=110c8c5eabf67ec94d62710fb046975e77ce8c30"
          }
        ],
        "width": 600,
        "height": 426,
        "poster": "https://preview.redd.it/v7opjah2ck461.gif?width=320&crop=smart&format=png8&s=80f1a044c5ea788c6a411f72d48b898fa1488488"
      }
    },
    "2020_12_11_en_reddit_reddit__r--memes--comments--kazjee--system_failure": {
      "id": "2020_12_11_en_reddit_reddit__r--memes--comments--kazjee--system_failure",
      "url": "https://old.reddit.com/r/memes/comments/kazjee/system_failure/",
      "date_published": "2020-12-11T14:28:01.000Z",
      "date_modified": "2020-12-11T14:28:01.000Z",
      "_original_published": "2020-12-11T09:20:12.000Z",
      "_original_language": "en",
      "_translations": {
        "en": {
          "title": "System Failure"
        },
        "zh-Hans": {
          "title": "系统故障"
        },
        "zh-Hant": {
          "title": "系統故障"
        }
      },
      "tags": [
        "memes"
      ],
      "authors": [
        {
          "name": "Less_Awareness_2232",
          "url": "https://old.reddit.com/user/Less_Awareness_2232"
        }
      ],
      "_links": [
        {
          "url": "https://old.reddit.com/r/memes/comments/kazjee/system_failure/",
          "name": "&uarr;150436 votes"
        }
      ],
      "image": "https://preview.redd.it/wguwqb2rzi461.gif?width=640&crop=smart&format=png8&s=479f148dec7b45a2e0741aba9bc641fba7aa8edf",
      "_video": {
        "sources": [
          {
            "url": "https://preview.redd.it/wguwqb2rzi461.gif?format=mp4&s=c72975560f39a014398c091afa0502fbe540eda3"
          }
        ],
        "width": 714,
        "height": 750,
        "poster": "https://preview.redd.it/wguwqb2rzi461.gif?width=640&crop=smart&format=png8&s=479f148dec7b45a2e0741aba9bc641fba7aa8edf"
      }
    },
    "2020_12_10_en_reddit_reddit__r--MadeMeSmile--comments--kak5av--in_2019_i_got_way_too_drunk_at_the_office": {
      "id": "2020_12_10_en_reddit_reddit__r--MadeMeSmile--comments--kak5av--in_2019_i_got_way_too_drunk_at_the_office",
      "url": "https://old.reddit.com/r/MadeMeSmile/comments/kak5av/in_2019_i_got_way_too_drunk_at_the_office/",
      "date_published": "2020-12-10T22:42:31.000Z",
      "date_modified": "2020-12-10T22:42:31.000Z",
      "_original_published": "2020-12-10T17:52:23.000Z",
      "_original_language": "en",
      "_translations": {
        "en": {
          "title": "In 2019 I got way too drunk at the office Christmas party & bet my coworker that I would spend 2020 getting fit. I kept my promise and won the bet. I am proud."
        },
        "zh-Hans": {
          "title": "2019年，我在办公室的圣诞派对上喝得酩酊大醉&我和同事打赌，我会在2020年的时间里变得健美。我信守诺言，赢得了打赌。我很自豪。"
        },
        "zh-Hant": {
          "title": "2019年，我在辦公室的聖誕派對上喝得酩酊大醉&我和同事打賭，我會在2020年的時間裏變得健美。我信守諾言，贏得了打賭。我很自豪。"
        }
      },
      "tags": [
        "MadeMeSmile"
      ],
      "authors": [
        {
          "name": "Asalami_Laykum",
          "url": "https://old.reddit.com/user/Asalami_Laykum"
        }
      ],
      "_links": [
        {
          "url": "https://old.reddit.com/r/MadeMeSmile/comments/kak5av/in_2019_i_got_way_too_drunk_at_the_office/",
          "name": "&uarr;156089 votes"
        }
      ],
      "image": "https://preview.redd.it/vw71e60aee461.jpg?width=1080&crop=smart&auto=webp&s=de697082beab4b51757537db8f1ac383be303066"
    },
    "2020_12_10_en_reddit_reddit__r--gaming--comments--kadyah--the_life_of_a_gamer_parent": {
      "id": "2020_12_10_en_reddit_reddit__r--gaming--comments--kadyah--the_life_of_a_gamer_parent",
      "url": "https://old.reddit.com/r/gaming/comments/kadyah/the_life_of_a_gamer_parent/",
      "date_published": "2020-12-10T17:00:54.000Z",
      "date_modified": "2020-12-10T17:00:54.000Z",
      "_original_published": "2020-12-10T11:47:24.000Z",
      "_original_language": "en",
      "_translations": {
        "en": {
          "title": "The life of a gamer parent"
        },
        "zh-Hans": {
          "title": "游戏玩家父母的生活"
        },
        "zh-Hant": {
          "title": "遊戲玩家父母的生活"
        }
      },
      "tags": [
        "gaming"
      ],
      "authors": [
        {
          "name": "gammalantern",
          "url": "https://old.reddit.com/user/gammalantern"
        }
      ],
      "_links": [
        {
          "url": "https://old.reddit.com/r/gaming/comments/kadyah/the_life_of_a_gamer_parent/",
          "name": "&uarr;150787 votes"
        }
      ],
      "image": "https://preview.redd.it/q8rlrxx0lc461.jpg?width=1080&crop=smart&auto=webp&s=4dced364708fb7c3068066b6115a79887e97d1a8"
    },
    "2020_12_10_en_reddit_reddit__r--memes--comments--kacw11--hmm_fuck": {
      "id": "2020_12_10_en_reddit_reddit__r--memes--comments--kacw11--hmm_fuck",
      "url": "https://old.reddit.com/r/memes/comments/kacw11/hmm_fuck/",
      "date_published": "2020-12-10T15:43:46.000Z",
      "date_modified": "2020-12-10T15:43:46.000Z",
      "_original_published": "2020-12-10T10:12:26.000Z",
      "_original_language": "en",
      "_translations": {
        "en": {
          "title": "Hmm fuck"
        },
        "zh-Hans": {
          "title": "嗯，他妈的"
        },
        "zh-Hant": {
          "title": "嗯，他媽的"
        }
      },
      "tags": [
        "memes"
      ],
      "authors": [
        {
          "name": "Chasith",
          "url": "https://old.reddit.com/user/Chasith"
        }
      ],
      "_links": [
        {
          "url": "https://old.reddit.com/r/memes/comments/kacw11/hmm_fuck/",
          "name": "&uarr;159704 votes"
        }
      ],
      "image": "https://preview.redd.it/rcrzwoy44c461.jpg?width=640&crop=smart&auto=webp&s=acb6c5d3460874861aeb95812f70d9491bfc09e4"
    },
    "2020_12_09_en_reddit_reddit__r--dankmemes--comments--k9uurc--noted": {
      "id": "2020_12_09_en_reddit_reddit__r--dankmemes--comments--k9uurc--noted",
      "url": "https://old.reddit.com/r/dankmemes/comments/k9uurc/noted/",
      "date_published": "2020-12-09T21:59:56.000Z",
      "date_modified": "2020-12-09T21:59:56.000Z",
      "_original_published": "2020-12-09T16:22:20.000Z",
      "_original_language": "en",
      "_translations": {
        "en": {
          "title": "Noted"
        },
        "zh-Hans": {
          "title": "已注意到"
        },
        "zh-Hant": {
          "title": "已註意到"
        }
      },
      "tags": [
        "dankmemes"
      ],
      "authors": [
        {
          "name": "WrongTime01",
          "url": "https://old.reddit.com/user/WrongTime01"
        }
      ],
      "_links": [
        {
          "url": "https://old.reddit.com/r/dankmemes/comments/k9uurc/noted/",
          "name": "&uarr;143336 votes"
        }
      ],
      "image": "https://preview.redd.it/6mkf2fwat6461.jpg?width=640&crop=smart&auto=webp&s=9499f916bbfaef1db133533c6e32343df5b6dedf"
    },
    "2020_12_09_en_reddit_reddit__r--memes--comments--k9sf4v--behold_my_debt": {
      "id": "2020_12_09_en_reddit_reddit__r--memes--comments--k9sf4v--behold_my_debt",
      "url": "https://old.reddit.com/r/memes/comments/k9sf4v/behold_my_debt/",
      "date_published": "2020-12-09T19:30:42.000Z",
      "date_modified": "2020-12-09T19:30:42.000Z",
      "_original_published": "2020-12-09T14:07:02.000Z",
      "_original_language": "en",
      "_translations": {
        "en": {
          "title": "Behold, my debt!"
        },
        "zh-Hans": {
          "title": "看哪，这是我的债！"
        },
        "zh-Hant": {
          "title": "看哪，這是我的債！"
        }
      },
      "tags": [
        "memes"
      ],
      "authors": [
        {
          "name": "winkysocks21",
          "url": "https://old.reddit.com/user/winkysocks21"
        }
      ],
      "_links": [
        {
          "url": "https://old.reddit.com/r/memes/comments/k9sf4v/behold_my_debt/",
          "name": "&uarr;149504 votes"
        }
      ],
      "image": "https://preview.redd.it/bkvajjr556461.jpg?width=960&crop=smart&auto=webp&s=c0c94f5aeda9f77f174ca85788ce42b2bd598fa7"
    },
    "2020_12_09_en_reddit_reddit__r--aww--comments--k9pemt--prison_break": {
      "id": "2020_12_09_en_reddit_reddit__r--aww--comments--k9pemt--prison_break",
      "url": "https://old.reddit.com/r/aww/comments/k9pemt/prison_break/",
      "date_published": "2020-12-09T16:44:22.000Z",
      "date_modified": "2020-12-09T16:44:22.000Z",
      "_original_published": "2020-12-09T10:16:39.000Z",
      "_original_language": "en",
      "_translations": {
        "en": {
          "title": "Prison Break"
        },
        "zh-Hans": {
          "title": "越狱"
        },
        "zh-Hant": {
          "title": "越獄"
        }
      },
      "tags": [
        "aww"
      ],
      "authors": [
        {
          "name": "pkkballer22",
          "url": "https://old.reddit.com/user/pkkballer22"
        }
      ],
      "_links": [
        {
          "url": "https://old.reddit.com/r/aww/comments/k9pemt/prison_break/",
          "name": "&uarr;144063 votes"
        }
      ],
      "image": "https://external-preview.redd.it/br2L_USnc5dkfyRerEUD9y8kxQnG-Vw6HZv87Wyjwak.png?width=320&crop=smart&format=pjpg&auto=webp&s=9b4c6c440cbc7e8d35acfc472373085bffad4768",
      "_video": {
        "sources": [
          {
            "url": "https://v.redd.it/9lsuhzn105461/DASH_360.mp4?source=fallback"
          }
        ],
        "width": 360,
        "height": 360,
        "poster": "https://external-preview.redd.it/br2L_USnc5dkfyRerEUD9y8kxQnG-Vw6HZv87Wyjwak.png?width=320&crop=smart&format=pjpg&auto=webp&s=9b4c6c440cbc7e8d35acfc472373085bffad4768"
      }
    },
    "2020_12_08_en_reddit_reddit__r--blog--comments--k967mm--reddit_in_2020": {
      "id": "2020_12_08_en_reddit_reddit__r--blog--comments--k967mm--reddit_in_2020",
      "url": "https://old.reddit.com/r/blog/comments/k967mm/reddit_in_2020/",
      "date_published": "2020-12-08T23:25:59.000Z",
      "date_modified": "2020-12-08T23:25:59.000Z",
      "_original_published": "2020-12-08T15:29:54.000Z",
      "_original_language": "en",
      "_translations": {
        "en": {
          "title": "Reddit in 2020"
        },
        "zh-Hans": {
          "title": "2020年的Reddit"
        },
        "zh-Hant": {
          "title": "2020年的Reddit"
        }
      },
      "tags": [
        "blog"
      ],
      "authors": [
        {
          "name": "reddit_irl",
          "url": "https://old.reddit.com/user/reddit_irl"
        }
      ],
      "_links": [
        {
          "url": "https://old.reddit.com/r/blog/comments/k967mm/reddit_in_2020/",
          "name": "&uarr;169563 votes"
        }
      ],
      "image": "https://external-preview.redd.it/soqfRf0k2XvuhsNXj4oGTtZD00uA8uKN_HByRGhuZ68.png?width=1080&crop=smart&format=pjpg&auto=webp&s=c576c5d7b9c0c72116085a6727e5d6c426659fe5",
      "_video": {
        "sources": [
          {
            "url": "https://v.redd.it/20u7z7kpcz361/DASH_1080.mp4?source=fallback"
          }
        ],
        "width": 1920,
        "height": 1080,
        "poster": "https://external-preview.redd.it/soqfRf0k2XvuhsNXj4oGTtZD00uA8uKN_HByRGhuZ68.png?width=1080&crop=smart&format=pjpg&auto=webp&s=c576c5d7b9c0c72116085a6727e5d6c426659fe5"
      }
    },
    "2020_12_08_en_reddit_reddit__r--dankmemes--comments--k986ci--damn_you_bill_gates": {
      "id": "2020_12_08_en_reddit_reddit__r--dankmemes--comments--k986ci--damn_you_bill_gates",
      "url": "https://old.reddit.com/r/dankmemes/comments/k986ci/damn_you_bill_gates/",
      "date_published": "2020-12-08T22:41:16.000Z",
      "date_modified": "2020-12-08T22:41:16.000Z",
      "_original_published": "2020-12-08T17:09:34.000Z",
      "_original_language": "en",
      "_translations": {
        "en": {
          "title": "Damn you Bill Gates!"
        },
        "zh-Hans": {
          "title": "该死的比尔·盖茨！"
        },
        "zh-Hant": {
          "title": "該死的比爾·蓋茨！"
        }
      },
      "tags": [
        "dankmemes"
      ],
      "authors": [
        {
          "name": "chaosgiantmemes",
          "url": "https://old.reddit.com/user/chaosgiantmemes"
        }
      ],
      "_links": [
        {
          "url": "https://old.reddit.com/r/dankmemes/comments/k986ci/damn_you_bill_gates/",
          "name": "&uarr;138017 votes"
        }
      ],
      "image": "https://preview.redd.it/ok5bnmdtwz361.jpg?width=640&crop=smart&auto=webp&s=c6197819015d29a5fdc1b6afa61bfb7cb4593e64"
    },
    "2020_12_08_en_reddit_reddit__r--memes--comments--k94ktq--simpler_times": {
      "id": "2020_12_08_en_reddit_reddit__r--memes--comments--k94ktq--simpler_times",
      "url": "https://old.reddit.com/r/memes/comments/k94ktq/simpler_times/",
      "date_published": "2020-12-08T19:29:30.000Z",
      "date_modified": "2020-12-08T19:29:30.000Z",
      "_original_published": "2020-12-08T13:56:36.000Z",
      "_original_language": "en",
      "_translations": {
        "en": {
          "title": "simpler times"
        },
        "zh-Hans": {
          "title": "更简单的时代"
        },
        "zh-Hant": {
          "title": "更簡單的時代"
        }
      },
      "tags": [
        "memes"
      ],
      "authors": [
        {
          "name": "PrettyCoolTim",
          "url": "https://old.reddit.com/user/PrettyCoolTim"
        }
      ],
      "_links": [
        {
          "url": "https://old.reddit.com/r/memes/comments/k94ktq/simpler_times/",
          "name": "&uarr;158690 votes"
        }
      ],
      "image": "https://preview.redd.it/pkjru9tcyy361.jpg?width=640&crop=smart&auto=webp&s=a333c05a1e77797cab37e2b5a2d1d5ef9ba8257f"
    },
    "2020_12_08_en_reddit_reddit__r--pics--comments--k92ko0--90yearold_lady_from_the_uk_becomes_the_first": {
      "id": "2020_12_08_en_reddit_reddit__r--pics--comments--k92ko0--90yearold_lady_from_the_uk_becomes_the_first",
      "url": "https://old.reddit.com/r/pics/comments/k92ko0/90yearold_lady_from_the_uk_becomes_the_first/",
      "date_published": "2020-12-08T17:13:20.000Z",
      "date_modified": "2020-12-08T17:13:20.000Z",
      "_original_published": "2020-12-08T11:24:52.000Z",
      "_original_language": "en",
      "_translations": {
        "en": {
          "title": "90-year-old lady from the UK becomes the first person in the world to receive a COVID vaccine"
        },
        "zh-Hans": {
          "title": "来自英国的90岁老太太成为世界上第一个接种CoVID疫苗的人"
        },
        "zh-Hant": {
          "title": "來自英國的90歲老太太成為世界上第壹個接種CoVID疫苗的人"
        }
      },
      "tags": [
        "pics"
      ],
      "authors": [
        {
          "name": "unknown_human",
          "url": "https://old.reddit.com/user/unknown_human"
        }
      ],
      "_links": [
        {
          "url": "https://old.reddit.com/r/pics/comments/k92ko0/90yearold_lady_from_the_uk_becomes_the_first/",
          "name": "&uarr;156914 votes"
        }
      ],
      "image": "https://preview.redd.it/x11ktdwa7y361.jpg?width=1080&crop=smart&auto=webp&s=a9210d2ade89f47cfa4c7c62d34074a9e2ed3f7d"
    },
    "2020_12_06_en_reddit_reddit__r--aww--comments--k7vhum--two_years_and_tons_of_walks_later_shiloh_has": {
      "id": "2020_12_06_en_reddit_reddit__r--aww--comments--k7vhum--two_years_and_tons_of_walks_later_shiloh_has",
      "url": "https://old.reddit.com/r/aww/comments/k7vhum/two_years_and_tons_of_walks_later_shiloh_has/",
      "date_published": "2020-12-06T19:58:10.000Z",
      "date_modified": "2020-12-06T19:58:10.000Z",
      "_original_published": "2020-12-06T15:18:52.000Z",
      "_original_language": "en",
      "_translations": {
        "en": {
          "title": "Two years and TONS of walks later, Shiloh has reached her target weight!!"
        },
        "zh-Hans": {
          "title": "两年后，经过数吨的步行，夏洛已经达到了她的目标体重！"
        },
        "zh-Hant": {
          "title": "兩年後，經過數噸的步行，夏洛已經達到了她的目標體重！"
        }
      },
      "tags": [
        "aww"
      ],
      "authors": [
        {
          "name": "mikerich15",
          "url": "https://old.reddit.com/user/mikerich15"
        }
      ],
      "_links": [
        {
          "url": "https://old.reddit.com/r/aww/comments/k7vhum/two_years_and_tons_of_walks_later_shiloh_has/",
          "name": "&uarr;155986 votes"
        }
      ],
      "image": "https://preview.redd.it/8j1wzxw53l361.png?width=1080&crop=smart&auto=webp&s=22f5e7b435f20ae5a43360d36738ec0cc5ec6cd5"
    },
    "2020_12_06_en_reddit_reddit__r--memes--comments--k7stok--the_bomb_has_been_planted": {
      "id": "2020_12_06_en_reddit_reddit__r--memes--comments--k7stok--the_bomb_has_been_planted",
      "url": "https://old.reddit.com/r/memes/comments/k7stok/the_bomb_has_been_planted/",
      "date_published": "2020-12-06T17:23:10.000Z",
      "date_modified": "2020-12-06T17:23:10.000Z",
      "_original_published": "2020-12-06T12:20:08.000Z",
      "_original_language": "en",
      "_translations": {
        "en": {
          "title": "The bomb has been planted"
        },
        "zh-Hans": {
          "title": "炸弹已经安放好了"
        },
        "zh-Hant": {
          "title": "炸彈已經安放好了"
        }
      },
      "tags": [
        "memes"
      ],
      "authors": [
        {
          "name": "idea4granted",
          "url": "https://old.reddit.com/user/idea4granted"
        }
      ],
      "_links": [
        {
          "url": "https://old.reddit.com/r/memes/comments/k7stok/the_bomb_has_been_planted/",
          "name": "&uarr;152232 votes"
        }
      ],
      "image": "https://external-preview.redd.it/MOSz7Wyx5A9DZlG1LOD6FsJ3P7QgwB1YFZADlMHR0yk.jpg?width=640&crop=smart&auto=webp&s=ae0a937ad4db7fc1687fef9bacd205a16ccac585",
      "_video": {
        "sources": [
          {
            "url": "https://v.redd.it/i0blm6xc7k361/DASH_480.mp4"
          }
        ],
        "width": 640,
        "height": 480,
        "poster": "https://external-preview.redd.it/MOSz7Wyx5A9DZlG1LOD6FsJ3P7QgwB1YFZADlMHR0yk.jpg?width=640&crop=smart&auto=webp&s=ae0a937ad4db7fc1687fef9bacd205a16ccac585"
      }
    },
    "2020_12_05_en_reddit_reddit__r--memes--comments--k7cc2o--booty_magic_goes_brr": {
      "id": "2020_12_05_en_reddit_reddit__r--memes--comments--k7cc2o--booty_magic_goes_brr",
      "url": "https://old.reddit.com/r/memes/comments/k7cc2o/booty_magic_goes_brr/",
      "date_published": "2020-12-05T23:30:28.000Z",
      "date_modified": "2020-12-05T23:30:28.000Z",
      "_original_published": "2020-12-05T18:06:44.000Z",
      "_original_language": "en",
      "_translations": {
        "en": {
          "title": "Booty magic goes brr"
        },
        "zh-Hans": {
          "title": "战利品魔术走了br"
        },
        "zh-Hant": {
          "title": "戰利品魔術走了br"
        }
      },
      "tags": [
        "memes"
      ],
      "authors": [
        {
          "name": "07_diDact",
          "url": "https://old.reddit.com/user/07_diDact"
        }
      ],
      "_links": [
        {
          "url": "https://old.reddit.com/r/memes/comments/k7cc2o/booty_magic_goes_brr/",
          "name": "&uarr;149305 votes"
        }
      ],
      "image": "https://external-preview.redd.it/iG7NeSW8l5AJJ2TEPKnmoluGlmBRt2Q2_Ar_-SYJflU.jpg?width=108&crop=smart&auto=webp&s=87c6a70379ff4d3c981683d30aa48d4774b36287",
      "_video": {
        "sources": [
          {
            "url": "https://v.redd.it/rjrqxj01qe361/DASH_360.mp4"
          }
        ],
        "width": 156,
        "height": 360,
        "poster": "https://external-preview.redd.it/iG7NeSW8l5AJJ2TEPKnmoluGlmBRt2Q2_Ar_-SYJflU.jpg?width=108&crop=smart&auto=webp&s=87c6a70379ff4d3c981683d30aa48d4774b36287"
      }
    }
  }
}
