{
  "id": "2022_05_29_en_reddit_reddit__r--facepalm--comments--v0cmh3--where_do_these_idiots_come_from",
  "url": "https://old.reddit.com/r/facepalm/comments/v0cmh3/where_do_these_idiots_come_from/",
  "date_published": "2022-05-30T05:26:59.000Z",
  "date_modified": "2022-05-30T05:26:59.000Z",
  "_original_published": "2022-05-29T14:43:28.000Z",
  "_original_language": "en",
  "_translations": {
    "en": {
      "title": "Where do these idiots come from?"
    },
    "ja": {
      "title": "こういうバカはどこから出てくるんだろう？"
    },
    "zh-Hans": {
      "title": "这些白痴是从哪里来的？"
    },
    "zh-Hant": {
      "title": "這些白癡是從哪裏來的？"
    }
  },
  "tags": [
    "facepalm"
  ],
  "authors": [
    {
      "name": "MyNameGifOreilly",
      "url": "https://old.reddit.com/user/MyNameGifOreilly"
    }
  ],
  "_links": [
    {
      "url": "https://old.reddit.com/r/facepalm/comments/v0cmh3/where_do_these_idiots_come_from/",
      "name": "&uarr;75474 votes"
    }
  ],
  "image": "https://external-preview.redd.it/Sh7X6ncp337Bxi2H1aFCRzHxoBeeI3DR4sPQV5kAjKs.png?width=320&amp;crop=smart&amp;auto=webp&amp;s=163d895987f4b631bdb3985e824c1c2f7919d961"
}
