{
  "id": "2022_05_29_en_reddit_reddit__r--memes--comments--v07zg1--this_escalated_indeed",
  "url": "https://old.reddit.com/r/memes/comments/v07zg1/this_escalated_indeed/",
  "date_published": "2022-05-29T16:04:44.000Z",
  "date_modified": "2022-05-29T16:04:44.000Z",
  "_original_published": "2022-05-29T09:58:59.000Z",
  "_original_language": "en",
  "_translations": {
    "en": {
      "title": "This escalated indeed!"
    },
    "ja": {
      "title": "これはさすがにエスカレートしましたね。"
    },
    "zh-Hans": {
      "title": "这的确是升级了!"
    },
    "zh-Hant": {
      "title": "這的確是升級了!"
    }
  },
  "tags": [
    "memes"
  ],
  "authors": [
    {
      "name": "opum123",
      "url": "https://old.reddit.com/user/opum123"
    }
  ],
  "_links": [
    {
      "url": "https://old.reddit.com/r/memes/comments/v07zg1/this_escalated_indeed/",
      "name": "&uarr;76241 votes"
    }
  ],
  "image": "https://preview.redd.it/wojlc8r41e291.gif?width=640&amp;crop=smart&amp;format=png8&amp;s=5cdcacec7b8521e13cdd1d74c12c6198fa896c63",
  "_video": {
    "sources": [
      {
        "url": "https://preview.redd.it/wojlc8r41e291.gif?format=mp4&amp;s=c8b077125bfde102b8e0f345cd197bd5055cc79d"
      }
    ],
    "width": 690,
    "height": 904,
    "poster": "https://preview.redd.it/wojlc8r41e291.gif?width=640&amp;crop=smart&amp;format=png8&amp;s=5cdcacec7b8521e13cdd1d74c12c6198fa896c63"
  }
}
