{
  "id": "2022_05_29_en_reddit_reddit__r--MadeMeSmile--comments--v0kaqz--warms_my_heart",
  "url": "https://old.reddit.com/r/MadeMeSmile/comments/v0kaqz/warms_my_heart/",
  "date_published": "2022-05-30T06:17:58.000Z",
  "date_modified": "2022-05-30T06:17:58.000Z",
  "_original_published": "2022-05-29T21:00:23.000Z",
  "_original_language": "en",
  "_translations": {
    "en": {
      "title": "Warms my heart"
    },
    "ja": {
      "title": "心が温かくなる"
    },
    "zh-Hans": {
      "title": "温暖我的心"
    },
    "zh-Hant": {
      "title": "溫暖我的心"
    }
  },
  "tags": [
    "MadeMeSmile"
  ],
  "authors": [
    {
      "name": "Thryloz",
      "url": "https://old.reddit.com/user/Thryloz"
    }
  ],
  "_links": [
    {
      "url": "https://old.reddit.com/r/MadeMeSmile/comments/v0kaqz/warms_my_heart/",
      "name": "&uarr;76717 votes"
    }
  ],
  "image": "https://external-preview.redd.it/xUs0MJ_9gTVEOi9YM3c0S4U_ugZP9Td1KKG2D8v3Krw.jpg?width=640&amp;crop=smart&amp;auto=webp&amp;s=c2e1a5cb4f811159ac0300a10254c6176d6434b9",
  "_video": {
    "sources": [
      {
        "url": "https://v.redd.it/d71r4w6ibh291/DASH_480.mp4"
      }
    ],
    "width": 501,
    "height": 480,
    "poster": "https://external-preview.redd.it/xUs0MJ_9gTVEOi9YM3c0S4U_ugZP9Td1KKG2D8v3Krw.jpg?width=640&amp;crop=smart&amp;auto=webp&amp;s=c2e1a5cb4f811159ac0300a10254c6176d6434b9"
  }
}
