{
  "id": "2022_05_29_en_reddit_reddit__r--MadeMeSmile--comments--v09pxl--their_surprise_when_they_find_out_hes_white",
  "url": "https://old.reddit.com/r/MadeMeSmile/comments/v09pxl/their_surprise_when_they_find_out_hes_white/",
  "date_published": "2022-05-29T17:57:18.000Z",
  "date_modified": "2022-05-29T17:57:18.000Z",
  "_original_published": "2022-05-29T12:01:02.000Z",
  "_original_language": "en",
  "_translations": {
    "en": {
      "title": "Their surprise when they find out he's white"
    },
    "ja": {
      "title": "彼が白人であることを知ったときの驚き"
    },
    "zh-Hans": {
      "title": "当他们发现他是白人时的惊讶"
    },
    "zh-Hant": {
      "title": "當他們發現他是白人時的驚訝"
    }
  },
  "tags": [
    "MadeMeSmile"
  ],
  "authors": [
    {
      "name": "heyzeus92",
      "url": "https://old.reddit.com/user/heyzeus92"
    }
  ],
  "_links": [
    {
      "url": "https://old.reddit.com/r/MadeMeSmile/comments/v09pxl/their_surprise_when_they_find_out_hes_white/",
      "name": "&uarr;75714 votes"
    }
  ],
  "image": "https://external-preview.redd.it/vF8RIqFWE4Lp9Y6YfFyYZNgoGog4jmMfhYWnhSEqA9A.png?width=1080&amp;crop=smart&amp;format=pjpg&amp;auto=webp&amp;s=7f1518194b91e73265c108d02f478176d03d7b77",
  "_video": {
    "sources": [
      {
        "url": "https://v.redd.it/7rwvmgi8ne291/DASH_720.mp4?source=fallback"
      }
    ],
    "width": 1280,
    "height": 720,
    "poster": "https://external-preview.redd.it/vF8RIqFWE4Lp9Y6YfFyYZNgoGog4jmMfhYWnhSEqA9A.png?width=1080&amp;crop=smart&amp;format=pjpg&amp;auto=webp&amp;s=7f1518194b91e73265c108d02f478176d03d7b77"
  }
}
