{
  "id": "2022_05_29_en_reddit_reddit__r--politics--comments--v0k8mh--texas_gov_greg_abbott_booed_upon_arriving_at",
  "url": "https://old.reddit.com/r/politics/comments/v0k8mh/texas_gov_greg_abbott_booed_upon_arriving_at/",
  "date_published": "2022-05-30T04:59:31.000Z",
  "date_modified": "2022-05-30T04:59:31.000Z",
  "_original_published": "2022-05-29T20:57:39.000Z",
  "_original_language": "en",
  "_translations": {
    "en": {
      "title": "Texas Gov. Greg Abbott Booed Upon Arriving at Uvalde School Shooting Site"
    },
    "ja": {
      "title": "テキサス州知事グレッグ・アボット氏、ユバルデ学校銃乱射事件現場に到着しブーイングを受ける"
    },
    "zh-Hans": {
      "title": "德州州长Greg Abbott在抵达乌瓦尔德学校枪击案现场时受到嘘声。"
    },
    "zh-Hant": {
      "title": "德州州長Greg Abbott在抵達烏瓦爾德學校槍擊案現場時受到噓聲。"
    }
  },
  "tags": [
    "politics"
  ],
  "authors": [
    {
      "name": "temporary1953",
      "url": "https://old.reddit.com/user/temporary1953"
    }
  ],
  "_links": [
    {
      "url": "https://old.reddit.com/r/politics/comments/v0k8mh/texas_gov_greg_abbott_booed_upon_arriving_at/",
      "name": "&uarr;75237 votes"
    }
  ],
  "image": "https://external-preview.redd.it/jpo1-_gGYxT_9txoGOHjw5nymNaCP7-ZOBye-3VVWbw.jpg?width=1080&amp;crop=smart&amp;auto=webp&amp;s=b2bd3e0845737419ab0cdc327e22c1c5680267ef"
}
