{
  "id": "2022_05_29_en_reddit_reddit__r--memes--comments--v0df7k--show_some_urgency",
  "url": "https://old.reddit.com/r/memes/comments/v0df7k/show_some_urgency/",
  "date_published": "2022-05-30T06:17:58.000Z",
  "date_modified": "2022-05-30T06:17:58.000Z",
  "_original_published": "2022-05-29T15:22:30.000Z",
  "_original_language": "en",
  "_translations": {
    "en": {
      "title": "Show some urgency"
    },
    "ja": {
      "title": "緊急性をアピールする"
    },
    "zh-Hans": {
      "title": "表现出一定的紧迫性"
    },
    "zh-Hant": {
      "title": "表現出一定的緊迫性"
    }
  },
  "tags": [
    "memes"
  ],
  "authors": [
    {
      "name": "Koctopuz",
      "url": "https://old.reddit.com/user/Koctopuz"
    }
  ],
  "_links": [
    {
      "url": "https://old.reddit.com/r/memes/comments/v0df7k/show_some_urgency/",
      "name": "&uarr;75265 votes"
    }
  ],
  "image": "https://preview.redd.it/ydc63wq7nf291.gif?width=320&amp;crop=smart&amp;format=png8&amp;s=7287af20cd6741f951bfecf6e4ac94d4cfbd415c",
  "_video": {
    "sources": [
      {
        "url": "https://preview.redd.it/ydc63wq7nf291.gif?format=mp4&amp;s=ced50e89cf9cb2ca1895c241ba66c7d2b542135b"
      }
    ],
    "width": 603,
    "height": 750,
    "poster": "https://preview.redd.it/ydc63wq7nf291.gif?width=320&amp;crop=smart&amp;format=png8&amp;s=7287af20cd6741f951bfecf6e4ac94d4cfbd415c"
  }
}
