{
  "id": "2022_05_29_en_reddit_reddit__r--worldnews--comments--v00tb8--ukraines_intelligence_chief_fully_confirms",
  "url": "https://old.reddit.com/r/worldnews/comments/v00tb8/ukraines_intelligence_chief_fully_confirms/",
  "date_published": "2022-05-29T13:40:45.000Z",
  "date_modified": "2022-05-29T13:40:45.000Z",
  "_original_published": "2022-05-29T01:27:08.000Z",
  "_original_language": "en",
  "_translations": {
    "en": {
      "title": "Ukraine's intelligence chief 'fully confirms' Vladimir Putin has cancer"
    },
    "ja": {
      "title": "ウクライナの情報長官がプーチン大統領の癌を「完全に確認」。"
    },
    "zh-Hans": {
      "title": "乌克兰情报主管 \"完全确认 \"普京患有癌症"
    },
    "zh-Hant": {
      "title": "烏克蘭情報主管 \"完全確認 \"普京患有癌症"
    }
  },
  "tags": [
    "worldnews"
  ],
  "authors": [
    {
      "name": "He-is",
      "url": "https://old.reddit.com/user/He-is"
    }
  ],
  "_links": [
    {
      "url": "https://old.reddit.com/r/worldnews/comments/v00tb8/ukraines_intelligence_chief_fully_confirms/",
      "name": "&uarr;75592 votes"
    }
  ],
  "image": "https://external-preview.redd.it/tmmhBw5m4Qw-BEe-MByH7rJmAJZ8ANnKngoBQxJl0Uk.jpg?width=1080&amp;crop=smart&amp;auto=webp&amp;s=2eebe194c100b12888d6db2174d993462e98eb43"
}
