{
  "id": "2022_05_29_en_reddit_reddit__r--nextfuckinglevel--comments--v02cce--courtney_love_risking_her_career_to_expose_harvey",
  "url": "https://old.reddit.com/r/nextfuckinglevel/comments/v02cce/courtney_love_risking_her_career_to_expose_harvey/",
  "date_published": "2022-05-29T13:13:51.000Z",
  "date_modified": "2022-05-29T13:13:51.000Z",
  "_original_published": "2022-05-29T03:04:32.000Z",
  "_original_language": "en",
  "_translations": {
    "en": {
      "title": "Courtney Love risking her career to expose Harvey Weinstein back in 2005"
    },
    "ja": {
      "title": "2005年、キャリアを賭けてハーヴェイ・ワインスタインを暴露したコートニー・ラヴ"
    },
    "zh-Hans": {
      "title": "考特尼-洛夫早在2005年就冒着职业生涯的风险揭露了哈维-温斯坦。"
    },
    "zh-Hant": {
      "title": "考特尼-洛夫早在2005年就冒着職業生涯的風險揭露了哈維-溫斯坦。"
    }
  },
  "tags": [
    "nextfuckinglevel"
  ],
  "authors": [
    {
      "name": "B-L-O-C-K-S",
      "url": "https://old.reddit.com/user/B-L-O-C-K-S"
    }
  ],
  "_links": [
    {
      "url": "https://old.reddit.com/r/nextfuckinglevel/comments/v02cce/courtney_love_risking_her_career_to_expose_harvey/",
      "name": "&uarr;76519 votes"
    }
  ],
  "image": "https://external-preview.redd.it/cdb_-oDVZH1KKPci3DKRq57ATf3bt9fXNxhnviKiWYQ.png?width=1080&amp;crop=smart&amp;format=pjpg&amp;auto=webp&amp;s=278650fff7433a7c2b46efd27ff86fcdea648ce0",
  "_video": {
    "sources": [
      {
        "url": "https://v.redd.it/mdfas0sjzb291/DASH_720.mp4?source=fallback"
      }
    ],
    "width": 1280,
    "height": 720,
    "poster": "https://external-preview.redd.it/cdb_-oDVZH1KKPci3DKRq57ATf3bt9fXNxhnviKiWYQ.png?width=1080&amp;crop=smart&amp;format=pjpg&amp;auto=webp&amp;s=278650fff7433a7c2b46efd27ff86fcdea648ce0"
  }
}
