{
  "id": "2022_05_29_en_reddit_reddit__r--news--comments--v0bo0e--anonymous_donor_pays_all_funeral_expenses_for",
  "url": "https://old.reddit.com/r/news/comments/v0bo0e/anonymous_donor_pays_all_funeral_expenses_for/",
  "date_published": "2022-05-30T00:08:19.000Z",
  "date_modified": "2022-05-30T00:08:19.000Z",
  "_original_published": "2022-05-29T13:54:04.000Z",
  "_original_language": "en",
  "_translations": {
    "en": {
      "title": "Anonymous donor pays all funeral expenses for Uvalde shooting victims"
    },
    "ja": {
      "title": "ユヴァルデ銃乱射事件の犠牲者の葬儀費用を匿名の寄付者が全額負担"
    },
    "zh-Hans": {
      "title": "匿名捐赠者为乌瓦尔德枪击案受害者支付所有丧葬费用"
    },
    "zh-Hant": {
      "title": "匿名捐贈者爲烏瓦爾德槍擊案受害者支付所有喪葬費用"
    }
  },
  "tags": [
    "news"
  ],
  "authors": [
    {
      "name": "EcstaticConstant2",
      "url": "https://old.reddit.com/user/EcstaticConstant2"
    }
  ],
  "_links": [
    {
      "url": "https://old.reddit.com/r/news/comments/v0bo0e/anonymous_donor_pays_all_funeral_expenses_for/",
      "name": "&uarr;76482 votes"
    }
  ]
}
