{
  "id": "2022_05_29_en_reddit_reddit__r--Unexpected--comments--v0b801--ladies_gentlemen_i_present_america",
  "url": "https://old.reddit.com/r/Unexpected/comments/v0b801/ladies_gentlemen_i_present_america/",
  "date_published": "2022-05-29T22:09:40.000Z",
  "date_modified": "2022-05-29T22:09:40.000Z",
  "_original_published": "2022-05-29T13:29:42.000Z",
  "_original_language": "en",
  "_translations": {
    "en": {
      "title": "Ladies &amp; gentlemen, I present America"
    },
    "ja": {
      "title": "レディース＆ジェントルマン、アメリカを紹介します。"
    },
    "zh-Hans": {
      "title": "女士们，先生们，我介绍美国"
    },
    "zh-Hant": {
      "title": "女士們，先生們，我介紹美國"
    }
  },
  "tags": [
    "Unexpected"
  ],
  "authors": [
    {
      "name": "FuturisticFighting",
      "url": "https://old.reddit.com/user/FuturisticFighting"
    }
  ],
  "_links": [
    {
      "url": "https://old.reddit.com/r/Unexpected/comments/v0b801/ladies_gentlemen_i_present_america/",
      "name": "&uarr;76637 votes"
    }
  ],
  "image": "https://external-preview.redd.it/pUZaMy8JYC7jcA-LAFTasXuZaYA15Uz13goPU4ncnO0.png?width=640&amp;crop=smart&amp;format=pjpg&amp;auto=webp&amp;s=b5245bd39b9d391f0bba3a9d8b89cffae58657a7",
  "_video": {
    "sources": [
      {
        "url": "https://v.redd.it/nxwlguhz2f291/DASH_480.mp4?source=fallback"
      }
    ],
    "width": 832,
    "height": 480,
    "poster": "https://external-preview.redd.it/pUZaMy8JYC7jcA-LAFTasXuZaYA15Uz13goPU4ncnO0.png?width=640&amp;crop=smart&amp;format=pjpg&amp;auto=webp&amp;s=b5245bd39b9d391f0bba3a9d8b89cffae58657a7"
  }
}
