{
  "id": "2022_05_29_en_reddit_reddit__r--WhitePeopleTwitter--comments--v0mmvh--gee_if_only_there_were_warning_signs",
  "url": "https://old.reddit.com/r/WhitePeopleTwitter/comments/v0mmvh/gee_if_only_there_were_warning_signs/",
  "date_published": "2022-05-30T08:46:29.000Z",
  "date_modified": "2022-05-30T08:46:29.000Z",
  "_original_published": "2022-05-29T23:01:28.000Z",
  "_original_language": "en",
  "_translations": {
    "en": {
      "title": "Gee, if only there were warning signs…"
    },
    "ja": {
      "title": "警告のサインがあればいいのですが......。"
    },
    "zh-Hans": {
      "title": "啧啧，如果有警告标志就好了......。"
    },
    "zh-Hant": {
      "title": "嘖嘖，如果有警告標誌就好了......。"
    }
  },
  "tags": [
    "WhitePeopleTwitter"
  ],
  "authors": [
    {
      "name": "DaFunkJunkie",
      "url": "https://old.reddit.com/user/DaFunkJunkie"
    }
  ],
  "_links": [
    {
      "url": "https://old.reddit.com/r/WhitePeopleTwitter/comments/v0mmvh/gee_if_only_there_were_warning_signs/",
      "name": "&uarr;76152 votes"
    }
  ],
  "image": "https://preview.redd.it/kkghpbq3xh291.jpg?width=1080&amp;crop=smart&amp;auto=webp&amp;s=bc33829355efedc868fdc15dd3f0cd9cd63f9a95"
}
