{
  "id": "2022_05_29_en_reddit_reddit__r--IdiotsInCars--comments--v00u7x--my_dad_has_been_an_over_the_road_trucker_for_40",
  "url": "https://old.reddit.com/r/IdiotsInCars/comments/v00u7x/my_dad_has_been_an_over_the_road_trucker_for_40/",
  "date_published": "2022-05-29T11:19:50.000Z",
  "date_modified": "2022-05-29T11:19:50.000Z",
  "_original_published": "2022-05-29T01:28:47.000Z",
  "_original_language": "en",
  "_translations": {
    "en": {
      "title": "My dad has been an over the road trucker for 40 years and has never had an accident… until today."
    },
    "ja": {
      "title": "私の父は40年間、道路を走るトラック運転手をしていますが、今日まで一度も事故を起こしたことがありません...。"
    },
    "zh-Hans": {
      "title": "我父亲做了40年的公路卡车司机，从来没有发生过事故......直到今天。"
    },
    "zh-Hant": {
      "title": "我父親做了40年的公路卡車司機，從來沒有發生過事故......直到今天。"
    }
  },
  "tags": [
    "IdiotsInCars"
  ],
  "authors": [
    {
      "name": "DuckPuppy83",
      "url": "https://old.reddit.com/user/DuckPuppy83"
    }
  ],
  "_links": [
    {
      "url": "https://old.reddit.com/r/IdiotsInCars/comments/v00u7x/my_dad_has_been_an_over_the_road_trucker_for_40/",
      "name": "&uarr;76170 votes"
    }
  ],
  "image": "https://external-preview.redd.it/DchcrIMa16ovLBF4Y-uzx6Idv7qjRZyOqe0zuvbcUn4.png?width=1080&amp;crop=smart&amp;format=pjpg&amp;auto=webp&amp;s=7919a7dd4e57c950306a8386bda486f90b6ab73f",
  "_video": {
    "sources": [
      {
        "url": "https://v.redd.it/79og2sjdib291/DASH_1080.mp4?source=fallback"
      }
    ],
    "width": 1568,
    "height": 888,
    "poster": "https://external-preview.redd.it/DchcrIMa16ovLBF4Y-uzx6Idv7qjRZyOqe0zuvbcUn4.png?width=1080&amp;crop=smart&amp;format=pjpg&amp;auto=webp&amp;s=7919a7dd4e57c950306a8386bda486f90b6ab73f"
  }
}
