{
  "id": "2022_05_29_en_reddit_reddit__r--HumansBeingBros--comments--v0ix6i--man_rescues_crying_lost_lamb_on_a_steep_mountain",
  "url": "https://old.reddit.com/r/HumansBeingBros/comments/v0ix6i/man_rescues_crying_lost_lamb_on_a_steep_mountain/",
  "date_published": "2022-05-30T11:59:57.000Z",
  "date_modified": "2022-05-30T11:59:57.000Z",
  "_original_published": "2022-05-29T19:52:00.000Z",
  "_original_language": "en",
  "_translations": {
    "en": {
      "title": "Man rescues crying lost lamb on a steep mountain and reunites it with its family"
    },
    "ja": {
      "title": "険しい山で泣いていた迷子の子羊を男性が救出し、家族と再会させる。"
    },
    "zh-Hans": {
      "title": "男子在陡峭的山上救出哭泣的迷途羔羊，让它与家人团聚"
    },
    "zh-Hant": {
      "title": "男子在陡峭的山上救出哭泣的迷途羔羊，讓它與家人團聚"
    }
  },
  "tags": [
    "HumansBeingBros"
  ],
  "authors": [
    {
      "name": "Treyception",
      "url": "https://old.reddit.com/user/Treyception"
    }
  ],
  "_links": [
    {
      "url": "https://old.reddit.com/r/HumansBeingBros/comments/v0ix6i/man_rescues_crying_lost_lamb_on_a_steep_mountain/",
      "name": "&uarr;75145 votes"
    }
  ],
  "image": "https://external-preview.redd.it/51Dv29K_sAmjKKY0TMFjRtvTwihv27F3T69GuD4B1rE.png?width=1080&amp;crop=smart&amp;format=pjpg&amp;auto=webp&amp;s=dcaf0dbf3158ab104e55e66576163af36bdd44fb",
  "_video": {
    "sources": [
      {
        "url": "https://v.redd.it/tl8bbj1eyg291/DASH_720.mp4?source=fallback"
      }
    ],
    "width": 1280,
    "height": 720,
    "poster": "https://external-preview.redd.it/51Dv29K_sAmjKKY0TMFjRtvTwihv27F3T69GuD4B1rE.png?width=1080&amp;crop=smart&amp;format=pjpg&amp;auto=webp&amp;s=dcaf0dbf3158ab104e55e66576163af36bdd44fb"
  }
}
