{
  "id": "2022_05_29_en_reddit_reddit__r--pics--comments--v0c5ym--a_picture_from_the_boom_operator_of_me_refueling",
  "url": "https://old.reddit.com/r/pics/comments/v0c5ym/a_picture_from_the_boom_operator_of_me_refueling/",
  "date_published": "2022-05-30T13:11:40.000Z",
  "date_modified": "2022-05-30T13:11:40.000Z",
  "_original_published": "2022-05-29T14:20:04.000Z",
  "_original_language": "en",
  "_translations": {
    "en": {
      "title": "A picture from the boom operator of me refueling on my 100th mission over Afghanistan"
    },
    "ja": {
      "title": "アフガニスタン上空での100回目のミッションで給油しているところをブームオペレーターから撮影した写真"
    },
    "zh-Hans": {
      "title": "我在阿富汗上空执行第100次任务时，吊杆操作员给我拍了一张加油的照片。"
    },
    "zh-Hant": {
      "title": "我在阿富汗上空執行第100次任務時，吊杆操作員給我拍了一張加油的照片。"
    }
  },
  "tags": [
    "pics"
  ],
  "authors": [
    {
      "name": "viperdriver35",
      "url": "https://old.reddit.com/user/viperdriver35"
    }
  ],
  "_links": [
    {
      "url": "https://old.reddit.com/r/pics/comments/v0c5ym/a_picture_from_the_boom_operator_of_me_refueling/",
      "name": "&uarr;75179 votes"
    }
  ],
  "image": "https://preview.redd.it/d8y6lyqibf291.jpg?width=1080&amp;crop=smart&amp;auto=webp&amp;s=1e645c4490af074bf884adb2f0d3931794b72662"
}
