{
  "id": "2022_05_29_en_reddit_reddit__r--MadeMeSmile--comments--v0g8vj--women_supporting_women",
  "url": "https://old.reddit.com/r/MadeMeSmile/comments/v0g8vj/women_supporting_women/",
  "date_published": "2022-05-30T07:49:18.000Z",
  "date_modified": "2022-05-30T07:49:18.000Z",
  "_original_published": "2022-05-29T17:39:16.000Z",
  "_original_language": "en",
  "_translations": {
    "en": {
      "title": "Women supporting women"
    },
    "ja": {
      "title": "女性を支える女性たち"
    },
    "zh-Hans": {
      "title": "妇女支持妇女"
    },
    "zh-Hant": {
      "title": "婦女支持婦女"
    }
  },
  "tags": [
    "MadeMeSmile"
  ],
  "authors": [
    {
      "name": "Lavenderdeodorant",
      "url": "https://old.reddit.com/user/Lavenderdeodorant"
    }
  ],
  "_links": [
    {
      "url": "https://old.reddit.com/r/MadeMeSmile/comments/v0g8vj/women_supporting_women/",
      "name": "&uarr;75573 votes"
    }
  ],
  "image": "https://preview.redd.it/mfnauuembg291.jpg?width=1080&amp;crop=smart&amp;auto=webp&amp;s=19d7d47a9e208ac410616fc3b0867bb2a8c88048"
}
