{
  "meta": {
    "name": "gifs"
  },
  "items": {
    "2022_07_10_en_reddit_reddit__r--gifs--comments--vvfuts--mobius_strip": {
      "id": "2022_07_10_en_reddit_reddit__r--gifs--comments--vvfuts--mobius_strip",
      "url": "https://old.reddit.com/r/gifs/comments/vvfuts/mobius_strip/",
      "date_published": "2022-07-10T15:38:58.000Z",
      "date_modified": "2022-07-10T15:38:58.000Z",
      "_original_published": "2022-07-10T01:03:18.000Z",
      "_original_language": "en",
      "_translations": {
        "en": {
          "title": "Mobius strip"
        },
        "ja": {
          "title": "メビウス・ストリップ"
        },
        "zh-Hans": {
          "title": "莫比乌斯带"
        },
        "zh-Hant": {
          "title": "莫比烏斯帶"
        }
      },
      "tags": [
        "gifs"
      ],
      "authors": [
        {
          "name": "BoonFanz",
          "url": "https://old.reddit.com/user/BoonFanz"
        }
      ],
      "_links": [
        {
          "url": "https://old.reddit.com/r/gifs/comments/vvfuts/mobius_strip/",
          "name": "&uarr;75020 votes"
        }
      ],
      "image": "https://preview.redd.it/ildc93m74na91.gif?width=640&amp;crop=smart&amp;format=png8&amp;s=a44d327b5d13db00e718a84e2a14bfb69dd69996",
      "_video": {
        "sources": [
          {
            "url": "https://preview.redd.it/ildc93m74na91.gif?format=mp4&amp;s=48a695e4753ec7706daf6724bce339100d678e02"
          }
        ],
        "width": 720,
        "height": 720,
        "poster": "https://preview.redd.it/ildc93m74na91.gif?width=640&amp;crop=smart&amp;format=png8&amp;s=a44d327b5d13db00e718a84e2a14bfb69dd69996"
      }
    },
    "2022_05_16_en_reddit_reddit__r--gifs--comments--uqvt78--metal_fans_making_sure_everyone_has_a_good_time": {
      "id": "2022_05_16_en_reddit_reddit__r--gifs--comments--uqvt78--metal_fans_making_sure_everyone_has_a_good_time",
      "url": "https://old.reddit.com/r/gifs/comments/uqvt78/metal_fans_making_sure_everyone_has_a_good_time/",
      "date_published": "2022-05-16T21:14:26.000Z",
      "date_modified": "2022-05-16T21:14:26.000Z",
      "_original_published": "2022-05-16T13:19:39.000Z",
      "_original_language": "en",
      "_translations": {
        "en": {
          "title": "Metal fans making sure everyone has a good time"
        },
        "ja": {
          "title": "メタルファンで盛り上がる"
        },
        "zh-Hans": {
          "title": "金属迷们确保每个人都有一个好时光"
        },
        "zh-Hant": {
          "title": "金屬迷們確保每個人都有一個好時光"
        }
      },
      "tags": [
        "gifs"
      ],
      "authors": [
        {
          "name": "usernameofpaul",
          "url": "https://old.reddit.com/user/usernameofpaul"
        }
      ],
      "_links": [
        {
          "url": "https://old.reddit.com/r/gifs/comments/uqvt78/metal_fans_making_sure_everyone_has_a_good_time/",
          "name": "&uarr;76315 votes"
        }
      ],
      "image": "https://preview.redd.it/aftmmp399uz81.gif?width=320&amp;crop=smart&amp;format=png8&amp;s=a804a685d2be7cebb4d1b4515ee248af28bcbef7",
      "_video": {
        "sources": [
          {
            "url": "https://preview.redd.it/aftmmp399uz81.gif?format=mp4&amp;s=2f43fd55f295915498bd016a4f614c683029eff1"
          }
        ],
        "width": 600,
        "height": 337,
        "poster": "https://preview.redd.it/aftmmp399uz81.gif?width=320&amp;crop=smart&amp;format=png8&amp;s=a804a685d2be7cebb4d1b4515ee248af28bcbef7"
      }
    },
    "2021_03_01_en_reddit_reddit__r--gifs--comments--lvg5uh--80s_anime_really_had_something_going": {
      "id": "2021_03_01_en_reddit_reddit__r--gifs--comments--lvg5uh--80s_anime_really_had_something_going",
      "url": "https://old.reddit.com/r/gifs/comments/lvg5uh/80s_anime_really_had_something_going/",
      "date_published": "2021-03-02T04:28:54.000Z",
      "date_modified": "2021-03-02T04:28:54.000Z",
      "_original_published": "2021-03-01T18:16:07.000Z",
      "_original_language": "en",
      "_translations": {
        "en": {
          "title": "80's anime really had something going"
        },
        "zh-Hans": {
          "title": "80年代的动漫真的很有特色"
        },
        "zh-Hant": {
          "title": "80年代的動漫真的很有特色"
        }
      },
      "tags": [
        "gifs"
      ],
      "authors": [
        {
          "name": "Flux0rz",
          "url": "https://old.reddit.com/user/Flux0rz"
        }
      ],
      "_links": [
        {
          "url": "https://old.reddit.com/r/gifs/comments/lvg5uh/80s_anime_really_had_something_going/",
          "name": "&uarr;107434 votes"
        }
      ],
      "image": "https://external-preview.redd.it/D1H00kbZ7TIPVSGXD7OvtCUUNTo1ti_LB1lLFToX8-k.jpg?width=320&crop=smart&auto=webp&s=e5c9bca9a3bc55b355d7093f8080d87be2bd2d3b",
      "_video": {
        "sources": [
          {
            "url": "https://v.redd.it/8ruika1dkgk61/DASH_480.mp4"
          }
        ],
        "width": 640,
        "height": 480,
        "poster": "https://external-preview.redd.it/D1H00kbZ7TIPVSGXD7OvtCUUNTo1ti_LB1lLFToX8-k.jpg?width=320&crop=smart&auto=webp&s=e5c9bca9a3bc55b355d7093f8080d87be2bd2d3b"
      }
    },
    "2020_11_26_en_reddit_reddit__r--gifs--comments--k0tiue--the_circles_are_stationary": {
      "id": "2020_11_26_en_reddit_reddit__r--gifs--comments--k0tiue--the_circles_are_stationary",
      "url": "https://old.reddit.com/r/gifs/comments/k0tiue/the_circles_are_stationary/",
      "date_published": "2020-11-26T07:00:18.000Z",
      "date_modified": "2020-11-26T07:00:18.000Z",
      "_original_published": "2020-11-26T07:00:18.000Z",
      "_original_language": "en",
      "_translations": {
        "en": {
          "title": "The circles are stationary"
        },
        "zh-Hans": {
          "title": "圆圈是静止的"
        },
        "zh-Hant": {
          "title": "圓圈是靜止的"
        }
      },
      "tags": [
        "gifs"
      ],
      "authors": [
        {
          "name": "umjustpassingby",
          "url": "https://old.reddit.com/user/umjustpassingby"
        }
      ],
      "_links": [
        {
          "url": "https://old.reddit.com/r/gifs/comments/k0tiue/the_circles_are_stationary/",
          "name": "&uarr;78161 votes"
        }
      ],
      "image": "https://external-preview.redd.it/He_yhm5IxIz2k3GwWw_Ytcvl9fefPvCTTj48rI6fuJI.jpg?width=320&crop=smart&auto=webp&s=55facebc9d32ca0a218b5fafede1f39b9b1622fa",
      "_video": {
        "sources": [
          {
            "url": "https://v.redd.it/1gpng0chge161/DASH_360.mp4"
          }
        ],
        "width": 516,
        "height": 360,
        "poster": "https://external-preview.redd.it/He_yhm5IxIz2k3GwWw_Ytcvl9fefPvCTTj48rI6fuJI.jpg?width=320&crop=smart&auto=webp&s=55facebc9d32ca0a218b5fafede1f39b9b1622fa"
      }
    }
  }
}
