{
  "meta": {
    "name": "mildlyinfuriating"
  },
  "items": {
    "2022_08_08_en_reddit_reddit__r--mildlyinfuriating--comments--wjcrth--my_father_set_a_password_to_the_fucking_thermostat": {
      "id": "2022_08_08_en_reddit_reddit__r--mildlyinfuriating--comments--wjcrth--my_father_set_a_password_to_the_fucking_thermostat",
      "url": "https://old.reddit.com/r/mildlyinfuriating/comments/wjcrth/my_father_set_a_password_to_the_fucking_thermostat/",
      "date_published": "2022-08-08T22:33:58.000Z",
      "date_modified": "2022-08-08T22:33:58.000Z",
      "_original_published": "2022-08-08T16:10:35.000Z",
      "_original_language": "en",
      "_translations": {
        "en": {
          "title": "my father set a password..... to the fucking thermostat"
        },
        "ja": {
          "title": "私の父はパスワードを設定しました...クソサーモスタットに"
        },
        "zh-Hans": {
          "title": "我的父亲在他妈的恒温器上设置了一个密码....."
        },
        "zh-Hant": {
          "title": "我的父親在他媽的恆溫器上設置了一個密碼....."
        }
      },
      "tags": [
        "mildlyinfuriating"
      ],
      "authors": [
        {
          "name": "secretiveshash",
          "url": "https://old.reddit.com/user/secretiveshash"
        }
      ],
      "_links": [
        {
          "url": "https://old.reddit.com/r/mildlyinfuriating/comments/wjcrth/my_father_set_a_password_to_the_fucking_thermostat/",
          "name": "&uarr;79308 votes"
        }
      ],
      "image": "https://preview.redd.it/nlgs7qdikig91.jpg?width=1080&amp;crop=smart&amp;auto=webp&amp;s=5dfe1e90a5c14966edb594e771cbae6a95bc4c9e"
    },
    "2021_09_08_en_reddit_reddit__r--mildlyinfuriating--comments--pk8a1v--invading_his_privacy_then_shaming_him_on_top_of": {
      "id": "2021_09_08_en_reddit_reddit__r--mildlyinfuriating--comments--pk8a1v--invading_his_privacy_then_shaming_him_on_top_of",
      "url": "https://old.reddit.com/r/mildlyinfuriating/comments/pk8a1v/invading_his_privacy_then_shaming_him_on_top_of/",
      "date_published": "2021-09-09T01:44:04.000Z",
      "date_modified": "2021-09-09T01:44:04.000Z",
      "_original_published": "2021-09-08T11:02:14.000Z",
      "_original_language": "en",
      "_translations": {
        "en": {
          "title": "Invading his privacy, then shaming him on top of that."
        },
        "ja": {
          "title": "彼のプライバシーを侵害し、その上、彼を辱める。"
        },
        "zh-Hans": {
          "title": "侵犯他的隐私，然后在此基础上羞辱他。"
        },
        "zh-Hant": {
          "title": "侵犯他的隱私，然後在此基礎上羞辱他。"
        }
      },
      "tags": [
        "mildlyinfuriating"
      ],
      "authors": [
        {
          "name": "iajzz",
          "url": "https://old.reddit.com/user/iajzz"
        }
      ],
      "_links": [
        {
          "url": "https://old.reddit.com/r/mildlyinfuriating/comments/pk8a1v/invading_his_privacy_then_shaming_him_on_top_of/",
          "name": "&uarr;75211 votes"
        }
      ],
      "image": "https://preview.redd.it/t6otr300h9m71.png?width=640&crop=smart&auto=webp&s=2a59022a2528d0dde3a44c7e6d0e187e4350e4ab"
    },
    "2021_09_07_en_reddit_reddit__r--mildlyinfuriating--comments--pjybqt--went_for_the_face_with_this_airsoft_cheater": {
      "id": "2021_09_07_en_reddit_reddit__r--mildlyinfuriating--comments--pjybqt--went_for_the_face_with_this_airsoft_cheater",
      "url": "https://old.reddit.com/r/mildlyinfuriating/comments/pjybqt/went_for_the_face_with_this_airsoft_cheater/",
      "date_published": "2021-09-08T14:17:58.000Z",
      "date_modified": "2021-09-08T14:17:58.000Z",
      "_original_published": "2021-09-07T23:07:56.000Z",
      "_original_language": "en",
      "_translations": {
        "en": {
          "title": "Went for the face with this Airsoft cheater"
        },
        "ja": {
          "title": "エアソフトの詐欺師の顔を狙った"
        },
        "zh-Hans": {
          "title": "这个气枪作弊者的脸被打伤了"
        },
        "zh-Hant": {
          "title": "這個氣槍作弊者的臉被打傷了"
        }
      },
      "tags": [
        "mildlyinfuriating"
      ],
      "authors": [
        {
          "name": "Actual-Firefighter60",
          "url": "https://old.reddit.com/user/Actual-Firefighter60"
        }
      ],
      "_links": [
        {
          "url": "https://old.reddit.com/r/mildlyinfuriating/comments/pjybqt/went_for_the_face_with_this_airsoft_cheater/",
          "name": "&uarr;75200 votes"
        }
      ],
      "image": "https://external-preview.redd.it/LfjNssOahI3Gt1gM7p8Qiq7gJ6H7XFxUFMQntcsRVFU.png?width=320&crop=smart&format=pjpg&auto=webp&s=029528bb3595d0047b19810acaa14d1b184e46a0",
      "_video": {
        "sources": [
          {
            "url": "https://v.redd.it/kfxyzcuhx5m71/DASH_1080.mp4?source=fallback"
          }
        ],
        "width": 608,
        "height": 1080,
        "poster": "https://external-preview.redd.it/LfjNssOahI3Gt1gM7p8Qiq7gJ6H7XFxUFMQntcsRVFU.png?width=320&crop=smart&format=pjpg&auto=webp&s=029528bb3595d0047b19810acaa14d1b184e46a0"
      }
    },
    "2021_07_26_en_reddit_reddit__r--mildlyinfuriating--comments--os3yxg--my_research_supervisors_way_of_writing_d_on_tubes": {
      "id": "2021_07_26_en_reddit_reddit__r--mildlyinfuriating--comments--os3yxg--my_research_supervisors_way_of_writing_d_on_tubes",
      "url": "https://old.reddit.com/r/mildlyinfuriating/comments/os3yxg/my_research_supervisors_way_of_writing_d_on_tubes/",
      "date_published": "2021-07-27T08:57:05.000Z",
      "date_modified": "2021-07-27T08:57:05.000Z",
      "_original_published": "2021-07-26T17:46:35.000Z",
      "_original_language": "en",
      "_translations": {
        "en": {
          "title": "My research supervisor's way of writing \"D\" on tubes"
        },
        "ja": {
          "title": "研究指導者がチューブに「D」と書く方法"
        },
        "zh-Hans": {
          "title": "我的研究导师在试管上写 \"D \"的方式"
        },
        "zh-Hant": {
          "title": "我的研究導師在試管上寫 \"D \"的方式"
        }
      },
      "tags": [
        "mildlyinfuriating"
      ],
      "authors": [
        {
          "name": "BraedonElDio",
          "url": "https://old.reddit.com/user/BraedonElDio"
        }
      ],
      "_links": [
        {
          "url": "https://old.reddit.com/r/mildlyinfuriating/comments/os3yxg/my_research_supervisors_way_of_writing_d_on_tubes/",
          "name": "&uarr;75427 votes"
        }
      ],
      "image": "https://preview.redd.it/k982bu92hld71.jpg?width=1080&crop=smart&auto=webp&s=103846f9a4bd65ff3bb2ff9d87c729b63667132e"
    },
    "2021_06_03_en_reddit_reddit__r--mildlyinfuriating--comments--nr93g0--hypocrisy": {
      "id": "2021_06_03_en_reddit_reddit__r--mildlyinfuriating--comments--nr93g0--hypocrisy",
      "url": "https://old.reddit.com/r/mildlyinfuriating/comments/nr93g0/hypocrisy/",
      "date_published": "2021-06-03T22:25:57.000Z",
      "date_modified": "2021-06-03T22:25:57.000Z",
      "_original_published": "2021-06-03T09:13:51.000Z",
      "_original_language": "en",
      "_translations": {
        "en": {
          "title": "hypocrisy."
        },
        "ja": {
          "title": "偽善である。"
        },
        "zh-Hans": {
          "title": "虚伪的行为。"
        },
        "zh-Hant": {
          "title": "虛僞的行爲。"
        }
      },
      "tags": [
        "mildlyinfuriating"
      ],
      "authors": [
        {
          "name": "IsThisTheEndOfMe",
          "url": "https://old.reddit.com/user/IsThisTheEndOfMe"
        }
      ],
      "_links": [
        {
          "url": "https://old.reddit.com/r/mildlyinfuriating/comments/nr93g0/hypocrisy/",
          "name": "&uarr;91185 votes"
        }
      ],
      "image": "https://preview.redd.it/3hd52j3ap0371.jpg?width=1080&crop=smart&auto=webp&s=41473c5d801f544480fb2d480bdf7e5e9318bdfb"
    }
  }
}
