{
  "meta": {
    "name": "PublicFreakout"
  },
  "items": {
    "2021_12_09_en_reddit_reddit__r--PublicFreakout--comments--rcr886--reaction_by_starbucks_workers_reaching_a_majority": {
      "id": "2021_12_09_en_reddit_reddit__r--PublicFreakout--comments--rcr886--reaction_by_starbucks_workers_reaching_a_majority",
      "url": "https://old.reddit.com/r/PublicFreakout/comments/rcr886/reaction_by_starbucks_workers_reaching_a_majority/",
      "date_published": "2021-12-10T14:10:18.000Z",
      "date_modified": "2021-12-10T14:10:18.000Z",
      "_original_published": "2021-12-09T21:04:21.000Z",
      "_original_language": "en",
      "_translations": {
        "en": {
          "title": "Reaction by Starbucks workers reaching a majority in the union vote in Buffalo, NY. It becomes the first unionized Starbucks shop in the US."
        },
        "ja": {
          "title": "ニューヨーク州バッファローの組合投票で過半数に達したスターバックス労働者の反応。アメリカのスターバックスでは初の組合員による店舗となる。"
        },
        "zh-Hans": {
          "title": "在纽约州水牛城，星巴克工人在工会投票中达到多数的反应。它成为美国第一家成立工会的星巴克店。"
        },
        "zh-Hant": {
          "title": "在紐約州水牛城，星巴克工人在工會投票中達到多數的反應。它成爲美國第一家成立工會的星巴克店。"
        }
      },
      "tags": [
        "PublicFreakout"
      ],
      "authors": [
        {
          "name": "Gonzohawk",
          "url": "https://old.reddit.com/user/Gonzohawk"
        }
      ],
      "_links": [
        {
          "url": "https://old.reddit.com/r/PublicFreakout/comments/rcr886/reaction_by_starbucks_workers_reaching_a_majority/",
          "name": "&uarr;75442 votes"
        }
      ],
      "image": "https://external-preview.redd.it/spPSy3SPZsZzLnVD9RBjFu2_rYiQqeJ_Ey3R0YI6XKc.png?width=1080&amp;crop=smart&amp;format=pjpg&amp;auto=webp&amp;s=3fa01fef0cdda91aab6eb0a9305b971e2cc91060",
      "_video": {
        "sources": [
          {
            "url": "https://v.redd.it/w22nuqkb0l481/DASH_720.mp4?source=fallback"
          }
        ],
        "width": 1280,
        "height": 720,
        "poster": "https://external-preview.redd.it/spPSy3SPZsZzLnVD9RBjFu2_rYiQqeJ_Ey3R0YI6XKc.png?width=1080&amp;crop=smart&amp;format=pjpg&amp;auto=webp&amp;s=3fa01fef0cdda91aab6eb0a9305b971e2cc91060"
      }
    },
    "2021_09_03_en_reddit_reddit__r--PublicFreakout--comments--ph8p4n--its_a_woman_body_so_her_choices": {
      "id": "2021_09_03_en_reddit_reddit__r--PublicFreakout--comments--ph8p4n--its_a_woman_body_so_her_choices",
      "url": "https://old.reddit.com/r/PublicFreakout/comments/ph8p4n/its_a_woman_body_so_her_choices/",
      "date_published": "2021-09-04T04:44:10.000Z",
      "date_modified": "2021-09-04T04:44:10.000Z",
      "_original_published": "2021-09-03T16:32:57.000Z",
      "_original_language": "en",
      "_translations": {
        "en": {
          "title": "Its a woman body so her choices"
        },
        "ja": {
          "title": "女性の体だからこその選択"
        },
        "zh-Hans": {
          "title": "这是一个女人的身体，所以她的选择"
        },
        "zh-Hant": {
          "title": "這是一個女人的身體，所以她的選擇"
        }
      },
      "tags": [
        "PublicFreakout"
      ],
      "authors": [
        {
          "name": "Future_Line_4253",
          "url": "https://old.reddit.com/user/Future_Line_4253"
        }
      ],
      "_links": [
        {
          "url": "https://old.reddit.com/r/PublicFreakout/comments/ph8p4n/its_a_woman_body_so_her_choices/",
          "name": "&uarr;75903 votes"
        }
      ],
      "image": "https://external-preview.redd.it/iFpjCvkMUbCyPZ-_0uozlESvfFlfoNB_QVeXYk16p8A.png?width=640&crop=smart&format=pjpg&auto=webp&s=6630aedb89bb603d01a57859e10821a2993b2617",
      "_video": {
        "sources": [
          {
            "url": "https://v.redd.it/yn81npx9fbl71/DASH_480.mp4?source=fallback"
          }
        ],
        "width": 480,
        "height": 480,
        "poster": "https://external-preview.redd.it/iFpjCvkMUbCyPZ-_0uozlESvfFlfoNB_QVeXYk16p8A.png?width=640&crop=smart&format=pjpg&auto=webp&s=6630aedb89bb603d01a57859e10821a2993b2617"
      }
    },
    "2021_03_03_en_reddit_reddit__r--PublicFreakout--comments--lwiltm--nyc_pigeons_commit_premeditated_homicide": {
      "id": "2021_03_03_en_reddit_reddit__r--PublicFreakout--comments--lwiltm--nyc_pigeons_commit_premeditated_homicide",
      "url": "https://old.reddit.com/r/PublicFreakout/comments/lwiltm/nyc_pigeons_commit_premeditated_homicide/",
      "date_published": "2021-03-03T18:31:30.000Z",
      "date_modified": "2021-03-03T18:31:30.000Z",
      "_original_published": "2021-03-03T02:09:03.000Z",
      "_original_language": "en",
      "_translations": {
        "en": {
          "title": "NYC Pigeons commit premeditated homicide"
        },
        "zh-Hans": {
          "title": "纽约市鸽子犯下有预谋的杀人罪"
        },
        "zh-Hant": {
          "title": "紐約市鴿子犯下有預謀的殺人罪"
        }
      },
      "tags": [
        "PublicFreakout"
      ],
      "authors": [
        {
          "name": "bro-i-want-pasta",
          "url": "https://old.reddit.com/user/bro-i-want-pasta"
        }
      ],
      "_links": [
        {
          "url": "https://old.reddit.com/r/PublicFreakout/comments/lwiltm/nyc_pigeons_commit_premeditated_homicide/",
          "name": "&uarr;85561 votes"
        }
      ],
      "image": "https://external-preview.redd.it/TWEdTtQCjYuTNfzRBnKvM5aGkyWteD6YKYAnyIBaT6k.png?width=320&crop=smart&format=pjpg&auto=webp&s=0c10831031bff51af3297119d4b6e7ca918d4830",
      "_video": {
        "sources": [
          {
            "url": "https://v.redd.it/kajk9wic1qk61/DASH_720.mp4?source=fallback"
          }
        ],
        "width": 405,
        "height": 720,
        "poster": "https://external-preview.redd.it/TWEdTtQCjYuTNfzRBnKvM5aGkyWteD6YKYAnyIBaT6k.png?width=320&crop=smart&format=pjpg&auto=webp&s=0c10831031bff51af3297119d4b6e7ca918d4830"
      }
    },
    "2021_01_04_en_reddit_reddit__r--PublicFreakout--comments--kqhvas--man_jumping_out_of_a_moving_car_during_a_police": {
      "id": "2021_01_04_en_reddit_reddit__r--PublicFreakout--comments--kqhvas--man_jumping_out_of_a_moving_car_during_a_police",
      "url": "https://old.reddit.com/r/PublicFreakout/comments/kqhvas/man_jumping_out_of_a_moving_car_during_a_police/",
      "date_published": "2021-01-05T11:44:34.000Z",
      "date_modified": "2021-01-05T11:44:34.000Z",
      "_original_published": "2021-01-04T21:02:31.000Z",
      "_original_language": "en",
      "_translations": {
        "en": {
          "title": "Man jumping out of a moving car during a police chase & walking away in plain sight"
        },
        "zh-Hans": {
          "title": "一名男子在一次警察追逐中从一辆行驶中的汽车上跳下&在众目睽睽之下走开"
        },
        "zh-Hant": {
          "title": "一名男子在一次警察追逐中從一輛行駛中的汽車上跳下&在衆目睽睽之下走開"
        }
      },
      "tags": [
        "PublicFreakout"
      ],
      "authors": [
        {
          "name": "ImNotHereStopAsking",
          "url": "https://old.reddit.com/user/ImNotHereStopAsking"
        }
      ],
      "_links": [
        {
          "url": "https://old.reddit.com/r/PublicFreakout/comments/kqhvas/man_jumping_out_of_a_moving_car_during_a_police/",
          "name": "&uarr;88240 votes"
        }
      ],
      "image": "https://external-preview.redd.it/DN4J7O3BlN2pZOfBN3T3Bj3l54t59Ry2RDGQOjVIUBI.png?width=640&crop=smart&format=pjpg&auto=webp&s=7e4b0a371eabaa070f8ef2591929daa4e664f0da",
      "_video": {
        "sources": [
          {
            "url": "https://v.redd.it/5iorhlgyqd961/DASH_240.mp4?source=fallback"
          }
        ],
        "width": 240,
        "height": 240,
        "poster": "https://external-preview.redd.it/DN4J7O3BlN2pZOfBN3T3Bj3l54t59Ry2RDGQOjVIUBI.png?width=640&crop=smart&format=pjpg&auto=webp&s=7e4b0a371eabaa070f8ef2591929daa4e664f0da"
      }
    },
    "2020_12_24_en_reddit_reddit__r--PublicFreakout--comments--kja46p--drunk_guy_yells_n_word_and_gets_smacked_with": {
      "id": "2020_12_24_en_reddit_reddit__r--PublicFreakout--comments--kja46p--drunk_guy_yells_n_word_and_gets_smacked_with",
      "url": "https://old.reddit.com/r/PublicFreakout/comments/kja46p/drunk_guy_yells_n_word_and_gets_smacked_with/",
      "date_published": "2020-12-24T21:36:40.000Z",
      "date_modified": "2020-12-24T21:36:40.000Z",
      "_original_published": "2020-12-24T06:07:58.000Z",
      "_original_language": "en",
      "_translations": {
        "en": {
          "title": "Drunk guy yells N Word and gets SMACKED with Twisted Tea Can"
        },
        "zh-Hans": {
          "title": "一个醉汉大喊N个字，并被扭曲的茶罐打了一巴掌"
        },
        "zh-Hant": {
          "title": "一個醉漢大喊N個字，並被扭曲的茶罐打了一巴掌"
        }
      },
      "tags": [
        "PublicFreakout"
      ],
      "authors": [
        {
          "name": "MeriEagletie",
          "url": "https://old.reddit.com/user/MeriEagletie"
        }
      ],
      "_links": [
        {
          "url": "https://old.reddit.com/r/PublicFreakout/comments/kja46p/drunk_guy_yells_n_word_and_gets_smacked_with/",
          "name": "&uarr;83537 votes"
        }
      ],
      "image": "https://external-preview.redd.it/qZWdapDCs2TJ7PN1S10RLz9GIrViKJN4R4qqBF2dngQ.png?width=320&crop=smart&format=pjpg&auto=webp&s=05eec8a95414588ccb809958320dc8cf132e34ca",
      "_video": {
        "sources": [
          {
            "url": "https://v.redd.it/r30h0x3vs2761/DASH_1080.mp4?source=fallback"
          }
        ],
        "width": 499,
        "height": 1080,
        "poster": "https://external-preview.redd.it/qZWdapDCs2TJ7PN1S10RLz9GIrViKJN4R4qqBF2dngQ.png?width=320&crop=smart&format=pjpg&auto=webp&s=05eec8a95414588ccb809958320dc8cf132e34ca"
      }
    },
    "2020_11_19_en_reddit_reddit__r--PublicFreakout--comments--jwzlqm--antimasker_arrested": {
      "id": "2020_11_19_en_reddit_reddit__r--PublicFreakout--comments--jwzlqm--antimasker_arrested",
      "url": "https://old.reddit.com/r/PublicFreakout/comments/jwzlqm/antimasker_arrested/",
      "date_published": "2020-11-19T23:17:28.000Z",
      "date_modified": "2020-11-19T23:17:28.000Z",
      "_original_published": "2020-11-19T23:17:28.000Z",
      "_original_language": "en",
      "_translations": {
        "en": {
          "title": "Anti-masker arrested"
        },
        "zh-Hans": {
          "title": "反面具者被捕"
        },
        "zh-Hant": {
          "title": "反面具者被捕"
        }
      },
      "tags": [
        "PublicFreakout"
      ],
      "authors": [
        {
          "name": "History0470",
          "url": "https://old.reddit.com/user/History0470"
        }
      ],
      "_links": [
        {
          "url": "https://old.reddit.com/r/PublicFreakout/comments/jwzlqm/antimasker_arrested/",
          "name": "&uarr;81660 votes"
        }
      ],
      "image": "https://external-preview.redd.it/b9A3LvOfJk7c1dCas1ph2uvODKi615Qz03c7nPXzyxs.png?width=640&crop=smart&format=pjpg&auto=webp&s=a2e1b3db2f7409ab1ce5bd312e5c1f2d405ca18e",
      "_video": {
        "sources": [
          {
            "url": "https://v.redd.it/8ppl0fw2z5061/DASH_480.mp4?source=fallback"
          }
        ],
        "width": 480,
        "height": 480,
        "poster": "https://external-preview.redd.it/b9A3LvOfJk7c1dCas1ph2uvODKi615Qz03c7nPXzyxs.png?width=640&crop=smart&format=pjpg&auto=webp&s=a2e1b3db2f7409ab1ce5bd312e5c1f2d405ca18e"
      }
    }
  }
}
