{
  "items": {
    "2021_10_28_en_reddit_reddit__r--funny--comments--qhtlsp--mark_zuckerberg_is_using_bbq_sauce_as_a_book": {
      "id": "2021_10_28_en_reddit_reddit__r--funny--comments--qhtlsp--mark_zuckerberg_is_using_bbq_sauce_as_a_book",
      "url": "https://old.reddit.com/r/funny/comments/qhtlsp/mark_zuckerberg_is_using_bbq_sauce_as_a_book/",
      "date_published": "2021-10-29T02:17:25.000Z",
      "date_modified": "2021-10-29T02:17:25.000Z",
      "_original_published": "2021-10-28T18:41:25.000Z",
      "_original_language": "en",
      "_translations": {
        "en": {
          "title": "Mark Zuckerberg is using BBQ sauce as a book stopper"
        },
        "ja": {
          "title": "マーク・ザッカーバーグはBBQソースをブックストッパーとして使っています。"
        },
        "zh-Hans": {
          "title": "马克-扎克伯格用烧烤酱作为书的挡箭牌"
        },
        "zh-Hant": {
          "title": "馬克-扎克伯格用燒烤醬作爲書的擋箭牌"
        }
      },
      "tags": [
        "funny"
      ],
      "authors": [
        {
          "name": "RepeatedLocket",
          "url": "https://old.reddit.com/user/RepeatedLocket"
        }
      ],
      "_links": [
        {
          "url": "https://old.reddit.com/r/funny/comments/qhtlsp/mark_zuckerberg_is_using_bbq_sauce_as_a_book/",
          "name": "&uarr;80012 votes"
        }
      ],
      "image": "https://external-preview.redd.it/-hPBBQXzQkdM6h9XuYsyQ4QTvh53SFEdElduT7DOJdg.jpg?width=1080&crop=smart&auto=webp&s=1491ac6b8d18d86ad1720c9e5ab826ff9c3719f9"
    },
    "2021_10_24_en_reddit_reddit__r--mildlyinteresting--comments--qewicj--my_grandmas_titanium_hip_after_the_cremation": {
      "id": "2021_10_24_en_reddit_reddit__r--mildlyinteresting--comments--qewicj--my_grandmas_titanium_hip_after_the_cremation",
      "url": "https://old.reddit.com/r/mildlyinteresting/comments/qewicj/my_grandmas_titanium_hip_after_the_cremation/",
      "date_published": "2021-10-25T02:11:21.000Z",
      "date_modified": "2021-10-25T02:11:21.000Z",
      "_original_published": "2021-10-24T17:15:25.000Z",
      "_original_language": "en",
      "_translations": {
        "en": {
          "title": "My grandma's titanium hip after the cremation."
        },
        "ja": {
          "title": "火葬後のおばあちゃんのチタン製の腰。"
        },
        "zh-Hans": {
          "title": "我奶奶火化后的钛合金髋关节。"
        },
        "zh-Hant": {
          "title": "我奶奶火化後的鈦合金髖關節。"
        }
      },
      "tags": [
        "mildlyinteresting"
      ],
      "authors": [
        {
          "name": "sLiimFit",
          "url": "https://old.reddit.com/user/sLiimFit"
        }
      ],
      "_links": [
        {
          "url": "https://old.reddit.com/r/mildlyinteresting/comments/qewicj/my_grandmas_titanium_hip_after_the_cremation/",
          "name": "&uarr;79992 votes"
        }
      ],
      "image": "https://external-preview.redd.it/j26nIfmg3_JNVW-YKAPfBsUJ3kFCi32OTC3q4fFFFio.jpg?width=960&crop=smart&auto=webp&s=fe4de04a134781ff778a8f848239f5b3ee75a2b4"
    },
    "2021_10_26_en_reddit_reddit__r--me_irl--comments--qg2ubx--me_irl": {
      "id": "2021_10_26_en_reddit_reddit__r--me_irl--comments--qg2ubx--me_irl",
      "url": "https://old.reddit.com/r/me_irl/comments/qg2ubx/me_irl/",
      "date_published": "2021-10-27T01:12:41.000Z",
      "date_modified": "2021-10-27T01:12:41.000Z",
      "_original_published": "2021-10-26T09:46:08.000Z",
      "_original_language": "en",
      "_translations": {
        "en": {
          "title": "me_irl"
        },
        "ja": {
          "title": "me_girl"
        },
        "zh-Hans": {
          "title": "我_女孩"
        },
        "zh-Hant": {
          "title": "我_女孩"
        }
      },
      "tags": [
        "me_irl"
      ],
      "authors": [
        {
          "name": "James_Bames",
          "url": "https://old.reddit.com/user/James_Bames"
        }
      ],
      "_links": [
        {
          "url": "https://old.reddit.com/r/me_irl/comments/qg2ubx/me_irl/",
          "name": "&uarr;79382 votes"
        }
      ],
      "image": "https://preview.redd.it/edaqh8d4nrv71.png?width=320&crop=smart&auto=webp&s=4f2de36202d19b616e5d66d117adad708cea186e"
    },
    "2021_10_24_en_reddit_reddit__r--MadeMeSmile--comments--qezbkj--happy_for_him": {
      "id": "2021_10_24_en_reddit_reddit__r--MadeMeSmile--comments--qezbkj--happy_for_him",
      "url": "https://old.reddit.com/r/MadeMeSmile/comments/qezbkj/happy_for_him/",
      "date_published": "2021-10-25T03:22:36.000Z",
      "date_modified": "2021-10-25T03:22:36.000Z",
      "_original_published": "2021-10-24T19:32:58.000Z",
      "_original_language": "en",
      "_translations": {
        "en": {
          "title": "Happy for him"
        },
        "ja": {
          "title": "彼にとっての幸せ"
        },
        "zh-Hans": {
          "title": "为他高兴"
        },
        "zh-Hant": {
          "title": "爲他高興"
        }
      },
      "tags": [
        "MadeMeSmile"
      ],
      "authors": [
        {
          "name": "Muaaz_the_Man",
          "url": "https://old.reddit.com/user/Muaaz_the_Man"
        }
      ],
      "_links": [
        {
          "url": "https://old.reddit.com/r/MadeMeSmile/comments/qezbkj/happy_for_him/",
          "name": "&uarr;78933 votes"
        }
      ],
      "image": "https://preview.redd.it/tsa3nk43agv71.jpg?width=1080&crop=smart&auto=webp&s=f12785557c4ad78798b8050d5c0bbf6ef65b0f10"
    },
    "2021_10_26_en_reddit_reddit__r--movies--comments--qgca14--dune_sequel_greenlit_by_legendary_for_exclusive": {
      "id": "2021_10_26_en_reddit_reddit__r--movies--comments--qgca14--dune_sequel_greenlit_by_legendary_for_exclusive",
      "url": "https://old.reddit.com/r/movies/comments/qgca14/dune_sequel_greenlit_by_legendary_for_exclusive/",
      "date_published": "2021-10-27T02:06:32.000Z",
      "date_modified": "2021-10-27T02:06:32.000Z",
      "_original_published": "2021-10-26T18:03:43.000Z",
      "_original_language": "en",
      "_translations": {
        "en": {
          "title": "‘Dune’ Sequel Greenlit By Legendary For Exclusive Theatrical Release"
        },
        "ja": {
          "title": "Dune」続編、レジェンダリー社が独占的に劇場公開の許可を取得"
        },
        "zh-Hans": {
          "title": "沙丘》续集获传奇公司批准独家上映"
        },
        "zh-Hant": {
          "title": "沙丘》續集獲傳奇公司批准獨家上映"
        }
      },
      "tags": [
        "movies"
      ],
      "authors": [
        {
          "name": "CosmicBlazeKnight",
          "url": "https://old.reddit.com/user/CosmicBlazeKnight"
        }
      ],
      "_links": [
        {
          "url": "https://old.reddit.com/r/movies/comments/qgca14/dune_sequel_greenlit_by_legendary_for_exclusive/",
          "name": "&uarr;78781 votes"
        }
      ],
      "image": "https://external-preview.redd.it/Kt8XAamfOsXJ_Pc4glFc5zS9pgKrAtnj3icPlRuJvDY.jpg?width=960&crop=smart&auto=webp&s=a8f563d71f3d2da620123944f576151371d7065d"
    },
    "2021_10_28_en_reddit_reddit__r--nextfuckinglevel--comments--qhfg8x--a_bus_driver_saves_a_woman_from_commiting_suicide": {
      "id": "2021_10_28_en_reddit_reddit__r--nextfuckinglevel--comments--qhfg8x--a_bus_driver_saves_a_woman_from_commiting_suicide",
      "url": "https://old.reddit.com/r/nextfuckinglevel/comments/qhfg8x/a_bus_driver_saves_a_woman_from_commiting_suicide/",
      "date_published": "2021-10-28T16:44:28.000Z",
      "date_modified": "2021-10-28T16:44:28.000Z",
      "_original_published": "2021-10-28T05:03:03.000Z",
      "_original_language": "en",
      "_translations": {
        "en": {
          "title": "A bus driver saves a woman from commiting suicide together with her kid."
        },
        "ja": {
          "title": "バスの運転手が、子供と一緒に自殺しようとしていた女性を助けます。"
        },
        "zh-Hans": {
          "title": "一名公交车司机拯救了一名妇女，使其免于和她的孩子一起自杀。"
        },
        "zh-Hant": {
          "title": "一名公交車司機拯救了一名婦女，使其免於和她的孩子一起自殺。"
        }
      },
      "tags": [
        "nextfuckinglevel"
      ],
      "authors": [
        {
          "name": "Silver-Hunter-2733",
          "url": "https://old.reddit.com/user/Silver-Hunter-2733"
        }
      ],
      "_links": [
        {
          "url": "https://old.reddit.com/r/nextfuckinglevel/comments/qhfg8x/a_bus_driver_saves_a_woman_from_commiting_suicide/",
          "name": "&uarr;78226 votes"
        }
      ],
      "image": "https://external-preview.redd.it/ySuhCrFVkew8mL1iCGG7rcv1imEsZ5ilw4yDJvEZT3g.png?width=320&crop=smart&format=pjpg&auto=webp&s=95d526175812ad7b7a1ecb3b3161d59bca9e6e2e",
      "_video": {
        "sources": [
          {
            "url": "https://v.redd.it/0ry70uy7i4w71/DASH_480.mp4?source=fallback"
          }
        ],
        "width": 476,
        "height": 480,
        "poster": "https://external-preview.redd.it/ySuhCrFVkew8mL1iCGG7rcv1imEsZ5ilw4yDJvEZT3g.png?width=320&crop=smart&format=pjpg&auto=webp&s=95d526175812ad7b7a1ecb3b3161d59bca9e6e2e"
      }
    },
    "2021_10_24_en_reddit_reddit__r--nextfuckinglevel--comments--qehxrg--owner_of_spanx_just_sold_her_company_for_12": {
      "id": "2021_10_24_en_reddit_reddit__r--nextfuckinglevel--comments--qehxrg--owner_of_spanx_just_sold_her_company_for_12",
      "url": "https://old.reddit.com/r/nextfuckinglevel/comments/qehxrg/owner_of_spanx_just_sold_her_company_for_12/",
      "date_published": "2021-10-24T12:34:34.000Z",
      "date_modified": "2021-10-24T12:34:34.000Z",
      "_original_published": "2021-10-24T01:16:41.000Z",
      "_original_language": "en",
      "_translations": {
        "en": {
          "title": "Owner of Spanx just sold her company for 1.2 Billion - gifted all 500 employees 2 first class tickets to anywhere in the world and $10k"
        },
        "ja": {
          "title": "スパンクスのオーナーは、12億円で会社を売却し、500人の従業員全員に世界各地へのファーストクラスのチケット2枚と1万ドルをプレゼントしました。"
        },
        "zh-Hans": {
          "title": "Spanx公司的老板刚刚以12亿的价格出售了她的公司--送给所有500名员工两张前往世界任何地方的头等舱机票和1万美元。"
        },
        "zh-Hant": {
          "title": "Spanx公司的老闆剛剛以12億的價格出售了她的公司--送給所有500名員工兩張前往世界任何地方的頭等艙機票和1萬美元。"
        }
      },
      "tags": [
        "nextfuckinglevel"
      ],
      "authors": [
        {
          "name": "dynamyk100",
          "url": "https://old.reddit.com/user/dynamyk100"
        }
      ],
      "_links": [
        {
          "url": "https://old.reddit.com/r/nextfuckinglevel/comments/qehxrg/owner_of_spanx_just_sold_her_company_for_12/",
          "name": "&uarr;78202 votes"
        }
      ],
      "image": "https://external-preview.redd.it/pRcMQOpcVA_TMI98Tdkjkd3xEdrRZL86bP3gm2kpxa4.png?width=640&crop=smart&format=pjpg&auto=webp&s=abd37cccfab7fe84896233cfa94e2e822b336232",
      "_video": {
        "sources": [
          {
            "url": "https://v.redd.it/uveo1ureuav71/DASH_1080.mp4?source=fallback"
          }
        ],
        "width": 611,
        "height": 1080,
        "poster": "https://external-preview.redd.it/pRcMQOpcVA_TMI98Tdkjkd3xEdrRZL86bP3gm2kpxa4.png?width=640&crop=smart&format=pjpg&auto=webp&s=abd37cccfab7fe84896233cfa94e2e822b336232"
      }
    },
    "2021_10_24_en_reddit_reddit__r--nextfuckinglevel--comments--qeqfxo--this_little_boy_pulled_off_impossible_last_shot": {
      "id": "2021_10_24_en_reddit_reddit__r--nextfuckinglevel--comments--qeqfxo--this_little_boy_pulled_off_impossible_last_shot",
      "url": "https://old.reddit.com/r/nextfuckinglevel/comments/qeqfxo/this_little_boy_pulled_off_impossible_last_shot/",
      "date_published": "2021-10-24T18:47:19.000Z",
      "date_modified": "2021-10-24T18:47:19.000Z",
      "_original_published": "2021-10-24T11:37:11.000Z",
      "_original_language": "en",
      "_translations": {
        "en": {
          "title": "This Little Boy Pulled Off Impossible Last Shot..."
        },
        "ja": {
          "title": "この少年は、不可能なラストショットを成功させました。"
        },
        "zh-Hans": {
          "title": "这个小男孩完成了不可能完成的最后一击..."
        },
        "zh-Hant": {
          "title": "這個小男孩完成了不可能完成的最後一擊..."
        }
      },
      "tags": [
        "nextfuckinglevel"
      ],
      "authors": [
        {
          "name": "Less-Tension2248",
          "url": "https://old.reddit.com/user/Less-Tension2248"
        }
      ],
      "_links": [
        {
          "url": "https://old.reddit.com/r/nextfuckinglevel/comments/qeqfxo/this_little_boy_pulled_off_impossible_last_shot/",
          "name": "&uarr;78189 votes"
        }
      ],
      "image": "https://external-preview.redd.it/SIjMJ5kQpCfFTAXtolXymKAhYYep23_cWsLbJwVdSH4.png?width=320&crop=smart&format=pjpg&auto=webp&s=3b0c739611ddc11fbe531b07e842b4e85cff14c4",
      "_video": {
        "sources": [
          {
            "url": "https://v.redd.it/vbnqsbr3xdv71/DASH_480.mp4?source=fallback"
          }
        ],
        "width": 384,
        "height": 480,
        "poster": "https://external-preview.redd.it/SIjMJ5kQpCfFTAXtolXymKAhYYep23_cWsLbJwVdSH4.png?width=320&crop=smart&format=pjpg&auto=webp&s=3b0c739611ddc11fbe531b07e842b4e85cff14c4"
      }
    },
    "2021_10_23_en_reddit_reddit__r--pics--comments--qdz0xf--paul_walkers_daughter_meadow_walker_just_got": {
      "id": "2021_10_23_en_reddit_reddit__r--pics--comments--qdz0xf--paul_walkers_daughter_meadow_walker_just_got",
      "url": "https://old.reddit.com/r/pics/comments/qdz0xf/paul_walkers_daughter_meadow_walker_just_got/",
      "date_published": "2021-10-23T15:42:09.000Z",
      "date_modified": "2021-10-23T15:42:09.000Z",
      "_original_published": "2021-10-23T05:59:24.000Z",
      "_original_language": "en",
      "_translations": {
        "en": {
          "title": "Paul Walker's daughter, Meadow Walker, just got married. Guess who walked her to the altar..."
        },
        "ja": {
          "title": "ポール・ウォーカーの娘、メドウ・ウォーカーが結婚しました。彼女を祭壇まで連れて行ったのは誰だと思いますか..."
        },
        "zh-Hans": {
          "title": "保罗-沃克的女儿梅朵-沃克刚刚结婚。猜猜看是谁送她走上了圣坛..."
        },
        "zh-Hant": {
          "title": "保羅-沃克的女兒梅朵-沃克剛剛結婚。猜猜看是誰送她走上了聖壇..."
        }
      },
      "tags": [
        "pics"
      ],
      "authors": [
        {
          "name": "_Xyreo_",
          "url": "https://old.reddit.com/user/_Xyreo_"
        }
      ],
      "_links": [
        {
          "url": "https://old.reddit.com/r/pics/comments/qdz0xf/paul_walkers_daughter_meadow_walker_just_got/",
          "name": "&uarr;77996 votes"
        }
      ],
      "image": "https://preview.redd.it/dtglqfnx35v71.png?width=320&crop=smart&auto=webp&s=8505a84b4d5c08cf824e49708d3522cddac2942f"
    },
    "2021_10_24_en_reddit_reddit__r--WhitePeopleTwitter--comments--qeq2yk--yes_hi_officer_id_like_to_report_a_murder": {
      "id": "2021_10_24_en_reddit_reddit__r--WhitePeopleTwitter--comments--qeq2yk--yes_hi_officer_id_like_to_report_a_murder",
      "url": "https://old.reddit.com/r/WhitePeopleTwitter/comments/qeq2yk/yes_hi_officer_id_like_to_report_a_murder/",
      "date_published": "2021-10-24T19:18:26.000Z",
      "date_modified": "2021-10-24T19:18:26.000Z",
      "_original_published": "2021-10-24T11:09:54.000Z",
      "_original_language": "en",
      "_translations": {
        "en": {
          "title": "Yes hi officer, I’d like to report a murder."
        },
        "ja": {
          "title": "はい、おまわりさん、殺人事件の報告をしたいのですが。"
        },
        "zh-Hans": {
          "title": "是的，你好，警官，我想报告一起谋杀案。"
        },
        "zh-Hant": {
          "title": "是的，你好，警官，我想報告一起謀殺案。"
        }
      },
      "tags": [
        "WhitePeopleTwitter"
      ],
      "authors": [
        {
          "name": "regian24",
          "url": "https://old.reddit.com/user/regian24"
        }
      ],
      "_links": [
        {
          "url": "https://old.reddit.com/r/WhitePeopleTwitter/comments/qeq2yk/yes_hi_officer_id_like_to_report_a_murder/",
          "name": "&uarr;77091 votes"
        }
      ],
      "image": "https://preview.redd.it/x1igtnhbsdv71.png?width=320&crop=smart&auto=webp&s=702bb8301abc941f49fab5e3b6a55f9891ef8380"
    },
    "2021_10_23_en_reddit_reddit__r--Unexpected--comments--qdzas1--virginity_is_cool": {
      "id": "2021_10_23_en_reddit_reddit__r--Unexpected--comments--qdzas1--virginity_is_cool",
      "url": "https://old.reddit.com/r/Unexpected/comments/qdzas1/virginity_is_cool/",
      "date_published": "2021-10-23T16:59:27.000Z",
      "date_modified": "2021-10-23T16:59:27.000Z",
      "_original_published": "2021-10-23T06:19:06.000Z",
      "_original_language": "en",
      "_translations": {
        "en": {
          "title": "Virginity is cool"
        },
        "ja": {
          "title": "童貞はかっこいい"
        },
        "zh-Hans": {
          "title": "贞操很酷"
        },
        "zh-Hant": {
          "title": "貞操很酷"
        }
      },
      "tags": [
        "Unexpected"
      ],
      "authors": [
        {
          "name": "RandomGuy0193",
          "url": "https://old.reddit.com/user/RandomGuy0193"
        }
      ],
      "_links": [
        {
          "url": "https://old.reddit.com/r/Unexpected/comments/qdzas1/virginity_is_cool/",
          "name": "&uarr;76974 votes"
        }
      ],
      "image": "https://external-preview.redd.it/9smQ59gI_G8JFzfiobpKXMRTyqSrul2ER9w6rhRkezI.png?width=320&crop=smart&format=pjpg&auto=webp&s=097630cf24dcc00927ee4328752ea35e619d3778",
      "_video": {
        "sources": [
          {
            "url": "https://v.redd.it/4wlmoc5j75v71/DASH_360.mp4?source=fallback"
          }
        ],
        "width": 287,
        "height": 360,
        "poster": "https://external-preview.redd.it/9smQ59gI_G8JFzfiobpKXMRTyqSrul2ER9w6rhRkezI.png?width=320&crop=smart&format=pjpg&auto=webp&s=097630cf24dcc00927ee4328752ea35e619d3778"
      }
    },
    "2021_10_25_en_reddit_reddit__r--interestingasfuck--comments--qfiqfu--this_360_video_shows_what_it_looks_like_on_top_of": {
      "id": "2021_10_25_en_reddit_reddit__r--interestingasfuck--comments--qfiqfu--this_360_video_shows_what_it_looks_like_on_top_of",
      "url": "https://old.reddit.com/r/interestingasfuck/comments/qfiqfu/this_360_video_shows_what_it_looks_like_on_top_of/",
      "date_published": "2021-10-26T01:44:16.000Z",
      "date_modified": "2021-10-26T01:44:16.000Z",
      "_original_published": "2021-10-25T15:05:09.000Z",
      "_original_language": "en",
      "_translations": {
        "en": {
          "title": "This 360° video shows what it looks like on top of Mount Everest on a clear day."
        },
        "ja": {
          "title": "晴れた日のエベレスト山頂の様子を360°動画でご紹介します。"
        },
        "zh-Hans": {
          "title": "这段360°视频展示了晴天时珠穆朗玛峰顶上的景象。"
        },
        "zh-Hant": {
          "title": "這段360°視頻展示了晴天時珠穆朗瑪峯頂上的景象。"
        }
      },
      "tags": [
        "interestingasfuck"
      ],
      "authors": [
        {
          "name": "5_Frog_Margin",
          "url": "https://old.reddit.com/user/5_Frog_Margin"
        }
      ],
      "_links": [
        {
          "url": "https://old.reddit.com/r/interestingasfuck/comments/qfiqfu/this_360_video_shows_what_it_looks_like_on_top_of/",
          "name": "&uarr;76895 votes"
        }
      ],
      "image": "https://external-preview.redd.it/_3Yqi0Q5_dSBqRdNdsce_MDHnmlxTVjWnuPwScyiqiY.jpg?width=216&crop=smart&auto=webp&s=4b365800b5e2d13c9206751ae76c2aa20a936fd2",
      "_video": {
        "sources": [
          {
            "url": "https://v.redd.it/4x186lm83mv71/DASH_480.mp4"
          }
        ],
        "width": 480,
        "height": 480,
        "poster": "https://external-preview.redd.it/_3Yqi0Q5_dSBqRdNdsce_MDHnmlxTVjWnuPwScyiqiY.jpg?width=216&crop=smart&auto=webp&s=4b365800b5e2d13c9206751ae76c2aa20a936fd2"
      }
    },
    "2021_10_25_en_reddit_reddit__r--nextfuckinglevel--comments--qf7u2z--man_just_did_a_vocal_warmup_with_70k_people_in": {
      "id": "2021_10_25_en_reddit_reddit__r--nextfuckinglevel--comments--qf7u2z--man_just_did_a_vocal_warmup_with_70k_people_in",
      "url": "https://old.reddit.com/r/nextfuckinglevel/comments/qf7u2z/man_just_did_a_vocal_warmup_with_70k_people_in/",
      "date_published": "2021-10-25T11:32:16.000Z",
      "date_modified": "2021-10-25T11:32:16.000Z",
      "_original_published": "2021-10-25T03:16:26.000Z",
      "_original_language": "en",
      "_translations": {
        "en": {
          "title": "Man just did a vocal warmup with 70k people in his hands..."
        },
        "ja": {
          "title": "この人は、7万人の観客を相手にボーカルのウォームアップをしただけなのに...。"
        },
        "zh-Hans": {
          "title": "男子刚刚做了一个声乐热身，手中握有7万名观众......"
        },
        "zh-Hant": {
          "title": "男子剛剛做了一個聲樂熱身，手中握有7萬名觀衆......"
        }
      },
      "tags": [
        "nextfuckinglevel"
      ],
      "authors": [
        {
          "name": "_Xyreo_",
          "url": "https://old.reddit.com/user/_Xyreo_"
        }
      ],
      "_links": [
        {
          "url": "https://old.reddit.com/r/nextfuckinglevel/comments/qf7u2z/man_just_did_a_vocal_warmup_with_70k_people_in/",
          "name": "&uarr;76769 votes"
        }
      ],
      "image": "https://external-preview.redd.it/1DEFtSdRcrRzhRze5MLjj_KXmhfubh5d7omxfU5NzFs.png?width=320&crop=smart&format=pjpg&auto=webp&s=e65571c7f3fa3f8e2f4a2dcab737365a904bdf46",
      "_video": {
        "sources": [
          {
            "url": "https://v.redd.it/r3a616zqkiv71/DASH_240.mp4?source=fallback"
          }
        ],
        "width": 320,
        "height": 240,
        "poster": "https://external-preview.redd.it/1DEFtSdRcrRzhRze5MLjj_KXmhfubh5d7omxfU5NzFs.png?width=320&crop=smart&format=pjpg&auto=webp&s=e65571c7f3fa3f8e2f4a2dcab737365a904bdf46"
      }
    },
    "2021_10_28_en_reddit_reddit__r--MadeMeSmile--comments--qhzb6v--when_people_pointed_out_to_him_that_she_had_grown": {
      "id": "2021_10_28_en_reddit_reddit__r--MadeMeSmile--comments--qhzb6v--when_people_pointed_out_to_him_that_she_had_grown",
      "url": "https://old.reddit.com/r/MadeMeSmile/comments/qhzb6v/when_people_pointed_out_to_him_that_she_had_grown/",
      "date_published": "2021-10-29T07:30:14.000Z",
      "date_modified": "2021-10-29T07:30:14.000Z",
      "_original_published": "2021-10-28T23:25:32.000Z",
      "_original_language": "en",
      "_translations": {
        "en": {
          "title": "When people pointed out to him that she had grown he simply replied, She is in my eyes the most beautiful woman in the world"
        },
        "ja": {
          "title": "成長したと指摘されると、彼は「私の目には彼女が世界で最も美しい女性に映る」と答えた。"
        },
        "zh-Hans": {
          "title": "当人们向他指出她已经长大时，他只是回答说，在我眼中，她是世界上最美丽的女人。"
        },
        "zh-Hant": {
          "title": "當人們向他指出她已經長大時，他只是回答說，在我眼中，她是世界上最美麗的女人。"
        }
      },
      "tags": [
        "MadeMeSmile"
      ],
      "authors": [
        {
          "name": "CharityOk4970",
          "url": "https://old.reddit.com/user/CharityOk4970"
        }
      ],
      "_links": [
        {
          "url": "https://old.reddit.com/r/MadeMeSmile/comments/qhzb6v/when_people_pointed_out_to_him_that_she_had_grown/",
          "name": "&uarr;76695 votes"
        }
      ],
      "image": "https://preview.redd.it/v2q3xiv2z9w71.jpg?width=640&crop=smart&auto=webp&s=f026779125c7f8f0f9ac6d7fc8ddfb0211ba1df9"
    },
    "2021_10_22_en_reddit_reddit__r--Unexpected--comments--qdf9it--this_super_slowmo_bullet": {
      "id": "2021_10_22_en_reddit_reddit__r--Unexpected--comments--qdf9it--this_super_slowmo_bullet",
      "url": "https://old.reddit.com/r/Unexpected/comments/qdf9it/this_super_slowmo_bullet/",
      "date_published": "2021-10-23T01:50:01.000Z",
      "date_modified": "2021-10-23T01:50:01.000Z",
      "_original_published": "2021-10-22T11:53:30.000Z",
      "_original_language": "en",
      "_translations": {
        "en": {
          "title": "This super slowmo bullet"
        },
        "ja": {
          "title": "このスーパースローモ弾"
        },
        "zh-Hans": {
          "title": "这个超级慢镜头的子弹"
        },
        "zh-Hant": {
          "title": "這個超級慢鏡頭的子彈"
        }
      },
      "tags": [
        "Unexpected"
      ],
      "authors": [
        {
          "name": "MrVulnerable",
          "url": "https://old.reddit.com/user/MrVulnerable"
        }
      ],
      "_links": [
        {
          "url": "https://old.reddit.com/r/Unexpected/comments/qdf9it/this_super_slowmo_bullet/",
          "name": "&uarr;76545 votes"
        }
      ],
      "image": "https://external-preview.redd.it/p-TwzrXhPxq4zeIBy2mvFoxck9UKFAd7RZQZiuGkQjI.png?width=320&crop=smart&format=pjpg&auto=webp&s=4e36eaa8f6d72a144a6e676c0d4e43930c450de8",
      "_video": {
        "sources": [
          {
            "url": "https://v.redd.it/hgz088eaqzu71/DASH_720.mp4?source=fallback"
          }
        ],
        "width": 406,
        "height": 720,
        "poster": "https://external-preview.redd.it/p-TwzrXhPxq4zeIBy2mvFoxck9UKFAd7RZQZiuGkQjI.png?width=320&crop=smart&format=pjpg&auto=webp&s=4e36eaa8f6d72a144a6e676c0d4e43930c450de8"
      }
    },
    "2021_10_26_en_reddit_reddit__r--IdiotsInCars--comments--qgid6c--does_this_count_speeding_in_a_school_zone": {
      "id": "2021_10_26_en_reddit_reddit__r--IdiotsInCars--comments--qgid6c--does_this_count_speeding_in_a_school_zone",
      "url": "https://old.reddit.com/r/IdiotsInCars/comments/qgid6c/does_this_count_speeding_in_a_school_zone/",
      "date_published": "2021-10-27T12:13:38.000Z",
      "date_modified": "2021-10-27T12:13:38.000Z",
      "_original_published": "2021-10-26T22:48:52.000Z",
      "_original_language": "en",
      "_translations": {
        "en": {
          "title": "Does this count. Speeding in a school zone"
        },
        "ja": {
          "title": "これはカウントされますか？スクールゾーンでのスピード違反"
        },
        "zh-Hans": {
          "title": "这算不算。在学校区域内超速行驶"
        },
        "zh-Hant": {
          "title": "這算不算。在學校區域內超速行駛"
        }
      },
      "tags": [
        "IdiotsInCars"
      ],
      "authors": [
        {
          "name": "SerDire",
          "url": "https://old.reddit.com/user/SerDire"
        }
      ],
      "_links": [
        {
          "url": "https://old.reddit.com/r/IdiotsInCars/comments/qgid6c/does_this_count_speeding_in_a_school_zone/",
          "name": "&uarr;76526 votes"
        }
      ],
      "image": "https://external-preview.redd.it/Sv0Xqa-uJxkxxKZjRKs3c6ttoLbxDgypJkorp4nwrac.png?width=320&crop=smart&format=pjpg&auto=webp&s=b1d9db5c1ecbe02f50c4ae7ceacebb95722fd12b",
      "_video": {
        "sources": [
          {
            "url": "https://v.redd.it/nh6l9z0vivv71/DASH_720.mp4?source=fallback"
          }
        ],
        "width": 405,
        "height": 720,
        "poster": "https://external-preview.redd.it/Sv0Xqa-uJxkxxKZjRKs3c6ttoLbxDgypJkorp4nwrac.png?width=320&crop=smart&format=pjpg&auto=webp&s=b1d9db5c1ecbe02f50c4ae7ceacebb95722fd12b"
      }
    },
    "2021_10_23_en_reddit_reddit__r--HolUp--comments--qe1spm--keith_please": {
      "id": "2021_10_23_en_reddit_reddit__r--HolUp--comments--qe1spm--keith_please",
      "url": "https://old.reddit.com/r/HolUp/comments/qe1spm/keith_please/",
      "date_published": "2021-10-23T18:20:46.000Z",
      "date_modified": "2021-10-23T18:20:46.000Z",
      "_original_published": "2021-10-23T09:43:44.000Z",
      "_original_language": "en",
      "_translations": {
        "en": {
          "title": "Keith please"
        },
        "ja": {
          "title": "キースをお願いします。"
        },
        "zh-Hans": {
          "title": "基思请"
        },
        "zh-Hant": {
          "title": "基思請"
        }
      },
      "tags": [
        "HolUp"
      ],
      "authors": [
        {
          "name": "SnooJokes3044",
          "url": "https://old.reddit.com/user/SnooJokes3044"
        }
      ],
      "_links": [
        {
          "url": "https://old.reddit.com/r/HolUp/comments/qe1spm/keith_please/",
          "name": "&uarr;76525 votes"
        }
      ],
      "image": "https://preview.redd.it/dmr8bsz186v71.jpg?width=640&crop=smart&auto=webp&s=8f911385d4c295270bd7eaab53b43fe69f5d7d60"
    },
    "2021_10_26_en_reddit_reddit__r--memes--comments--qg7r1t--shes_old_but_gold": {
      "id": "2021_10_26_en_reddit_reddit__r--memes--comments--qg7r1t--shes_old_but_gold",
      "url": "https://old.reddit.com/r/memes/comments/qg7r1t/shes_old_but_gold/",
      "date_published": "2021-10-26T22:27:02.000Z",
      "date_modified": "2021-10-26T22:27:02.000Z",
      "_original_published": "2021-10-26T14:35:04.000Z",
      "_original_language": "en",
      "_translations": {
        "en": {
          "title": "She's old but gold"
        },
        "ja": {
          "title": "彼女は古いが金色だ"
        },
        "zh-Hans": {
          "title": "她很老，但很金贵"
        },
        "zh-Hant": {
          "title": "她很老，但很金貴"
        }
      },
      "tags": [
        "memes"
      ],
      "authors": [
        {
          "name": "Paper-Cup",
          "url": "https://old.reddit.com/user/Paper-Cup"
        }
      ],
      "_links": [
        {
          "url": "https://old.reddit.com/r/memes/comments/qg7r1t/shes_old_but_gold/",
          "name": "&uarr;76430 votes"
        }
      ],
      "image": "https://preview.redd.it/pbg0z8mr2tv71.jpg?width=1080&crop=smart&auto=webp&s=fb74095ea3eb6306ca65b8858dde5d48e4b0507f"
    },
    "2021_10_23_en_reddit_reddit__r--gaming--comments--qe4578--its_hoarding_time": {
      "id": "2021_10_23_en_reddit_reddit__r--gaming--comments--qe4578--its_hoarding_time",
      "url": "https://old.reddit.com/r/gaming/comments/qe4578/its_hoarding_time/",
      "date_published": "2021-10-24T00:34:15.000Z",
      "date_modified": "2021-10-24T00:34:15.000Z",
      "_original_published": "2021-10-23T12:38:49.000Z",
      "_original_language": "en",
      "_translations": {
        "en": {
          "title": "It's hoarding time!"
        },
        "ja": {
          "title": "買いだめの時期ですね。"
        },
        "zh-Hans": {
          "title": "现在是囤积时间!"
        },
        "zh-Hant": {
          "title": "現在是囤積時間!"
        }
      },
      "tags": [
        "gaming"
      ],
      "authors": [
        {
          "name": "Dapper_Dildo",
          "url": "https://old.reddit.com/user/Dapper_Dildo"
        }
      ],
      "_links": [
        {
          "url": "https://old.reddit.com/r/gaming/comments/qe4578/its_hoarding_time/",
          "name": "&uarr;76384 votes"
        }
      ],
      "image": "https://preview.redd.it/ahj9ecg437v71.gif?width=640&crop=smart&format=png8&s=624ac30a12e027ca1bcc16d079f942137da2b628",
      "_video": {
        "sources": [
          {
            "url": "https://preview.redd.it/ahj9ecg437v71.gif?format=mp4&s=68cbb2643ec50fbe07f7df70a57f173b544bc18d"
          }
        ],
        "width": 792,
        "height": 647,
        "poster": "https://preview.redd.it/ahj9ecg437v71.gif?width=640&crop=smart&format=png8&s=624ac30a12e027ca1bcc16d079f942137da2b628"
      }
    },
    "2021_10_25_en_reddit_reddit__r--nottheonion--comments--qfozej--hiker_lost_on_mountain_for_24_hours_ignored_calls": {
      "id": "2021_10_25_en_reddit_reddit__r--nottheonion--comments--qfozej--hiker_lost_on_mountain_for_24_hours_ignored_calls",
      "url": "https://old.reddit.com/r/nottheonion/comments/qfozej/hiker_lost_on_mountain_for_24_hours_ignored_calls/",
      "date_published": "2021-10-26T03:24:01.000Z",
      "date_modified": "2021-10-26T03:24:01.000Z",
      "_original_published": "2021-10-25T19:59:10.000Z",
      "_original_language": "en",
      "_translations": {
        "en": {
          "title": "Hiker lost on mountain for 24 hours ignored calls from rescuers because he didn’t recognize phone number"
        },
        "ja": {
          "title": "山で24時間遭難したハイカーが、救助隊からの電話を無視したのは、電話番号が分からなかったから。"
        },
        "zh-Hans": {
          "title": "驴友在山上迷路24小时，不理会救援人员的电话，因为他不认识电话号码"
        },
        "zh-Hant": {
          "title": "驢友在山上迷路24小時，不理會救援人員的電話，因爲他不認識電話號碼"
        }
      },
      "tags": [
        "nottheonion"
      ],
      "authors": [
        {
          "name": "thebigdonkey",
          "url": "https://old.reddit.com/user/thebigdonkey"
        }
      ],
      "_links": [
        {
          "url": "https://old.reddit.com/r/nottheonion/comments/qfozej/hiker_lost_on_mountain_for_24_hours_ignored_calls/",
          "name": "&uarr;76343 votes"
        }
      ],
      "image": "https://external-preview.redd.it/da_TYORZOmw1WTRIgbtp-vWHA-hG6yWcdJYomK5CEZg.jpg?width=960&crop=smart&auto=webp&s=1f8c1fe83502aed888c22a13012f9ab69deba61d"
    }
  }
}
