{
  "items": {
    "2022_06_15_en_reddit_reddit__r--aww--comments--vctk40--a_video_analysis_of_the_difference_between_joule": {
      "id": "2022_06_15_en_reddit_reddit__r--aww--comments--vctk40--a_video_analysis_of_the_difference_between_joule",
      "url": "https://old.reddit.com/r/aww/comments/vctk40/a_video_analysis_of_the_difference_between_joule/",
      "date_published": "2022-06-15T17:03:38.000Z",
      "date_modified": "2022-06-15T17:03:38.000Z",
      "_original_published": "2022-06-15T12:38:02.000Z",
      "_original_language": "en",
      "_translations": {
        "en": {
          "title": "A video analysis of the difference between Joule joining Kelvin and Kelvin joining Joule."
        },
        "ja": {
          "title": "ジュールがケルビンに、ケルビンがジュールに接合することの違いを動画で解析しています。"
        },
        "zh-Hans": {
          "title": "关于焦耳加入开尔文和开尔文加入焦耳的区别的视频分析。"
        },
        "zh-Hant": {
          "title": "關於焦耳加入開爾文和開爾文加入焦耳的區別的視頻分析。"
        }
      },
      "tags": [
        "aww"
      ],
      "authors": [
        {
          "name": "elphaba16",
          "url": "https://old.reddit.com/user/elphaba16"
        }
      ],
      "_links": [
        {
          "url": "https://old.reddit.com/r/aww/comments/vctk40/a_video_analysis_of_the_difference_between_joule/",
          "name": "&uarr;85311 votes"
        }
      ],
      "image": "https://external-preview.redd.it/M1fn9ff5IcMEXDCs0-t_AI9zTRPU9d9HYB5CfxUuV-s.png?width=640&amp;crop=smart&amp;format=pjpg&amp;auto=webp&amp;s=9f88051c503a4acb624445b64b61af09acf0acf7",
      "_video": {
        "sources": [
          {
            "url": "https://v.redd.it/u4ozvjcd5s591/DASH_720.mp4?source=fallback"
          }
        ],
        "width": 720,
        "height": 720,
        "poster": "https://external-preview.redd.it/M1fn9ff5IcMEXDCs0-t_AI9zTRPU9d9HYB5CfxUuV-s.png?width=640&amp;crop=smart&amp;format=pjpg&amp;auto=webp&amp;s=9f88051c503a4acb624445b64b61af09acf0acf7"
      }
    },
    "2022_06_11_en_reddit_reddit__r--MadeMeSmile--comments--va5jik--this_is_so_cool": {
      "id": "2022_06_11_en_reddit_reddit__r--MadeMeSmile--comments--va5jik--this_is_so_cool",
      "url": "https://old.reddit.com/r/MadeMeSmile/comments/va5jik/this_is_so_cool/",
      "date_published": "2022-06-12T03:07:42.000Z",
      "date_modified": "2022-06-12T03:07:42.000Z",
      "_original_published": "2022-06-11T20:11:47.000Z",
      "_original_language": "en",
      "_translations": {
        "en": {
          "title": "This is so cool"
        },
        "ja": {
          "title": "これはとてもクールです"
        },
        "zh-Hans": {
          "title": "这真是太酷了"
        },
        "zh-Hant": {
          "title": "這真是太酷了"
        }
      },
      "tags": [
        "MadeMeSmile"
      ],
      "authors": [
        {
          "name": "pietradolce",
          "url": "https://old.reddit.com/user/pietradolce"
        }
      ],
      "_links": [
        {
          "url": "https://old.reddit.com/r/MadeMeSmile/comments/va5jik/this_is_so_cool/",
          "name": "&uarr;83483 votes"
        }
      ],
      "image": "https://preview.redd.it/quhl6ihou1591.jpg?width=1080&amp;crop=smart&amp;auto=webp&amp;s=8264adafcc92d8adb742c9d634a8af80a18edafc"
    },
    "2022_06_11_en_reddit_reddit__r--meirl--comments--v9z1uy--me_irl": {
      "id": "2022_06_11_en_reddit_reddit__r--meirl--comments--v9z1uy--me_irl",
      "url": "https://old.reddit.com/r/meirl/comments/v9z1uy/me_irl/",
      "date_published": "2022-06-12T01:02:06.000Z",
      "date_modified": "2022-06-12T01:02:06.000Z",
      "_original_published": "2022-06-11T14:46:25.000Z",
      "_original_language": "en",
      "_translations": {
        "en": {
          "title": "Me irl"
        },
        "ja": {
          "title": "私"
        },
        "zh-Hans": {
          "title": "我在网上"
        },
        "zh-Hant": {
          "title": "我在網上"
        }
      },
      "tags": [
        "meirl"
      ],
      "authors": [
        {
          "name": "Squby_Shagger_986",
          "url": "https://old.reddit.com/user/Squby_Shagger_986"
        }
      ],
      "_links": [
        {
          "url": "https://old.reddit.com/r/meirl/comments/v9z1uy/me_irl/",
          "name": "&uarr;82996 votes"
        }
      ],
      "image": "https://preview.redd.it/ulng54hm80591.gif?width=320&amp;crop=smart&amp;format=png8&amp;s=34d793d7f4ec8735e0e5d375a2f9981dc5d3d1ae",
      "_video": {
        "sources": [
          {
            "url": "https://preview.redd.it/ulng54hm80591.gif?format=mp4&amp;s=2e984999b189dad762fa824c0b6b0a597a9d86a7"
          }
        ],
        "width": 603,
        "height": 750,
        "poster": "https://preview.redd.it/ulng54hm80591.gif?width=320&amp;crop=smart&amp;format=png8&amp;s=34d793d7f4ec8735e0e5d375a2f9981dc5d3d1ae"
      }
    },
    "2022_06_10_en_reddit_reddit__r--pics--comments--v9b1sw--oc_my_local_chickfila_is_low_key_rebelling": {
      "id": "2022_06_10_en_reddit_reddit__r--pics--comments--v9b1sw--oc_my_local_chickfila_is_low_key_rebelling",
      "url": "https://old.reddit.com/r/pics/comments/v9b1sw/oc_my_local_chickfila_is_low_key_rebelling/",
      "date_published": "2022-06-11T02:07:32.000Z",
      "date_modified": "2022-06-11T02:07:32.000Z",
      "_original_published": "2022-06-10T16:03:06.000Z",
      "_original_language": "en",
      "_translations": {
        "en": {
          "title": "[OC] My local Chick-fil-A is low key rebelling"
        },
        "ja": {
          "title": "[OC】私の地元のチックフィラは低調に反抗している"
        },
        "zh-Hans": {
          "title": "[OC]我当地的Chick-fil-A正在低调地反击。"
        },
        "zh-Hant": {
          "title": "[OC]我當地的Chick-fil-A正在低調地反擊。"
        }
      },
      "tags": [
        "pics"
      ],
      "authors": [
        {
          "name": "nautile",
          "url": "https://old.reddit.com/user/nautile"
        }
      ],
      "_links": [
        {
          "url": "https://old.reddit.com/r/pics/comments/v9b1sw/oc_my_local_chickfila_is_low_key_rebelling/",
          "name": "&uarr;82911 votes"
        }
      ],
      "image": "https://preview.redd.it/r6xptukdht491.jpg?width=1080&amp;crop=smart&amp;auto=webp&amp;s=7ada319f24e48fbde5eb3e20573feafe31ec689c"
    },
    "2022_06_11_en_reddit_reddit__r--nextfuckinglevel--comments--va0ugr--brave_woman_pass_a_note_to_staff": {
      "id": "2022_06_11_en_reddit_reddit__r--nextfuckinglevel--comments--va0ugr--brave_woman_pass_a_note_to_staff",
      "url": "https://old.reddit.com/r/nextfuckinglevel/comments/va0ugr/brave_woman_pass_a_note_to_staff/",
      "date_published": "2022-06-12T01:02:06.000Z",
      "date_modified": "2022-06-12T01:02:06.000Z",
      "_original_published": "2022-06-11T16:15:08.000Z",
      "_original_language": "en",
      "_translations": {
        "en": {
          "title": "Brave woman pass a note to staff"
        },
        "ja": {
          "title": "スタッフにメモを渡す勇敢な女性"
        },
        "zh-Hans": {
          "title": "勇敢的妇女向工作人员传纸条"
        },
        "zh-Hant": {
          "title": "勇敢的婦女向工作人員傳紙條"
        }
      },
      "tags": [
        "nextfuckinglevel"
      ],
      "authors": [
        {
          "name": "Thryloz",
          "url": "https://old.reddit.com/user/Thryloz"
        }
      ],
      "_links": [
        {
          "url": "https://old.reddit.com/r/nextfuckinglevel/comments/va0ugr/brave_woman_pass_a_note_to_staff/",
          "name": "&uarr;81467 votes"
        }
      ],
      "image": "https://external-preview.redd.it/db8mmugfmnA9asJpVzgWrVxS-TgqqRARMz7pbYOYiSk.jpg?width=640&amp;crop=smart&amp;auto=webp&amp;s=29b21be430d21352b26c0bb920d2c31d6768fd40",
      "_video": {
        "sources": [
          {
            "url": "https://v.redd.it/iw3kuvpgo0591/DASH_720.mp4"
          }
        ],
        "width": 576,
        "height": 720,
        "poster": "https://external-preview.redd.it/db8mmugfmnA9asJpVzgWrVxS-TgqqRARMz7pbYOYiSk.jpg?width=640&amp;crop=smart&amp;auto=webp&amp;s=29b21be430d21352b26c0bb920d2c31d6768fd40"
      }
    },
    "2022_06_16_en_reddit_reddit__r--oddlyspecific--comments--vdb65d--_": {
      "id": "2022_06_16_en_reddit_reddit__r--oddlyspecific--comments--vdb65d--_",
      "url": "https://old.reddit.com/r/oddlyspecific/comments/vdb65d/_/",
      "date_published": "2022-06-16T14:16:38.000Z",
      "date_modified": "2022-06-16T14:16:38.000Z",
      "_original_published": "2022-06-16T02:21:39.000Z",
      "_original_language": "en",
      "_translations": {
        "en": {
          "title": "🤓🧠"
        },
        "ja": {
          "title": "🤓🧠"
        },
        "zh-Hans": {
          "title": "🤓🧠"
        },
        "zh-Hant": {
          "title": "🤓🧠"
        }
      },
      "tags": [
        "oddlyspecific"
      ],
      "authors": [
        {
          "name": "lestaz_",
          "url": "https://old.reddit.com/user/lestaz_"
        }
      ],
      "_links": [
        {
          "url": "https://old.reddit.com/r/oddlyspecific/comments/vdb65d/_/",
          "name": "&uarr;81343 votes"
        }
      ],
      "image": "https://preview.redd.it/6at2tb8b8w591.jpg?width=960&amp;crop=smart&amp;auto=webp&amp;s=10c8082c6645ce71d174e0795288f4b21ab26ed9"
    },
    "2022_06_11_en_reddit_reddit__r--MadeMeSmile--comments--v9v95u--best_wingman_ever": {
      "id": "2022_06_11_en_reddit_reddit__r--MadeMeSmile--comments--v9v95u--best_wingman_ever",
      "url": "https://old.reddit.com/r/MadeMeSmile/comments/v9v95u/best_wingman_ever/",
      "date_published": "2022-06-11T16:41:56.000Z",
      "date_modified": "2022-06-11T16:41:56.000Z",
      "_original_published": "2022-06-11T11:03:33.000Z",
      "_original_language": "en",
      "_translations": {
        "en": {
          "title": "Best wingman ever?"
        },
        "ja": {
          "title": "最高のウイングマン？"
        },
        "zh-Hans": {
          "title": "有史以来最好的僚机？"
        },
        "zh-Hant": {
          "title": "有史以來最好的僚機？"
        }
      },
      "tags": [
        "MadeMeSmile"
      ],
      "authors": [
        {
          "name": "womb_raider_420",
          "url": "https://old.reddit.com/user/womb_raider_420"
        }
      ],
      "_links": [
        {
          "url": "https://old.reddit.com/r/MadeMeSmile/comments/v9v95u/best_wingman_ever/",
          "name": "&uarr;79434 votes"
        }
      ],
      "image": "https://external-preview.redd.it/qbPo9fgFykNE1zRx7n7y3XpK6E9DbiZ6PJjXUUsqK-I.png?width=320&amp;crop=smart&amp;format=pjpg&amp;auto=webp&amp;s=adea0ad7fa918e42f73550e6014b1e27ad62f7d4",
      "_video": {
        "sources": [
          {
            "url": "https://v.redd.it/3m8217jt4z491/DASH_720.mp4?source=fallback"
          }
        ],
        "width": 406,
        "height": 720,
        "poster": "https://external-preview.redd.it/qbPo9fgFykNE1zRx7n7y3XpK6E9DbiZ6PJjXUUsqK-I.png?width=320&amp;crop=smart&amp;format=pjpg&amp;auto=webp&amp;s=adea0ad7fa918e42f73550e6014b1e27ad62f7d4"
      }
    },
    "2022_06_12_en_reddit_reddit__r--WhitePeopleTwitter--comments--vaxd4f--the_hypocrisy_is_enough_to_make_your_head_explode": {
      "id": "2022_06_12_en_reddit_reddit__r--WhitePeopleTwitter--comments--vaxd4f--the_hypocrisy_is_enough_to_make_your_head_explode",
      "url": "https://old.reddit.com/r/WhitePeopleTwitter/comments/vaxd4f/the_hypocrisy_is_enough_to_make_your_head_explode/",
      "date_published": "2022-06-13T13:47:57.000Z",
      "date_modified": "2022-06-13T13:47:57.000Z",
      "_original_published": "2022-06-12T22:36:09.000Z",
      "_original_language": "en",
      "_translations": {
        "en": {
          "title": "The hypocrisy is enough to make your head explode"
        },
        "ja": {
          "title": "偽善は、あなたの頭を爆発させるのに十分である"
        },
        "zh-Hans": {
          "title": "虚伪的态度足以让你的脑袋炸开花"
        },
        "zh-Hant": {
          "title": "虛僞的態度足以讓你的腦袋炸開花"
        }
      },
      "tags": [
        "WhitePeopleTwitter"
      ],
      "authors": [
        {
          "name": "DaFunkJunkie",
          "url": "https://old.reddit.com/user/DaFunkJunkie"
        }
      ],
      "_links": [
        {
          "url": "https://old.reddit.com/r/WhitePeopleTwitter/comments/vaxd4f/the_hypocrisy_is_enough_to_make_your_head_explode/",
          "name": "&uarr;79422 votes"
        }
      ],
      "image": "https://preview.redd.it/uje6v3lcp9591.jpg?width=1080&amp;crop=smart&amp;auto=webp&amp;s=92c797232ef1bf0314bad1e025052c5ddda51b62"
    },
    "2022_06_13_en_reddit_reddit__r--Eyebleach--comments--vazbqt--6_hours_after_i_picked_him_up_at_the_shelter": {
      "id": "2022_06_13_en_reddit_reddit__r--Eyebleach--comments--vazbqt--6_hours_after_i_picked_him_up_at_the_shelter",
      "url": "https://old.reddit.com/r/Eyebleach/comments/vazbqt/6_hours_after_i_picked_him_up_at_the_shelter/",
      "date_published": "2022-06-13T13:47:57.000Z",
      "date_modified": "2022-06-13T13:47:57.000Z",
      "_original_published": "2022-06-13T00:18:17.000Z",
      "_original_language": "en",
      "_translations": {
        "en": {
          "title": "6 hours after i picked him up at the shelter"
        },
        "ja": {
          "title": "シェルターで拾ってから6時間後"
        },
        "zh-Hans": {
          "title": "我在收容所捡到它的6小时后"
        },
        "zh-Hant": {
          "title": "我在收容所撿到它的6小時後"
        }
      },
      "tags": [
        "Eyebleach"
      ],
      "authors": [
        {
          "name": "lmnDK",
          "url": "https://old.reddit.com/user/lmnDK"
        }
      ],
      "_links": [
        {
          "url": "https://old.reddit.com/r/Eyebleach/comments/vazbqt/6_hours_after_i_picked_him_up_at_the_shelter/",
          "name": "&uarr;79232 votes"
        }
      ],
      "image": "https://preview.redd.it/b4xi6i7b7a591.gif?width=216&amp;crop=smart&amp;format=png8&amp;s=558a6c725af94d8b680d4c3ec1138b86cbdaf2ff",
      "_video": {
        "sources": [
          {
            "url": "https://preview.redd.it/b4xi6i7b7a591.gif?format=mp4&amp;s=a3cbca7cc0ff55daca8a66eb0cfd3899a794fc0d"
          }
        ],
        "width": 272,
        "height": 480,
        "poster": "https://preview.redd.it/b4xi6i7b7a591.gif?width=216&amp;crop=smart&amp;format=png8&amp;s=558a6c725af94d8b680d4c3ec1138b86cbdaf2ff"
      }
    },
    "2022_06_12_en_reddit_reddit__r--interestingasfuck--comments--valjcw--in_primorye_russia_a_camera_trap_captured_animals": {
      "id": "2022_06_12_en_reddit_reddit__r--interestingasfuck--comments--valjcw--in_primorye_russia_a_camera_trap_captured_animals",
      "url": "https://old.reddit.com/r/interestingasfuck/comments/valjcw/in_primorye_russia_a_camera_trap_captured_animals/",
      "date_published": "2022-06-13T01:59:09.000Z",
      "date_modified": "2022-06-13T01:59:09.000Z",
      "_original_published": "2022-06-12T13:02:34.000Z",
      "_original_language": "en",
      "_translations": {
        "en": {
          "title": "In Primorye Russia, a camera trap captured animals of eight different species in one place."
        },
        "ja": {
          "title": "ロシア沿海州では、カメラトラップによって8種類の動物が一度に撮影されました。"
        },
        "zh-Hans": {
          "title": "在俄罗斯滨海地区，一个摄像陷阱在一个地方捕捉到了八个不同种类的动物。"
        },
        "zh-Hant": {
          "title": "在俄羅斯濱海地區，一個攝像陷阱在一個地方捕捉到了八個不同種類的動物。"
        }
      },
      "tags": [
        "interestingasfuck"
      ],
      "authors": [
        {
          "name": "TheNihilist911",
          "url": "https://old.reddit.com/user/TheNihilist911"
        }
      ],
      "_links": [
        {
          "url": "https://old.reddit.com/r/interestingasfuck/comments/valjcw/in_primorye_russia_a_camera_trap_captured_animals/",
          "name": "&uarr;78877 votes"
        }
      ],
      "image": "https://external-preview.redd.it/FMupIIu8UdskWsm9X1YnSLJkHJDXCvfBvBXYfrbJV68.png?width=320&amp;crop=smart&amp;format=pjpg&amp;auto=webp&amp;s=07046d3c419984e324ec9b62b5b53561e9fef152",
      "_video": {
        "sources": [
          {
            "url": "https://v.redd.it/ddfxacuzu6591/DASH_240.mp4?source=fallback"
          }
        ],
        "width": 426,
        "height": 227,
        "poster": "https://external-preview.redd.it/FMupIIu8UdskWsm9X1YnSLJkHJDXCvfBvBXYfrbJV68.png?width=320&amp;crop=smart&amp;format=pjpg&amp;auto=webp&amp;s=07046d3c419984e324ec9b62b5b53561e9fef152"
      }
    },
    "2022_06_16_en_reddit_reddit__r--oddlysatisfying--comments--vdqq8x--how_to_tie_a_scarf": {
      "id": "2022_06_16_en_reddit_reddit__r--oddlysatisfying--comments--vdqq8x--how_to_tie_a_scarf",
      "url": "https://old.reddit.com/r/oddlysatisfying/comments/vdqq8x/how_to_tie_a_scarf/",
      "date_published": "2022-06-17T03:24:12.000Z",
      "date_modified": "2022-06-17T03:24:12.000Z",
      "_original_published": "2022-06-16T17:04:44.000Z",
      "_original_language": "en",
      "_translations": {
        "en": {
          "title": "How to tie a scarf."
        },
        "ja": {
          "title": "スカーフの結び方"
        },
        "zh-Hans": {
          "title": "如何系好围巾。"
        },
        "zh-Hant": {
          "title": "如何繫好圍巾。"
        }
      },
      "tags": [
        "oddlysatisfying"
      ],
      "authors": [
        {
          "name": "Boojibs",
          "url": "https://old.reddit.com/user/Boojibs"
        }
      ],
      "_links": [
        {
          "url": "https://old.reddit.com/r/oddlysatisfying/comments/vdqq8x/how_to_tie_a_scarf/",
          "name": "&uarr;78422 votes"
        }
      ],
      "image": "https://external-preview.redd.it/ZUvvs2jfnzLg8uGXq5tSkX-l9RnUjuA6YD5-UJ118Qg.jpg?width=216&amp;crop=smart&amp;auto=webp&amp;s=c89a57ed1890b11596367468b916824152ea29b8",
      "_video": {
        "sources": [
          {
            "url": "https://v.redd.it/tljkzvvvl0691/DASH_1080.mp4"
          }
        ],
        "width": 607,
        "height": 1080,
        "poster": "https://external-preview.redd.it/ZUvvs2jfnzLg8uGXq5tSkX-l9RnUjuA6YD5-UJ118Qg.jpg?width=216&amp;crop=smart&amp;auto=webp&amp;s=c89a57ed1890b11596367468b916824152ea29b8"
      }
    },
    "2022_06_16_en_reddit_reddit__r--MadeMeSmile--comments--vdldxt--a_passenger_giving_his_umbrella_to_the_traffic": {
      "id": "2022_06_16_en_reddit_reddit__r--MadeMeSmile--comments--vdldxt--a_passenger_giving_his_umbrella_to_the_traffic",
      "url": "https://old.reddit.com/r/MadeMeSmile/comments/vdldxt/a_passenger_giving_his_umbrella_to_the_traffic/",
      "date_published": "2022-06-17T03:24:12.000Z",
      "date_modified": "2022-06-17T03:24:12.000Z",
      "_original_published": "2022-06-16T12:55:48.000Z",
      "_original_language": "en",
      "_translations": {
        "en": {
          "title": "A passenger giving his umbrella to the traffic police on a rainy day :)"
        },
        "ja": {
          "title": "雨の日に交通警察に傘を渡す乗客 :)"
        },
        "zh-Hans": {
          "title": "一位乘客在雨天把伞给了交警 :)"
        },
        "zh-Hant": {
          "title": "一位乘客在雨天把傘給了交警 :)"
        }
      },
      "tags": [
        "MadeMeSmile"
      ],
      "authors": [
        {
          "name": "Sir_Loinbeef",
          "url": "https://old.reddit.com/user/Sir_Loinbeef"
        }
      ],
      "_links": [
        {
          "url": "https://old.reddit.com/r/MadeMeSmile/comments/vdldxt/a_passenger_giving_his_umbrella_to_the_traffic/",
          "name": "&uarr;77863 votes"
        }
      ],
      "image": "https://external-preview.redd.it/-Cz6Bkz4GhW6dWQcPH-UULMhWi4NPKRfRiv_Kinbt_8.png?width=1080&amp;crop=smart&amp;format=pjpg&amp;auto=webp&amp;s=c5e87beb837955c782e9627296e147a23fb416fd",
      "_video": {
        "sources": [
          {
            "url": "https://v.redd.it/5x13rsu1dz591/DASH_1080.mp4?source=fallback"
          }
        ],
        "width": 945,
        "height": 1080,
        "poster": "https://external-preview.redd.it/-Cz6Bkz4GhW6dWQcPH-UULMhWi4NPKRfRiv_Kinbt_8.png?width=1080&amp;crop=smart&amp;format=pjpg&amp;auto=webp&amp;s=c5e87beb837955c782e9627296e147a23fb416fd"
      }
    },
    "2022_06_12_en_reddit_reddit__r--MadeMeSmile--comments--vatrk0--craftsman_with_a_nail_gun_follows_the_rhythm_of": {
      "id": "2022_06_12_en_reddit_reddit__r--MadeMeSmile--comments--vatrk0--craftsman_with_a_nail_gun_follows_the_rhythm_of",
      "url": "https://old.reddit.com/r/MadeMeSmile/comments/vatrk0/craftsman_with_a_nail_gun_follows_the_rhythm_of/",
      "date_published": "2022-06-13T01:59:09.000Z",
      "date_modified": "2022-06-13T01:59:09.000Z",
      "_original_published": "2022-06-12T19:45:49.000Z",
      "_original_language": "en",
      "_translations": {
        "en": {
          "title": "Craftsman with a nail gun follows the rhythm of the orchestra so as not to disturb them"
        },
        "ja": {
          "title": "オーケストラの邪魔にならないよう、リズムに合わせて釘打ちをする職人さん"
        },
        "zh-Hans": {
          "title": "拿着钉子枪的工匠跟着乐团的节奏走，以免打扰他们"
        },
        "zh-Hant": {
          "title": "拿着釘子槍的工匠跟着樂團的節奏走，以免打擾他們"
        }
      },
      "tags": [
        "MadeMeSmile"
      ],
      "authors": [
        {
          "name": "Morgentau7",
          "url": "https://old.reddit.com/user/Morgentau7"
        }
      ],
      "_links": [
        {
          "url": "https://old.reddit.com/r/MadeMeSmile/comments/vatrk0/craftsman_with_a_nail_gun_follows_the_rhythm_of/",
          "name": "&uarr;77529 votes"
        }
      ],
      "image": "https://external-preview.redd.it/66_4orEYT0qMkdBnHQYa3F259cMK7Ueww0fNOGT0yVU.png?width=1080&amp;crop=smart&amp;format=pjpg&amp;auto=webp&amp;s=3609adac6302705ed6baa309fbd28b1814e74e35",
      "_video": {
        "sources": [
          {
            "url": "https://v.redd.it/helbu6t9u8591/DASH_1080.mp4?source=fallback"
          }
        ],
        "width": 1920,
        "height": 1080,
        "poster": "https://external-preview.redd.it/66_4orEYT0qMkdBnHQYa3F259cMK7Ueww0fNOGT0yVU.png?width=1080&amp;crop=smart&amp;format=pjpg&amp;auto=webp&amp;s=3609adac6302705ed6baa309fbd28b1814e74e35"
      }
    },
    "2022_06_13_en_reddit_reddit__r--gaming--comments--vbdoz4--i_love_how_the_developers_have_found_a_way_that": {
      "id": "2022_06_13_en_reddit_reddit__r--gaming--comments--vbdoz4--i_love_how_the_developers_have_found_a_way_that",
      "url": "https://old.reddit.com/r/gaming/comments/vbdoz4/i_love_how_the_developers_have_found_a_way_that/",
      "date_published": "2022-06-13T20:05:38.000Z",
      "date_modified": "2022-06-13T20:05:38.000Z",
      "_original_published": "2022-06-13T14:38:46.000Z",
      "_original_language": "en",
      "_translations": {
        "en": {
          "title": "I love how the developers have found a way that we don't have to look at a minimap all the time to find our way on the roads, because \"fake\" road signs pop up to show the way (Mafia Definitve Edition)"
        },
        "ja": {
          "title": "ミニマップを見ずとも、\"フェイク \"の道路標識で道を教えてくれるのがいい（Mafia Definitve Edition）"
        },
        "zh-Hans": {
          "title": "我喜欢开发者找到了一种方法，让我们不必一直看着小地图在路上找路，因为 \"假的 \"路标会弹出来指明方向（《黑手党》终极版）。"
        },
        "zh-Hant": {
          "title": "我喜歡開發者找到了一種方法，讓我們不必一直看着小地圖在路上找路，因爲 \"假的 \"路標會彈出來指明方向（《黑手黨》終極版）。"
        }
      },
      "tags": [
        "gaming"
      ],
      "authors": [
        {
          "name": "onesnowcrow",
          "url": "https://old.reddit.com/user/onesnowcrow"
        }
      ],
      "_links": [
        {
          "url": "https://old.reddit.com/r/gaming/comments/vbdoz4/i_love_how_the_developers_have_found_a_way_that/",
          "name": "&uarr;77518 votes"
        }
      ],
      "image": "https://external-preview.redd.it/OZmWeTwuYWuoxCzxU5kx_Y-SUvVVARo9-uLFPwqcXVQ.gif?width=320&amp;crop=smart&amp;format=png8&amp;s=12676c1e765b3d05e7595a260015c4a243d165cc",
      "_video": {
        "sources": [
          {
            "url": "https://external-preview.redd.it/OZmWeTwuYWuoxCzxU5kx_Y-SUvVVARo9-uLFPwqcXVQ.gif?format=mp4&amp;s=ae4295fc708de3684c1088ad6f3c865dbc3211f2"
          }
        ],
        "width": 600,
        "height": 338,
        "poster": "https://external-preview.redd.it/OZmWeTwuYWuoxCzxU5kx_Y-SUvVVARo9-uLFPwqcXVQ.gif?width=320&amp;crop=smart&amp;format=png8&amp;s=12676c1e765b3d05e7595a260015c4a243d165cc"
      }
    },
    "2022_06_12_en_reddit_reddit__r--meirl--comments--vapqpq--meirl": {
      "id": "2022_06_12_en_reddit_reddit__r--meirl--comments--vapqpq--meirl",
      "url": "https://old.reddit.com/r/meirl/comments/vapqpq/meirl/",
      "date_published": "2022-06-13T01:59:09.000Z",
      "date_modified": "2022-06-13T01:59:09.000Z",
      "_original_published": "2022-06-12T16:36:07.000Z",
      "_original_language": "en",
      "_translations": {
        "en": {
          "title": "meirl"
        },
        "ja": {
          "title": "ミール"
        },
        "zh-Hans": {
          "title": "我的女孩"
        },
        "zh-Hant": {
          "title": "我的女孩"
        }
      },
      "tags": [
        "meirl"
      ],
      "authors": [
        {
          "name": "TwasAnChild",
          "url": "https://old.reddit.com/user/TwasAnChild"
        }
      ],
      "_links": [
        {
          "url": "https://old.reddit.com/r/meirl/comments/vapqpq/meirl/",
          "name": "&uarr;77469 votes"
        }
      ],
      "image": "https://preview.redd.it/o0jvfbx3x7591.jpg?width=1080&amp;crop=smart&amp;auto=webp&amp;s=074b291f78c3145b2dc4dca10e0ad8f5faf2ad38"
    },
    "2022_06_13_en_reddit_reddit__r--oddlysatisfying--comments--vbhrvn--sorting_a_pile_of_plates": {
      "id": "2022_06_13_en_reddit_reddit__r--oddlysatisfying--comments--vbhrvn--sorting_a_pile_of_plates",
      "url": "https://old.reddit.com/r/oddlysatisfying/comments/vbhrvn/sorting_a_pile_of_plates/",
      "date_published": "2022-06-13T23:25:47.000Z",
      "date_modified": "2022-06-13T23:25:47.000Z",
      "_original_published": "2022-06-13T17:40:42.000Z",
      "_original_language": "en",
      "_translations": {
        "en": {
          "title": "Sorting a pile of plates"
        },
        "ja": {
          "title": "皿の山を仕分けする"
        },
        "zh-Hans": {
          "title": "对一堆盘子进行分类"
        },
        "zh-Hant": {
          "title": "對一堆盤子進行分類"
        }
      },
      "tags": [
        "oddlysatisfying"
      ],
      "authors": [
        {
          "name": "golfer888",
          "url": "https://old.reddit.com/user/golfer888"
        }
      ],
      "_links": [
        {
          "url": "https://old.reddit.com/r/oddlysatisfying/comments/vbhrvn/sorting_a_pile_of_plates/",
          "name": "&uarr;77427 votes"
        }
      ],
      "image": "https://external-preview.redd.it/suF1W1i-db--aOF431JxO3nMC_-UsVfqF4CVhpwIXmU.jpg?width=640&amp;crop=smart&amp;auto=webp&amp;s=12fe10afd9674eebd7a97eabdb451ea829e1e6fa",
      "_video": {
        "sources": [
          {
            "url": "https://v.redd.it/npsrffyjdf591/DASH_720.mp4"
          }
        ],
        "width": 553,
        "height": 720,
        "poster": "https://external-preview.redd.it/suF1W1i-db--aOF431JxO3nMC_-UsVfqF4CVhpwIXmU.jpg?width=640&amp;crop=smart&amp;auto=webp&amp;s=12fe10afd9674eebd7a97eabdb451ea829e1e6fa"
      }
    },
    "2022_06_13_en_reddit_reddit__r--MadeMeSmile--comments--vbbq8g--a_fishermen_and_a_croc": {
      "id": "2022_06_13_en_reddit_reddit__r--MadeMeSmile--comments--vbbq8g--a_fishermen_and_a_croc",
      "url": "https://old.reddit.com/r/MadeMeSmile/comments/vbbq8g/a_fishermen_and_a_croc/",
      "date_published": "2022-06-14T03:34:44.000Z",
      "date_modified": "2022-06-14T03:34:44.000Z",
      "_original_published": "2022-06-13T13:02:49.000Z",
      "_original_language": "en",
      "_translations": {
        "en": {
          "title": "A Fishermen and a Croc"
        },
        "ja": {
          "title": "漁師と鰐"
        },
        "zh-Hans": {
          "title": "渔民和鳄鱼"
        },
        "zh-Hant": {
          "title": "漁民和鱷魚"
        }
      },
      "tags": [
        "MadeMeSmile"
      ],
      "authors": [
        {
          "name": "The_Love-Tap",
          "url": "https://old.reddit.com/user/The_Love-Tap"
        }
      ],
      "_links": [
        {
          "url": "https://old.reddit.com/r/MadeMeSmile/comments/vbbq8g/a_fishermen_and_a_croc/",
          "name": "&uarr;77356 votes"
        }
      ],
      "image": "https://preview.redd.it/odz7zt3zzd591.jpg?width=1080&amp;crop=smart&amp;auto=webp&amp;s=a6cc1f108af62afe5aa5cf75b2f111fd8faf2be4"
    },
    "2022_06_15_en_reddit_reddit__r--interestingasfuck--comments--vcz7q5--moles_are_so_specialized_at_digging_they_cant": {
      "id": "2022_06_15_en_reddit_reddit__r--interestingasfuck--comments--vcz7q5--moles_are_so_specialized_at_digging_they_cant",
      "url": "https://old.reddit.com/r/interestingasfuck/comments/vcz7q5/moles_are_so_specialized_at_digging_they_cant/",
      "date_published": "2022-06-15T23:20:10.000Z",
      "date_modified": "2022-06-15T23:20:10.000Z",
      "_original_published": "2022-06-15T17:01:21.000Z",
      "_original_language": "en",
      "_translations": {
        "en": {
          "title": "Moles are so specialized at digging, they can't walk very well."
        },
        "ja": {
          "title": "モグラは掘ることに特化しているため、あまりうまく歩けないのです。"
        },
        "zh-Hans": {
          "title": "鼹鼠在挖掘方面非常专业，它们不能很好地行走。"
        },
        "zh-Hant": {
          "title": "鼴鼠在挖掘方面非常專業，它們不能很好地行走。"
        }
      },
      "tags": [
        "interestingasfuck"
      ],
      "authors": [
        {
          "name": "Wonderful-Property46",
          "url": "https://old.reddit.com/user/Wonderful-Property46"
        }
      ],
      "_links": [
        {
          "url": "https://old.reddit.com/r/interestingasfuck/comments/vcz7q5/moles_are_so_specialized_at_digging_they_cant/",
          "name": "&uarr;77340 votes"
        }
      ],
      "image": "https://external-preview.redd.it/YxfK-gkejs54PAln38By9fTqIHrIqBsj1xXeMav_Ark.png?width=640&amp;crop=smart&amp;format=pjpg&amp;auto=webp&amp;s=ca032d5cda0b60e8a16c5c2ed58cfff5240f0573",
      "_video": {
        "sources": [
          {
            "url": "https://v.redd.it/tlxszkb2gt591/DASH_720.mp4?source=fallback"
          }
        ],
        "width": 720,
        "height": 720,
        "poster": "https://external-preview.redd.it/YxfK-gkejs54PAln38By9fTqIHrIqBsj1xXeMav_Ark.png?width=640&amp;crop=smart&amp;format=pjpg&amp;auto=webp&amp;s=ca032d5cda0b60e8a16c5c2ed58cfff5240f0573"
      }
    },
    "2022_06_15_en_reddit_reddit__r--pics--comments--vcz8et--photos_from_lauren_boeberts_profile_on": {
      "id": "2022_06_15_en_reddit_reddit__r--pics--comments--vcz8et--photos_from_lauren_boeberts_profile_on",
      "url": "https://old.reddit.com/r/pics/comments/vcz8et/photos_from_lauren_boeberts_profile_on/",
      "date_published": "2022-06-16T03:24:58.000Z",
      "date_modified": "2022-06-16T03:24:58.000Z",
      "_original_published": "2022-06-15T17:02:11.000Z",
      "_original_language": "en",
      "_translations": {
        "en": {
          "title": "Photos from Lauren Boebert’s profile on sugardaddymeet"
        },
        "ja": {
          "title": "写真はsugardaddymeetのLauren Boebertさんのプロフィールから。"
        },
        "zh-Hans": {
          "title": "照片来自Lauren Boebert在sugardaddymeet的简介"
        },
        "zh-Hant": {
          "title": "照片來自Lauren Boebert在sugardaddymeet的簡介"
        }
      },
      "tags": [
        "pics"
      ],
      "authors": [
        {
          "name": "-Omegamart-",
          "url": "https://old.reddit.com/user/-Omegamart-"
        }
      ],
      "_links": [
        {
          "url": "https://old.reddit.com/r/pics/comments/vcz8et/photos_from_lauren_boeberts_profile_on/",
          "name": "&uarr;77264 votes"
        }
      ],
      "_sensitive": true,
      "image": "https://preview.redd.it/zxldtz0igt591.jpg?width=1080&amp;crop=smart&amp;auto=webp&amp;s=9eb3676e619640dc8ce3997e45af108319710601"
    },
    "2022_06_12_en_reddit_reddit__r--wholesomememes--comments--vaqgr3--we_thank_you_for_your_service": {
      "id": "2022_06_12_en_reddit_reddit__r--wholesomememes--comments--vaqgr3--we_thank_you_for_your_service",
      "url": "https://old.reddit.com/r/wholesomememes/comments/vaqgr3/we_thank_you_for_your_service/",
      "date_published": "2022-06-13T03:32:50.000Z",
      "date_modified": "2022-06-13T03:32:50.000Z",
      "_original_published": "2022-06-12T17:10:40.000Z",
      "_original_language": "en",
      "_translations": {
        "en": {
          "title": "We thank you for your service."
        },
        "ja": {
          "title": "ご苦労様でした。"
        },
        "zh-Hans": {
          "title": "我们感谢你的服务。"
        },
        "zh-Hant": {
          "title": "我們感謝你的服務。"
        }
      },
      "tags": [
        "wholesomememes"
      ],
      "authors": [
        {
          "name": "abdul_bino",
          "url": "https://old.reddit.com/user/abdul_bino"
        }
      ],
      "_links": [
        {
          "url": "https://old.reddit.com/r/wholesomememes/comments/vaqgr3/we_thank_you_for_your_service/",
          "name": "&uarr;77127 votes"
        }
      ],
      "image": "https://preview.redd.it/tbzljvy938591.jpg?width=640&amp;crop=smart&amp;auto=webp&amp;s=e4c6ac33b972d4c2657095ece3f6c072132ae999"
    }
  }
}
