{
  "meta": {
    "name": "IdiotsInCars"
  },
  "items": {
    "2022_06_27_en_reddit_reddit__r--IdiotsInCars--comments--vlkk7y--he_must_own_the_road": {
      "id": "2022_06_27_en_reddit_reddit__r--IdiotsInCars--comments--vlkk7y--he_must_own_the_road",
      "url": "https://old.reddit.com/r/IdiotsInCars/comments/vlkk7y/he_must_own_the_road/",
      "date_published": "2022-06-27T14:15:58.000Z",
      "date_modified": "2022-06-27T14:15:58.000Z",
      "_original_published": "2022-06-27T02:17:29.000Z",
      "_original_language": "en",
      "_translations": {
        "en": {
          "title": "He must own the road"
        },
        "ja": {
          "title": "彼は道路を所有する必要があります"
        },
        "zh-Hans": {
          "title": "他必须拥有这条路"
        },
        "zh-Hant": {
          "title": "他必須擁有這條路"
        }
      },
      "tags": [
        "IdiotsInCars"
      ],
      "authors": [
        {
          "name": "Abhirup_0",
          "url": "https://old.reddit.com/user/Abhirup_0"
        }
      ],
      "_links": [
        {
          "url": "https://old.reddit.com/r/IdiotsInCars/comments/vlkk7y/he_must_own_the_road/",
          "name": "&uarr;76810 votes"
        }
      ],
      "image": "https://external-preview.redd.it/CzimSOkB5_AsCc1UjXzLDKXrFZJf591jYVNBio7xh5U.png?width=320&amp;crop=smart&amp;format=pjpg&amp;auto=webp&amp;s=c6a0985bb1a166c50c7d64dea66e13f8c09fb14a",
      "_video": {
        "sources": [
          {
            "url": "https://v.redd.it/6tdpdidkp2891/DASH_360.mp4?source=fallback"
          }
        ],
        "width": 435,
        "height": 360,
        "poster": "https://external-preview.redd.it/CzimSOkB5_AsCc1UjXzLDKXrFZJf591jYVNBio7xh5U.png?width=320&amp;crop=smart&amp;format=pjpg&amp;auto=webp&amp;s=c6a0985bb1a166c50c7d64dea66e13f8c09fb14a"
      }
    },
    "2021_09_29_en_reddit_reddit__r--IdiotsInCars--comments--pxxau2--i_cant_take_it_anymore": {
      "id": "2021_09_29_en_reddit_reddit__r--IdiotsInCars--comments--pxxau2--i_cant_take_it_anymore",
      "url": "https://old.reddit.com/r/IdiotsInCars/comments/pxxau2/i_cant_take_it_anymore/",
      "date_published": "2021-09-30T01:17:06.000Z",
      "date_modified": "2021-09-30T01:17:06.000Z",
      "_original_published": "2021-09-29T15:06:16.000Z",
      "_original_language": "en",
      "_translations": {
        "en": {
          "title": "I can't take it anymore"
        },
        "ja": {
          "title": "もう我慢できない"
        },
        "zh-Hans": {
          "title": "我不能再忍受了"
        },
        "zh-Hant": {
          "title": "我不能再忍受了"
        }
      },
      "tags": [
        "IdiotsInCars"
      ],
      "authors": [
        {
          "name": "Quasek5",
          "url": "https://old.reddit.com/user/Quasek5"
        }
      ],
      "_links": [
        {
          "url": "https://old.reddit.com/r/IdiotsInCars/comments/pxxau2/i_cant_take_it_anymore/",
          "name": "&uarr;79490 votes"
        }
      ],
      "image": "https://external-preview.redd.it/TjhY-XSe5TH36jfNBckQLRjl63PurYQLuInXhqgYOZo.png?width=1080&crop=smart&format=pjpg&auto=webp&s=7b978037209aeaddf74c4089ea716704a57f5ea6",
      "_video": {
        "sources": [
          {
            "url": "https://v.redd.it/42vfls8hjgq71/DASH_1080.mp4?source=fallback"
          }
        ],
        "width": 1920,
        "height": 1080,
        "poster": "https://external-preview.redd.it/TjhY-XSe5TH36jfNBckQLRjl63PurYQLuInXhqgYOZo.png?width=1080&crop=smart&format=pjpg&auto=webp&s=7b978037209aeaddf74c4089ea716704a57f5ea6"
      }
    },
    "2021_04_09_en_reddit_reddit__r--IdiotsInCars--comments--mnhk80--damn_this_bus_driver_is_a_hero": {
      "id": "2021_04_09_en_reddit_reddit__r--IdiotsInCars--comments--mnhk80--damn_this_bus_driver_is_a_hero",
      "url": "https://old.reddit.com/r/IdiotsInCars/comments/mnhk80/damn_this_bus_driver_is_a_hero/",
      "date_published": "2021-04-10T04:29:02.000Z",
      "date_modified": "2021-04-10T04:29:02.000Z",
      "_original_published": "2021-04-09T13:46:58.000Z",
      "_original_language": "en",
      "_translations": {
        "en": {
          "title": "Damn! This bus driver is a HERO!"
        },
        "ja": {
          "title": "クソッ！このバス運転手はHEROだ!"
        },
        "zh-Hans": {
          "title": "妈的！这个巴士司机是个英雄！"
        },
        "zh-Hant": {
          "title": "媽的！這個巴士司機是個英雄！"
        }
      },
      "tags": [
        "IdiotsInCars"
      ],
      "authors": [
        {
          "name": "djanuj90",
          "url": "https://old.reddit.com/user/djanuj90"
        }
      ],
      "_links": [
        {
          "url": "https://old.reddit.com/r/IdiotsInCars/comments/mnhk80/damn_this_bus_driver_is_a_hero/",
          "name": "&uarr;78412 votes"
        }
      ],
      "image": "https://external-preview.redd.it/xMmmwBAsRXT17LjIudrNteLjR9yMtEDNutCAxhodjuM.png?width=640&crop=smart&format=pjpg&auto=webp&s=ed7a3a3117da8ced307b4e8ab7728047621bca3f",
      "_video": {
        "sources": [
          {
            "url": "https://v.redd.it/i4xeemquj5s61/DASH_480.mp4?source=fallback"
          }
        ],
        "width": 733,
        "height": 480,
        "poster": "https://external-preview.redd.it/xMmmwBAsRXT17LjIudrNteLjR9yMtEDNutCAxhodjuM.png?width=640&crop=smart&format=pjpg&auto=webp&s=ed7a3a3117da8ced307b4e8ab7728047621bca3f"
      }
    },
    "2021_03_28_en_reddit_reddit__r--IdiotsInCars--comments--mf2k8r--there_are_idiots_that_block_emergency_vehicles": {
      "id": "2021_03_28_en_reddit_reddit__r--IdiotsInCars--comments--mf2k8r--there_are_idiots_that_block_emergency_vehicles",
      "url": "https://old.reddit.com/r/IdiotsInCars/comments/mf2k8r/there_are_idiots_that_block_emergency_vehicles/",
      "date_published": "2021-03-29T08:54:08.000Z",
      "date_modified": "2021-03-29T08:54:08.000Z",
      "_original_published": "2021-03-28T15:07:11.000Z",
      "_original_language": "en",
      "_translations": {
        "en": {
          "title": "There are idiots that block emergency vehicles.... then there is this guy"
        },
        "zh-Hans": {
          "title": "有的傻子挡住了急救车....，那么就有这个人了。"
        },
        "zh-Hant": {
          "title": "有的傻子擋住了急救車....，那麼就有這個人了。"
        }
      },
      "tags": [
        "IdiotsInCars"
      ],
      "authors": [
        {
          "name": "leon_reynauld",
          "url": "https://old.reddit.com/user/leon_reynauld"
        }
      ],
      "_links": [
        {
          "url": "https://old.reddit.com/r/IdiotsInCars/comments/mf2k8r/there_are_idiots_that_block_emergency_vehicles/",
          "name": "&uarr;77959 votes"
        }
      ],
      "image": "https://external-preview.redd.it/H2UT1EzGRbhUCCWFa0LTgbHiLMLvY2dTgOO_PP5ExZc.png?width=960&crop=smart&format=pjpg&auto=webp&s=1150c17cc9beb655ae3f76c953174b5a1e36842b",
      "_video": {
        "sources": [
          {
            "url": "https://v.redd.it/yhhmne96bsp61/DASH_480.mp4?source=fallback"
          }
        ],
        "width": 853,
        "height": 480,
        "poster": "https://external-preview.redd.it/H2UT1EzGRbhUCCWFa0LTgbHiLMLvY2dTgOO_PP5ExZc.png?width=960&crop=smart&format=pjpg&auto=webp&s=1150c17cc9beb655ae3f76c953174b5a1e36842b"
      }
    },
    "2021_03_18_en_reddit_reddit__r--IdiotsInCars--comments--m7q4o3--insurance_scam_attempt": {
      "id": "2021_03_18_en_reddit_reddit__r--IdiotsInCars--comments--m7q4o3--insurance_scam_attempt",
      "url": "https://old.reddit.com/r/IdiotsInCars/comments/m7q4o3/insurance_scam_attempt/",
      "date_published": "2021-03-19T01:01:52.000Z",
      "date_modified": "2021-03-19T01:01:52.000Z",
      "_original_published": "2021-03-18T12:51:56.000Z",
      "_original_language": "en",
      "_translations": {
        "en": {
          "title": "Insurance scam attempt"
        },
        "zh-Hans": {
          "title": "保险诈骗未遂"
        },
        "zh-Hant": {
          "title": "保險詐騙未遂"
        }
      },
      "tags": [
        "IdiotsInCars"
      ],
      "authors": [
        {
          "name": "zanggoose",
          "url": "https://old.reddit.com/user/zanggoose"
        }
      ],
      "_links": [
        {
          "url": "https://old.reddit.com/r/IdiotsInCars/comments/m7q4o3/insurance_scam_attempt/",
          "name": "&uarr;89343 votes"
        }
      ],
      "image": "https://external-preview.redd.it/fCjee4DSvaDbGONwGDmQyR-8kvbhsiOHrg8_qv6RDnI.png?width=1080&crop=smart&format=pjpg&auto=webp&s=122a652f6f4a2d80648a604c90f75fc3af02a4a3",
      "_video": {
        "sources": [
          {
            "url": "https://v.redd.it/461yywqy9sn61/DASH_720.mp4?source=fallback"
          }
        ],
        "width": 1280,
        "height": 720,
        "poster": "https://external-preview.redd.it/fCjee4DSvaDbGONwGDmQyR-8kvbhsiOHrg8_qv6RDnI.png?width=1080&crop=smart&format=pjpg&auto=webp&s=122a652f6f4a2d80648a604c90f75fc3af02a4a3"
      }
    }
  }
}
